hostname,hostid,sy_name,hd_name,hip_name,tic_id,gaia_dr3_id,st_spectype,st_teff,st_rad,st_mass,st_lum,st_dens,st_logg,st_age,st_met,st_metratio,st_radv,st_rotp,st_vsin,st_log_rhk
11 Com,2.56666,11 Com,HD 107383,HIP 60202,TIC 72437047,Gaia DR3 3946945413106333696,G8 III,4874,13.76,2.09,1.97823,,2.45,,-0.26,[Fe/H],43.36898,,1.2,
11 UMi,2.57407,11 UMi,HD 136726,HIP 74793,TIC 230061010,Gaia DR3 1696798367260229376,K4 III,4213,29.79,2.78,2.42951,,1.93,1.56,-0.02,[Fe/H],-17.52023,,1.5,
14 And,2.62086,14 And,HD 221345,HIP 116076,TIC 333225860,Gaia DR3 1920113512486282240,K0 III,4888,11.55,1.78,1.83992,,2.55,4.5,-0.21,[Fe/H],-59.72633,,2.6,
14 Her,2.57735,14 Her,HD 145675,HIP 79248,TIC 219483057,Gaia DR3 1385293808145621504,K0,5338,0.93,0.97,-0.15273,1.273928,4.45,4.6,0.43,[Fe/H],-13.8226,,1,-5.06
16 Cyg B,2.46258,16 Cyg,HD 186427,HIP 96901,TIC 27533327,Gaia DR3 2135550755683407232,G3 V,5750,1.13,1.08,0.09729,1.011029,4.36,7.4,0.06,[Fe/H],-28.1,,2.7,-5.08
17 Sco,2.572988,17 Sco,,HIP 79540,TIC 135596590,Gaia DR3 4342464209753404416,K3 III,4157,25.92,1.22,2.25435,,1.7,5.13,-0.01,[Fe/H],,329.49,3.98,
18 Del,2.58816,18 Del,HD 199665,HIP 103527,TIC 354489950,Gaia DR3 1756741374681702784,G6 III,4980,8.8,2.1,1.63367,,2.87,1.1,-0.06,[Fe/H],4.3454,,,
1RXS J160929.1-210524,2.103479,1RXS J160929.1-210524,,,TIC 48964101,Gaia DR3 6243841249531772800,K7 V,4060,1.31316,0.85,-0.37,0.387885,3.99592,0.005,,,,,,
24 Boo,2.57273,24 Boo,HD 127243,HIP 70791,TIC 441712711,Gaia DR3 1603662211901473408,G3 IV,4816,12.19,1.05,1.87691,,2.28,6.92,-0.78,[Fe/H],-7.77089,,3.36,
24 Sex,2.56114,24 Sex,HD 90043,HIP 50887,TIC 1713457,Gaia DR3 3830897080395058048,K0 IV,5098,4.9,1.54,1.164,,3.5,2.7,-0.03,[Fe/H],7.28611,,2.77,
2MASS J01033563-5515561 A,2.104427,2MASS J01033563-5515561,,,TIC 206502540,,M5.5/M6,,,0.19,,,,0.03,,,,,,
2MASS J01225093-2439505,2.103694,2MASS J01225093-2439505,,,TIC 11614485,Gaia DR3 5040416186560252416,M3.5 V,3530,0.36645,0.4,-1.72,10.118676,4.85804,0.12,,,9.6,,,
2MASS J02192210-3925225,2.103766,2MASS J02192210-3925225,,,TIC 77111651,Gaia DR3 4963614887043956096,M6,3064,0.281,0.108,-2.23,17.670763,4.59,0.035,,,10.6,,6.5,
2MASS J0249-0557 A,2.579433,2MASS J0249-0557,,,TIC 10930507,Gaia DR3 5183875103632956032,M6 V,2859,0.315959,0.046,-2.59,13.181213,4.90849,0.022,,,,,,
2MASS J03590986+2009361,2.579425,2MASS J03590986+2009361,,,TIC 14183352,Gaia DR3 51369428065705600,,2943,0.289776,0.264996,-2.24602,15.353854,4.93718,,,,,,,
2MASS J04372171+2651014,2.358091,2MASS J04372171+2651014,,,TIC 125843782,Gaia DR3 151499478104075008,M V,3100,0.84,0.17,-1.16368,3.320183,4.5,0.0025,0.01,[Fe/H],17.1,1.84,22.54,
2MASS J04414489+2301513,2.103461,2MASS J04414489+2301513,,,TIC 118893899,Gaia DR3 146487556211644544,M8.5,2936,0.231916,0.019,-2.44363,22.781101,5.01181,0.001,,,,,,
2MASS J11011926-7732383,2.579428,2MASS J11011926-7732383,,,TIC 454227159,Gaia DR3 5201185574182015744,,,,,,,,,,,,,,
2MASS J11550485-7919108,2.579417,2MASS J11550485-7919108,,,TIC 357014373,Gaia DR3 5199985216726016896,,3021,0.600455,0.58846,-1.56774,3.832133,4.65082,,,,,,,
2MASS J12073346-3932539,2.103395,2MASS J12073346-3932539,,,TIC 102076870,Gaia DR3 3459372646830687104,M8,2825,0.21887,0.188001,-2.56086,25.279454,5.03186,0.01,,,,,,
2MASS J16262785-2625152,2.105242,2MASS J16262785-2625152,,,TIC 175594111,Gaia DR3 6045818685674325760,M4.5,3252,,,,,,0.0113,,,,,,
2MASS J19383260+4603591,2.556713,2MASS J19383260+4603591,,,TIC 271164763,Gaia DR3 2080063931448749824,,29564,0.203,0.48,1.45,,5.508,,-0.092,[Fe/H],,,,
2MASS J21252752-8138278,2.579418,2MASS J21252752-8138278,,,TIC 273305007,Gaia DR3 6348514275456913792,,3592,0.672832,0.643977,-1.16815,2.980683,4.59112,,,,,,,
2MASS J22362452+4751425,2.103840,2MASS J22362452+4751425,,,TIC 200532605,Gaia DR3 1986772848034988544,K7 V,4045,0.641152,0.6,-1.02143,3.369936,4.62349,0.12,,,-21.5,,,
2MASS J22501512+2325342,2.580101,2MASS J22501512+2325342,,,TIC 435830255,Gaia DR3 2837047214379099904,M3,3352,0.437589,0.433173,-1.66196,7.288323,4.7926,0.15,,,,,30,
4 UMa,2.55736,4 UMa,HD 73108,HIP 42527,TIC 356478817,Gaia DR3 1092230803512999424,K1 III,4415,18.11,1.234,2.06236,,1.8,4.604,-0.25,[Fe/H],14.61858,,,
47 UMa,2.56295,47 UMa,HD 95128,HIP 53721,TIC 21535479,Gaia DR3 777254360337133312,G0V,5872,1.21334,1.06,0.1978,0.836616,4.29541,6.48,0.04,[M/H],11.22,,2.8,-5.02
51 Eri,2.54963,51 Eri,HD 29391,HIP 21547,TIC 298810162,Gaia DR3 3205095125321700480,F0 IV,7422,1.45,1.75,0.7574,0.707115,4.31078,0.0232,0.13,[Fe/H],17.3,,65.19,
51 Peg,2.60802,51 Peg,HD 217014,HIP 113357,TIC 139298196,Gaia DR3 2835207319109249920,G5V,5758,1.17561,1.03,0.13631,0.893738,4.31038,10,0.18,[M/H],-33.2516,30,2.2,-5.08
55 Cnc,2.55834,55 Cnc,HD 75732,HIP 43587,TIC 332064670,Gaia DR3 704967037090946688,G8 V,5198,0.98,1.015,-0.19695,1.521203,4.3,10,0.39,[M/H],27.40949,39,1.06,-5.04
55 Cnc,2.55834,55 Cnc,HD 75732,HIP 43587,TIC 332064670,Gaia DR3 704967037090946688,G8 V,5172,0.943,0.905,-0.19695,1.521203,4.43,5.5,0.35,[Fe/H],27.40949,38.8,1.23,-5.04
55 Cnc B,2.104053,55 Cnc,,,TIC 332064684,Gaia DR3 704966762213039488,M4.5 V,3286,0.274,0.26,-2.10811,15.367953,4.86,10,0.16,[M/H],,92,1.29,
6 Lyn,2.55357,6 Lyn,HD 45410,HIP 31039,TIC 444865362,Gaia DR3 1004358968092652544,K0 IV,4941,4.94,1.32,1.1186,,3.16,2.353,-0.17,[Fe/H],39.69716,,1.32,
61 Vir,2.56929,61 Vir,HD 115617,HIP 64924,TIC 422478973,Gaia DR3 3507879565090229888,G5 V,5577,0.963,0.942,-0.095,1.44933,4.34,8.96,-0.01,[Fe/H],-8.2,,1.9,-5.04
7 CMa,2.55372,7 CMa,HD 47205,HIP 31592,TIC 48237215,Gaia DR3 2939555954755196160,K1III(+M),4826,4.87,1.34,1.06258,,3.19,4.3,0.21,[Fe/H],,,1.15,
70 Vir,2.57003,70 Vir,HD 117176,HIP 65721,TIC 95473936,Gaia DR3 3740176925743994752,G5V,5495,1.89,1.09,0.4513,0.190245,3.95,7.77,-0.09,[Fe/H],4.951,,1.56,-4.99
75 Cet,2.54423,75 Cet,HD 15779,HIP 11791,TIC 251095345,Gaia DR3 2500064286492779264,G3 III,4809,10.38,1.92,1.7145,,2.69,,0.1,[Fe/H],-6.21279,,1.77,
8 UMi,2.57334,8 UMi,HD 133086,HIP 73136,TIC 257005016,Gaia DR3 1700658653802527104,K0,4847,10.73,1.51,1.72346,,2.57,1.7,-0.03,[m/H],-9.20325,,3.6,
81 Cet,2.54436,81 Cet,HD 16400,HIP 12247,TIC 35725282,Gaia DR3 2495420602212048640,G5 III,4734,11.21,1.23,1.76027,,2.41,,-0.11,[Fe/H],9.25447,,1.8,
91 Aqr,2.61504,91 Aqr,HD 219449,HIP 114855,TIC 4610441,Gaia DR3 2630155547353593216,K0 III,4665,11,1.4,1.69239,,2.52,3.56,-0.03,[Fe/H],-25.75,,3.9,
AB Aur,2.573061,AB Aur,,,TIC 96680681,Gaia DR3 156917493449670656,,9770,2.95887,2.4,1.77085,0.103296,3.77411,0.003,,,,,,
AB Pic,2.55324,AB Pic,HD 44627,HIP 30034,TIC 260351540,Gaia DR3 5495052596695570816,K2 V,5285,0.999394,0.9,-0.22631,1.120142,4.53,0.03,0.04,[Fe/H],22.2,,10.35,
AF Lep,2.55213,AF Lep,HD 35850,HIP 25486,TIC 94945758,Gaia DR3 3009908378049913216,F8,6140,1.25,1.218,0.29,1.454151,4.4,0.024,0.19,[Fe/H],22.8,0.966,54.7,-4.27
AT2021ueyL,2.579902,AT2021ueyL,,,,,M V,3680,,0.49,,,,,,,,,,
AU Mic,2.58796,AU Mic,HD 197481,HIP 102409,TIC 441420236,Gaia DR3 6794047652729201024,M1 V,3678,0.744,0.51,-1.0381,1.75,4.404,0.0201,0.23,[Fe/H],-6.31031,4.8367,8.5,
AU Mic,2.58796,AU Mic,HD 197481,HIP 102409,TIC 441420236,Gaia DR3 6794047652729201024,M1 V,3540,0.862,0.635,-0.97757,1.75,4.37,0.019,0.01,[Fe/H],-6.31031,4.86,9.2,
AU Mic,2.58796,AU Mic,HD 197481,HIP 102409,TIC 441420236,Gaia DR3 6794047652729201024,M1 V,3665,0.82,0.6,-0.99,1.75,4.52,0.0185,0.12,[M/H],-6.31031,4.856,8.5,
BD+03 2562,2.103874,BD+03 2562,,,TIC 366659915,Gaia DR3 3895649725336884736,,4095,32.35,1.14,2.7,,1.89,5.2,-0.71,[Fe/H],50.88,,2.7,
BD+05 4868 A,2.579839,BD+05 4868,,HIP 107587,TIC 466376085,Gaia DR3 2700378125204437760,K V,4596,0.69,0.7,-0.7167,2.994175,4.6,11.1,-0.05,[Fe/H],-25.6,,3,
BD+14 4559,2.58847,BD+14 4559,,HIP 104780,TIC 230183006,Gaia DR3 1759623813132980864,K2 V,4864,0.86,0.49,-0.32,1.731126,4.26,,0.17,[Fe/H],-44.29984,,2.5,
BD+15 2375,2.103793,BD+15 2375,,,TIC 82604982,Gaia DR3 3924009634910406912,G5,4649,8.95,1.08,1.57,,2.61,7.41,-0.22,[Fe/H],-9.646,,2.5,
BD+15 2940,2.57673,BD+15 2940,,HIP 78407,TIC 393702609,Gaia DR3 1193071962699902336,K0,4796,14.7,1.1,2.01,,2.8,7.1,0.28,[Fe/H],36.70752,,2.3,
BD+20 2457,2.103450,BD+20 2457,,,TIC 95359428,Gaia DR3 625137162857354880,K2 II,4137,49,2.8,3.17,,1.51,,-1,[Fe/H],145.7685,,2.5,
BD+20 274,2.103658,BD+20 274,,,TIC 60923874,Gaia DR3 96530596864007552,K5 III,4296,17.3,0.8,1.96,,1.99,,-0.46,[Fe/H],8.38657,,2,
BD+20 594,2.143818,BD+20 594,,,TIC 26123781,Gaia DR3 58200934326315136,G,5766,1.08,1.67,-0.05552,1.89,4.5,3.34,-0.15,[Fe/H],-20.33638,,3.3,
BD+37 3172,2.580029,BD+37 3172,,,TIC 289572819,Gaia DR3 2096350069476310016,,4500,50.24,3.75,2.84,,1.5,,-0.03,[Fe/H],,1406,1.8,
BD+42 2315,2.580030,BD+42 2315,,,TIC 376689863,Gaia DR3 1534760078795225728,,4500,17.85,1.38,1.99,,2,,-0.2,[Fe/H],,414,2.2,
BD+45 564,2.572918,BD+45 564,,,TIC 292607437,Gaia DR3 353030751066772480,K1,5004,0.813064,0.81,-0.39918,2.229513,4.22,,-0.09,[Fe/H],-6.817,,2,
BD+48 738,2.103525,BD+48 738,,,TIC 302069358,Gaia DR3 438899345022759424,K0 III,4414,11,0.74,1.69,,2.24,,-0.2,[Fe/H],-5.80595,,1,
BD+48 740,2.54445,BD+48 740,,HIP 12684,TIC 302070274,Gaia DR3 438444868763388800,K3 III,4534,10.33,1.09,1.64,,2.48,,-0.13,[Fe/H],-45.9325,746,0.7,
BD+49 828,2.103756,BD+49 828,,,TIC 116376059,Gaia DR3 439327501725338752,K0,4943,7.6,1.52,1.47,,2.85,2.34,-0.19,[Fe/H],3.61352,,1.7,
BD+55 362,2.572919,BD+55 362,,,TIC 453226076,Gaia DR3 412783469966211456,K3,5012,0.896193,0.909,-0.31295,1.664864,4.09,,0.18,[Fe/H],-25.647,,2,
BD+60 1417,2.573006,BD+60 1417,,,TIC 159527171,Gaia DR3 1579929906250111232,K0,4993,0.797,1,0.35595,2.308746,4.5539,0.1,,,-10.15,7.5,11,
BD+63 1405,2.572920,BD+63 1405,,HIP 88617,TIC 233075841,Gaia DR3 2160951157908163968,K0,5000,0.804724,0.816,-0.41295,2.299554,4.2,,-0.09,[Fe/H],-15.33,,2.1,
BD-06 1339,2.55266,BD-06 1339,,HIP 27803,TIC 66914642,Gaia DR3 3022099969137163904,K7/M0 V,4324,0.686355,0.7,-1.022,2.747004,4.74,4.4,-0.14,[Fe/H],23.625,,0.57,
BD-08 2823,2.56047,BD-08 2823,,HIP 49067,TIC 33355302,Gaia DR3 3770419611540574080,K3 V,4746,0.71,0.74,-0.62597,3.318012,4.13,4.5,-0.07,[Fe/H],53.345,,1.4,
BD-08 2823,2.56047,BD-08 2823,,HIP 49067,TIC 33355302,Gaia DR3 3770419611540574080,K3 V,4816,0.71,0.5,-0.62597,3.318012,4.43,4.5,-0.06,[Fe/H],53.345,,1.4,
BD-10 3166,2.103388,BD-10 3166,,,TIC 148563075,Gaia DR3 3758629479636689536,K0 V,5393,0.91,1.47,-0.1912,1.532763,4.69,0.25,0.38,[Fe/H],26.4,,0.92,
BD-11 4672,2.58438,BD-11 4672,,HIP 90979,TIC 217831699,Gaia DR3 4154598526336121600,K7V,4550,0.639,0.651,-0.8041,3.53,4.642,7.4,-0.35,[Fe/H],-87.3,25,1,
BD-13 2130,2.103409,BD-13 2130,,,TIC 288474555,Gaia DR3 3030262468592291072,G5 IV/V,4545,19.17,2.12,2.04268,,2.2,0.74,-0.08,[Fe/H],18.313,,,
BD-14 3065 A,2.577404,BD-14 3065,,,TIC 293607057,Gaia DR3 3751877374435102720,,6935,2.35,1.41,1.06,0.223,3.85,2.24,-0.34,[Fe/H],,4.3,22,
BD-17 63,2.53990,BD-17 63,,HIP 2247,TIC 75377076,Gaia DR3 2367734656180397952,K5 V,4714,0.74,0.741,-0.678,2.758438,4.26,4.3,-0.03,[Fe/H],3.40134,,1.5,
BD-210397,2.54382,BD-210397,,HIP 10337,TIC 268804174,Gaia DR3 5124636303346779008,K7 V,4051,0.747,0.69,-0.86967,2.238973,4.67,4,0.12,[Fe/H],,,3.2,-4.43
BD-210397,2.54382,BD-210397,,HIP 10337,TIC 268804174,Gaia DR3 5124636303346779008,K7 V,4051,0.747,0.679,-0.86967,2.238973,4.67,6.2,0.12,[Fe/H],,,1,-4.43
BEBOP-3,2.579997,BEBOP-3,,,TIC 289949453,Gaia DR3 1141769093744241536,,6033,1.414,1.083,0.38321,0.559791,4.203,,-0.02,[Fe/H],,,2,
BEBOP-4 A,2.574660,BEBOP-4,HD 111605,,TIC 356710041,Gaia DR3 3961485079994112896,G3 V,5701.43,2.75645,1.507,0.85933,0.068662,3.56597,,0.2615,[M/H],5.2775,,,
Barnard's star,2.58355,Barnard's star,,HIP 87937,TIC 325554331,Gaia DR3 4472832130942575872,M3.5-4 V,3195,0.185,0.162,-2.44977,31.638194,4.9,,-0.56,[Fe/H],-110.5,142,,-5.8
CD Cet,2.572990,CD Cet,,,TIC 328465904,Gaia DR3 3179036008830848,M5.0 V,3130,0.175,0.161,-2.53254,30.358777,4.93,3,0.13,[Fe/H],,126.2,2,-5.16
CD-35 2722,2.580150,CD-35 2722,,,TIC 201426753,Gaia DR3 2885863400349980288,M1 V,3689,0.558549,0.4,-1.26481,4.473139,4.24,0.1,-0.16,[m/H],32.28,,11.95,
CFBDSIR J145829+101343,2.103693,CFBDSIR J145829+101343,,,,,,580.5,,0.021,,,4.725,,,,,,,
CFHTWIR-Oph 98 A,2.572913,CFHTWIR-Oph 98,,,TIC 175744063,,M9-L1,2320,0.245,0.0147,-2.85,,3.845,0.003,,,,,,
CHXR 73,2.103692,CHXR 73,,,TIC 454291479,Gaia DR3 5201175987817179136,M3.5,3099,,0.35,,,,0.002,,,,,,
CI Tau,2.353682,CI Tau,,,TIC 61230756,Gaia DR3 145203159127518336,K7,3807,1.880857,0.9,-0.25458,,,0.0025,,,18,,,
COCONUTS-2 A,2.572963,COCONUTS-2,,,TIC 272232401,Gaia DR3 5213167330349528064,M3 V,3552,0.366,0.4,-1.719,9.138945,4.91,0.414,0,[Fe/H],,2.83,,
CT Cha,2.103444,CT Cha,,,TIC 454259409,Gaia DR3 5201360671411974912,K5e,4403,1.679694,,-0.10177,,3.66,0.002,-0.56,[Fe/H],,,13.97,
CWISEP J193518.59-154620.3,2.580266,CWISEP J193518.59-154620.3,,,,,Y,,,0.024,,,,5.5,,,,,,
CoRoT-1,2.103405,CoRoT-1,,,TIC 36352297,Gaia DR3 3105507886130792448,G0 V,5950,1.11,0.95,0.29793,0.93,4.25,1.6,-0.3,[M/H],23.354,,5.2,
CoRoT-10,2.103474,CoRoT-10,,,TIC 405010127,Gaia DR3 4263752921128319616,K1 V,5075,0.79,0.89,-0.72608,3.32,4.65,3,0.26,[Fe/H],15.33,,2,
CoRoT-11,2.103475,CoRoT-11,,,TIC 110178537,Gaia DR3 4285511294172309504,F6 V,6440,1.37,1.27,0.37753,0.69,4.22,2,-0.03,[Fe/H],-1.342,,40,
CoRoT-12,2.103476,CoRoT-12,,,TIC 280210963,Gaia DR3 3107255598526406912,,5675,1.116,1.078,0.07,1.08,4.375,6.3,0.16,[Fe/H],,,1,
CoRoT-13,2.103477,CoRoT-13,,,TIC 281909674,Gaia DR3 3101974231859723776,G0 V,5945,1.01,1.09,0.07314,1.468,4.46,1.635,0.01,[Fe/H],22.4536,,4,
CoRoT-14,2.103478,CoRoT-14,,,TIC 282706928,Gaia DR3 3101145195794755072,F9 V,6035,1.21,1.13,0.11884,0.91,4.35,4.2,0.05,[Fe/H],,,9,
CoRoT-16,2.103641,CoRoT-16,,,TIC 218299481,Gaia DR3 4256135160951556480,G5 V,5650,1.19,1.098,-0.43496,0.93,4.36,6.73,0.19,[M/H],,,1,
CoRoT-17,2.103520,CoRoT-17,,,TIC 218299312,Gaia DR3 4255957040079935488,G2 V,5740,1.59,1.04,0.13421,0.32,4.4,10.7,0,[Fe/H],54.77,,4.5,
CoRoT-18,2.103521,CoRoT-18,,,TIC 37168957,Gaia DR3 3120058170178779392,G9 V,5440,1,0.95,-0.17,1.35,4.4,0.6,-0.1,[Fe/H],29.55,5.4,8,
CoRoT-19,2.103522,CoRoT-19,,,TIC 42821097,Gaia DR3 3120002649138831360,F9 V,6090,1.65,1.21,0.544,0.38,4.07,5,-0.02,[Fe/H],24.16,,6,
CoRoT-2,2.103416,CoRoT-2,,,TIC 391958006,Gaia DR3 4287820848378092672,,5625,0.906,0.96,-0.13055,1.814,4.53,2.7,0.04,[Fe/H],23.245,4.522,10.87,
CoRoT-20,2.103526,CoRoT-20,,,TIC 234825296,Gaia DR3 3120122805143587328,G2 V,5880,1.02,1.14,0.17,1.51,4.35,0.1,0.14,,60.623,,4.5,
CoRoT-21,2.103949,CoRoT-21,,,TIC 280420719,Gaia DR3 3107471240236703104,F8 IV,6200,1.95,1.29,0.705,0.255,3.7,4.1,0,[Fe/H],101,,11,
CoRoT-22,2.103743,CoRoT-22,,,TIC 323094535,Gaia DR3 4285572454508522496,G3 V,5939,1.136,1.099,0.01352,1.027,4.361,3.3,0.17,[Fe/H],,,4,
CoRoT-23,2.103530,CoRoT-23,,,TIC 108155949,Gaia DR3 4283597937777249408,G0 V,5900,1.61,1.14,0.08678,0.5,4.3,7.2,0.05,[Fe/H],-35.182,,9,
CoRoT-24,2.103738,CoRoT-24,,,TIC 36105482,Gaia DR3 3105404467618982272,K1 V,4950,0.86,0.91,-0.60148,1.948634,4.55,11,0.3,[Fe/H],51.37,,2,
CoRoT-25,2.103730,CoRoT-25,,,TIC 130038122,Gaia DR3 4285689616891369600,F9,6040,1.19,1.09,0.14101,0.646373,4.31,4.5,-0.01,[Fe/H],-15.416,,4.3,
CoRoT-26,2.103731,CoRoT-26,,,TIC 322388624,Gaia DR3 4286437357841760000,G5,5590,1.79,1.09,0.451,,3.99,8.6,0.01,[Fe/H],15.514,,2,
CoRoT-27,2.103712,CoRoT-27,,,TIC 416136788,Gaia DR3 4284721191974346752,G2,5900,1.08,1.05,-0.16641,1.24,4.4,4.21,-0.1,[M/H],-4.086,,4,
CoRoT-28,2.103762,CoRoT-28,,,TIC 106352250,Gaia DR3 4284680029006075648,G8/9 IV,5150,1.78,1.01,0.38849,0.27,3.6,12,0.15,[Fe/H],,,3,
CoRoT-29,2.103763,CoRoT-29,,,TIC 370736259,Gaia DR3 4285073581136130560,K0 V,5260,0.9,0.97,-0.09414,1.825,4.3,4.5,0.2,[Fe/H],,,3.5,
CoRoT-3,2.103438,CoRoT-3,,,TIC 392353449,Gaia DR3 4263427117767106816,F3 V,6740,1.56,1.37,0.39086,0.431,4.22,2.2,0.14,[Fe/H],-56.162,,17,
CoRoT-30,2.104393,CoRoT-30,,,TIC 320636129,Gaia DR3 4477300378701511296,G3 V,5650,0.91,0.98,-0.19653,1.541617,4.4,3,0.02,[Fe/H],-34.931,,4.3,
CoRoT-31,2.104394,CoRoT-31,,,TIC 250595183,Gaia DR3 3020494716521521152,G2 IV,5700,2.15,1.25,0.39778,0.151797,3.85,4.7,0,[Fe/H],18.604,,2.8,
CoRoT-32,2.103883,CoRoT-32,,,TIC 220323515,Gaia DR3 3326541506073371776,G0 VI,5970,0.79,1.08,-0.1549,1.57283,4.67,,0,[Fe/H],,,3.2,
CoRoT-35,2.573095,CoRoT-35,,,TIC 161062394,Gaia DR3 4213081309275729792,F6 V,6390,1.65,1.01,0.36247,0.447163,4.01,6.1,-0.5,[Fe/H],,,8.8,
CoRoT-36,2.573096,CoRoT-36,,,TIC 405004589,Gaia DR3 4477340334766250496,F3 V,6730,1.52,1.32,0.81257,0.237322,4.16,2.1,-0.1,[Fe/H],,,25.6,
CoRoT-4,2.103439,CoRoT-4,,,TIC 36440357,Gaia DR3 3113201890547554432,,6190,1.17,1.16,0.18482,1.11,4.41,1,0.05,,32.301,8.9,6.4,
CoRoT-5,2.103440,CoRoT-5,,,TIC 234112540,Gaia DR3 3125611120515388800,F9 V,6100,1.186,1,0.18,1.01,4.19,6.9,-0.25,[M/H],,,1,
CoRoT-6,2.103448,CoRoT-6,,,TIC 130502317,Gaia DR3 4285684673395749120,F9 V,6090,1.025,1.05,0.02573,1.31,4.43,2.5,-0.2,[Fe/H],-18.243,6.4,7.6,
CoRoT-7,2.103447,CoRoT-7,,,TIC 280304863,Gaia DR3 3107267177757848576,G9 V,5250,0.8389,0.915,-0.28938,2.354,4.573,1.8,0.12,[Fe/H],31.174,,3.5,
CoRoT-7,2.103447,CoRoT-7,,,TIC 280304863,Gaia DR3 3107267177757848576,G9 V,5275,0.83,0.82,-0.28938,2,4.5,1.8,0.05,[Fe/H],31.174,,3.5,
CoRoT-7,2.103447,CoRoT-7,,,TIC 280304863,Gaia DR3 3107267177757848576,G9 V,5256,0.864273,0.899,-0.28938,1.96324,4.51853,1.8,0.06,[M/H],31.174,,3.5,
CoRoT-8,2.103472,CoRoT-8,,,TIC 391880567,Gaia DR3 4287832775526476800,K1 V,5080,0.77,0.88,-0.4,2.7,4.58,3,0.3,[M/H],-37.468,,2,
CoRoT-9,2.103460,CoRoT-9,,,TIC 130162252,Gaia DR3 4285571629874670080,G3 V,5625,0.96,0.96,-0.25426,1.51,4.54,6,-0.01,[Fe/H],19.815,,3.5,
DE CVn,2.103996,DE CVn,,,TIC 446175401,Gaia DR3 1550299304833675392,,3579,0.424754,0.51,-1.57398,7.710664,4.80413,,,,,,,
DENIS-P J082303.1-491201,2.103691,DENIS-P J082303.1-491201,,,TIC 388682292,Gaia DR3 5514929155583865216,L1.5,,,0.075,,,,1,,,,,,
DH Tau,2.103640,DH Tau,,,TIC 268148971,Gaia DR3 151374202498079872,M0.5,4371,0.27,0.33,-0.21153,0.377052,4.00103,0.001,,,,,,
DMPP-1,2.55255,DMPP-1,HD 38677,HIP 27305,TIC 66560666,Gaia DR3 3011005587574818432,F8 V,6196,1.26,1.21,0.31955,0.812806,4.41,2.01,,,28.6606,,3.41,
DMPP-2,2.54340,DMPP-2,HD 11231,HIP 8501,TIC 32432767,Gaia DR3 5017319806652067072,F5 V,6500,1.78,1.41,0.1038,0.243543,4.1,2,,,7.5442,,5.1,
DMPP-3 A,2.55295,DMPP-3,HD 42936,HIP 28941,TIC 141765836,,K0 V,5138,0.91,0.9,-0.29513,1.642645,4.46049,10.9,0.18,[Fe/H],-0.6673,21.8,1.97,
DMPP-4,2.58656,DMPP-4,HD 184960,HIP 96258,TIC 26884478,Gaia DR3 2136027771930903808,F5-F8 V,6400,1.38,1.25,0.45939,0.640759,4.24,2.15,-0.007,[Fe/H],0.6,,7.5,-5.24
DMPP-6,2.580230,DMPP-6,HD 67200,HIP 39242,TIC 306668068,Gaia DR3 5270480576538756352,,6182.09,1.27,1.079,0.31544,0.844767,4.31374,,0.32,[M/H],15.0443,19.2,2.4,
DMPP-7,2.580231,DMPP-7,HD 118006,HIP 66197,TIC 365158631,Gaia DR3 3663051957490779264,G1 V,5996.82,1.53949,1.09,0.44113,0.426973,4.17,3.87,,,-36.65021,19.8,3.04,
DMPP-8,2.580232,DMPP-8,HD 191122,HIP 100359,TIC 318042295,Gaia DR3 6349054822860923008,,6009,1.24,0.99,0.23219,0.893434,4.32111,,,,12.53429,24.2,2.13,
DMPP-9,2.580233,DMPP-9,HD 200133,HIP 104083,TIC 376777782,Gaia DR3 6401028668786744960,,6092,1.26,1.1,0.32741,0.717071,4.2613,,,,11.64912,16.2,3.22,
DP Leo,2.103457,DP Leo,,,TIC 903484062,Gaia DR3 3971777500966832384,,13500,0.0115,0.69,-2.4,,,,,,,,,
DS Tuc A,2.62401,DS Tuc,HD 222259 A,HIP 116748 A,TIC 410214986,Gaia DR3 6387058411482257536,G6 V,5428,0.964,1.01,-0.13966,2.4,4.6,0.045,0,,8.05,2.85,17.8,-4.09
EPIC 201170410,2.62547,EPIC 201170410,,,TIC 38116202,Gaia DR3 3786541956697681664,,3648,0.282,0.287,-1.9,,4.999,,-0.048,[Fe/H],,,,
EPIC 201238110,2.65739,EPIC 201238110,,,TIC 35019000,Gaia DR3 3600975145895223040,,3587,0.374,0.41,-1.50834,6.732936,4.77613,,,,,,,
EPIC 201427007,2.72548,EPIC 201427007,,,TIC 66664249,Gaia DR3 3698079992771142784,,5633,0.94,0.93,-0.04875,1.020552,4.4,,-0.053,[Fe/H],,,,
EPIC 201497682,2.75599,EPIC 201497682,,,TIC 301610040,Gaia DR3 3810098271767907840,,4991,0.554,0.78,-0.76627,3.229264,4.63444,,-0.0892,[M/H],,,,
EPIC 201595106,2.79759,EPIC 201595106,,,TIC 397052808,Gaia DR3 3701123406596146048,,5679,0.98,0.958,-0.04915,1.475411,4.435,6,0.01,[Fe/H],,28,2.5,
EPIC 201757695,2.87470,EPIC 201757695,,,TIC 380546118,,,4520,0.655,0.727,-0.36351,,4.659,,-0.003,[Fe/H],,,,
EPIC 201841433,2.90093,EPIC 201841433,,,TIC 380583651,Gaia DR3 3909373932553827072,,5053,0.628461,0.802,-0.63455,2.652067,4.595,,0,[Fe/H],,,,
EPIC 206024342,2.120960,EPIC 206024342,,,TIC 75266189,Gaia DR3 6839540362940861568,,5724,0.823,0.928,-0.16992,2.382804,4.5,,-0.22,[Fe/H],,,,
EPIC 206024342,2.120960,EPIC 206024342,,,TIC 75266189,Gaia DR3 6839540362940861568,,5724,1.1,0.928,-0.16992,2.382804,4.5,,-0.22,[Fe/H],,,,
EPIC 206032309,2.121255,EPIC 206032309,,,TIC 145752628,Gaia DR3 2597400855444243840,,3489,0.37344,0.221,-1.73006,9.778583,4.8514,,,,,,,
EPIC 206042996,2.121644,EPIC 206042996,,,TIC 12785571,Gaia DR3 2600942622915012608,,4114,0.5,0.565,-0.97996,2.90458,4.8,,0.006,[Fe/H],,,,
EPIC 206215704,2.127075,EPIC 206215704,,,TIC 38355468,Gaia DR3 2615281560211505408,,3297,0.25,0.407,-2.08843,19.87982,4.9,,-0.33,[Fe/H],,,,
EPIC 206317286,2.129570,EPIC 206317286,,,TIC 250956593,Gaia DR3 2621545958991110144,,4752,0.758,0.832,-0.59336,2.519754,4.596,,0.019,[Fe/H],,,,
EPIC 206317286,2.129570,EPIC 206317286,,,TIC 250956593,Gaia DR3 2621545958991110144,,4752,0.669,0.711,-0.59336,2.519754,4.596,,0.019,[Fe/H],,,,
EPIC 211822797,2.178200,EPIC 211822797,,,TIC 337632006,Gaia DR3 658607950370340608,M0,4057,0.58,0.62,-1.15304,3.879715,4.7,0.79,0.2,[Fe/H],34.85,14.6,2.6,
EPIC 211945201,2.185888,EPIC 211945201,,,TIC 243244680,Gaia DR3 636363799347569408,G0,6069,1.39,1.17,0.37334,2.253,4.22,3.99,0.1,[Fe/H],1.2588,,0.1,-5.193
EPIC 212297394,2.202157,EPIC 212297394,,,TIC 287331845,Gaia DR3 6294955311720593024,,5171,0.8,0.83,-0.46654,2.503837,4.55,,-0.03,[Fe/H],,,,
EPIC 212424622,2.207538,EPIC 212424622,,,TIC 297146115,Gaia DR3 3608139421926380544,,5782.33,1.2247,1.106,0.17917,0.841954,4.29996,,,,,,,
EPIC 212499991,2.212303,EPIC 212499991,,,TIC 297146957,Gaia DR3 3610090784483619456,,4982.79,0.757541,0.912,-0.4966,2.816692,4.61492,,,,,,,
EPIC 212587672,2.218297,EPIC 212587672,,,TIC 771548,Gaia DR3 3616620814104819328,,6004,0.98,0.99,0.03848,1.858884,4.45,,-0.18,[Fe/H],,,,
EPIC 212624936,2.221339,EPIC 212624936,,,TIC 2764004,Gaia DR3 3614661419960402944,,5765,0.93,1,-0.12371,1.855374,4.4,,-0.39,[Fe/H],,,,
EPIC 212737443,2.231546,EPIC 212737443,,,TIC 670036,Gaia DR3 3630680754621236096,K3,4684,0.673,0.69,-0.75057,3.19,4.622,,-0.137,[Fe/H],-16,,,
EPIC 220492298,2.270686,EPIC 220492298,,,TIC 257802602,Gaia DR3 2576563907506735232,,5620,0.89,0.95,-0.0088,0.970925,4.5,,0.28,[Fe/H],,,,
EPIC 220674823,2.277472,EPIC 220674823,,,TIC 266015990,Gaia DR3 2582617711154563968,G5 V,5578,0.99,0.913,-0.11919,1.35,4.408,7.5,-0.005,[Fe/H],-14.79,,2.62,-5.135
EPIC 228836835,2.291686,EPIC 228836835,,,TIC 51641442,Gaia DR3 3680103286893920768,,3782,0.32,0.418179,-1.61153,7.73989,5,,-0.18,[Fe/H],,,,
EPIC 229004835,2.296969,EPIC 229004835,,,TIC 94924543,Gaia DR3 3694798019281730944,,5868,0.999,0.97,0.02989,1.525643,4.47031,4.9,-0.12,[Fe/H],,,1.6,-4.984
EPIC 246851721,2.341892,EPIC 246851721,,,TIC 411839167,Gaia DR3 3393939030531019520,F5 V,6202,1.586,1.317,0.52634,0.465,4.157,3.02,0.141,[Fe/H],36.85,,74.92,
EPIC 248847494,2.381196,EPIC 248847494,,,TIC 392876254,Gaia DR3 3882879683758393344,,4898,2.7,0.9,0.54805,0.064,3.52,,-0.23,[Fe/H],30.57965,,,
EPIC 249893012,2.401542,EPIC 249893012,,,TIC 432254760,Gaia DR3 6259263137059042048,G8 IV/V,5430,1.71,1.05,0.35568,0.298,3.99,9,0.2,[Fe/H],22.35629,41,2.1,
FU Tau,2.103644,FU Tau,,,TIC 58544613,Gaia DR3 149629483705467008,M7.25,2838,,0.05,-0.69897,,,0.001,,,,,,
G 192-15,2.579846,G 192-15,,,TIC 467119250,Gaia DR3 970354749937140736,M5.0 V,2999,0.170718,0.132,-2.67285,39.961808,5.12283,,,,,105,,
G 196-3,2.579427,G 196-3,,,TIC 88723334,Gaia DR3 824017070904063104,,3517,0.522432,0.519782,-1.42456,5.139226,4.71783,,,,,,,
G 261-6,2.579847,G 261-6,,,TIC 420130591,Gaia DR3 2289304297045379456,M5.5 V,2907,0.153162,0.118,-2.82122,49.101853,5.16515,,,,,114,,
G 264-012,2.572935,G 264-012,,,TIC 322391844,Gaia DR3 2222540228723911168,M4.0 V,3326,0.305,0.297,-1.97224,13.259219,4.85,,0.1,[Fe/H],,100,2,
G 268-110,2.579845,G 268-110,,,TIC 471016687,Gaia DR3 2358022227591374336,M5.0 V,,0.177,0.137,-2.63971,35.339552,5.0855,,,,,143,,
G 9-40,2.192564,G 9-40,,,TIC 203214081,Gaia DR3 684992690384102528,M2.5 V,3395,0.3026,0.2952,-1.96019,1.62,4.84,9.9,-0.07,[Fe/H],14.65,30,2,
GJ 1002,2.101262,GJ 1002,,,TIC 176287658,Gaia DR3 2441630500517079808,M5.5 V,3024,0.137,0.12,-2.85201,55.442547,5.1,,-0.25,[Fe/H],,126,,-5.7
GJ 1061,2.101264,GJ 1061,,,TIC 79611981,Gaia DR3 4848140361962951552,M5.5 V,2953,0.156,0.12,-2.76955,47.5619,5.15856,7,-0.08,[Fe/H],1.49,125,2.5,
GJ 1132,2.101266,GJ 1132,,,TIC 101955023,Gaia DR3 5413438219396893568,M4.5 V,3090,0.226,0.198,-2.32148,25.3,5.02,5,-0.18,[Fe/H],35.0788,122.3,2,
GJ 1132,2.101266,GJ 1132,,,TIC 101955023,Gaia DR3 5413438219396893568,M4.5 V,3229,0.2211,0.1945,-2.32148,25.3,5.037,5,-0.17,[Fe/H],35.0788,122.3,2,
GJ 1148,2.56473,GJ 1148,,HIP 57050,TIC 115869504,Gaia DR3 772430527947893632,M5,3287,0.358519,0.344045,-1.86908,10.525538,4.86566,,0.1596,[Fe/H],-9.1,,,
GJ 1151,2.101267,GJ 1151,,,TIC 11893637,Gaia DR3 786834302080370304,M 4.5V,3280,0.1781,0.1639,-2.47952,29.347085,5.09,,-0.12,[Fe/H],,140,2,-5.22
GJ 1214,2.101270,GJ 1214,,,TIC 467929202,Gaia DR3 4393265392168829056,M4 V,3101,0.2162,0.182,-2.40894,25.41,5.0286,3,0.24,[Fe/H],20.91,124.7,2,
GJ 1252,2.101273,GJ 1252,,,TIC 370133522,Gaia DR3 6468968316900356736,M3,3458,0.391,0.381,-1.70774,8.993042,4.83,3.9,0.1,[Fe/H],7.48356,64,,
GJ 1265,2.101274,GJ 1265,,,TIC 471012766,Gaia DR3 6825822095663585536,M4.5 V,3236,0.192,0.178,-2.4389,,5.09,,-0.04,[Fe/H],-24.297,70,2,
GJ 1289,2.579837,GJ 1289,,,TIC 352593978,Gaia DR3 2879455480942629248,M4.5 Ve,3296,0.245012,0.21,-2.25995,20.654519,4.9931,,0.02,[M/H],,73.66,,
GJ 143,2.54542,GJ 143,HD 21749,HIP 16069,TIC 279741379,Gaia DR3 4673947174316727040,K4.5,4640,0.695,0.73,-0.6862,3.03,4.613,3.8,0.003,[Fe/H],59.46194,,,
GJ 15 A,2.53963,GJ 15,HD 1326,HIP 1475,TIC 440109725,Gaia DR3 385334230892516480,M1,3607,0.38,0.38,-1.655,8.374114,4.87,,-0.34,[Fe/H],11.3,,1.09,
GJ 160.2,2.54790,GJ 160.2,,HIP 19165,TIC 178351350,Gaia DR3 5091077112524265344,M0 V,4347,0.655173,0.69,-0.79588,3.129659,4.61312,,,,24.87318,43.6,,
GJ 163,2.54808,GJ 163,,HIP 19394,TIC 219221189,Gaia DR3 4780294722094459904,M,3500,0.409738,0.4,-1.708,8.24778,4.81775,6,0.1,[Fe/H],58.59728,,,
GJ 179,2.55059,GJ 179,,HIP 22627,TIC 450102450,Gaia DR3 3288082758293022848,M3.5 V,3370,0.38,0.357,-1.796,9.675469,4.83,,0.3,[Fe/H],,,1.5,
GJ 180,2.55072,GJ 180,,HIP 22762,TIC 246902275,Gaia DR3 2979590513145784192,M3,3371,0.413049,0.43,-1.88606,8.125069,4.81473,,,,-15.06954,,,
GJ 2030,2.578153,GJ 2030,,,TIC 9967949,Gaia DR3 5168359139139252352,,5485,2.24104,0.96,0.6123,0.120251,3.71944,,-0.4,[M/H],,,,
GJ 2056,2.55462,GJ 2056,,HIP 34785,TIC 65406275,Gaia DR3 5617244278837970816,M0V:,4069.95,0.709495,0.62,-0.90505,2.073967,4.48062,,,,41.61666,,,
GJ 2126,2.579684,GJ 2126,,HIP 83941,TIC 44082776,Gaia DR3 5977270148650362112,M0 V,4159,0.728,0.65,-0.84527,2.377108,4.527,,0.6,[Fe/H],,,,
GJ 229,2.55307,GJ 229,HD 42581,HIP 29295,TIC 124279525,Gaia DR3 2940856402123426176,M1.5V,3564,0.46,0.509,-1.55284,4.641162,4.69496,0.4,,,4.02235,,1,
GJ 238,2.55368,GJ 238,,HIP 31300,TIC 260708537,Gaia DR3 5482827676662168832,M2.5 V,3485,0.4314,0.4193,-1.61618,7.645375,4.85243,,0.15,[Fe/H],,44,,
GJ 251,2.55424,GJ 251,HD 265866,HIP 33226,TIC 68581262,Gaia DR3 939072613334579328,M3.0 V,3342,0.36,0.35,-1.80967,10.053189,4.87,6.8,0.07,[Fe/H],22.3,122.1,2,
GJ 27.1,2.54012,GJ 27.1,,HIP 3143,TIC 80417903,Gaia DR3 4980466929965023104,M0.5 V,3542,0.518887,0.53,-1.58503,5.21124,4.72092,,,,11.85076,,,
GJ 273,2.55485,GJ 273,,HIP 36208,TIC 318686860,,M3.5,3382,0.293,0.29,-2.05552,13.194381,4.90868,,0.09,[Fe/H],18.4086,99,,
GJ 3021,2.53952,GJ 3021,HD 1237,HIP 1292,TIC 290543478,Gaia DR3 4634528720388462592,G6 V,5540,0.9,0.9,-0.18,2.009397,4.7,0.37,0.1,[Fe/H],-5.806,,5.5,-4.44
GJ 3082,2.54221,GJ 3082,,HIP 5812,TIC 206548902,Gaia DR3 4915139584039259392,M4,3910,0.465216,0.47,-1.46273,6.478222,4.76801,,,,6.33222,,,
GJ 3090,2.54263,GJ 3090,,HIP 6365,TIC 262530407,Gaia DR3 4933912198895807104,M2 V,3707,0.516,0.519,-1.34199,5.32,4.727,,0.12,[Fe/H],,17.95,1.468,
GJ 3138,2.54372,GJ 3138,,HIP 10037,TIC 632528291,Gaia DR3 5144740907820131840,M0,3717,0.5,0.681,-1.34679,3.471274,4.62872,,-0.3,[Fe/H],13.5973,42.5,,
GJ 317,2.101251,GJ 317,,,TIC 118608254,Gaia DR3 5701750715316821248,M3.5 V,3496,0.403,0.402,-1.68663,7.647716,4.822436,5,-0.02,[Fe/H],87.8,57.5,2.5,
GJ 3222,2.54537,HIP 15799,HD 21175,HIP 15799,TIC 160004049,,K0V,5257.46,0.931389,0.89,-0.252,,4.43,,0.16,[M/H],13.4,,2,-4.68
GJ 328,2.55855,GJ 328,,HIP 43790,TIC 265373654,Gaia DR3 577602496345490176,M0.0,3897,0.63,0.65,-1.08,3.210626,4.64,,-0.06,[Fe/H],,,,-4.679
GJ 3293,2.101284,GJ 3293,,,TIC 178872239,Gaia DR3 4893118771316702720,M2.5,3466,0.404,0.42,-1.65758,6.899958,4.78125,,0.02,[Fe/H],13.29558,41,,
GJ 3323,2.101289,GJ 3323,,,TIC 43605290,Gaia DR3 3187115498866675456,M4,3159,0.119,0.164,-2.56864,,,,-0.27,[Fe/H],42.4508,33,,
GJ 3341,2.101291,GJ 3341,,,TIC 77897915,Gaia DR3 4827532078086044416,M2.5,3526,0.439,0.47,-1.538,6.493646,4.76852,,-0.09,[Fe/H],47.803,,,
GJ 3378,2.580319,GJ 3378,,,TIC 322347050,Gaia DR3 999747822484300800,M4 V,3340,0.275,0.262,-2.07058,17.7,4.97,,-0.09,[Fe/H],,95.1,2.62,
GJ 338 B,2.64027,GJ 338,HD 79211,HIP 120005,TIC 251078597,Gaia DR3 1022456104850892928,M0 V,4014,0.58,0.64,-1.10127,4.044538,4.68,4,-0.03,[Fe/H],11.798,16.61,2.3,
GJ 341,2.55974,GJ 341,HD 304636,HIP 45908,TIC 359271092,Gaia DR3 5299440441521812992,M1,3770,0.5066,0.48,-1.31072,5.082382,4.72,,-0.16,[Fe/H],,,2.32,
GJ 3470,2.101292,GJ 3470,,,TIC 19028197,Gaia DR3 654687847820642560,M1.5,3600,0.547,0.539,-1.5376,3.3,4.695,1.65,0.2,[Fe/H],26.51691,21.54,,
GJ 3473,2.101293,GJ 3473,,,TIC 452866790,Gaia DR3 3094290054327367168,M4,3347,0.364,0.36,-1.82391,10.93,4.81,,0.11,[Fe/H],-1.101,168.3,2,
GJ 3512,2.101297,GJ 3512,,,TIC 445064836,Gaia DR3 1040827088726734976,M5.5 V,3141,0.139,0.123,-2.8041,47.478156,5.1582,5.5,-0.07,[Fe/H],,83,2,
GJ 357,2.56006,GJ 357,,HIP 47103,TIC 413248763,Gaia DR3 5664814198431308288,M2.5 V,3505,0.337,0.342,-1.79833,13.6,4.94,,-0.12,[Fe/H],-34.6,77.8,2,-5.37
GJ 3634,2.101302,GJ 3634,,,TIC 49064384,Gaia DR3 5452743423618768000,M2.5,3517,0.43,0.45,-1.699,6.740478,4.77636,5,,,5.18635,,1,
GJ 367,2.56019,GJ 367,,HIP 47780,TIC 34068865,Gaia DR3 5412250540681250560,M1.0 V,3522,0.458,0.455,-1.5391,6.696675,4.776,,-0.01,[Fe/H],47.91674,51.3,,-5.169
GJ 3779,2.101307,GJ 3779,,,TIC 459826435,Gaia DR3 1446540213584440704,M4.0 V,3324,0.281,0.27,-2.06198,16.233445,5.05,,0,[Fe/H],-19.361,95,2,
GJ 3929,2.573049,GJ 3929,,,TIC 188589164,Gaia DR3 1372215976327300480,M3.5 V,3384,0.32,0.313,-1.96257,13.3,4.89,7.1,-0.02,[Fe/H],10.265,122,2,
GJ 393,2.56135,GJ 393,,HIP 51317,TIC 277888583,Gaia DR3 3855208897392952192,M2.0 V,3579,0.426,0.426,-1.57073,7.435678,4.88,,-0.09,[Fe/H],8.3,34.15,2,
GJ 3942,2.57721,GJ 3942,,HIP 79126,TIC 162494287,Gaia DR3 1428030622526979968,M0,3867,0.61,0.63,-1.12,4.167122,4.65,,-0.04,[Fe/H],-19.37283,,1.67,
GJ 3988,2.579159,GJ 3988,,,TIC 274626553,Gaia DR3 1412645602995521920,M4.5 V,3273,0.19734,0.1842,-2.39513,25.953069,4.92,,-0.12,[Fe/H],37.17,116,2,
GJ 3998,2.58149,GJ 3998,,HIP 84460,TIC 459558974,Gaia DR3 4540061704989418240,M1,3726,0.5,0.52,-1.358,5.188231,4.75,8.38,-0.13,[Fe/H],-44.81,,0.93,
GJ 411,2.56309,GJ 411,HD 95735,HIP 54035,TIC 166646191,,M1.5 V,3719,0.3685,0.3899,-1.70997,9.601312,4.895,8.047,-0.3621,[Fe/H],-84.64566,56.16,2,-5.47
GJ 414 A,2.56336,GJ 414,HD 97101,HIP 54646,TIC 9001920,Gaia DR3 732857558276385664,K7 V,4120,0.68,0.65,-0.92445,2.152396,4.65,12.4,0.24,[Fe/H],-17.2,,3,
GJ 422,2.56367,GJ 422,HD 304043,HIP 55042,TIC 450545735,Gaia DR3 5339892367684811520,M3.5 V,3323,0.370328,0.35,-1.95861,9.92794,4.85435,,,,,,,
GJ 4274,2.580225,GJ 4274,,,TIC 12652442,Gaia DR3 2595284016771502080,M4.5 V,3228,0.19,0.18,-2.46218,,5.26,0.12,-0.19,[Fe/H],,4.6,2.3,
GJ 4276,2.101315,GJ 4276,,,TIC 428238233,Gaia DR3 2200501793758177152,M4.0,3387,0.407,0.406,-1.70553,8.276611,4.97,6.9,0.12,[Fe/H],,64.3,2,
GJ 433,2.56445,GJ 433,,HIP 56528,TIC 57654763,Gaia DR3 3478160727866058368,M2V,3461,0.5,0.48,-1.69897,6.366649,4.81,,-0.17,[Fe/H],17.52598,,,
GJ 436,2.56476,GJ 436,,HIP 57087,TIC 138819293,Gaia DR3 4017860992519744384,M2.5 V,3586.11,0.455,0.47,-1.585,7,4.792,6,0.0991,[Fe/H],9.6,44.09,0.33,
GJ 463,2.56677,GJ 463,,HIP 60398,TIC 147670988,Gaia DR3 1584088431025057792,M3.0 V,3563,0.483,0.486,-1.52293,6.231305,4.86,,-0.16,[Fe/H],,32.9,2,
GJ 480,2.56782,GJ 480,,HIP 61706,TIC 399119319,Gaia DR3 3928391218812375808,M3.5 Ve,3509,0.449,0.45,-1.562,6.739914,4.88,,0.26,[m/H],,50.3,,
GJ 486,2.56822,GJ 486,,HIP 62452,TIC 390651552,Gaia DR3 3735000631158990976,M3.5 V,3317,0.3243,0.312,-1.93892,12.95,4.9111,4,-0.15,[Fe/H],19.106,130.1,2,-5.461
GJ 504,2.56916,GJ 504,HD 115383,HIP 64792,TIC 397587084,Gaia DR3 3732539683617410816,G0 V,6234,1.26,1.22,0.332,0.638818,4.6,0.16,0.28,[Fe/H],-27.4,3.33,5.47,-4.4
GJ 508.2,2.56952,GJ 508.2,,HIP 65143,TIC 43133318,Gaia DR3 1472903753640492160,M1.0 V,3720,0.53,0.54,-1.222,5.010424,4.71218,,-0.15,[Fe/H],,36,2,
GJ 514,2.57014,GJ 514,,HIP 65859,TIC 404519959,Gaia DR3 3738099879558957952,M0.5-1.0 V,3728,0.5,0.51,-1.36653,5.555562,4.76,0.8,-0.14,[Fe/H],14.6,28,,-5.1
GJ 536,2.57218,GJ 536,HD 122303,HIP 68469,TIC 119147875,Gaia DR3 3657653114880309248,M1 V,3641,0.529,0.528,-1.35291,5.444495,4.713,4.2,-0.08,[Fe/H],-25.6238,43.63,1.2,-5.12
GJ 581,2.57422,GJ 581,,HIP 74995,TIC 36853511,Gaia DR3 6322070093095493504,M3.0 V,3500,0.302,0.295,-1.90781,12.223842,4.97,4.3,-0.08,[Fe/H],9.75,132.5,2,-5.48
GJ 625,2.57855,GJ 625,,HIP 80459,TIC 207492082,Gaia DR3 1428427236986209024,M2,3499,0.31,0.3,-1.894,11.726329,4.94,,-0.38,[Fe/H],-12.85011,77.8,0.2,
GJ 649,2.58029,GJ 649,,HIP 83043,TIC 236743275,Gaia DR3 4572835535272627712,M1.0,3734,0.5,0.51,-1.361,5.259921,4.76,0.44,-0.15,[Fe/H],3.56586,24.89,,-4.925
GJ 667 C,2.95236,GJ 667,,,TIC 154385809,Gaia DR3 5975663354131618304,M1.5 V,3350,,0.33,-1.863,,4.69,2,-0.55,[Fe/H],6.5,,,
GJ 674,2.58243,GJ 674,,HIP 85523,TIC 218263393,Gaia DR3 5951824121022278144,M2.5,3600,0.36463,0.35,-1.796,10.210033,4.85978,0.55,-0.28,[Fe/H],,,1,
GJ 676 A,2.58255,GJ 676,,HIP 85647,TIC 369021303,Gaia DR3 5925209583053212800,M0,3734,0.69,0.626,-1.04251,3.232295,4.62,,0.23,[Fe/H],-39.0383,,1.6,
GJ 680,2.58288,HIP 86057,,HIP 86057,TIC 325624908,Gaia DR3 5946986063684477056,K5,3563,0.45933,0.456,-1.51379,6.640479,4.77323,,,,,,,
GJ 682,2.58296,GJ 682,,HIP 86214,TIC 16909043,Gaia DR3 5955305209191546112,M3.5 V,3028,0.298255,0.27,-2.69897,14.592971,4.92764,,,,,,,
GJ 685,2.58289,GJ 685,,HIP 86087,TIC 219780306,Gaia DR3 1439069444391326208,M0.5,3816,0.54,0.55,-1.253,4.447368,4.72,,-0.15,[Fe/H],-15.71757,18.15,1.33,
GJ 687,2.58294,GJ 687,,HIP 86162,TIC 233193964,Gaia DR3 1637645127018395776,M3.0V,3413,0.4183,0.4,-1.672,8.378344,4.85936,,0.0631,[Fe/H],-28.8,,,
GJ 720 A,2.58441,GJ 720,,HIP 91128,TIC 122958010,Gaia DR3 2118424350249708800,M0.5 V,3837,0.56,0.57,-1.217,3.991359,4.71,,-0.14,[Fe/H],,36.05,0.99,
GJ 724,2.58454,GJ 724,,HIP 91608,TIC 424934357,Gaia DR3 4105386688016878336,M1.0 V,3799,0.52226,0.5271,-1.2909,4.80552,4.88,,-0.02,[Fe/H],-33.36,57,2,-4.641
GJ 740,2.58510,GJ 740,HD 176029,HIP 93101,TIC 227642705,Gaia DR3 4282578724832056576,M1.0 V,3913,0.56,0.58,-1.206,4.011759,4.68,,0.08,[Fe/H],9.5,35.563,0.92,
GJ 806,2.58795,GJ 806,,HIP 102401,TIC 239332587,Gaia DR3 2070115588901082368,M1.5 V,3600,0.4144,0.413,-1.58528,8.6,4.98,5,-0.28,[Fe/H],-24.694,41.4,2,-4.923
GJ 832,2.58903,GJ 832,HD 204961,HIP 106440,TIC 139754153,Gaia DR3 6562924609150908416,M2/3 V,3472,0.441557,0.45,-1.585,7.164032,4.78905,8.1,-0.3,[Fe/H],12.52269,,2.1,-5.18
GJ 849,2.59413,GJ 849,,HIP 109388,TIC 248027247,Gaia DR3 2627117287488522240,M3.5,3467,0.45,0.45,-1.59,6.513722,4.8,3,0.09,[Fe/H],-15.3,40.45,1,-5.116
GJ 86,2.54375,GJ 86,HD 13445,HIP 10138,TIC 220017951,Gaia DR3 4937000898856156288,K1V,5182,0.77,0.93,-0.38952,2.511577,4.63,11.3,-0.22,[Fe/H],55.22698,30,2.37,-4.74
GJ 876,2.60652,GJ 876,,HIP 113020,TIC 188580272,Gaia DR3 2603090003484152064,M2.5V,3293.74,0.3,0.32,-1.90658,10.865574,4.87177,1,0.2129,[Fe/H],-1.6,,0.16,
GJ 887,2.61107,GJ 887,HD 217987,HIP 114046,TIC 155315739,Gaia DR3 6553614253923452800,M1 V,3688,0.468,0.495,-1.43415,6.055627,4.156,2.9,-0.06,[Fe/H],8.17291,38.7,2.5,
GJ 896 A,2.62120,GJ 896,,HIP 116132 A,TIC 247985094,Gaia DR3 2824770686019003904,M3.5 V,3345,0.394682,0.43599,-1.75523,8.839089,4.83156,,,,,,,
GJ 900 A,2.62224,GJ 900,,HIP 116384,TIC 422618003,Gaia DR3 2646280705713202816,K7,3976,0.716187,1.08,-0.921,2.590302,4.55728,0.2,-0.63,[Fe/H],-10.44,11.9,,
GJ 9066,2.101233,GJ 9066,,,TIC 404715018,Gaia DR3 76868614540049408,M5.0 V,3154,0.164,0.15,-2.59517,36.041364,5.01,,-0.13,[Fe/H],-28.832,1.96,2,-4.79
GJ 9404,2.56660,GJ 9404,,HIP 60093,TIC 328860504,Gaia DR3 4010201828880793984,M2V,3811,0.626041,0.62,-1,3.498301,4.62936,,,,,23.2,,
GJ 96,2.54408,GJ 96,,HIP 11048,TIC 409527090,Gaia DR3 354077348697687424,M2,3785,0.580612,0.6,-1.05159,4.119879,4.66767,,0.14,[Fe/H],-38.47332,29.6,,
GJ 9689,2.58736,GJ 9689,,HIP 99699,TIC 87942223,Gaia DR3 1803475188714186368,M0.5,3836,0.57,0.59,-1.2,3.776135,4.69,8.9,0.05,[Fe/H],,39.97,1.47,
GJ 9714,2.58824,HIP 103768,HD 199981,HIP 103768,TIC 92566472,Gaia DR3 6781117812601143168,K5V,4263,0.662662,0.67,-0.88386,3.246111,4.62156,,,,,,,
GJ 9773,2.59503,GJ 9773,,HIP 109638,TIC 468309671,Gaia DR3 2723557788822526720,M3.0 V,3528,0.362,0.358,-1.73666,9.547823,4.84674,,-0.2,[Fe/H],,56,2,
GJ 9827,2.61953,GJ 9827,,HIP 115752,TIC 301289516,Gaia DR3 2643842302456085888,K7 V,4236,0.58,0.62,-1.00436,3.97,4.719,5.465,-0.29,[Fe/H],31.94888,28.16,1.75,-5.28
GJ 9827,2.61953,GJ 9827,,HIP 115752,TIC 301289516,Gaia DR3 2643842302456085888,K7 V,4236,0.58,0.62,-1.00436,3.97,4.7,5.465,-0.29,[Fe/H],31.94888,28.16,2.43,-5.28
GPX-1,2.572974,GPX-1,,,TIC 245392284,Gaia DR3 457317534880081152,F2,7000,1.56,1.68,0.72673,0.620324,4.27,0.27,0.35,[Fe/H],-3.7,,40,
GQ Lup,2.103396,GQ Lup,,,TIC 442623945,Gaia DR3 6011522757643074304,K7e V,4360,1.94153,0.7,-0.07239,,3.65,0.001,-0.35,[Fe/H],,,6.33,
GSC 06214-00210,2.103499,GSC 06214-00210,,,TIC 50175254,Gaia DR3 6244440552088537600,K7,4200,0.90484,0.9,-0.42,1.320717,4.36628,0.005,-0.06,[Fe/H],-4.59142,,4.24,
GU Psc,2.103736,GU Psc,,,TIC 408263079,Gaia DR3 2784120641627589760,M3,4031.81,0.450458,0.325,-1.60189,6.895277,4.78111,0.1,0.1,[Fe/H],-1.6,,23,
Gaia-1,2.573075,Gaia-1,,,TIC 11755687,Gaia DR3 3026325426682637824,,5470,0.952,0.949,-0.1588,1.46,4.43994,,,,,,,
Gaia-2,2.573076,Gaia-2,,,TIC 147797743,Gaia DR3 1107980654748582144,,5720,1.064,1,0.0574,0.848,4.37355,,,,,,,
Gaia-4,2.579681,Gaia-4,,,TIC 166669918,Gaia DR3 1457486023639239296,,4034,0.624,0.644,-0.99957,3.74,4.68,6.8,0.05,[Fe/H],-17.53,13.3,2,
Gaia-5,2.579682,Gaia-5,,,TIC 42004825,Gaia DR3 2074815898041643520,,3447,0.345,0.339,-1.82594,11.61,4.83,8.2,-0.18,[Fe/H],-52.7,,2,
Gaia22dkvL,2.579512,Gaia22dkvL,,,,,,,,1.145,,,,,,,,,,
Gl 378,2.56052,Gl 378,,HIP 49189,TIC 252470070,Gaia DR3 823228721067307392,M1,3879,0.56,0.56,-1.22185,4.444971,4.68513,,0.06,[Fe/H],-9.69733,,,
Gl 410,2.56307,Gl 410,HD 95650,HIP 53985,TIC 97488127,Gaia DR3 3988689609004982912,K,3842,0.543,0.55,-1.239,4.498446,4.87,0.48,0.05,[M/H],-13.9,13.93,,
Gl 49,2.54151,Gl 49,,HIP 4872,TIC 256419669,Gaia DR3 522863309964987520,M1.5 V,3805,0.511,0.515,-1.30645,4.79974,4.69,,0.13,[Fe/H],-5.777,18.86,2,
Gl 686,2.58302,Gl 686,,HIP 86287,TIC 230241767,Gaia DR3 4550763526539955712,M1.0 V,3656,0.427,0.426,-1.53,7.145493,4.87,,-0.23,[Fe/H],-10.09248,38.732,2.49,
Gl 725 A,2.58458,Gl 725,HD 173739,HIP 91768,TIC 359676790,Gaia DR3 2154880616774131840,M3,3433,0.351,0.33,-1.809,11.109699,4.87,6.2,-0.19,[Fe/H],-0.8,103.1,,
Gliese 12,2.578652,Gliese 12,,,TIC 52005579,Gaia DR3 2768048564768256512,M4 V,3328,0.265,0.255,-2.13787,19.518,5.25,7,-0.24,[Fe/H],51.213,85,2,-5.62
HAT-P-1,2.103389,HAT-P-1,,,TIC 346338552,Gaia DR3 1928431764627661440,G0 V,5980,1.174,1.151,0.22463,0.908,4.359,3.6,0.13,[Fe/H],-2.98407,,2.2,
HAT-P-11,2.19473,HAT-P-11,,HIP 97657,TIC 28230919,Gaia DR3 2086512227851023872,K4,4653,0.683,0.811,-0.56702,3.70008,4.663,2.69,0.31,[Fe/H],-63.24,30.5,0.67,-4.35
HAT-P-12,2.103449,HAT-P-12,,,TIC 198108326,Gaia DR3 1499514786891168640,K4,4650,0.701,0.733,-0.678,3.108667,4.61,2.5,-0.29,[Fe/H],-40.51,,0.5,
HAT-P-13,2.103452,HAT-P-13,,,TIC 20096620,Gaia DR3 1014520826353577088,G4,5653,1.756,1.32,0.346,0.343998,4.07,5,0.46,[Fe/H],14.69,,1.66,
HAT-P-14,2.103459,HAT-P-14,,,TIC 101721385,Gaia DR3 1340497608486742400,F5 V,6600,1.82,2.65,0.64412,0.62,4.25,1.6,0.11,[Fe/H],-20.81,,8.18,
HAT-P-15,2.103471,HAT-P-15,,,TIC 353459965,Gaia DR3 179498266829041664,G5,5568,1.07,1,0.03019,1.14,4.38,6.8,0.22,[Fe/H],31.7622,,1.53,
HAT-P-16,2.103470,HAT-P-16,,,TIC 191284318,Gaia DR3 381592313648387200,F8,6140,1.158,1.218,0.29447,1.105304,4.396,0.5,0.17,[Fe/H],-16.553,,3.5,
HAT-P-17,2.103485,HAT-P-17,,,TIC 266593143,Gaia DR3 1849786481032616960,K,5246,0.87,0.99,-0.28893,2.08,4.53,7,0,[Fe/H],20.3141,,0.84,
HAT-P-17,2.103485,HAT-P-17,,,TIC 266593143,Gaia DR3 1849786481032616960,K,5336.96,0.838682,0.92,-0.28893,2.198681,4.55466,7,0.0512,[M/H],20.3141,,0.84,
HAT-P-18,2.103483,HAT-P-18,,,TIC 21744120,Gaia DR3 1334573817793362560,K2,4803,0.749,0.77,-0.569,2.94,4.57,12.4,0.1,[Fe/H],-11.92,,0.5,
HAT-P-19,2.103484,HAT-P-19,,,TIC 267650535,Gaia DR3 365426679516816512,K1,4962,0.773,0.807,-0.48545,2.468,4.5687,7.2,0.166,[Fe/H],-20.22,35.5,0.7,
HAT-P-2,2.57814,HAT-P-2,HD 147506,HIP 80076,TIC 39903405,Gaia DR3 1380825667768742144,F8,6380,1.39,1.33,0.53,0.434,4.16,1.44,0.18,[Fe/H],-0.22,,20.8,
HAT-P-2,2.57814,HAT-P-2,HD 147506,HIP 80076,TIC 39903405,Gaia DR3 1380825667768742144,F8,6412,1.416,1.33,0.577,0.434,4.16,1.44,0.12,[Fe/H],-0.22,,20.8,
HAT-P-20,2.103487,HAT-P-20,,,TIC 26826078,Gaia DR3 869913435026514688,K3,4595,0.694,0.756,-0.721,2.36,4.63,6.7,0.35,[Fe/H],-18.81,14.48,2.1,
HAT-P-21,2.103488,HAT-P-21,,,TIC 17993892,Gaia DR3 770622651659107712,G3,5588,1.21,1.24,0.18184,1,4.33,10.2,0.01,[Fe/H],-53.018,15.88,3.5,
HAT-P-22,2.103489,HAT-P-22,HD 233731,,TIC 252479260,Gaia DR3 846946629987527168,G5 V,5302,1.11,1.13,-0.114,1.16,4.36,12.4,0.24,[Fe/H],12.63696,28.7,0.5,
HAT-P-23,2.103490,HAT-P-23,,,TIC 305243225,Gaia DR3 1808938730710633984,G0,5905,1.203,1.13,0.199,1.204,4.33,4,0.15,[Fe/H],-15.1,,8.1,
HAT-P-24,2.103491,HAT-P-24,,,TIC 440777904,Gaia DR3 3167323052618369408,F8,6373,1.38,1.37,0.408,0.74,4.27,2.8,-0.16,[Fe/H],-2.09,,10,
HAT-P-25,2.103492,HAT-P-25,,,TIC 35022727,Gaia DR3 111322601672419712,G5,5519,0.919,1.012,-0.15181,1.84,4.516,3.2,0.294,[Fe/H],-12.51,,0.5,
HAT-P-26,2.103496,HAT-P-26,,,TIC 420779000,Gaia DR3 3668036348641580288,K1,5079,0.87,1.12,-0.35928,2.37,4.56,9,-0.04,[Fe/H],14.72,,1.9,
HAT-P-27,2.103503,HAT-P-27,,,TIC 461239485,Gaia DR3 1159336403336463872,G8,5316,0.864673,0.916,-0.26926,1.997583,4.52626,4.4,0.3,[M/H],-15.765,,0.4,
HAT-P-28,2.103507,HAT-P-28,,,TIC 53728859,Gaia DR3 363702817083391232,G3,5680,1.103,1.025,0.053,1.243745,4.36,6.1,0.12,[Fe/H],43.884,,0.2,
HAT-P-29,2.103508,HAT-P-29,,,TIC 250707118,Gaia DR3 359058441314838528,F8,6087,1.3,1.45,0.31175,0.93,4.34,2.2,0.21,[Fe/H],-21.651,,3.9,
HAT-P-3,2.103408,HAT-P-3,,,TIC 311035838,Gaia DR3 1510191594552968832,K1,5185,0.87,1.06,-0.36,2.28,4.56,1.6,0.27,[Fe/H],-23.3849,19.9,0.46,
HAT-P-30,2.103512,HAT-P-30,,,TIC 455135327,Gaia DR3 3096441729861716224,F7,6304,1.31,1.55,0.312,0.98,4.36,1,0.13,[Fe/H],45.51,,2.2,
HAT-P-31,2.103517,HAT-P-31,,,TIC 320798691,Gaia DR3 4583004815239650176,,6065,1.39,1.31,0.43315,0.69,4.26,3.17,0.15,[Fe/H],-2.4,,0.5,
HAT-P-32,2.103518,HAT-P-32,,,TIC 292152376,Gaia DR3 356348286886230272,,6001,1.367,1.132,0.33806,0.625,4.22,2.7,-0.16,[Fe/H],-23.21,,20.7,
HAT-P-33,2.103519,HAT-P-33,,,TIC 239154970,Gaia DR3 893550942158776832,F4,6446,1.79,1.82,0.618,0.45,4.15,2.3,0.05,[Fe/H],23.03,,15.57,
HAT-P-34,2.103531,HAT-P-34,HD 351766,,TIC 278348461,Gaia DR3 1810218734058821632,,6442,1.53,1.392,0.6003,0.505,4.21,1.7,0.22,,-49.26,,24,
HAT-P-35,2.103532,HAT-P-35,,,TIC 455096220,Gaia DR3 3094733088793018240,,6096,1.435,1.236,0.38307,0.59,4.21,3.5,0.11,,40.95,,0.5,
HAT-P-36,2.103534,HAT-P-36,,,TIC 373693175,Gaia DR3 1541532207133249920,G5 V,5620,1.041,1.03,0.02243,1.089,4.416,6.6,0.25,[Fe/H],-16.29,,3.58,
HAT-P-37,2.103535,HAT-P-37,,,TIC 267572272,Gaia DR3 2133946843094378752,,5500,0.877,0.929,-0.208,1.87,4.52,3.6,0.03,[Fe/H],-20.53,,3.07,
HAT-P-38,2.103659,HAT-P-38,,,TIC 285272237,Gaia DR3 324889227693298560,G5,5330,0.923,0.886,-0.208,1.207841,4.45,10.1,0.06,[Fe/H],-19.7,,0.4,
HAT-P-39,2.103660,HAT-P-39,,,TIC 14770122,Gaia DR3 3169391577586325120,,6430,1.625,1.404,0.607,0.349486,4.16,2,0.19,[Fe/H],28.42,,12.7,
HAT-P-4,2.103414,HAT-P-4,,,TIC 138294130,Gaia DR3 1291120362349158016,F,5860,1.596,1.248,0.431,0.437,4.127,3.9,0.24,,-1.58,,5.83,
HAT-P-40,2.103661,HAT-P-40,,,TIC 199671901,Gaia DR3 1962153854973972096,,6080,1.94,1.03,0.778,0.2,3.93,2.7,0.22,[Fe/H],-25,,6.9,
HAT-P-41,2.103662,HAT-P-41,,,TIC 398895470,Gaia DR3 4290415081653653632,,6390,2.05,2.56,0.628,0.42,4.14,2.2,0.21,[Fe/H],31.68,,19.6,
HAT-P-42,2.103703,HAT-P-42,,,TIC 270468559,Gaia DR3 583455604761166848,,5743,1.53,1.178,0.356,0.528383,4.14,5.2,0.27,[Fe/H],20.26,,3.5,
HAT-P-43,2.103704,HAT-P-43,,,TIC 468987719,Gaia DR3 601321985813952000,F9,5693,1.08,1.03,0.05986,1.051928,4.38,5.7,0.2,[Fe/H],-4.86,,2.4,
HAT-P-44,2.103733,HAT-P-44,,,TIC 168699373,Gaia DR3 1506159170017461888,,5295,0.949,0.942,-0.194,1.099931,4.46,7.5,0.33,[Fe/H],-33.45,,0.2,
HAT-P-45,2.103734,HAT-P-45,,,TIC 167227214,Gaia DR3 4270547520706275328,,6330,1.319,1.259,0.4,0.457312,4.3,2,0.07,[Fe/H],23.903,,9.3,
HAT-P-46,2.103735,HAT-P-46,,,TIC 104866616,Gaia DR3 4177560894633502720,,6120,1.396,1.284,0.391,0.915299,4.25,2.5,0.3,[Fe/H],-20.911,,4.9,
HAT-P-49,2.103719,HAT-P-49,HD 340099,,TIC 99224131,Gaia DR3 1835842749465226368,F3,6820,2.06,2.22,0.814,0.36,4.1,1.5,0.07,[Fe/H],15.155,,10.68,
HAT-P-5,2.103417,HAT-P-5,,,TIC 76419763,Gaia DR3 4606030169272920320,G,5960,1.12,1.04,0.187,1.04,4.37,2.6,0.24,[Fe/H],7.6138,,2.6,
HAT-P-50,2.103784,HAT-P-50,,,TIC 17746821,Gaia DR3 3151961363348862720,F5,6280,1.698,1.273,0.60314,0.357,4.072,3.37,-0.18,[Fe/H],6.25,,8.9,
HAT-P-51,2.103785,HAT-P-51,,,TIC 61205803,Gaia DR3 316706322857704960,G7,5453,0.995,0.961,-0.10237,1.38,4.4256,8.1,0.302,[Fe/H],-27.56,,1.7,
HAT-P-52,2.103786,HAT-P-52,,,TIC 436875934,Gaia DR3 128623485853170432,K1,5131,0.893,0.887,-0.30452,1.75,4.483,9.4,0.28,[Fe/H],61.5,,0.6,
HAT-P-53,2.103787,HAT-P-53,,,TIC 189380158,Gaia DR3 323386882492982144,,5956,1.209,1.093,0.21748,0.87,4.31,4.67,0,[Fe/H],-16.99,,4.1,
HAT-P-54,2.99525,HAT-P-54,,,TIC 284326455,Gaia DR3 3383298227579280640,K7,4390,0.617,0.645,-0.9017,2.083061,4.667,3.9,-0.127,[Fe/H],31.85496,,2.35,
HAT-P-55,2.103772,HAT-P-55,,,TIC 311408969,Gaia DR3 4593808272896243328,,5804,1.105,1.028,0.09656,1.073,4.363,5.3,0.003,[Fe/H],-9.42,,1.8,
HAT-P-56,2.55391,HAT-P-56,HD 262389,HIP 32209,TIC 84339983,Gaia DR3 3385777286999240576,F8,6566,1.47,1.42,0.55274,0.63,3.39,2.01,0,[Fe/H],35.11,,40.06,
HAT-P-57,2.103783,HAT-P-57,,,TIC 317520667,Gaia DR3 4483640815570090368,A8 V,6330,1.85,2.77,0.80618,0.62,4.25,1,-0.25,[Fe/H],-5.99,,102.1,
HAT-P-58,2.572940,HAT-P-58,,,TIC 9443323,Gaia DR3 277493615044741376,,6078,1.53,1.031,0.45637,0.405,4.082,7.11,-0.224,[Fe/H],-35.97,,,
HAT-P-59,2.572941,HAT-P-59,,,TIC 229400092,Gaia DR3 2241743203599727744,,5678,1.1038,1.008,0.05385,1.059,4.356,7.3,0.217,[Fe/H],-20.477,,,
HAT-P-6,2.103418,HAT-P-6,,,TIC 176899385,Gaia DR3 1925321658551399040,,6570,1.62,1.79,0.55267,0.59,4.22,2.3,-0.13,[Fe/H],-22.7,,7.8,
HAT-P-60,2.572942,HAT-P-60,,,TIC 354469661,Gaia DR3 359678187913760384,,6212,2.197,1.435,0.80889,0.1909,3.9114,2.765,0.037,[Fe/H],6.582,,,
HAT-P-61,2.572943,HAT-P-61,,,TIC 259506033,Gaia DR3 256580182331399296,,5587,0.938,1.004,-0.1152,1.715,4.496,2.6,0.194,[Fe/H],4.81,,,
HAT-P-62,2.572944,HAT-P-62,,,TIC 453064665,Gaia DR3 255397142179844224,,5629,1.17,1.023,0.09061,0.901,4.312,8.1,0.414,[Fe/H],50.424,,,
HAT-P-63,2.572945,HAT-P-63,,,TIC 325670253,Gaia DR3 4474644332250439552,,5400,0.9661,0.925,-0.1463,1.448,4.435,9,0.251,[Fe/H],-68.994,,,
HAT-P-64,2.572946,HAT-P-64,,,TIC 455036659,Gaia DR3 3279418602369232000,,6457,1.735,1.298,0.66839,0.35,4.072,2.88,-0.113,[Fe/H],25.22,,,
HAT-P-65,2.103832,HAT-P-65,,,TIC 283419843,Gaia DR3 1757302881526250496,G2,5872,1.666,1.297,0.47276,0.397,4.1079,3.9,0.208,[Fe/H],,,7.1,
HAT-P-66,2.103833,HAT-P-66,,,TIC 137881699,Gaia DR3 852608874351434752,G0,6002,1.881,1.255,0.6149,0.269,3.993,4.66,0.035,[Fe/H],1.93675,,7.57,
HAT-P-67,2.103866,HAT-P-67,,,TIC 198588220,Gaia DR3 1358614983131339392,,6640,2.62,1.73,1.07773,0.09809,3.84,1.46,0.14,[Fe/H],-1.4,5.4,35.8,
HAT-P-68,2.104471,HAT-P-68,,,TIC 63189173,Gaia DR3 675443053940533760,K,4508,0.6701,0.6785,-0.77911,3.165,4.615,11.1,-0.059,[Fe/H],,24.593,0,
HAT-P-69,2.104001,HAT-P-69,,,TIC 379929661,Gaia DR3 3080104185367102592,,7394,1.926,1.648,1,0.364532,4.11,1.27,-0.069,[Fe/H],0.784,,77.44,
HAT-P-7,2.17417,HAT-P-7,,,TIC 424865156,Gaia DR3 2129256395211984000,F6 V,6389,2,1.56,0.8142,0.27,4.07,1.78,0.26,[Fe/H],-11,,3.8,
HAT-P-70,2.104002,HAT-P-70,HD 287325,,TIC 399870368,Gaia DR3 3291455819447952768,,8450,1.858,1.89,1.22272,0.403619,4.181,0.6,-0.059,[Fe/H],25.26,,99.85,
HAT-P-8,2.103446,HAT-P-8,,,TIC 188876052,Gaia DR3 1891507552826485632,F6,6200,1.57,1.27,0.519,0.46,4.15,3.4,0.01,[Fe/H],-22.384,,11.5,
HAT-P-9,2.103442,HAT-P-9,,,TIC 371234684,Gaia DR3 898130030131443584,F7,6350,1.338,1.281,0.4183,0.755,4.293,1.6,0.12,[Fe/H],22.6662,,11.9,
HATS-1,2.103651,HATS-1,,,TIC 219698950,Gaia DR3 3540018633568783488,,5870,1.038,0.986,0.04139,2.185273,4.4,6,-0.06,[Fe/H],-10.4419,,2.52,
HATS-10,2.103769,HATS-10,,,TIC 126325985,Gaia DR3 6771939433131924096,,5880,1.105,1.101,0.117,1.15,4.392,3.3,0.15,[Fe/H],-28.088,,5.68,
HATS-11,2.250539,HATS-11,,,TIC 11439959,Gaia DR3 6771149120491232768,G0,6563,1.54,1.33,0.40312,0.479,4.19,7.7,0.03,[Fe/H],-58.324,,3.8,
HATS-12,2.252767,HATS-12,,,TIC 11270200,Gaia DR3 4083840142695803520,F,6357,1.17,1.16,0.86332,0.269,4.36,2.36,-0.1,[Fe/H],-21.661,,6.57,
HATS-13,2.103778,HATS-13,,,TIC 289793076,Gaia DR3 6803000980210856704,,5523,0.887,0.962,-0.32121,1.93,4.524,2.5,0.05,[Fe/H],25.804,,2.82,
HATS-14,2.103779,HATS-14,,,TIC 29344935,Gaia DR3 6805149288493408640,,5346,0.933,0.967,-0.17274,1.682,4.484,4.9,0.33,[Fe/H],30.19,,3.8,
HATS-15,2.103822,HATS-15,,,TIC 271898990,Gaia DR3 6858088299469303168,G9 V,5311,0.922,0.871,-0.20412,1.57,4.449,11,0,[Fe/H],-54.145,,4.18,
HATS-16,2.103823,HATS-16,,,TIC 77044471,Gaia DR3 2327000400367097984,G3 V,5738,1.238,0.97,0.17319,0.72,4.239,9.5,-0.1,[Fe/H],31.594,12.35,6.17,
HATS-17,2.103798,HATS-17,,,TIC 73717937,Gaia DR3 6127982342061605120,G V,5846,1.091,1.131,0.09342,1.22,4.416,2.1,0.3,[Fe/H],22.9432,,3.73,
HATS-18,2.103837,HATS-18,,,TIC 14614418,Gaia DR3 3483636295773117440,G V,5600,1.02,1.037,-0.03152,1.37,4.436,4.2,0.28,[Fe/H],7.6633,9.8,6.23,
HATS-2,2.103696,HATS-2,,,TIC 413376180,Gaia DR3 3492502001623237888,K,5227,0.876,0.904,-0.268,1.346,4.51,7.2,0.15,[Fe/H],,22.46,1.5,
HATS-22,2.103862,HATS-22,,,TIC 14661418,Gaia DR3 3483606402800185728,K V,4803,0.689,0.759,-0.64589,3.28,4.644,,0,[Fe/H],-7.37,,0.5,
HATS-23,2.103863,HATS-23,,,TIC 7088246,Gaia DR3 6657994706683397504,G V,5780,1.199,1.121,0.15534,0.91,4.328,4.2,0.28,[Fe/H],-13.372,,4.62,
HATS-24,2.103864,HATS-24,,,TIC 380589029,Gaia DR3 5911182735242698496,F V,6125,1.12,1.07,0.19,1.059,4.37,3.7,-0.229,[Fe/H],-3.259,,9.44,
HATS-25,2.103812,HATS-25,,,TIC 437333618,Gaia DR3 6287125101007614080,G,5715,1.107,0.994,0.06819,1.03,4.347,7.5,0.02,[Fe/H],31.6632,,3.88,
HATS-26,2.103813,HATS-26,,,TIC 315002523,Gaia DR3 5656896924435896832,F,6071,2.04,1.299,0.70415,0.218,3.936,4.04,-0.02,[Fe/H],-12.5159,,7.48,
HATS-27,2.103814,HATS-27,,,TIC 248111245,Gaia DR3 6134228079203074176,F,6438,1.74,1.415,0.66932,0.379,4.107,2.3,0.09,[Fe/H],-3.582,,9.32,
HATS-28,2.103815,HATS-28,,,TIC 6663331,Gaia DR3 6661242835829891584,G,5498,0.922,0.929,-0.15739,1.67,4.476,6.2,0.01,[Fe/H],-8.6505,,2.6,
HATS-29,2.103816,HATS-29,,,TIC 201604954,Gaia DR3 6638230431120193280,G,5670,1.073,1.032,0.02938,1.17,4.389,5.5,0.16,[Fe/H],-19.7193,25.7,2.35,-4.455
HATS-3,2.103697,HATS-3,,,TIC 336732616,Gaia DR3 6805886373600546176,F,6351,1.404,1.209,0.456,0.62,4.22,3.2,-0.157,[Fe/H],,,9.12,
HATS-30,2.103817,HATS-30,,,TIC 281459670,Gaia DR3 4906145613282734208,G,5943,1.061,1.093,0.09691,1.29,4.425,2.3,0.06,[Fe/H],-0.0786,,4.11,
HATS-31,2.103848,HATS-31,,,TIC 9385460,Gaia DR3 3498553232585634816,,6050,1.87,1.275,0.61909,0.275,4,4.3,0,[Fe/H],-8.7045,,7.01,
HATS-32,2.103849,HATS-32,,,TIC 204317710,Gaia DR3 2398227794405981568,,5700,1.097,1.099,0.0569,1.17,4.396,3.5,0.39,[Fe/H],12.423,,3.56,
HATS-33,2.103850,HATS-33,,,TIC 360742636,Gaia DR3 6640975950310072960,,5659,1.022,1.062,-0.01773,1.4,4.445,3,0.29,[Fe/H],11.077,,3.87,
HATS-34,2.103851,HATS-34,,,TIC 355703913,Gaia DR3 4904523077718046720,,5380,0.98,0.955,-0.14026,1.44,4.435,7.7,0.25,[Fe/H],17.7351,,4.07,
HATS-35,2.103852,HATS-35,,,TIC 339522221,Gaia DR3 6441034841743467776,,6300,1.433,1.317,0.46538,0.628,4.244,2.13,0.21,[Fe/H],-14.175,,8.66,
HATS-36,2.249649,HATS-36,,,TIC 119262291,Gaia DR3 6771542097119292928,G0 V,5950,1.1,1.1,0.21484,1.19,4.4,0.62,0.15,[Fe/H],-24.392,,4.98,
HATS-37 A,2.104424,HATS-37,,,TIC 6036597,Gaia DR3 6194574671813047424,,5326,0.877,0.843,-0.25571,0.867238,4.478,11.46,0.051,[Fe/H],6.417,,3.98,
HATS-38,2.104425,HATS-38,,,TIC 168281028,Gaia DR3 5472386851683941376,,5732,1.105,0.89,0.07151,1.387977,4.301,11.89,-0.102,[Fe/H],4.144,,3.1,
HATS-39,2.103906,HATS-39,,,TIC 112604564,Gaia DR3 5605481703444311040,,6572,1.621,1.379,0.64048,0.457,4.158,2.06,0,[Fe/H],2.9162,,7.75,
HATS-4,2.103740,HATS-4,,,TIC 59843967,Gaia DR3 2937583121652951936,G,5403,0.925,1.001,-0.187,1.352154,4.51,2.1,0.43,[Fe/H],27.30696,,0.7,
HATS-40,2.103907,HATS-40,,,TIC 172598832,Gaia DR3 2894378838731535872,,6460,2.26,1.561,0.90309,0.189,3.921,2.07,0.01,[Fe/H],9.194,,9.52,
HATS-41,2.103908,HATS-41,,,TIC 53750200,Gaia DR3 2919151080524391552,,6424,1.71,1.496,0.65321,0.42,4.14,1.34,0.47,[Fe/H],37.25,,19.21,
HATS-42,2.103909,HATS-42,,,TIC 98283926,Gaia DR3 5603100779728361088,,6060,1.48,1.273,0.42488,0.55,4.201,3.26,0.22,[Fe/H],8.163,,6.04,
HATS-43,2.103915,HATS-43,,,TIC 78055054,Gaia DR3 2905983466705521792,,5099,0.812,0.837,-0.39794,2.18,4.539,8.6,0.05,[Fe/H],22.0775,,1.11,
HATS-44,2.103916,HATS-44,,,TIC 32499655,Gaia DR3 2907577758566408960,,5080,0.847,0.86,-0.39794,1.98,4.514,9.7,0.32,[Fe/H],44.082,,0.5,
HATS-45,2.103917,HATS-45,,,TIC 4616072,Gaia DR3 2926039005480063616,,6450,1.315,1.272,0.42488,0.79,4.305,1.52,0.02,[Fe/H],19.423,,9.9,
HATS-46,2.103918,HATS-46,,,TIC 281541555,Gaia DR3 4919771654727611008,,5495,0.853,0.917,-0.22988,2.1,4.542,3,-0.06,[Fe/H],-30.1927,,0.9,
HATS-47,2.104373,HATS-47,,,TIC 158297421,Gaia DR3 6658373007402886400,,4512,0.6564,0.674,-0.79615,3.36,4.633,8.1,-0.113,[Fe/H],3.197,6.42,2.47,
HATS-48 A,2.104374,HATS-48,,,TIC 201642601,Gaia DR3 6638412919991750912,,4546,0.7152,0.7279,-0.70885,2.804,4.5909,11.97,0.186,[Fe/H],-22.46,,0.73,
HATS-49,2.104376,HATS-49,,,TIC 281541545,Gaia DR3 4919770108539385472,,4405,0.6977,0.7133,-0.78489,2.961,4.6036,10.5,0.208,[Fe/H],8.1,,0.5,
HATS-5,2.103737,HATS-5,,,TIC 139733308,Gaia DR3 4899428146994060800,G,5304,0.871,0.936,-0.268,1.890704,4.53,3.6,0.19,[Fe/H],5.64871,,0.8,
HATS-50,2.103894,HATS-50,,,TIC 301031110,Gaia DR3 6850309426503755520,,5990,1.117,1.168,0.14301,1.19,4.411,1.2,,,-20.25,,3.76,
HATS-51,2.103895,HATS-51,,,TIC 53458803,Gaia DR3 5608644895310998272,,5758,1.44,1.187,0.30963,0.56,4.198,4.74,,,3.093,,3.98,
HATS-52,2.103896,HATS-52,,,TIC 19684256,Gaia DR3 5631530950664938240,,6010,1.046,1.111,0.06819,1.37,4.445,1.2,-0.2843,[M/H],13.456,,4.59,
HATS-53,2.103897,HATS-53,,,TIC 157266693,Gaia DR3 3465357945752055040,,5644,1.101,0.964,0.04532,1.027,4.34,9,,,71.9495,,2.5,
HATS-54,2.104003,HATS-54,,,TIC 363851359,Gaia DR3 6087996849371141248,G6 V,5621,1.23,1.05,0.11461,0.795,4.2,7.96,0.37,[Fe/H],46.128,,2.5,
HATS-55,2.104004,HATS-55,,,TIC 114299824,Gaia DR3 5592019557950033536,,6214,1.126,1.1955,0.22891,1.179,4.4121,0.4,0.108,[Fe/H],-2.9199,,5.01,
HATS-56,2.104006,HATS-56,,,TIC 272213425,Gaia DR3 6144125887169672064,,6536,2.201,1.573,0.89763,0.2079,3.949,1.894,0.19,[Fe/H],35.148,,6.49,
HATS-57,2.104007,HATS-57,,,TIC 178289267,Gaia DR3 5094406193214399616,,5587,0.96,1.026,-0.0942,1.633,4.484,2.5,0.268,[Fe/H],0.5444,12.71,4.09,
HATS-58 A,2.104008,HATS-58,,,TIC 21113347,Gaia DR3 6128363666439822208,,7175,1.433,1.461,0.68931,0.702,4.292,0.31,,,19.29,,6.22,
HATS-59,2.103948,HATS-59,,,TIC 437261733,Gaia DR3 3538256769264276480,,5670,1.036,1.038,-0.00436,1.31,4.422,4.3,0.18,[Fe/H],-10.887,,2.8,
HATS-6,2.103764,HATS-6,,,TIC 33521996,Gaia DR3 2966680597368750720,M1 V,3724,0.57,0.574,-1.09983,4.36,4.683,8.1,0.2,[Fe/H],,,,
HATS-60,2.103953,HATS-60,,,TIC 145750719,Gaia DR3 2596986648798061952,,5688,1.46,1.097,0.30016,0.496,4.148,7.55,0.335,[Fe/H],28.3799,,3.84,
HATS-61,2.103954,HATS-61,,,TIC 44745133,Gaia DR3 4890849134501995392,,5542,1.664,1.076,0.36922,0.33,4.028,8.9,0.247,[Fe/H],54.079,,3.52,
HATS-62,2.103955,HATS-62,,,TIC 336732544,Gaia DR3 6806639397331208320,,5416,0.933,0.896,-0.17328,1.556,4.451,9.55,0.133,[Fe/H],-10.489,,0.5,
HATS-63,2.103957,HATS-63,,,TIC 178879588,Gaia DR3 4891362198412001408,,5627,1.07,0.931,0.01199,1.071,4.349,10.3,0.081,[Fe/H],-4.171,,1.77,
HATS-64,2.103958,HATS-64,,,TIC 189625051,Gaia DR3 5632704511826797824,,6554,2.113,1.564,0.86747,0.234,3.982,1.861,0.22,[Fe/H],7.358,,12.65,
HATS-65,2.103959,HATS-65,,,TIC 169504920,Gaia DR3 6766134630213144704,,6277,1.31,1.257,0.37658,0.788,4.303,1.78,0.199,[Fe/H],-12.318,,7.83,
HATS-66,2.103961,HATS-66,,,TIC 52689469,Gaia DR3 5582647836223843840,,6626,1.841,1.411,0.76716,0.318,4.057,2.17,-0.017,[Fe/H],39.938,,12.86,
HATS-67,2.103962,HATS-67,,,TIC 272212970,Gaia DR3 6144060260072337024,,6594,1.441,1.435,0.54654,0.677,4.278,0.51,0.332,[Fe/H],-23.368,,5.19,
HATS-68,2.103963,HATS-68,,,TIC 322307342,Gaia DR3 4904279261014267648,,6147,1.748,1.351,0.59218,0.356,4.083,3.02,0.21,[Fe/H],11.8946,,7.42,
HATS-69,2.103965,HATS-69,,,TIC 467971286,Gaia DR3 6445881974332225536,,5137,0.8785,0.892,-0.31758,1.854,4.501,8,0.377,[Fe/H],4.087,,2.55,
HATS-7,2.103919,HATS-7,,,TIC 220029715,Gaia DR3 6288858347945925504,K2,4985,0.815,0.849,-0.43415,2.22,4.545,7.8,0.25,[Fe/H],9.435,,0.5,
HATS-70,2.103967,HATS-70,,,TIC 98545929,Gaia DR3 5605119586158973440,,7930,1.881,1.78,1.07918,0.314593,4.167,0.81,0.041,[Fe/H],35.74,,40.61,
HATS-71,2.104435,HATS-71,,,TIC 234523599,Gaia DR3 4710594412266148352,M3 V,3405,0.4783,0.4861,-1.55988,6.26,4.7653,3.2,0.17,[Fe/H],,41.72,,
HATS-72,2.104377,HATS-72,,,TIC 188570092,Gaia DR3 2594869603582993792,,4656.1,0.7214,0.7311,-0.65896,2.743,4.5853,12.17,0.099,[Fe/H],15.9548,48.725,0.8,
HATS-74 A,2.573001,HATS-74,,,TIC 219189765,Gaia DR3 3545653561942122368,,3776.9,0.5758,0.601,-1.2161,4.43,4.696,11,0.514,[Fe/H],15.85,4.74542,,
HATS-75,2.573003,HATS-75,,,TIC 44737596,Gaia DR3 5082914338199586560,,3790.4,0.5848,0.6017,-1.19661,4.239,4.6831,14.9,0.522,[Fe/H],39.9977,35.0435,,
HATS-76,2.573004,HATS-76,,,TIC 170849515,Gaia DR3 4877426575724467456,,4016,0.6259,0.662,-1.0381,3.8,4.665,4.6,0.322,[Fe/H],8.597,15.16063,,
HATS-77,2.573005,HATS-77,,,TIC 11561667,Gaia DR3 5466556141521710592,,4071,0.6428,0.655,-0.99183,3.48,4.638,12.1,0.253,[Fe/H],-7.758,,,
HATS-8,2.103773,HATS-8,,,TIC 96847781,Gaia DR3 6767008363999712512,,5679,1.086,1.056,-0.0252,1.15,4.386,5.1,0.21,[Fe/H],19.958,,2,
HATS-9,2.103767,HATS-9,,,TIC 12611594,Gaia DR3 4083159643769233408,,5599,1.56,1.1,0.3118,0.451,4.1,10.8,0.38,[Fe/H],-10.644,,4.58,
HD 100508,2.580241,HD 100508,HD 100508,HIP 56363,TIC 280859200,Gaia DR3 5236623864770649600,K1 IV,5419,1.0179,0.94,-0.0942,1.25654,4.39,,0.33,[Fe/H],,,,
HD 100546,2.56436,HD 100546,HD 100546,HIP 56379,TIC 280773136,Gaia DR3 5233604915060520576,B9 Vne,10500,1.85288,2.4,1.5,0.589534,4.32726,0.0055,,,,,,
HD 100655,2.56444,HD 100655,HD 100655,HIP 56508,TIC 156942082,Gaia DR3 3979226627820659072,G9 III,4891,10.06,2.28,1.63347,,2.79,1.309,0.07,[Fe/H],-4.85442,,1.6,
HD 100777,2.56449,HD 100777,HD 100777,HIP 56572,TIC 49427341,Gaia DR3 3786035184916139136,G8 V,5533,1.04,1.08,0.02119,1.15933,4.32,5.7,-0.27,[Fe/H],1.24922,,1.8,-5.09
HD 10180,2.54313,HD 10180,HD 10180,HIP 7599,TIC 231836962,Gaia DR3 4716158250340258944,G1 V,5911,1.109,1.06,0.17319,0.922125,4.39,4.3,0.08,[Fe/H],35.52981,,3,-5.04
HD 101930,2.56482,HD 101930,HD 101930,HIP 57172,TIC 267399515,Gaia DR3 5341787994441794176,K1 V,5108,0.86,0.57,-0.3098,1.80149,4.33,1,0.15,[Fe/H],18.36209,,0.7,
HD 102117,2.56486,HD 102117,HD 102117,HIP 57291,TIC 267519701,Gaia DR3 5341673851394297600,G6 V,5655,1.23,1.06,0.15737,0.741306,4.29,10,0.28,[Fe/H],49.64225,,0.88,
HD 102195,2.56491,HD 102195,HD 102195,HIP 57370,TIC 397024052,Gaia DR3 3799626935341796096,K0 V,5301,0.82,0.76,-0.33442,2.160488,4.49,2.4,0.04,[Fe/H],2.132,12.3,3.23,
HD 102272,2.56494,HD 102272,HD 102272,HIP 57428,TIC 82605074,Gaia DR3 3923915248709126144,K0,4790,10.3,1.45,1.66167,,2.58,,-0.41,[Fe/H],-11.39675,,3,
HD 102329,2.56500,HD 102329,HD 102329,HIP 57467,TIC 325254372,Gaia DR3 3895948101012579456,K0 III,4830,6.3,1.3,1.29226,,3,1.6,0.3,[Fe/H],14.88481,,2.6,
HD 102329,2.56500,HD 102329,HD 102329,HIP 57467,TIC 325254372,Gaia DR3 3895948101012579456,K0 III,4745,9.82,3.21,1.29226,,2.96,1.6,0.05,[Fe/H],14.88481,,2.6,
HD 102843,2.56517,HD 102843,HD 102843,HIP 57735,TIC 78290210,Gaia DR3 3794501355731126016,K0 V,5436,0.961488,0.95,-0.13814,1.556787,4.45935,,0.16,[M/H],21.704,,,
HD 102888,2.579973,HD 102888,HD 102888,HIP 57749,TIC 397394991,Gaia DR3 3487277912642549248,G8 III,4990,8.6,2.42,1.61584,,2.87,,0.07,[Fe/H],,,,
HD 102956,2.56521,HD 102956,HD 102956,HIP 57820,TIC 137810576,Gaia DR3 845335158256083584,G5,4985,4.55,1.66,1.06446,,3.38,2.3,0.19,[Fe/H],-25.95456,,,
HD 103197,2.56525,HD 103197,HD 103197,HIP 57931,TIC 400806831,Gaia DR3 5370827127297364480,K1 V(P),5250,0.88,0.8,-0.3279,1.742475,4.45,9.1,0.22,[Fe/H],-4.55387,,,
HD 103720,2.56539,HD 103720,HD 103720,HIP 58237,TIC 96195878,Gaia DR3 3601912720075891968,K3 V,5017,0.73,0.794,-0.45834,2.468112,4.43,3.8,-0.02,[Fe/H],-6.5,,0.42,
HD 103774,2.56540,HD 103774,HD 103774,HIP 58263,TIC 180205814,Gaia DR3 3574907305749250432,F5 V,6489,1.581047,1.335,0.544,0.614182,4.26,1.05,0.28,[Fe/H],-3.049,,8.1,
HD 103891,2.573070,HD 103891,HD 103891,HIP 58331,TIC 183648073,Gaia DR3 3594183153334105216,F9,6072,2.22,1.28,0.78604,0.130287,3.79,3.68,-0.19,[Fe/H],,,2.8,-5.2
HD 103949,2.56546,HD 103949,HD 103949,HIP 58374,TIC 428657118,Gaia DR3 3492633633781166336,K3 V,4792,0.753113,0.77,-0.56946,2.704498,4.59071,,-0.07,[M/H],-10.28226,,,
HD 104067,2.56551,HD 104067,HD 104067,HIP 58451,TIC 428673146,Gaia DR3 3494677900774838144,K2V,4952,0.78,0.82,-0.51256,2.626182,4.56,4.33,0.11,[Fe/H],15.1243,18.3,2.32,
HD 10442,2.103394,HD 10442,HD 10442,,TIC 380908091,Gaia DR3 2560311854337920000,K0 IV,4912,1.97,1.01,0.31,,3.19,10.65,0.11,[Fe/H],7.94282,,,
HD 104985,2.56579,HD 104985,HD 104985,HIP 58952,TIC 160224839,Gaia DR3 1693159194226600192,G9 III,4738,11.12,1.22,1.76989,,2.42,,-0.32,[Fe/H],-20.19671,,,
HD 105618,2.578120,HD 105618,HD 105618,,TIC 397519199,Gaia DR3 3906803888551408000,,5671,1.27399,1.01,0.17967,0.688632,4.23206,,,,,,,
HD 105779,2.573071,HD 105779,HD 105779,,TIC 347713631,Gaia DR3 3567602184853029760,G2,5792,0.94,0.89,-0.10791,1.718437,4.36,7.54,-0.25,[Fe/H],,,2,-4.94
HD 106252,2.56619,HD 106252,HD 106252,HIP 59610,TIC 397558558,Gaia DR3 3905603054348141440,G0,5874,1.05,1.05,0.1232,1.069803,4.36,3,-0.06,[Fe/H],15.4,,1.9,-4.85
HD 106270,2.56622,HD 106270,HD 106270,HIP 59625,TIC 176910071,Gaia DR3 3581292685166588672,G5 IV,5509,2.66,1.39,0.75587,,3.72,4.3,0.06,[Fe/H],24.45445,,3.13,
HD 106315,2.72986,HD 106315,HD 106315,,TIC 56815340,Gaia DR3 3698307419878650240,F5 V,6327,1.296,1.091,0.39454,0.977063,4.252,4.48,-0.311,[Fe/H],-3.34,,12.71,
HD 10647,2.54321,HD 10647,HD 10647,HIP 7978,TIC 229137615,Gaia DR3 4912580642524184960,F9 V,6218,1.1,1.11,0.149,1.251696,4.62,1.4,0,[Fe/H],27.6782,,4.9,
HD 106515 A,2.56633,HD 106515,HD 106515 A,HIP 59743 A,TIC 176940023,Gaia DR3 3584074376569429248,G5 V,5362,0.91,0.89,-0.16368,1.66,4.41,8.2,0.03,[Fe/H],20.8095,,1,-5.1
HD 106906,2.56649,HD 106906,HD 106906,HIP 59960,TIC 390472975,Gaia DR3 6072902994276659200,F5 V,6516,2.12351,1.5,0.75,0.194345,3.90453,0.013,0.04,[Fe/H],11.1,,49.12,
HD 10697,2.54329,HD 10697,HD 10697,HIP 8159,TIC 456905162,Gaia DR3 95652018353917056,G3 V,5641,1.863076,0.99,0.47665,0.224386,3.957761,6.98,0.17,[Fe/H],-46.6,,2.5,-5.08
HD 107148,2.56658,HD 107148,HD 107148,HIP 60081,TIC 66666079,Gaia DR3 3693358861640279296,G5 V,5752.92,1.169193,1.105215,0.12081,0.931548,4.345025,5.6,0.2964,[Fe/H],25.12867,,0.73,-5.03
HD 107148,2.56658,HD 107148,HD 107148,HIP 60081,TIC 66666079,Gaia DR3 3693358861640279296,G5 V,5797,1.169193,1.12,0.12081,0.931548,4.446,5.6,0.314,[Fe/H],25.12867,,0.73,-5.03
HD 108147,2.56695,HD 108147,HD 108147,HIP 60644,TIC 450491293,Gaia DR3 6053512007260865280,F8 V CH+0.4,6255.73,1.20664,1.22,0.30297,0.97901,4.36127,3.2,0.1803,[M/H],5.026,,5.3,-4.78
HD 108202,2.579076,HD 108202,HD 108202,HIP 60648,TIC 94924490,Gaia DR3 3694842171545206656,K4/5 V,4556.03,0.66355,0.74,-0.76721,3.474376,4.65165,6.5,0.3048,[M/H],,,,-4.5
HD 108236,2.56698,HD 108236,HD 108236,HIP 60689,TIC 260647166,Gaia DR3 6125644402384918784,G3 V,5660,0.877,0.869,-0.14997,1.82,4.49,6.7,-0.28,[Fe/H],16.3,,4.7,
HD 108341,2.56710,HD 108341,HD 108341,HIP 60788,TIC 286896213,Gaia DR3 5842782219960409728,K2 V,5122,0.79,0.843,-0.37001,2.566871,4.45,4.9,0.04,[Fe/H],56.7,,2,
HD 108863,2.56728,HD 108863,HD 108863,HIP 61020,TIC 371621400,Gaia DR3 3952692457305436800,K0,4878,5.74,1.59,1.22531,,3.07,1.8,0.2,[Fe/H],-27.85119,,1.06,
HD 108874,2.56729,HD 108874,HD 108874,HIP 61028,TIC 371621238,Gaia DR3 3958951942642583936,G5,5551,1.05,0.95,-0.00072,1.063705,4.44,8,0.19,[Fe/H],-30.7,,2.2,-5.08
HD 108874,2.56729,HD 108874,HD 108874,HIP 61028,TIC 371621238,Gaia DR3 3958951942642583936,G5,5600,1.05,1.1,-0.00072,1.063705,4.44,8,0.26,[Fe/H],-30.7,,2.2,-5.08
HD 109246,2.56747,HD 109246,HD 109246,HIP 61177,TIC 154549250,Gaia DR3 1692267077979468544,G0 V,5844,1.07,1.2,0.10028,1.099177,4.46,,0.1,[Fe/H],-19.464,,3,
HD 109271,2.56753,HD 109271,HD 109271,HIP 61300,TIC 429301734,Gaia DR3 3578137842709899648,G5 V,5783,1.294595,1.047,0.301,0.743792,4.28,7.3,0.1,[Fe/H],-4.903,,2.7,
HD 109286,2.572951,HD 109286,HD 109286,HIP 61298,TIC 399087153,Gaia DR3 3902370696320119296,G4 V,5694,1.089,0.98,-0.08393,1.703141,4.44,,0.05,[Fe/H],,,3.8,
HD 109749,2.56775,HD 109749,HD 109749,HIP 61595 A,TIC 144289338,Gaia DR3 6147000074988843264,G3 V,5824,1.22,1.13,0.19,0.67348,4.31,3.3,0.24,[Fe/H],-13.20173,,2,
HD 10975,2.573010,HD 10975,HD 10975,,TIC 28763463,Gaia DR3 343449606741529728,K0 III,4840,11.16,1.41,1.78986,,2.48,,-0.21,[Fe/H],,,1.69,
HD 109833,2.573861,HD 109833,HD 109833,HIP 61723,TIC 360630575,Gaia DR3 5838450865699668736,,5881,1,1.08,0.07188,1.522612,4.45,0.027,-0.07,[M/H],,5.111,10.5,
HD 109988,2.578121,HD 109988,HD 109988,,TIC 389315309,Gaia DR3 6160221740968692992,,5185.97,0.869694,0.88,-0.30725,1.886023,4.50382,,0.14,[M/H],,,,
HD 110014,2.56786,HD 110014,HD 110014,HIP 61740,TIC 32448045,Gaia DR3 3676091134604409728,K2 III,4445,20.9,2.17,2.30408,,2.1,0.95,0.19,[Fe/H],-18.62,,2,
HD 110067,2.574485,HD 110067,HD 110067,,TIC 347332255,Gaia DR3 3948424496764080640,K0.0 V,5266,0.788,0.798,-0.36224,2.677866,4.54,8.1,-0.2,[Fe/H],,,2.5,
HD 110082,2.56836,HD 110082,HD 110082,HIP 62662,TIC 383390264,Gaia DR3 5765748511163751936,F8 V,6200,1.19,1.21,0.28103,1,4.2,0.25,0.08,[Fe/H],3.63,2.34,25.3,
HD 110113,2.56790,HD 110113,HD 110113,HIP 61820,TIC 73228647,Gaia DR3 6133384959942131968,G,5732,0.968,0.997,-0.03235,1.511869,4.46,4,0.14,[Fe/H],17.13053,20.8,1.74,
HD 110537,2.56804,HIP 62039,HD 110537,HIP 62039,TIC 51739133,Gaia DR3 3681795018676501120,G6/8 V,5718,1.16626,1.02,0.11726,0.906532,4.31308,,0.09,[M/H],35,,1.8,-5.05
HD 11112,2.578122,HD 11112,HD 11112,,TIC 115319029,Gaia DR3 4959271163279358208,,5905.64,1.47368,1.07,0.37657,0.471343,4.13064,,0.1869,[M/H],,,,
HD 111232,2.56828,HD 111232,HD 111232,HIP 62534,TIC 329649885,Gaia DR3 5855730584310531200,G8 V,5512,0.9,0.96,-0.161,1.716633,4.45,5.2,-0.36,[Fe/H],104.4,,1.2,-4.98
HD 111591,2.56835,HD 111591,HD 111591,HIP 62653,TIC 954124944,Gaia DR3 3955257343054729984,K0 III,4884,8.03,1.94,1.58058,,3.1,1.41,0.07,[Fe/H],5.67,,3.1,
HD 111998,2.56843,HD 111998,HD 111998,HIP 62875,TIC 53304943,Gaia DR3 3679242575447826432,F6 V,6557,1.45,1.4,0.51231,0.664805,4.19,1.7,0.07,[Fe/H],-7.29648,,20,-4.58
HD 112300,2.578978,HD 112300,HD 112300,HIP 63090,TIC 411188061,Gaia DR3 3704342295607157120,M1 III,3657,65.8,1.4,2.70121,,0.8,,-0.06,[Fe/H],,4200,8.1,
HD 112570,2.579266,HD 112570,HD 112570,HIP 63211,TIC 137004295,Gaia DR3 1530780980576364032,K0 III,4750,9.85,1.15,1.6466,,2.51,5.45,-0.4,[Fe/H],,,,
HD 112640,2.56852,HD 112640,HD 112640,HIP 63203,TIC 459217467,Gaia DR3 1679187115856566528,K0 III,4155,39,1.8,2.45255,,1.7,1.6,-0.09,[Fe/H],-12.3561,545,3.6,
HD 113337,2.56863,HD 113337,HD 113337,HIP 63584,TIC 142350121,Gaia DR3 1676282377934772608,F6 V,6774,1.5,1.41,0.63246,0.565188,4.21,0.15,0.07,[M/H],-15.69824,3,6.3,
HD 113538,2.56871,HD 113538,HD 113538,HIP 63833,TIC 422214062,Gaia DR3 6080301367488384896,K9 V,4462,0.53,0.585,-1.04576,1.970359,3.79,4.3,-0.24,[Fe/H],39.2,,2,
HD 113996,2.56878,HD 113996,HD 113996,HIP 64022,TIC 328997091,Gaia DR3 1460876573902483328,K5 III,4181,25.11,1.49,2.46389,,1.86,3.24,0.13,[Fe/H],-15.72,,3.3,
HD 114082,2.578325,HD 114082,HD 114082,HIP 64184,TIC 441546821,Gaia DR3 6055854551117476480,F3 V,6651,1.49,1.47,0.5832,0.584958,4.19,0.015,0,[Fe/H],,1.924,39.2,
HD 114386,2.56887,HD 114386,HD 114386,HIP 64295,TIC 124306858,Gaia DR3 6166971574132849792,K3 VC,4895,0.76,0.8,-0.54,2.446232,4.28,1.4,-0.1,[Fe/H],33.19683,,1,
HD 114386,2.56887,HD 114386,HD 114386,HIP 64295,TIC 124306858,Gaia DR3 6166971574132849792,K3 VC,4836,0.76,0.6,-0.54,2.446232,4.45,1.4,-0.05,[Fe/H],33.19683,,1,
HD 114729,2.56899,HD 114729,HD 114729,HIP 64459,TIC 124401411,Gaia DR3 6180035765135232128,G0 V,5844,1.473,0.936,0.42095,0.374829,4.046,10.116,-0.33,[Fe/H],65.09254,34,2.29,-5.05
HD 114783,2.56898,HD 114783,HD 114783,HIP 64457,TIC 292113181,Gaia DR3 3684934540986187776,K1 V,5135,0.840622,0.9,-0.3725,2.025864,4.525599,6,0.21,[Fe/H],-12.10684,,2,-4.97
HD 114783,2.56898,HD 114783,HD 114783,HIP 64457,TIC 292113181,Gaia DR3 3684934540986187776,K0,5135,0.840622,0.853,-0.3725,2.025864,4.525599,6,0.21,[Fe/H],-12.10684,,0.9,-4.97
HD 11505,2.578123,HD 11505,HD 11505,,TIC 328159699,Gaia DR3 2505825177666430592,,5757.15,1.19568,1.03,0.15075,0.849492,4.29568,,-0.2203,[M/H],,,,
HD 11506,2.54347,HD 11506,HD 11506,HIP 8770,TIC 266680498,Gaia DR3 5137855525488932864,G0 V,6123,1.24,1.22,0.33685,0.641299,4.39,2.5,0.3,[Fe/H],-7.53,15,5.5,-5.06
HD 115404 A,2.56918,HIP 64797 A,HD 115404 A,HIP 64797 A,TIC 373765355,Gaia DR3 3936909723803146368,K2V,5019.17,0.727007,0.83,-0.5197,3.045281,4.63407,,-0.1568,[M/H],,19,,
HD 115954,2.572952,HD 115954,HD 115954,HIP 65042,TIC 180655149,Gaia DR3 1476407794120339328,G0 V,5957,1.213,1.18,0.4809,0.301606,4.15,,0.34,[Fe/H],,,5.3,
HD 116029,2.56949,HD 116029,HD 116029,HIP 65117,TIC 305837711,Gaia DR3 1446584503287858560,K0,4951,4.6,1.33,1.05308,,3.4,2.7,0.18,[Fe/H],-6.41961,,0.46,
HD 116029,2.56949,HD 116029,HD 116029,HIP 65117,TIC 305837711,Gaia DR3 1446584503287858560,K0,4819,4.89,0.83,1.05308,,2.98,2.7,0.09,[Fe/H],-6.41961,,0.46,
HD 117207,2.57010,HD 117207,HD 117207,HIP 65808,TIC 405501056,Gaia DR3 6166183842771027328,G7 IV-V,5732,1.074,1.053,0.06566,0.945678,4.371,4.192,0.19,[Fe/H],-17.9,39,1.05,-5.06
HD 11755,2.54357,HD 11755,HD 11755,HIP 9242,TIC 137121812,Gaia DR3 558504529130235136,G5,4312,20.58,0.72,2.16933,,1.67,10.2,-0.74,[Fe/H],-86.71912,,2.3,
HD 117618,2.57031,HD 117618,HD 117618,HIP 66047,TIC 243194645,Gaia DR3 6083860761505899904,G2 V,5990,1.2,1.077,0.21304,0.933435,4.41,5.6,0.0283,[M/H],1.28103,,3.2,
HD 118203,2.57044,HD 118203,HD 118203,HIP 66192,TIC 286923464,Gaia DR3 1560420854826284928,K0 IV,5742,2.04,1.27,0.6458,0.196,3.92,4.73,0.287,[Fe/H],-29.3643,23.1,5.89,
HD 11964,2.54355,HD 11964,HD 11964,HIP 9094,TIC 24978373,Gaia DR3 2462426800883134336,G9 V CN+1,5303,2.00971,0.91,0.45905,0.158056,3.79084,7.45,0.1,[M/H],-9.31811,,2.74,-5.16
HD 11977,2.54351,HD 11977,HD 11977,HIP 8928,TIC 232074535,Gaia DR3 4697508196671120000,G8 III/IV,4970,10.09,1.91,1.83858,,2.9,1.2,-0.21,[Fe/H],-18.01,,2.4,
HD 120084,2.57106,HD 120084,HD 120084,HIP 66903,TIC 284181945,Gaia DR3 1715055487257379968,G7 III,4879,10.37,2.16,1.73783,,2.74,1.02,0.1,[Fe/H],-8.79786,,2.44,
HD 121504,2.57208,HD 121504,HD 121504,HIP 68162,TIC 208844024,Gaia DR3 5872266689455300608,G2 V,6027,1.07,1.62,0.19,1.215554,4.59,1.2,0.15,[Fe/H],19.3,,2.6,
HD 12235,2.578154,HD 12235,HD 12235,,TIC 422679659,Gaia DR3 2511794495013074048,,5986,1.80185,1.1,0.57468,0.265095,3.96802,,0.31,[M/H],,,,
HD 122562,2.578124,HD 122562,HD 122562,,TIC 233435627,Gaia DR3 1247279294695975168,,4956,2.16627,1.241,0.407,,,,,,,,,
HD 124330,2.572921,HD 124330,HD 124330,,TIC 441692540,Gaia DR3 1609157502297291008,G4 IV,5873,1.30446,1.15,0.33766,0.73677,4.24,,0.22,[Fe/H],-30.687,,3.2,
HD 12484,2.54360,HD 12484,HD 12484,HIP 9519,TIC 419940916,Gaia DR3 2517585931994600448,F8,5920,1.001848,1.01,0.02217,1.468884,4.65,,0.05,[Fe/H],4.96,,8.2,
HD 125271,2.578125,HD 125271,HD 125271,,TIC 421255607,Gaia DR3 5772625505422769024,,4703.93,0.751364,0.75,-0.60376,2.492742,4.56143,,-0.22,[M/H],,,,
HD 125390,2.57255,HD 125390,HD 125390,HIP 69888,TIC 27354139,Gaia DR3 1484890423248544256,G7 III,4882,6.47,1.82,1.12354,,3.04,,-0.11,[Fe/H],-76.51899,,,
HD 125595,2.57262,HD 125595,HD 125595,HIP 70170,TIC 180030300,Gaia DR3 6104435819513399168,K4 V,4691,0.74,0.29,-0.61738,2.516892,4.17,3.53,0.08,[Fe/H],4.48167,40.1,1.5,
HD 125612,2.57261,HD 125612,HD 125612,HIP 70123,TIC 347909637,Gaia DR3 6296703260330865536,G3 V,5900,1.07,1.05,0.06,1.017477,4.45,1.77,0.23,[Fe/H],-18.4,10.5,2.1,
HD 12648,2.54402,HD 12648,HD 12648,HIP 10800,TIC 397288169,Gaia DR3 574577774218025600,G5,4835,11.02,0.67,1.75277,,2.18,4.5,-0.57,[Fe/H],-12.29921,,4.8,
HD 126525,2.57272,HD 126525,HD 126525,HIP 70695,TIC 333459486,Gaia DR3 5898641087150340224,G4 V,5638,0.979,0.897,-0.0403,1.417214,4.382,9.67,-0.1,[Fe/H],12.5,40,3,-4.93
HD 12661,2.54362,HD 12661,HD 12661,HIP 9683,TIC 118268680,Gaia DR3 105332908999068032,K0,5748,1.11,1.02,0.063,0.78842,4.316128,6.39,0.36,[Fe/H],-47.37504,,1.3,-5.08
HD 12661,2.54362,HD 12661,HD 12661,HIP 9683,TIC 118268680,Gaia DR3 105332908999068032,K0,5645,1.2,1.2,0.1327,0.78842,4.36,6.39,0.36,[Fe/H],-47.37504,,1.3,-5.08
HD 126614,2.57271,HD 126614,HD 126614,HIP 70623,TIC 287973473,Gaia DR3 3641697998570813952,G8 IV,5568,1.369794,0.96,0.08279,0.558422,4.174243,7.2,0.56,[Fe/H],-32.5,,1.5,-5.14
HD 127506,2.57280,HIP 70950,HD 127506,HIP 70950,TIC 286992966,Gaia DR3 1480314599451475712,K3V,4595.32,0.735766,0.73,-0.66256,2.583859,4.56791,,-0.08,[M/H],-19.2,,3,
HD 128311,2.57291,HD 128311,HD 128311,HIP 71395,TIC 349606708,Gaia DR3 1176209886733406592,K0,4965,0.76,0.828,-0.5116,2.609236,4.61,0.96,0.08,[Fe/H],-9.61658,,3.65,
HD 128356,2.57292,HD 128356,HD 128356,HIP 71481,TIC 1056530200,Gaia DR3 6223838830917236224,K3 V,4875,0.85,0.65,-0.4437,1.732479,4.52,10,0.17,[Fe/H],,,1.3,
HD 128717,2.580153,HD 128717,HD 128717,HIP 71425,TIC 298163592,Gaia DR3 1610837178107032192,,6210,1.248,1.212,0.322,0.879,4.329,1.4,0.16,[Fe/H],,,6.1,-4.948
HD 129445,2.57309,HD 129445,HD 129445,HIP 72203,TIC 258186667,Gaia DR3 5800013451037514496,G6 V,5646,1.175816,0.99,0.08968,0.903687,4.28,,0.25,[Fe/H],7.5,,3,
HD 130322,2.57312,HD 130322,HD 130322,HIP 72339,TIC 189694184,Gaia DR3 3650718804281798912,K0 V,5387,0.85,0.92,-0.23544,1.957953,4.52,0.35,-0.02,[Fe/H],-12.504,,0.5,-4.78
HD 131496,2.57324,HD 131496,HD 131496,HIP 72845,TIC 267365022,Gaia DR3 1236429004715336576,K0,4846,4.44,1.34,0.99123,,3.18,2.7,0.25,[Fe/H],1.36065,,0.48,
HD 13167,2.54370,HD 13167,HD 13167,HIP 9960,TIC 72638232,Gaia DR3 5121479777262042112,G3 V,5671,2.39,1.35,0.96025,0.044956,3.72,,0.19,[M/H],16.15977,,,
HD 13189,2.54374,HD 13189,HD 13189,HIP 10085,TIC 63564248,Gaia DR3 325494788018024576,K2,4175,38.41,2.24,2.63638,,1.62,,-0.37,[Fe/H],25.99989,,,
HD 132406,2.57335,HD 132406,HD 132406,HIP 73146,TIC 309808219,Gaia DR3 1594127865540229888,G0 V,5766,1.34,0.973,0.25996,0.583873,4.19,7.187,0.1293,[M/H],-37.79668,,,
HD 132563,2.57343,HD 132563,HD 132563,HIP 73261 A,TIC 284680749,Gaia DR3 1585765117538284800,F8,6289,1.29577,1.231,0.37408,0.797692,4.30327,2.31,-0.06,[Fe/H],,,,
HD 133131 A,2.78574,HD 133131,HD 133131 A,HIP 73674 A,TIC 440955228,Gaia DR3 6224633983987510528,G2 V,5799,0.955014,0.95,-0.01658,1.715702,4.39,9.7,-0.306,[Fe/H],-15.8,,4,
HD 133131 B,2.57352,HD 133131,HD 133131 B,HIP 73674 B,TIC 440955225,Gaia DR3 6224633983987511552,G2 V,5805,0.989538,0.93,-0.0092,1.716097,4.41,9.7,-0.281,[Fe/H],-15.34307,,7,
HD 134060,2.57383,HD 134060,HD 134060,HIP 74273,TIC 454901855,Gaia DR3 5876112300125320448,G3 IV,5966,1.164285,1.095,0.15836,1.015934,4.43,5.6,0.14,[Fe/H],37.4,23,2.6,-4.95
HD 134606,2.57405,HD 134606,HD 134606,HIP 74653,TIC 262457542,Gaia DR3 5798962867668048768,G5IV,5576,1.158,1.046,0.06483,0.95,4.33,7.3,0.343,[Fe/H],2.3,42,1.3,-5.1
HD 134987,2.57396,HD 134987,HD 134987,HIP 74500,TIC 61397572,Gaia DR3 6226694571859532800,G5 V,5736,1.22,1.1,0.25527,0.683202,4.31,8.4,0.28,[Fe/H],5.20598,,2.17,-5.09
HD 134987,2.57396,HD 134987,HD 134987,HIP 74500,TIC 61397572,Gaia DR3 6226694571859532800,G5 V,5585,1.25,1.1,0.25527,0.683202,4.31,8.4,0.28,[Fe/H],5.20598,,2.17,-5.09
HD 135344 A,2.579993,HD 135344,HD 135344 A,,TIC 307606851,Gaia DR3 6199395656645840384,A0 V,9540,1.5,2.32,1.22,0.856038,4.41545,,0.05,[M/H],,,,
HD 135625,2.579077,HD 135625,HD 135625,HIP 74856,TIC 143713715,Gaia DR3 6000000322464144896,G3 IV/V,6040.64,1.35743,1.28,0.34446,0.631293,4.22185,4.4,0.12,[M/H],,,4.5,-4.99
HD 135694,2.573990,HD 135694,HD 135694,HIP 74326,TIC 232540264,Gaia DR3 1696831425624356480,,5712,1.08,1.02,0.03941,1.0333,4.335,9.8,-0.121,[Fe/H],,,,-4.99
HD 135872,2.578126,HD 135872,HD 135872,,TIC 38948719,Gaia DR3 6334990316794611200,,4992,3.93038,1.646,0.937,,,,0.09,[M/H],,,,
HD 136118,2.578127,HD 136118,HD 136118,HIP 74948,TIC 38991680,Gaia DR3 4415515934099120768,F7 V,6097,1.67754,1.18,0.56868,0.352395,4.053,,-0.05,[Fe/H],,,,
HD 136352,2.57435,HD 136352,HD 136352,HIP 75181,TIC 136916387,Gaia DR3 5902750168276592256,G4 V,5664,1.058,0.87,0.0162,1.034813,4.39,12.3,-0.24,[M/H],-69,23.8,1,-4.91
HD 136418,2.57418,HD 136418,HD 136418,HIP 74961,TIC 1101862696,Gaia DR3 1392396172224832896,G5,4989,3.78,1.48,0.83251,,3.45,4,-0.11,[Fe/H],-34.25444,,,
HD 136925,2.572925,HD 136925,HD 136925,HIP 75281,TIC 400015692,Gaia DR3 1170797781264303616,,5773.19,1.193078,0.875104,0.13441,0.92841,4.226014,,-0.2172,[Fe/H],,,,
HD 13724,2.578128,HD 13724,HD 13724,,TIC 7244844,Gaia DR3 4942867480584948352,,5835.31,1.04198,1.004,0.05467,1.308518,4.42354,,0.2169,[M/H],,,,
HD 137388,2.57527,HD 137388,HD 137388,HIP 76351,TIC 407090552,Gaia DR3 5778418870846853888,K2 IV,5181,0.88,0.68,-0.33724,1.71112,4.39,6.45,0.19,[Fe/H],26.00675,,4,
HD 137496,2.402014,HD 137496,HD 137496,,TIC 346250894,Gaia DR3 6258810550587404672,G,5799,1.59,1.04,0.36633,0.259,4.05,8.3,-0.03,[Fe/H],-2.9889,,,
HD 13808,2.54378,HD 13808,HD 13808,HIP 10301,TIC 220022156,Gaia DR3 4743692151804240896,K2 V,5035,0.781,0.771,-0.43455,2.45775,4.57546,7.2,-0.21,[Fe/H],40.89896,38.99,2,
HD 13908,2.54400,HD 13908,HD 13908,HIP 10743,TIC 12906712,Gaia DR3 515574853541230720,F8 V,6255,1.67,1.29,0.602,0.236212,4.11,2.9,0.01,[Fe/H],15.882,,4.2,
HD 13931,2.54392,HD 13931,HD 13931,HIP 10626,TIC 292851928,Gaia DR3 351537889154226816,G0,5867,1.25,1.3,0.1959,0.710125,4.36,8.4,0.05,[Fe/H],30.3,,2,-5.03
HD 139357,2.57519,HD 139357,HD 139357,HIP 76311,TIC 224312054,Gaia DR3 1597757387783227008,K4 III,4700,11.47,2.69,1.82295,,2.9,3.07,-0.13,[Fe/H],-8.03722,,,
HD 1397,2.53959,HD 1397,HD 1397,HIP 1419,TIC 394137592,Gaia DR3 4707634458245031552,G5 III/IV,5521,2.336,1.324,0.65992,0.147,3.823,4.51,0.29,[Fe/H],30.7526,,2,
HD 14067,2.54394,HD 14067,HD 14067,HIP 10657,TIC 246937460,Gaia DR3 101040381244467968,G9 III,4815,12.4,2.4,1.898,,2.61,0.69,-0.1,[Fe/H],-11.53842,,1,
HD 140901,2.57604,HIP 77358,HD 140901,HIP 77358,TIC 179348425,Gaia DR3 6009538585839374336,G7 IV,5610,0.95,1.06,-0.10237,1.554333,4.46,3.2,0.0859,[M/H],-6.9,,2,-4.79
HD 140901,2.57604,HIP 77358,HD 140901,HIP 77358,TIC 179348425,Gaia DR3 6009538585839374336,G7 IV,5610,0.95,0.99,-0.10237,1.554333,4.46,3.2,0.0859,[M/H],-6.9,,2,-4.79
HD 141004,2.57591,HD 141004,HD 141004,HIP 77257,TIC 296740796,Gaia DR3 4430238051199001216,G0Vvar,5885.38,1.389372,1.051904,0.346,0.607374,4.17384,6.32,0.0247,[Fe/H],-66.8,18,3.1,-4.97
HD 141399,2.57596,HD 141399,HD 141399,HIP 77301,TIC 156067565,Gaia DR3 1398218223733415552,K0,5600,1.387236,1.07,0.2014,0.511592,4.28,,0.35,[Fe/H],-21.548,,2.9,-5.17
HD 141937,2.57639,HD 141937,HD 141937,HIP 77740,TIC 437430894,Gaia DR3 6248534171318085376,G1 V,5870,1.03,1.09,0.022,1.237926,4.45,2.32,0.12,[Fe/H],-2.915,13.25,2.1,-4.65
HD 142,2.53931,HD 142,HD 142,HIP 522,TIC 389757979,Gaia DR3 4976894960284258048,F7V,6245,1.47,1.21,0.47418,0.550278,4.62,3.12,0.09,[Fe/H],5.44453,,10.4,
HD 142022 A,2.57732,HD 142022,HD 142022 A,HIP 79242,TIC 290493086,Gaia DR3 5768159705804908800,G9 IV-V,5421,1.04,0.9,0.00432,1.217979,4.35,7,0.19,[Fe/H],-9.798,,1.2,
HD 142245,2.57641,HD 142245,HD 142245,HIP 77783,TIC 172607132,Gaia DR3 1193193836691820032,K0,4922,4.63,3.5,1.13033,,3.65,2.3,0.17,[Fe/H],6.6261,,2.66,
HD 142415,2.57663,HD 142415,HD 142415,HIP 78169,TIC 342041655,Gaia DR3 5833117718964892928,G1 V,5940,1.04,1.07,0.06,1.305243,4.44,1.1,0.13,[Fe/H],-12,,3.3,-4.66
HD 143105,2.57644,HD 143105,HD 143105,HIP 77838,TIC 272783172,Gaia DR3 1646538011423566464,F5,6380,1.647304,1.51,0.55557,0.411335,4.37,,0.15,[Fe/H],15.9418,,9.1,
HD 143361,2.57680,HD 143361,HD 143361,HIP 78521,TIC 255480497,Gaia DR3 5991331601015519104,G6 V,5507,0.916,0.968,-0.09151,1.244573,4.472,2.942,0.14,[Fe/H],-0.27017,42,1.5,-5.01
HD 143811 A,2.580024,HD 143811,HD 143811 A,HIP 78663,TIC 93869857,Gaia DR3 6040105283968486144,,6791,1.68398,1.32,0.64102,0.383796,4.34,0.018,,,,,7.5,
HD 144899,2.578129,HD 144899,HD 144899,,TIC 215687919,Gaia DR3 5984023937500025344,,6126,1.64802,1.16,0.53733,0.365376,4.0686,,,,,,,
HD 145377,2.57743,HD 145377,HD 145377,HIP 79346,TIC 68165288,Gaia DR3 6042491773948918656,G3 V,6014,1.05,1.2,0.19312,1.208616,4.47,1.3,0.11,[Fe/H],11.45436,,5,-4.74
HD 145457,2.57730,HD 145457,HD 145457,HIP 79219,TIC 236339228,Gaia DR3 1315900158983769472,K0,4757,9.9,1.9,1.65514,,2.77,2.605,-0.14,[Fe/H],-3.1494,,,
HD 145934,2.103754,HD 145934,HD 145934,,TIC 119974993,Gaia DR3 4463442512084825728,K0,4823.75,6.930587,2.058,1.35455,,3.011205,1.56,0.0951,[Fe/H],-28.20392,,,
HD 1461,2.53964,HD 1461,HD 1461,HIP 1499,TIC 37748347,Gaia DR3 2430102808294101760,G0 V,5765,1.152288,1.02,0.0954,1.009181,4.38,7.12,0.19,[Fe/H],-10.0596,,1.6,-5.03
HD 147018,2.57831,HD 147018,HD 147018,HIP 80250,TIC 350083732,Gaia DR3 5831054382288870912,G9 V,5441,0.937948,0.927,-0.14757,1.676269,4.42,6.36,0.1,[Fe/H],-27.348,,1.56,
HD 147379,2.57788,HD 147379,HD 147379,HIP 79755,TIC 230073581,Gaia DR3 1642641410934267008,M0.0 V,4090,0.628304,0.58,-1.09691,3.216194,4.609,,0.16,[Fe/H],-19.85536,28.8,2.7,-4.75
HD 147513,2.57838,HD 147513,HD 147513,HIP 80337,TIC 350673608,Gaia DR3 6018047019138644480,G3/5V,5883,0.98,1.11,-0.01,1.657194,4.51,0.3,0.06,[Fe/H],12.6,8.5,1.5,-4.52
HD 14787,2.54410,HD 14787,HD 14787,HIP 11130,TIC 380966347,Gaia DR3 24570756281835392,G5,4946,5.01,1.43,1.11506,,3.23,,0,[M/H],-8.14216,,,
HD 147873,2.57862,HD 147873,HD 147873,HIP 80486,TIC 211080657,Gaia DR3 6024733935303422208,G1 V,5972,2.29,1.38,0.77743,0.113073,3.86,4,0.03,[Fe/H],23.28307,,5.9,-5.24
HD 148156,2.57878,HD 148156,HD 148156,HIP 80680,TIC 225317852,Gaia DR3 5942178414758660864,G0/2 V,6308,1.21,1.22,0.25042,0.730631,4.56,,0.29,[Fe/H],-1.83901,,5.73,-4.91
HD 148164,2.57861,HD 148164,HD 148164,HIP 80484,TIC 323319664,Gaia DR3 4459907547841472128,F8,6032,1.34,1.21,0.33,0.506536,4.1581,2.41,0.24,[Fe/H],-64.63357,,4,
HD 148427,2.57882,HD 148427,HD 148427,HIP 80687,TIC 413853880,Gaia DR3 4330532859324207360,K0 III- IV,5025,3.86,1.64,0.78,,3.48,2.5,0.154,[Fe/H],-34.61522,,2.13,
HD 149026,2.57894,HD 149026,HD 149026,HIP 80838,TIC 255930614,Gaia DR3 1331356474971716992,G0,6179,1.41,1.42,0.48,0.72,4.37,2.6,0.32,[Fe/H],-17.84193,,6,
HD 149143,2.57904,HD 149143,HD 149143,HIP 81022,TIC 281520119,Gaia DR3 4432401099808805888,G0,5856,1.44,1.2,0.35,0.286186,4.25,4.28,0.29,[Fe/H],12.059,,3.9,
HD 149806,2.57921,HIP 81375,HD 149806,HIP 81375,TIC 281738302,Gaia DR3 4383374219923745024,K0V,5352.05,0.89,0.93,-0.2446,1.939625,4.51,8.36,0.2206,[M/H],10.8,,0.9,-4.83
HD 150010,2.573082,HD 150010,HD 150010,,TIC 233008631,Gaia DR3 1654516686269888896,K2 III,4153,16.2,1.3,1.98227,,2.1,4.9,-0.25,[Fe/H],-35.81,,2.2,
HD 1502,2.53967,HD 1502,HD 1502,HIP 1547,TIC 303193565,Gaia DR3 2768172019308167296,K0,4947,4.67,1.46,1.06446,,3.18,2.4,0.09,[Fe/H],-9.80846,,2.7,
HD 150706,2.57898,HD 150706,HD 150706,HIP 80902,TIC 159511543,Gaia DR3 1709456705329541504,G0 V,5961,0.96,1.17,0.03175,1.65625,4.5,3,-0.01,[Fe/H],-17.2094,,3.7,-4.61
HD 151450,2.578130,HD 151450,HD 151450,,TIC 12514017,Gaia DR3 4134094524223600640,,6091.98,1.17184,1.14,0.23147,0.99877,4.35724,,,,,,,
HD 152079,2.57999,HD 152079,HD 152079,HIP 82632,TIC 246835467,Gaia DR3 5939949051801737472,G6 V,5907,1.128,1.147,0.10721,0.891275,4.365,1.622,0.29,[Fe/H],-21.15545,31,1.8,
HD 152581,2.58001,HD 152581,HD 152581,HIP 82651,TIC 353181458,Gaia DR3 4448227641977175296,K0,5027,5.14,1.3,1.17319,,3.29,12,-0.46,[Fe/H],3.9681,,0.5,
HD 152843,2.572924,HD 152843,HD 152843,,TIC 349488688,Gaia DR3 4564566554995619072,G0,6310,1.43,1.15,0.44992,0.551,4.19,3.97,-0.16,[Fe/H],,,8.38,
HD 15337,2.54414,HD 15337,HD 15337,HIP 11433,TIC 120896927,Gaia DR3 5068777809824976256,K1 V,5131,0.855,0.829,-0.32606,1.880708,4.48,9.6,0.03,[Fe/H],-3.7977,36.528,1,
HD 153557,2.58028,HIP 83020 A,HD 153557,HIP 83020 A,TIC 115582979,Gaia DR3 1408029509584967168,K0,4837,0.745171,0.79,-0.56249,2.691683,4.59118,,,,-7.2,,2,
HD 153950,2.58064,HD 153950,HD 153950,HIP 83547,TIC 124165580,Gaia DR3 5965406010180880640,F8 V,6124,1.28,1.25,0.34635,0.617615,4.32,4.3,-0.01,[Fe/H],33.2494,,5,
HD 154088,2.58062,HD 154088,HD 154088,HIP 83541,TIC 20856917,Gaia DR3 6029992663310612096,K0 IV-V,5374,0.95,0.91,-0.13077,1.410996,4.37,8,0.28,[Fe/H],14.9,,1.9,-5.05
HD 154345,2.58052,HD 154345,HD 154345,HIP 83389,TIC 198562505,Gaia DR3 1359938520253565952,G8,5468,0.85,0.89,-0.21934,2.03569,4.505283,9.527,-0.105,[Fe/H],-47.3,,1.2,-4.91
HD 154391,2.579267,HD 154391,HD 154391,HIP 83289,TIC 424731682,Gaia DR3 1438038102484626048,K1 III,4909,8.56,2.07,1.58115,,2.89,1.1,0.1,[Fe/H],,,,
HD 154672,2.58099,HD 154672,HD 154672,HIP 83983,TIC 380086262,Gaia DR3 5917231492323978880,G3 IV,5743,1.32,1.18,0.25722,0.579492,4.27,8,0.25,[Fe/H],-3.92872,,2.2,
HD 154857,2.58111,HD 154857,HD 154857,HIP 84069,TIC 173552927,Gaia DR3 5917212800626605824,G5 V,5589,2.3,1.96,0.66269,0.118592,4.01,5.64,-0.22,[Fe/H],28.05845,,1.4,-5.14
HD 154857,2.58111,HD 154857,HD 154857,HIP 84069,TIC 173552927,Gaia DR3 5917212800626605824,G5 V,5605,1.76,1.718,0.66269,0.118592,3.82,5.64,-0.2,[Fe/H],28.05845,,1.4,-5.14
HD 155193,2.572922,HD 155193,HD 155193,,TIC 447842929,Gaia DR3 4443815297524544000,F8 IV,6239,1.76439,1.221,0.6411,0.315709,4.26,,0.05,[Fe/H],3.883,,3.6,
HD 155358,2.58096,HD 155358,HD 155358,HIP 83949,TIC 21897561,Gaia DR3 1334643739861016832,G0,5905,1.38,1.15,0.29949,0.623766,4.22,10.7,-0.6,[Fe/H],-9.07461,,2,
HD 155358,2.58096,HD 155358,HD 155358,HIP 83949,TIC 21897561,Gaia DR3 1334643739861016832,G0,5900,1.38,0.92,0.29949,0.623766,4.16,10.7,-0.51,[Fe/H],-9.07461,,2,
HD 155918,2.58200,HIP 84988,HD 155918,HIP 84988,TIC 311649327,Gaia DR3 5801950515627094400,G2V,5771.84,1.01906,1.03,0.01635,1.372163,4.43451,12.3,-0.6616,[M/H],59.7,,0,
HD 156098,2.578131,HD 156098,HD 156098,,TIC 152449405,Gaia DR3 5979460655025099776,,6419.19,2.75716,1.29,1.06554,0.08677,3.66773,,0.12,[M/H],,,,
HD 156279,2.58125,HD 156279,HD 156279,HIP 84171,TIC 232606278,Gaia DR3 1631084478574318976,G6,5453,0.95,0.94,-0.14596,1.492851,4.46,4.1,0.14,[Fe/H],-20.6432,,2.51,-5.06
HD 156411,2.58177,HD 156411,HD 156411,HIP 84787,TIC 412409409,Gaia DR3 5950535424666050304,F8 IV/V,5900,2.16,1.25,0.731,0.119794,4.07,4.28,-0.12,[Fe/H],-38.7512,,3.3,
HD 156668,2.58166,HD 156668,HD 156668,HIP 84607,TIC 257715493,Gaia DR3 4575374857376398976,K2,4903.69,0.774528,0.785167,-0.54025,2.532852,4.551151,8.6,0.0493,[Fe/H],-44.57335,,0.5,
HD 156668,2.58166,HD 156668,HD 156668,HIP 84607,TIC 257715493,Gaia DR3 4575374857376398976,K2,4850,0.72,0.772,0.23,2.532852,4.598,8.6,0.05,[Fe/H],-44.57335,,0.5,
HD 156846,2.58186,HD 156846,HD 156846,HIP 84856,TIC 75673519,Gaia DR3 4122343906051101184,G0 V,6090,1.9,1.38,0.69723,0.203686,4.02,2.4,0.15,[Fe/H],-68.54,,5.05,
HD 158038,2.58229,HD 158038,HD 158038,HIP 85294,TIC 313709116,Gaia DR3 4574156834713113600,K0,4860,4.5,1.3,1.07555,,3.24,2.5,0.19,[Fe/H],19.90386,,1.66,
HD 158259,2.58227,HD 158259,HD 158259,HIP 85268,TIC 188768068,Gaia DR3 1416050859226670848,G0,5801.89,1.21,1.08,0.21233,0.72532,4.25132,,,,13.3,20,2.9,
HD 158996,2.58176,HD 158996,HD 158996,HIP 84769,TIC 288268410,Gaia DR3 1709691004385812864,K5 III,4069,50.3,1.8,3.01481,,1.4,1.6,-0.2,[Fe/H],-8.7,627,4.2,
HD 15906,2.573354,HD 15906,HD 15906,,TIC 4646810,Gaia DR3 5175239363214344960,K V,4757,0.762,0.79,-0.56864,2.58324,4.49,,0.02,[Fe/H],-3.64,,2.7,-4.694
HD 159243,2.58277,HD 159243,HD 159243,HIP 85911,TIC 348652846,Gaia DR3 4485937214320449280,G0 V,6123,1.12,1.125,0.114,1.173881,4.55,1.25,0.05,[Fe/H],-22.69,,3.8,
HD 159868,2.58306,HD 159868,HD 159868,HIP 86375,TIC 248320609,Gaia DR3 5955841736510622208,G5 V,5534,2.13,1.19,0.55574,0.155815,3.92,7.57,-0.08,[Fe/H],-23.45418,,0.96,-5.09
HD 1605,2.53971,HD 1605,HD 1605,HIP 1640,TIC 57983992,Gaia DR3 2862328869351558272,K1 IV,4915,3.49,1.33,0.81,,3.4,4.36,0.22,[Fe/H],9.92933,,0.54,
HD 160691,2.58325,HD 160691,HD 160691,HIP 86796,TIC 362661163,Gaia DR3 5945941905576552064,G3 IV-V,5773,1.33,1.13,0.27848,0.554734,4.2,5.7,0.28,[Fe/H],-9.29081,,3.1,-5.02
HD 161178,2.573014,HD 161178,HD 161178,,TIC 441797545,Gaia DR3 1651497186822868224,G9 III,4786,10.95,1.06,1.75097,,2.38,,-0.21,[Fe/H],,,1.78,
HD 16141,2.54427,HD 16141,HD 16141,HIP 12048,TIC 251109533,Gaia DR3 2495335115182966016,G5 IV,5757,1.48,1.11,0.36558,0.412931,4.14,7.51,0.13,[Fe/H],-51.2,,1.93,-5.11
HD 16175,2.54435,HD 16175,HD 16175,HIP 12191,TIC 422922274,Gaia DR3 340028235795364864,G2,5981,1.72,1.63,0.50786,0.239585,4.18,3.3,0.3,[Fe/H],21.8348,19.7,4.8,
HD 162020,2.58342,HD 162020,HD 162020,HIP 87330,TIC 367987991,Gaia DR3 5957920668132624256,K3 V,4723,0.75,0.42,-0.60206,2.645398,4.31,6,-0.1,[Fe/H],-27.328,,1.9,
HD 163607,2.58348,HD 163607,HD 163607,HIP 87601,TIC 232620788,Gaia DR3 1418519292895059840,G5,5522,1.76,1.12,0.42,0.247934,3.97,8.6,0.21,[Fe/H],-0.0157,,1.49,
HD 16417,2.54433,HD 16417,HD 16417,HIP 12186,TIC 122555698,Gaia DR3 5062172841616745856,G1 V,5841,1.639984,1.2,0.44317,0.350778,4.16,7,0.06,[Fe/H],11.15373,,2.1,
HD 164509,2.58361,HD 164509,HD 164509,HIP 88268,TIC 382764222,Gaia DR3 4275421969292868224,G5,5859,1.11,1.12,0.12,1.014947,4.44,2.32,0.2,[Fe/H],0.0089,,2.4,
HD 164595,2.58359,HD 164595,HD 164595,HIP 88194,TIC 158917706,Gaia DR3 4584639307993378432,G2 V,5790,1.023606,0.99,0.01725,1.341212,4.44,7.12,-0.04,[Fe/H],2.07311,,2.1,-5
HD 164604,2.58366,HD 164604,HD 164604,HIP 88414,TIC 406317882,Gaia DR3 4062446910648807168,K3.5 V,4663,0.78,0.77,-0.58503,2.967995,4.49,1.6,0.12,[Fe/H],7.08838,19,2,
HD 164922,2.58363,HD 164922,HD 164922,HIP 88348,TIC 159019691,Gaia DR3 4582680493669880704,G9 V,5390,0.946,0.926,-0.14874,1.320237,4.46,9.58,0.18,[Fe/H],20.3634,42.3,2,-5.05
HD 164922,2.58363,HD 164922,HD 164922,HIP 88348,TIC 159019691,Gaia DR3 4582680493669880704,G9 V,5393.43,1.001813,0.921146,-0.15304,1.320237,4.398073,9.58,0.1967,[Fe/H],20.3634,42.3,1.84,-5.05
HD 165131,2.578880,HD 165131,HD 165131,HIP 88595,TIC 105138916,Gaia DR3 4070009007975710464,G3/5 V,5870,1.06419,1.06,0.08329,1.239977,4.39,2.7,0.06,[Fe/H],,,2.3,-4.98
HD 165155,2.58375,HD 165155,HD 165155,HIP 88650,TIC 408229533,Gaia DR3 4050284898932499072,G8 V,5426,0.95,1.02,-0.1549,1.756728,4.49,11,0.09,[Fe/H],14.6,,1.5,
HD 1666,2.53972,HD 1666,HD 1666,HIP 1666,TIC 211439561,Gaia DR3 2362099457224379136,F7 V,6317,1.93,1.5,0.73,0.181524,4.06,1.76,0.37,[Fe/H],17.95226,,5.6,
HD 166724,2.58398,HD 166724,HD 166724,HIP 89354,TIC 87989721,Gaia DR3 6724520279784564864,K0 IV-V,5127,0.797485,0.81,-0.509,2.421504,4.43,4,-0.09,[Fe/H],-17.6187,,1.42,
HD 167042,2.58388,HD 167042,HD 167042,HIP 89047,TIC 353988778,Gaia DR3 2149564787289902848,K1 IV,4919,4.63,1.39,1.0569,,3.23,2.2,-0.01,[Fe/H],-18.15497,,1.5,
HD 16760,2.580318,HD 16760,HD 16760,HIP 12638,TIC 433140046,Gaia DR3 334156706263100416,G5 V,5518,0.835,0.93,-0.14267,,4.47,,0.067,[Fe/H],,,0.5,-4.93
HD 167677,2.578878,HD 167677,HD 167677,HIP 89583,TIC 13894108,Gaia DR3 4153949058525858048,G5 V,5474,0.95271,0.96,-0.13215,1.565147,4.43,11.5,-0.29,[Fe/H],,,0.7,-4.98
HD 167768,2.578324,HD 167768,HD 167768,,TIC 2382387,Gaia DR3 4270573397890617856,G8 III,4851,9.7,1.08,1.66932,,2.5,5.31,-0.67,[Fe/H],,,,
HD 168009,2.58400,HD 168009,HD 168009,HIP 89474,TIC 416117806,Gaia DR3 2115351387048328832,G2V,5778.33,1.209505,0.986073,0.14982,0.907123,4.265027,9.68,0.0183,[Fe/H],-64.9,,2.3,-5.08
HD 168443,2.58407,HD 168443,HD 168443,HIP 89844,TIC 16465196,Gaia DR3 4157584215800708736,G5,5491,1.711479,0.98,0.38246,0.29172,3.987745,11.08,0.04,[Fe/H],-0.04653,,2.2,-5.12
HD 168746,2.58413,HD 168746,HD 168746,HIP 90004,TIC 18097734,Gaia DR3 4153637759337630720,G5,5570,1.09,1.07,0.04139,1.089734,4.39,8,-0.08,[Fe/H],-25.562,,1,-5.05
HD 168863,2.578132,HD 168863,HD 168863,HIP 90055,TIC 167730892,Gaia DR3 4096449891854565760,,4905,0.777826,0.8,-0.50098,2.396662,4.55939,,0.16,[M/H],,,,
HD 1690,2.53973,HD 1690,HD 1690,HIP 1692,TIC 37763102,Gaia DR3 2430036837596487424,K1 III,4374,21.66,1.86,1.51983,,2.04,6.7,-0.27,[Fe/H],18.23,,3.5,
HD 16905,2.578133,HD 16905,HD 16905,HIP 12436,TIC 358070171,Gaia DR3 4724771790072689664,K3 V,4866.12,0.77494,0.85,-0.51804,2.393251,4.55716,6.1,0.2405,[M/H],,,1.5,-4.72
HD 169142,2.578473,HD 169142,HD 169142,,TIC 51077087,Gaia DR3 4048015133392824064,,7246,1.53702,1.85,0.76845,0.632865,4.27689,0.006,,,,,,
HD 169830,2.58428,HD 169830,HD 169830,HIP 90485,TIC 53134037,Gaia DR3 4048037707717866880,F8 V,6300,1.935709,1.17,0.662,0.214529,4.008828,2.2,0.21,[Fe/H],-17.215,,3.8,-4.95
HD 169830,2.58428,HD 169830,HD 169830,HIP 90485,TIC 53134037,Gaia DR3 4048037707717866880,F7 V,6300,1.935709,1.17,0.662,0.214529,4.008828,2.2,0.21,[Fe/H],-17.215,,3.8,-4.95
HD 170469,2.58430,HD 170469,HD 170469,HIP 90593,TIC 320362897,Gaia DR3 4484013343859055744,G5 IV,5842,1.24,1.1,0.204,0.691571,4.3,6.7,0.29,[Fe/H],-59.27389,13,1.7,-5.09
HD 17092,2.103406,HD 17092,HD 17092,,TIC 302317605,Gaia DR3 438865809918353280,K0 III,4326,13.58,6.73,1.75563,,3,2.6,0.18,[Fe/H],5.91915,,,
HD 171028,2.103415,HD 171028,HD 171028,,TIC 321030607,Gaia DR3 4477318138371083008,G0,5671,2.47,1.53,0.73291,0.087283,3.84,8.59,-0.48,[Fe/H],13.641,,2.14,
HD 171238,2.58440,HD 171238,HD 171238,HIP 91085,TIC 228217280,Gaia DR3 4048636941542753152,G8 V,5467,1.01,0.92,-0.20273,1.731238,4.43,7,0.2,[Fe/H],21.641,,1.48,-4.96
HD 17156,2.54463,HD 17156,HD 17156,HIP 13192,TIC 302773669,Gaia DR3 545560867790611072,G5,6046,1.517,1.285,0.44091,0.517,4.184,3.3,0.208,[Fe/H],-3.21894,12.8,2.8,
HD 173416,2.58461,HD 173416,HD 173416,HIP 91852,TIC 157951225,Gaia DR3 2096524140211914368,G8,4683,13.5,2,1.892,,2.48,1.73,-0.22,[Fe/H],-61.16675,,,
HD 174205,2.573083,HD 174205,HD 174205,,TIC 229752137,Gaia DR3 2265446887586501120,K2,4308,26.6,1.8,2.3784,,1.8,1.7,-0.28,[Fe/H],-5.41,,1.6,
HD 175167,2.58519,HD 175167,HD 175167,HIP 93281,TIC 467966544,Gaia DR3 6421118739093252224,G5 IV/V,5635,1.75,1.09,0.45593,0.257726,4.09,,0.28,[Fe/H],4.8061,,,
HD 175541,2.58500,HD 175541,HD 175541,HIP 92895,TIC 227196910,Gaia DR3 4281180283478682496,G8 IV,5013,4.19,1.39,0.934,,3.33,1.9,-0.07,[Fe/H],19.80907,,2.9,-5.23
HD 175607,2.58523,HD 175607,HD 175607,HIP 93373,TIC 382073690,Gaia DR3 6434759761383343744,G6 V,5392,0.7,0.71,-0.27097,2.222154,4.64,10.32,-0.62,[Fe/H],-92,,1.31,
HD 17674,2.54466,HD 17674,HD 17674,HIP 13291,TIC 77490014,Gaia DR3 129321160344480512,G0 V,5904,1.18,0.98,0.20472,0.858806,4.34,8.4,-0.16,[Fe/H],10.52516,,2.3,
HD 176986,2.58533,HD 176986,HD 176986,HIP 93540,TIC 39554091,Gaia DR3 4199396753205879040,K2.5 V,4931,0.782,0.789,-0.48017,2.295818,4.44,4.3,0.03,[Fe/H],37.42,36.05,1.1,-4.9
HD 177565,2.58551,HD 177565,HD 177565,HIP 93858,TIC 254147274,Gaia DR3 6718894388002453120,G8V,5627,0.971489,1,-0.05395,1.46777,4.39,6.88,0.0812,[M/H],59.5,,0,-4.85
HD 177830,2.58543,HD 177830,HD 177830,HIP 93746,TIC 265052133,Gaia DR3 2035963417721248128,K0,4949,2.62,1.47,0.68502,,3.65,4.4,0.545,[Fe/H],-72.14281,,0.68,
HD 177830,2.58543,HD 177830,HD 177830,HIP 93746,TIC 265052133,Gaia DR3 2035963417721248128,K0,4901,3.26,1.7,0.68502,,3.64,4.4,0.42,[Fe/H],-72.14281,,0.68,
HD 178911 B,2.58566,HD 178911,HD 178911 B,HIP 94075,TIC 42812945,Gaia DR3 2044341077844180736,G5,5588,1.08,1.24,-0.04317,1.286183,4.46,,0.24,[Fe/H],-40.4138,,1.9,-4.98
HD 179079,2.58578,HD 179079,HD 179079,HIP 94256,TIC 48917782,Gaia DR3 4261265619668314624,G5 IV,5646,1.63,1.14,0.38,0.2585,4.16,6.99,0.24,[Fe/H],19.73356,,1,
HD 179949,2.58598,HD 179949,HD 179949,HIP 94645,TIC 2288734,Gaia DR3 6770313530317154560,F8 V,6168,1.266865,1.21,0.30146,0.859771,4.341,2.56,0.137,[Fe/H],-24.69985,,6.3,-4.79
HD 180053,2.58589,HD 180053,HD 180053,HIP 94465,TIC 29898060,Gaia DR3 2050321081068398720,K0,5131,4.06,1.75,1.09897,,3.54,,0.25,[M/H],-5.71797,,,
HD 18015,2.54475,HD 18015,HD 18015,HIP 13467,TIC 36883072,Gaia DR3 5173468908975401856,G6 IV,5603,3.13,1.49,0.9738,,3.64,,-0.14,[Fe/H],18.6,,4,
HD 180314,2.58594,HD 180314,HD 180314,HIP 94576,TIC 392658786,Gaia DR3 2042983077905233792,K0,4917,9.2,2.6,1.64345,,2.98,1.295,0.2,[Fe/H],-73.18936,,,
HD 180617,2.58605,HD 180617,HD 180617,HIP 94761,TIC 176188045,Gaia DR3 4293318823182081408,M2.5 V,3534,0.481,0.484,-1.49,6.27869,4.9,,-0.04,[Fe/H],35.678,50.6,2,
HD 180902,2.58614,HD 180902,HD 180902,HIP 94951,TIC 11782681,Gaia DR3 6770721346051487872,K0 III/IV,4961,4.16,1.41,0.97313,,3.36,2.8,0.04,[Fe/H],-3.16259,,1.36,
HD 181234,2.58618,HD 181234,HD 181234,HIP 95015,TIC 3409107,Gaia DR3 4201307051566729984,G8 IV,5386,1.059423,0.94,-0.09853,1.267748,4.374546,6.32,0.32,[Fe/H],-46.42038,50.8,2.105,-5.08
HD 181342,2.58621,HD 181342,HD 181342,HIP 95124,TIC 12192000,Gaia DR3 6770761168986617600,K0 III,4945,4.71,1.69,1.17,,3.28,2,0.26,[Fe/H],-0.7002,,3.33,
HD 18143,2.54479,HIP 13642 A,HD 18143,HIP 13642 A,TIC 436933294,Gaia DR3 116037204451525376,K2,5078,0.87,0.85,-0.31953,1.675268,4.51,9.4,0.28,[Fe/H],32.5,,0,
HD 181433,2.58638,HD 181433,HD 181433,HIP 95467,TIC 410399074,Gaia DR3 6434153380720177664,K3 IV,4918,0.79,0.86,-0.45618,2.142118,4.45,6.7,0.4012,[M/H],39.77676,54,1.5,
HD 181720,2.58627,HD 181720,HD 181720,HIP 95262,TIC 112243062,Gaia DR3 6745589980571162752,G1 V,5736,1.5,1.03,0.288,0.427063,4.09,,-0.62,[Fe/H],-45.3352,,1.5,-5.07
HD 183263,2.58644,HD 183263,HD 183263,HIP 95740,TIC 134245358,Gaia DR3 4296208099222829568,G2 IV,5948,1.23,1.06,0.25025,0.69443,4.37,8.13,0.2776,[Fe/H],-50.33943,,1.6,-5.11
HD 183579,2.58654,HD 183579,HD 183579,HIP 96160,TIC 320004517,Gaia DR3 6641996571978861440,G2 V,5784,0.96,0.996,-0.03386,1.587464,4.45,3.1,-0.038,[Fe/H],-15.80015,24.8,2,-4.84
HD 184010,2.578174,HD 184010,HD 184010,,TIC 113329742,Gaia DR3 2024845946447691264,K0 III-IV,4971,4.86,1.35,1.11694,,3.18,2.76,-0.17,[Fe/H],,,1.34,
HD 18438,2.578483,HD 18438,HD 18438,HIP 14417,TIC 297820335,Gaia DR3 567664766657362304,M2.5 III,3860,88.475,1.84,2.96802,,0.9,5.5,-0.4,[Fe/H],,,5.5,
HD 185269,2.58664,HD 185269,HD 185269,HIP 96507,TIC 213721036,Gaia DR3 2031479093959232128,G0 IV,5923,2,1.3,0.69362,0.162356,3.92,4,0.11,[Fe/H],0.617,,6.1,
HD 185283,2.579078,HD 185283,HD 185283,HIP 96861,TIC 320264344,Gaia DR3 6640676436470581888,K3 V,4848,0.743303,0.8,-0.56072,2.712026,4.59336,6,-0.06,[M/H],,,0.9,-4.94
HD 18599,2.573139,HD 18599,HD 18599,HIP 13754,TIC 207141131,Gaia DR3 4728513943538448512,K2 V,5145,0.767,0.863,-0.42946,2.241,4.54,0.4,0,[Fe/H],-0.48,8.73,4.5,-4.35
HD 187085,2.58684,HD 187085,HD 187085,HIP 97546,TIC 300081980,Gaia DR3 6692069568458919040,G0 V,6117,1.27,1.189,2.13,0.653797,4.279,2.747,0.12,[Fe/H],15.3788,21,5.1,-4.93
HD 187123,2.58681,HD 187123,HD 187123,HIP 97336,TIC 58559140,Gaia DR3 2047452661412980736,G3 V,5790,1.15043,1.04,0.12713,0.962994,4.33338,7.4,0.09,[M/H],-16.986,,2.1,-5.03
HD 18742,2.54485,HD 18742,HD 18742,HIP 13993,TIC 71345433,Gaia DR3 5079636934554540160,G8/K0 IV,4940,5.13,1.36,1.14301,,3.09,2.3,-0.04,[Fe/H],-13.48957,,2.98,
HD 188015,2.58690,HD 188015,HD 188015,HIP 97769,TIC 11499710,Gaia DR3 2028419118720795392,G5 IV,5746,1.125296,1.09,0.05892,1.128871,4.445,6.61,0.289,[Fe/H],0.27996,,0,-5.05
HD 188641,2.578134,HD 188641,HD 188641,,TIC 300611942,Gaia DR3 6691193566928966528,,5897.32,1.94492,1.07,0.61512,0.205042,3.88965,,-0.08,[M/H],,,,
HD 189567,2.58717,HD 189567,HD 189567,HIP 98959,TIC 352402781,Gaia DR3 6427244702486210816,G3 V,5726,1.04,0.83,0.32428,1.300102,4.41,11,-0.24,[Fe/H],-10.8,,1.2,-4.92
HD 189733,2.58705,HD 189733,HD 189733,HIP 98505,TIC 256364928,Gaia DR3 1827242816201846144,K2 V,5052,0.75,0.79,-0.46119,2.65,4.49,1.4,-0.02,[Fe/H],-2.204,11.95,3.5,
HD 190007,2.58709,HD 190007,HD 190007,HIP 98698,TIC 345217789,Gaia DR3 4247023886053586304,K4 V,4610,0.79,0.77,-0.68,3.253245,4.58,1,0.16,[Fe/H],-30.46732,28.626,2.55,-4.65
HD 190228,2.578135,HD 190228,HD 190228,HIP 98714,TIC 117905020,Gaia DR3 2029001447540053504,G5 IV,5360,2.58658,1.415,0.697,,4.02,,-0.24,[Fe/H],,,,
HD 190360,2.58710,HD 190360,HD 190360,HIP 98767,TIC 105999792,Gaia DR3 2029433521248546304,G,5552,1.201,0.991,0.06647,0.866995,4.298158,11.3,0.25,[Fe/H],-45.35,,2.2,-5.09
HD 190647,2.58719,HD 190647,HD 190647,HIP 99115,TIC 48777312,Gaia DR3 6697758334244808192,G5 V,5656,1.376,1.069,0.29667,0.418181,4.162,7.957,0.23,[Fe/H],-40.3335,42,1.83,-5.07
HD 190984,2.58733,HD 190984,HD 190984,HIP 99496,TIC 466222634,Gaia DR3 6429295051154269440,F8 V,5988,1.53,0.91,0.43,0.126144,4.02,,-0.48,[Fe/H],20.269,,3.4,
HD 191806,2.58725,HD 191806,HD 191806,HIP 99306,TIC 294684871,Gaia DR3 2088526979830768512,K0,6010,1.40223,1.07,0.3483,0.546071,4.45,2.9,0.3,[Fe/H],-15.3597,20.6,3.3,
HD 191939,2.58722,HD 191939,HD 191939,HIP 99175,TIC 269701147,Gaia DR3 2248126315275354496,G9 V,5348,0.94,0.81,-0.18709,1.37,4.3,8.7,-0.15,[Fe/H],-9.5,,2,-5.11
HD 191939,2.58722,HD 191939,HD 191939,HIP 99175,TIC 269701147,Gaia DR3 2248126315275354496,G9 V,5348,0.94,0.81,-0.18709,1.4082,4.3,8.7,-0.15,[Fe/H],-9.5,,1.6,-5.11
HD 192263,2.58738,HD 192263,HD 192263,HIP 99711,TIC 243962745,Gaia DR3 4224259562941398400,K2 V,4976,0.74,0.66,-0.47,2.539097,4.51,2.09,0.03,[Fe/H],-10.686,,1.8,
HD 192310,2.58741,HD 192310,HD 192310,HIP 99825,TIC 326096771,Gaia DR3 6847167606385195648,K3V,5166,0.857922,0.8,-0.41454,2.145699,4.51,7.81,-0.04,[Fe/H],-54.2232,,3,
HD 192699,2.58743,HD 192699,HD 192699,HIP 99894,TIC 399334674,Gaia DR3 4246124829130366848,G8 IV,5041,4.41,1.38,1.009,,3.25,1.8,-0.15,[Fe/H],13.20057,,1.9,
HD 194490,2.578136,HD 194490,HD 194490,,TIC 100272295,Gaia DR3 6475212134196589952,,5861.32,1.14911,1.06,0.1474,0.984878,4.34265,,0.08,[M/H],,,,
HD 195019,2.58755,HD 195019,HD 195019,HIP 100970,TIC 210171104,Gaia DR3 1815418118373631360,G3 IV-V,5751,1.48,1.21,0.3331,0.449155,4.18,3.2,0.05,[Fe/H],-93.1,,2.47,-5.09
HD 196050,2.58771,HD 196050,HD 196050,HIP 101806,TIC 351534793,Gaia DR3 6454954010413575296,G3 V,5879,1.42,1.27,0.26,0.52347,4.25,4.3,0.229,[Fe/H],61.37055,,3.3,-4.98
HD 196067,2.58783,HD 196067,HD 196067,HIP 102125,TIC 327303574,Gaia DR3 6369544118965772416,G0 V,6072,1.71,1.16,0.549,0.312739,4.09,4.2,0.213,[Fe/H],-10.94585,22.5,1.45,-5.033
HD 19615,2.573081,HD 19615,HD 19615,,TIC 289383510,Gaia DR3 547375547309768064,K0,4263,32.3,1.1,2.51455,,1.4,6.7,-0.31,[Fe/H],-35.21,,2.6,
HD 196885 A,2.58777,HD 196885,HD 196885 A,HIP 101966,TIC 282257777,Gaia DR3 1754430373040023168,F8 V,6254,1.31,1.28,0.38,0.56805,4.31,3.12,0.22,[Fe/H],-31.666,,7.8,-5.01
HD 197037,2.58775,HD 197037,HD 197037,HIP 101948,TIC 195382102,Gaia DR3 2066437688140905600,F7 V,6150,1.105,1.11,0.23857,1.038642,4.4,1.9,-0.2,[Fe/H],9.08705,,4,
HD 199509,2.58841,HIP 104436,HD 199509,HIP 104436,TIC 401701660,Gaia DR3 6348288635054855680,G3V,5796.02,0.92,1.04,-0.08419,2.010483,4.51,1.6,-0.3075,[M/H],-21.6,,0.9,-4.81
HD 19994,2.54509,HD 19994,HD 19994,HIP 14954,TIC 49845357,Gaia DR3 3265335443260522112,F8 V,6188,1.79647,1.365,0.58,0.277213,4.29,2.4,0.27,[Fe/H],19,,8.6,-4.88
HD 20003,2.54494,HD 20003,HD 20003,HIP 14530,TIC 370137704,Gaia DR3 4642472794978268800,G8 V,5494,0.921637,0.875,-0.14267,1.689592,4.41,,0.04,[Fe/H],-16.17468,38.9,1.9,
HD 200964,2.58834,HD 200964,HD 200964,HIP 104202,TIC 408316773,Gaia DR3 1732018855730384256,G8 IV,4982,4.92,1.39,1.064,,3.22,3,-0.15,[Fe/H],-71.68276,,2.28,
HD 202206,2.58852,HD 202206,HD 202206,HIP 104903,TIC 24294415,Gaia DR3 6832155218215202944,G6 V,5766,1.04,1.07,0.03486,1.249966,4.5,2.9,0.3,[Fe/H],14.721,,2.3,
HD 202696,2.58857,HD 202696,HD 202696,HIP 105056,TIC 25346878,Gaia DR3 1847742385838236416,K0 III-IV,5040,6.43,1.91,1.36922,,3.11,1.32,0.02,[Fe/H],-33.17,,2,
HD 202772 A,2.103966,HD 202772,HD 202772 A,,TIC 290131778,Gaia DR3 6790773586275235200,,6442,2.554,1.721,1.00945,0.14,3.93,1.63,0.232,[Fe/H],-17.97,,4.75,
HD 203030,2.58865,HD 203030,HD 203030,HIP 105232,TIC 25559430,Gaia DR3 1846882224145757056,G8 V,5603,0.856458,0.94,-0.2272,1.974983,4.64,0.1,0.3,[Fe/H],-17,,5.62,-4.37
HD 20329,2.576989,HD 20329,HD 20329,HIP 15249,TIC 333657795,Gaia DR3 30398648945512960,,5596,1.13,0.9,0.04922,0.88,4.4,11,-0.07,[Fe/H],-71.539,,3.5,-5.03
HD 203387,2.578155,HD 203387,HD 203387,,TIC 288329878,Gaia DR3 6835905927256722688,,5174.32,10.5852,2.817,1.86,,,,0.05,[M/H],,,,
HD 2039,2.53983,HD 2039,HD 2039,HIP 1931,TIC 281461362,Gaia DR3 4919009555730599936,G2/G3 IV/V,5945,1.19,1.23,0.1939,0.95192,4.38,6,0.3,[Fe/H],8.4,,3.25,
HD 204313,2.58893,HD 204313,HD 204313,HIP 106006,TIC 99734092,Gaia DR3 6828450688663428224,G5 V,5767,1.1,1.03,0.09981,1.01537,4.37,3.38,0.18,[Fe/H],-9.73922,,2.4,
HD 204941,2.58900,HD 204941,HD 204941,HIP 106353,TIC 99837626,Gaia DR3 6830027182179257472,K1/2V,5026,0.78,0.58,-0.50864,2.356412,4.42,6.67,-0.19,[Fe/H],32.56659,,,
HD 205158,2.578137,HD 205158,HD 205158,,TIC 316830331,Gaia DR3 6458219559946927872,,6133.55,1.87741,1.16,0.65266,0.247143,3.95541,,,,,,,
HD 205739,2.58911,HD 205739,HD 205739,HIP 106824,TIC 270501383,Gaia DR3 6592695123423391616,F7 V,6176,1.33,1.22,0.36,0.67944,4.29,2.84,0.19,[Fe/H],9.1,,4.48,
HD 206255,2.58922,HD 206255,HD 206255,HIP 107160,TIC 139842723,Gaia DR3 6561908626047094144,G5 IV/V,5635,2.221489,1.42,0.65156,0.12981,3.7475,,,,-3.63648,,2,-5.11
HD 206610,2.58927,HD 206610,HD 206610,HIP 107251,TIC 333314269,Gaia DR3 2667434008056899712,K0 III,4842,6.12,1.55,1.27646,,3.22,3,0.14,[Fe/H],-18.30949,,1.77,
HD 206893,2.578198,HD 206893,HD 206893,HIP 107412,TIC 155782207,Gaia DR3 6843672087120107264,F5 V,6500,1.31116,1.31,0.4561,0.850626,4.45,0.155,,,-12.45,,,
HD 207496,2.59054,HD 207496,HD 207496,HIP 108162 A,TIC 290348383,Gaia DR3 6356417496318028800,K2.5 V,4819,0.769,0.8,-0.50858,2.495393,4.507,0.52,0.095,[Fe/H],,12.36,,-4.457
HD 20781,2.54528,HD 20782,HD 20781,HIP 15526,TIC 144503312,Gaia DR3 5060105897197110144,K0 V,5256,0.833609,0.7,-0.3098,1.961971,4.37,,-0.11,[Fe/H],40.30895,46.8,1.1,
HD 20782,2.54529,HD 20782,HD 20782,HIP 15527,TIC 144503325,Gaia DR3 5060104351007433472,G1.5 V,5782.13,1.12681,1.04,0.10674,1.024828,4.3514,5.53,-0.0537,[M/H],39.8879,,1.7,-4.91
HD 207832,2.59025,HD 207832,HD 207832,HIP 107985,TIC 53895723,Gaia DR3 6812056381881853056,G5 V,5726,0.89,1.05,-0.11,1.524699,4.48,1.36,0.14,[Fe/H],-16.48086,,3,
HD 207832,2.59025,HD 207832,HD 207832,HIP 107985,TIC 53895723,Gaia DR3 6812056381881853056,G5 V,5710,0.901,0.94,-0.112,1.524699,4.502,1.36,0.06,[Fe/H],-16.48086,,3,
HD 207897,2.58916,HD 207897,HD 207897,HIP 107038,TIC 264678534,Gaia DR3 2300641567596591488,K0 V,5106,0.7827,0.8208,-0.42136,2.3804,4.562,4.7,-0.03,[Fe/H],,37,2,-4.83
HD 20794,2.54527,HD 20794,HD 20794,HIP 15510,TIC 301051051,Gaia DR3 4847957293278177024,G8,5401,0.93,0.813,-0.16311,1.703888,4.39,5.76,-0.4,[Fe/H],87.882,,3,-4.98
HD 20794,2.54527,HD 20794,HD 20794,HIP 15510,TIC 301051051,Gaia DR3 4847957293278177024,G6 V,5368,0.93,0.79,-0.16311,1.703888,4.39,5.76,-0.42,[Fe/H],87.882,,3,-4.98
HD 208487,2.59099,HD 208487,HD 208487,HIP 108375,TIC 197686484,Gaia DR3 6586580842340695040,G2 V,6134,1.16,1.15,0.233,1.04801,4.34,1.95,0.09,[Fe/H],5.49213,,5.58,-4.9
HD 208527,2.59087,HD 208527,HD 208527,HIP 108296,TIC 283621278,Gaia DR3 1781063087283857664,M1 III,4035,51.1,1.6,2.86322,,1.4,2,-0.09,[Fe/H],4.79,,3.6,
HD 20868,2.54530,HD 20868,HD 20868,HIP 15578,TIC 142851295,Gaia DR3 5053536074700031616,K3/4 IV,4802,0.76,0.39,-0.529,2.452506,4.26,4.5,0.05,[Fe/H],46.1219,,1.1,
HD 208897,2.59130,HD 208897,HD 208897,HIP 108513,TIC 423862056,Gaia DR3 1779772947826839808,K0,4860,4.98,1.25,1.09,,3.13,,0.21,[Fe/H],-14.58421,,3.9,
HD 209458,2.59237,HD 209458,HD 209458,HIP 108859,TIC 420814525,Gaia DR3 1779546757669063552,G0 V,6091,1.19,1.23,0.23086,1.04,4.45,3.1,0.01,[Fe/H],-14.741,10.65,4.4,-5
HD 210193,2.59409,HD 210193,HD 210193,HIP 109381,TIC 278523703,Gaia DR3 6570039342736534784,G3 V,5790,1.05971,1.04,0.05578,1.354042,4.43481,,0.13,[M/H],3.6,,2,-4.86
HD 210277,2.59407,HD 210277,HD 210277,HIP 109378,TIC 50227884,Gaia DR3 2619706544757416192,G0 V,5538,1.07,1.01,-0.032,0.994541,4.38,12,0.22,[Fe/H],-21.1,,1.8,-5.06
HD 210702,2.59480,HD 210702,HD 210702,HIP 109577,TIC 456826468,Gaia DR3 1775004778213735168,K1 IV,4912,4.54,1.33,1.03543,,3.23,2.1,-0.02,[Fe/H],16.39194,,1.99,
HD 211403,2.572953,HD 211403,HD 211403,HIP 109876,TIC 330485001,Gaia DR3 2198848918548722304,F7 V,6273,1.206,1.2,0.36406,0.737122,4.3,,0.18,[Fe/H],,,18.4,
HD 211810,2.59664,HD 211810,HD 211810,HIP 110094,TIC 336634601,Gaia DR3 2201556328489610752,G5,5652,1.13,1.03,0.07,0.771072,4.26335,,0.17,[Fe/H],-36.58186,,,
HD 211970,2.59793,HD 211970,HD 211970,HIP 110443,TIC 231704229,Gaia DR3 6508401923473282432,K7 V,4127,0.574175,0.61,-1.06479,4.237698,4.6921,,,,-5.60217,,,
HD 212301,2.59911,HD 212301,HD 212301,HIP 110852,TIC 317057430,Gaia DR3 6356860393345181824,F8 V,6239,1.16,1.55,0.24304,1.083215,4.5,1,0.18,[Fe/H],4.8659,,7,
HD 212771,2.59903,HD 212771,HD 212771,HIP 110813,TIC 12723961,Gaia DR3 2595360574179855104,G8 IV,5003,5.27,1.56,1.18752,,3.31,6,-0.21,[Fe/H],14.9924,,1.79,
HD 213240,2.60015,HD 213240,HD 213240,HIP 111143,TIC 144068704,Gaia DR3 6517058790835773440,G0/1 V,5979,1.51,1.57,0.42935,0.441033,4.27,4.6,0.15,[Fe/H],-0.451,,3.97,-5
HD 213472,2.572926,HD 213472,HD 213472,HIP 111136,TIC 120601788,Gaia DR3 1909401760972212224,,5729.54,1.433902,1.048132,0.28533,0.555656,4.144921,,0.1249,[Fe/H],,,,
HD 213519,2.578138,HD 213519,HD 213519,,TIC 200215494,Gaia DR3 1982946891164168576,,5840,1.08287,1.05,0.0895,1.165811,4.39011,,0.01,[M/H],,,,
HD 213885,2.60137,HD 213885,HD 213885,HIP 111553,TIC 403224672,Gaia DR3 6407428994690988928,G,5978,1.1011,1.068,0.13862,1.127,4.3827,3.8,-0.04,[Fe/H],36.22294,18.58,3,-4.9
HD 21411,2.54541,HD 21411,HD 21411,HIP 16012,TIC 142875660,Gaia DR3 5056511692465250304,G8 V,5605,0.825605,0.89,-0.26595,2.405023,4.51,,-0.265,[M/H],17.81518,,2,
HD 214823,2.60280,HD 214823,HD 214823,HIP 111928,TIC 115779095,Gaia DR3 1889143121789650176,G0,6215,2.04,1.115,0.63849,0.159415,4.05,2.7,0.17,[Fe/H],-44.5038,17.5,5.7,
HD 215152,2.60363,HD 215152,HD 215152,HIP 112190,TIC 251042502,Gaia DR3 2623505219992303104,K3 V,4935,0.73,0.77,-0.52254,2.39889,4.4,,-0.1,[Fe/H],-13.8736,42,3.35,
HD 21520,2.576833,HD 21520,HD 21520,HIP 16038,TIC 404518509,Gaia DR3 4847732649308331648,,5871,1.044,1.09,0.06595,1.35,4.42,5.3,0.049,[Fe/H],,,2.5,-4.93
HD 215497,2.60447,HD 215497,HD 215497,HIP 112441,TIC 469943599,Gaia DR3 6504232472302122624,K3 V,5113,0.85,0.92,-0.41,1.977845,4.31,5.8,0.23,[Fe/H],49.3107,,1.67,-5.07
HD 215497,2.60447,HD 215497,HD 215497,HIP 112441,TIC 469943599,Gaia DR3 6504232472302122624,K3 V,5110,0.85,0.67,-0.41,1.977845,4.4,5.8,0.2,[Fe/H],49.3107,,1.67,-5.07
HD 216435,2.60660,HD 216435,HD 216435,HIP 113044,TIC 161314759,Gaia DR3 6515731817739456256,G0 V,5999,1.800029,1.3,0.55689,0.284183,4.154,3,0.244,[Fe/H],-1.02836,,5.8,-5
HD 216437,2.60703,HD 216437,HD 216437,HIP 113137,TIC 277774779,Gaia DR3 6384510877400590336,G1 V,5909,1.394,1.22,0.35,0.459285,4.188,4.9,0.2,[Fe/H],-2.05053,30,3.7,-5.04
HD 216520,2.60479,HD 216520,HD 216520,HIP 112527,TIC 264899051,Gaia DR3 2299942278201276288,K2,5103,0.76,0.82,-0.452,2.394618,4.54,6,-0.16,[Fe/H],-18.53656,,0.2,-4.98
HD 216536,2.103757,HD 216536,HD 216536,,TIC 154487334,Gaia DR3 1935534781543619968,K0,4639,9.83,0.81,1.8,,2.36,3.8,-0.17,[Fe/H],-16.4472,,2.6,
HD 216770,2.60741,HD 216770,HD 216770,HIP 113238,TIC 47526465,Gaia DR3 6610107504955838336,G9 V CN+1,5399,0.93,0.74,-0.1,1.489989,4.37,3.1,0.27,[Fe/H],30.7,,1.4,-4.92
HD 21693,2.54544,HD 21693,HD 21693,HIP 16085,TIC 197792776,Gaia DR3 4729947569262040960,G8 V,5430,0.914378,0.8,-0.20761,1.703113,4.37,,0,[Fe/H],39.1,35.2,1.6,
HD 217107,2.60825,HD 217107,HD 217107,HIP 113421,TIC 38271828,Gaia DR3 2648914040357320576,G,5622,1.2245,1.045,0.09754,0.800927,4.34,11.9,0.37,[Fe/H],-13.14279,,0,-5.08
HD 217786,2.61011,HD 217786,HD 217786,HIP 113834,TIC 248048656,Gaia DR3 2650902026099857920,F8 V,5966,1.27,1.14,0.27646,0.775778,4.35,7.6,-0.135,[Fe/H],9.98,,1.4,
HD 217958,2.578139,HD 217958,HD 217958,,TIC 12973036,Gaia DR3 2382836143445759488,,5930.64,1.32619,1.08,0.29231,0.652788,4.22628,,0.2865,[M/H],,,,
HD 218566,2.61254,HD 218566,HD 218566,HIP 114322,TIC 278952345,Gaia DR3 2638410646295370880,K3V,4730,0.85,0.76,-0.45223,2.028458,4.46,8.5,0.28,[Fe/H],-37.65852,,0,
HD 219077,2.61437,HD 219077,HD 219077,HIP 114699,TIC 394125166,Gaia DR3 6489771832811810432,G8 V+,5362,1.91,0.92,0.425,0.170299,4,8.9,-0.13,[Fe/H],-30.8691,,1.46,-5.22
HD 219134,2.61402,HD 219134,HD 219134,HIP 114622,TIC 283722336,Gaia DR3 2009481748875806976,K3 V,4699,0.778,0.81,-0.57741,2.438,4.567,11,0.11,[Fe/H],-18.42,,0.4,
HD 219134,2.61402,HD 219134,HD 219134,HIP 114622,TIC 283722336,Gaia DR3 2009481748875806976,K3 V,4913,0.77,0.794,-0.50864,2.43759,4.51,12.46,0.08,[Fe/H],-18.42,,0.4,
HD 219139,2.573015,HD 219139,HD 219139,,TIC 423269863,Gaia DR3 2810597431380568448,G5 III,4831,11.22,1.46,1.79463,,2.48,,-0.2,[Fe/H],,,2.04,
HD 219415,2.103655,HD 219415,HD 219415,,TIC 323819453,Gaia DR3 2009255593080688640,K0 III,4820,2.9,1,0.62,,3.51,7.233,-0.04,[Fe/H],-83.37358,,,
HD 219666,2.103969,HD 219666,HD 219666,,TIC 266980320,Gaia DR3 6492940453524576128,G5 V,5540,1.059,1.02,-0.0278,1.175678,4.4,10,0.04,[Fe/H],-20.0976,,2.2,-5.07
HD 219828,2.61642,HD 219828,HD 219828,HIP 115100,TIC 243085377,Gaia DR3 2824958015312906240,G0 IV,5891,1.56,1.04,0.42,0.32597,4.17,5.69,0.19,[Fe/H],-24.032,31.7,2.9,
HD 220074,2.61695,HD 220074,HD 220074,HIP 115218,TIC 269237357,Gaia DR3 2014988549785194752,M2 III,3787,54.92,2.2,2.89354,,1.3,4.5,-0.25,[Fe/H],-36.89,,3,
HD 220197,2.61771,HD 220197,HD 220197,HIP 115359,TIC 435199076,Gaia DR3 2817634821194781824,G5,5683,0.98,0.91,-0.00343,1.305605,4.42,10.165,-0.55,[Fe/H],-40.39465,19,1.5,
HD 220689,2.61907,HD 220689,HD 220689,HIP 115662,TIC 9156146,Gaia DR3 2391838429257482496,G3 V,5921,1.068,1.016,0.093,0.975398,4.36,4.586,-0.07,[Fe/H],12.1928,29,2.3,
HD 220773,2.61926,HD 220773,HD 220773,HIP 115697,TIC 354326161,Gaia DR3 2761142326076104192,F9,5940,1.679696,1.16,0.49796,0.334113,4.24,4.4,0.09,[Fe/H],-37.71437,,3,
HD 220842,2.61933,HD 220842,HD 220842,HIP 115714,TIC 251866143,Gaia DR3 1997273733835247616,F8,5960,1.41647,1.13,0.35703,0.51898,4.24,,-0.17,[Fe/H],-22.5746,,3.4,
HD 221287,2.62093,HD 221287,HD 221287,HIP 116084,TIC 231716612,Gaia DR3 6489603813690967808,F7 V,6304,1.13864,1.25,0.22011,1.212855,4.43,1.3,-0.03,[Fe/H],-21.90084,,3.92,
HD 221416,2.62132,HD 221416,HD 221416,HIP 116158,TIC 441462736,Gaia DR3 2388463203438164096,K0 IV/V,5080,2.943,1.212,0.71181,0.06702,3.584,4.9,-0.08,[Fe/H],25.28693,,2.8,
HD 221420,2.62178,HD 221420,HD 221420,HIP 116250,TIC 277890728,Gaia DR3 6353376831270492800,G2 IV-V,5847,1.947,1.351,0.60293,0.208176,4.03,3.65,0.33,[Fe/H],26.5901,,0.71,-5.28
HD 221585,2.62160,HD 221585,HD 221585,HIP 116221,TIC 270730826,Gaia DR3 2016655237613545728,G8 IV,5620,1.850575,1.19,0.4216,0.215997,4.05,6.2,0.29,[Fe/H],6.4332,33.3,3.7,
HD 222076,2.62350,HD 222076,HD 222076,HIP 116630,TIC 325178933,Gaia DR3 6386468454774591744,K0 III,4806,4.1,1.07,0.92942,,3.31,4.5,0.05,[Fe/H],25.67243,,3.2,
HD 222155,2.62341,HD 222155,HD 222155,HIP 116616,TIC 26370518,Gaia DR3 1943363751009454976,G2 V,5701,1.85,1.21,0.50892,0.243989,3.99,8.2,-0.18,[Fe/H],-43.9923,,3.2,
HD 222237,2.62400,HD 222237,HD 222237,HIP 116745,TIC 277913391,Gaia DR3 6380214844952702848,K3 V,4751,0.71,0.76,-0.66555,3.001295,4.61,8.8,-0.32,[Fe/H],69.2,,2.4,-4.86
HD 222582,2.62482,HD 222582,HD 222582,HIP 116906,TIC 9005067,Gaia DR3 2440578577126302336,G5 V,5790,1.13,1.12,0.11471,1.007252,4.38,10.24,0.01,[Fe/H],12.08716,,2.3,
HD 224018,2.326472,HD 224018,HD 224018,,TIC 248608315,Gaia DR3 2446440348493043968,G V,5784,1.147,1.013,0.12385,0.902289,4.32,7,0.05,[Fe/H],-62.77,,2.1,
HD 224538,2.63129,HD 224538,HD 224538,HIP 118228,TIC 280803137,Gaia DR3 6488009143872441216,F8/G0 IV/V,6097,1.54,1.23,0.46982,0.531443,4.19,2,0.27,[Fe/H],-10.70517,,3.9,-4.93
HD 224693,2.63187,HD 224693,HD 224693,HIP 118319,TIC 114807081,Gaia DR3 2340155679036275200,G2 V,5894,1.93,1.31,0.61,0.233326,4.38,4.12,0.27,[Fe/H],1.48787,,3.5,
HD 22496,2.54579,HD 22496,HD 22496,HIP 16711,TIC 200851505,Gaia DR3 4833654227548585856,K5/M0V,4385,0.674,0.684,-1.17393,2.380323,4.69,,-0.08,[Fe/H],21.44,30,,
HD 22532,2.573027,HD 22532,HD 22532,,TIC 200851704,Gaia DR3 4832768399133598080,G8 III/IV,5038,5.69,1.57,1.27416,,3.09,,-0.19,[Fe/H],,,,
HD 22781,2.54610,HD 22781,HD 22781,HIP 17187,TIC 101166776,Gaia DR3 217334764042444288,K1,5027,0.743475,0.75,-0.47556,2.830353,4.6,4.8,-0.37,[Fe/H],8.2508,,1.73,
HD 22946,2.573321,HD 22946,HD 22946,HIP 17047,TIC 100990000,Gaia DR3 4848767461548943104,F7/F8V,6169,1.117,1.098,0.20919,1.1,4.47,2.5,-0.08,[Fe/H],,,,
HD 23079,2.54605,HD 23079,HD 23079,HIP 17096,TIC 206402844,Gaia DR3 4733035238430992768,F9.5 V,5994,1.08,1.16,0.13033,1.223611,4.37,2.6,-0.129,[Fe/H],0.5738,15,2.99,-4.929
HD 23127,2.54601,HD 23127,HD 23127,HIP 17054,TIC 311924816,Gaia DR3 4680773217379728128,G2 V,5843,1.49,1.208,0.45175,0.332942,4.146,4.508,0.29,[Fe/H],19.17017,33,3.3,
HD 231701,2.58648,HD 231701,HD 231701,HIP 96078,TIC 92300251,Gaia DR3 4321678767076043264,F8 V,6101,1.53,1.21,0.47,0.526876,4.31,3.43,0.05,[Fe/H],-63.35734,12.2,4,
HD 233604,2.103689,HD 233604,HD 233604,,TIC 150184553,Gaia DR3 1023492257121204352,K5,4791,10.9,1.5,1.75,,2.55,2.4,-0.36,[Fe/H],-73.75055,,2,
HD 233832,2.56405,HD 233832,HD 233832,HIP 55806,TIC 445811628,Gaia DR3 790236569006916096,G0,4981,0.68,0.71,-0.52273,2.871887,4.49,5.417,-0.66,[Fe/H],-65.61466,41,0.8,
HD 23472,2.54616,HD 23472,HD 23472,HIP 17264,TIC 425997655,Gaia DR3 4674216245427964416,K4 V,4684,0.71,0.67,-0.62525,2.706866,4.53,,-0.2,[Fe/H],34.55274,40.1,1.45,-4.9969
HD 235088,2.574145,HD 235088,HD 235088,HIP 98668,TIC 293954617,Gaia DR3 2089570519439964416,K V,5075,0.772,0.849,-0.4437,2.622277,4.55,0.7,-0.02,[Fe/H],,12.17,1.9,-4.48
HD 23596,2.54673,HD 23596,HD 23596,HIP 17747,TIC 201266092,Gaia DR3 224870885460646016,F8,6040,1.53,1.1,0.45821,0.394784,4.23,5.68,0.33,[Fe/H],-10.02529,,4.2,-5.06
HD 238090,2.56613,HD 238090,HD 238090,HIP 59514,TIC 224289449,Gaia DR3 1573086442800134272,M0.0 V,3933,0.57,0.578,-1.15366,4.050642,4.7,,-0.03,[Fe/H],-17.668,96.7,2,
HD 238914,2.58447,HD 238914,HD 238914,HIP 91388,TIC 359558085,Gaia DR3 2154807121292791040,K7,4769,12.73,1.47,1.85,,2.37,,-0.25,[Fe/H],-6.724,257,2.5,
HD 240210,2.103451,HD 240210,HD 240210,,TIC 315415155,Gaia DR3 2009148596857820160,K3 III,4297,25.456816,0.82,1.55,,2.31,5.085,-0.18,[Fe/H],8.79582,,1,
HD 240237,2.61500,HD 240237,HD 240237,HIP 114840,TIC 323919676,Gaia DR3 2010336687886382592,K2 III,3926,71.23,8.76,2.49,,1.67,4.42,-0.25,[Fe/H],-24.43456,,,
HD 24040,2.54690,HD 24040,HD 24040,HIP 17960,TIC 456863621,Gaia DR3 43802039287826432,G0 V,5776.49,1.387296,1.10394,0.27569,0.553993,4.197486,6.68,0.1971,[Fe/H],-9.9,,2.39,-5.09
HD 24040,2.54690,HD 24040,HD 24040,HIP 17960,TIC 456863621,Gaia DR3 43802039287826432,G0 V,5802,1.3,1.11,0.27569,0.553993,4.26,6.68,0.19,[Fe/H],-9.9,,2.39,-5.09
HD 24064,2.54735,HD 24064,HD 24064,HIP 18451,TIC 102987456,Gaia DR3 549832131164952832,K0,4052,40,1.61,2.54628,,1.44,9,-0.49,[Fe/H],-45.28248,,3.5,
HD 24085,2.54646,HD 24085,HD 24085,HIP 17515,TIC 32001057,Gaia DR3 4666907516760096512,G0 V,6034,1.412551,1.22,0.37712,0.576205,4.1967,,0.17,[M/H],27.9366,,6,
HD 25015,2.54744,HD 25015,HD 25015,HIP 18527,TIC 178249461,Gaia DR3 5094032153102626688,K2 V,5160,0.83,0.86,-0.38416,2.246882,4.4,4,0.04,[Fe/H],28.14716,13.6,3.485,
HD 25171,2.54728,HD 25171,HD 25171,HIP 18387,TIC 237933846,Gaia DR3 4670023700215616768,F8 V,6125,1.23,1.076,0.27646,0.944863,4.263,4.802,-0.12,[Fe/H],43.6,22,1,
HD 25463,2.573408,HD 25463,HD 25463,HIP 18893,TIC 407966340,Gaia DR3 3301771025223950336,,6353,1.4182,1.251,0.47276,0.6098,4.227,2.3,-0.018,[Fe/H],,,,-5.26
HD 25723,2.572987,HD 25723,HD 25723,HIP 19011,TIC 136888305,Gaia DR3 3188967248247014784,K1 III,4766,13.76,2.12,1.94443,,2.5,0.95,-0.03,[Fe/H],,190.21,3.66,
HD 25912,2.578140,HD 25912,HD 25912,,TIC 237356930,Gaia DR3 4828528063821835648,,5920.58,0.995896,1.08,0.04058,1.541518,4.47506,,0.12,[M/H],,,,
HD 260655,2.55375,HD 260655,HD 260655,HIP 31635,TIC 307809773,Gaia DR3 3359074685047632640,M0 V,3803,0.439,0.439,-1.43997,7.3,5.2,5,-0.43,[Fe/H],-58.75,37.5,2,-4.84
HD 26161,2.572927,HD 26161,HD 26161,HIP 19428,TIC 467753728,Gaia DR3 169149766470219520,,6057.62,1.455981,1.12,0.39304,0.529746,4.163476,,-0.0095,[Fe/H],,,,
HD 2638,2.53991,HD 2638,HD 2638,HIP 2350,TIC 244178536,Gaia DR3 2526925389919277056,K1 V,5186,0.94,0.77,-0.33,1.835213,4.38,3,0.13,[Fe/H],9.6279,,1.1,
HD 2685,2.103987,HD 2685,HD 2685,,TIC 267263253,Gaia DR3 4684205720883329920,,6801,1.56,1.43,0.66839,0.514619,4.21,1.31,0.02,[Fe/H],3.64165,,15.4,
HD 27442,2.54838,HD 27442,HD 27442,HIP 19921,TIC 198079199,Gaia DR3 4678664766393829504,K1/2III,4846,3.18,1.23,0.8509,,3.783,10,0.42,[Fe/H],29.03293,,2.8,
HD 27631,2.54854,HD 27631,HD 27631,HIP 20199,TIC 7652514,Gaia DR3 4840050395924931968,G3 IV/V,5737,0.923,0.944,-0.056,1.1271,4.455,4.01,-0.12,[Fe/H],21.1133,31,1.34,-4.91
HD 27894,2.54860,HD 27894,HD 27894,HIP 20277,TIC 396697266,Gaia DR3 4678605152248591488,K2 V,4875,0.891767,0.8,-0.449,1.846337,4.22,3.9,0.3,[Fe/H],82.9023,44,1.5,
HD 27894,2.54860,HD 27894,HD 27894,HIP 20277,TIC 396697266,Gaia DR3 4678605152248591488,K2 V,4875,0.891767,0.81,-0.449,1.846337,4.22,3.9,0.3,[Fe/H],82.9023,44,1.5,
HD 27969,2.572948,HD 27969,HD 27969,HIP 20753,TIC 27828749,Gaia DR3 228532602782156288,G0 V,5966,1.27,1.16,0.5282,0.264561,4.12,,0.18,[Fe/H],,,4.1,
HD 28109,2.573080,HD 28109,HD 28109,HIP 20295,TIC 29781292,Gaia DR3 4668163021600295552,F8,6189,1.425,1.227,0.43297,0.62114,4.25,3.2,0.1,[Fe/H],,,8,-4.991
HD 28185,2.54887,HD 28185,HD 28185,HIP 20723,TIC 37947783,Gaia DR3 3179384931394690304,G5,5602,1.048,0.974,-0.01323,1.116802,4.386,8.3,0.19,[Fe/H],50.251,,2.54,
HD 28192,2.578141,HD 28192,HD 28192,,TIC 248644661,Gaia DR3 3205907595694244480,,5919.87,1.07094,1.08,0.10347,1.239641,4.41196,,,,,,,
HD 28254,2.54880,HD 28254,HD 28254,HIP 20606,TIC 219256496,Gaia DR3 4781553628548774656,G5 V,5664,1.48,1.1,0.34,0.357636,4.12,6,0.06,[Fe/H],-9.315,,2.3,-5.17
HD 284149 A,2.579447,HD 284149,HD 284149 A,HIP 19176,TIC 15817487,Gaia DR3 51914888911355776,,6035,1.36,1.13,0.34242,0.841845,4.30647,0.025,,,,1.051,27,
HD 28471,2.580007,HD 28471,HD 28471,HIP 20625,TIC 38698692,Gaia DR3 4675222436007028608,G5 V,5766,1.08,0.98,0.06167,1.120763,4.38,6.56,-0.04,[Fe/H],,26.18,2,
HD 285507,2.54794,HD 285507,HD 285507,HIP 19207,TIC 389018596,Gaia DR3 45159901786885632,K4.5 V,4503,0.69,0.82,-0.71932,1.895568,4.67,0.625,0.13,[Fe/H],38.149,,3.2,
HD 285968,2.54999,HD 285968,HD 285968,HIP 21932,TIC 397354290,Gaia DR3 3409711211681795584,M2 V,3703.49,0.478214,0.5,-1.658,5.922976,4.74889,3.62,-0.1,[Fe/H],26.4105,,0.8,
HD 28678,2.54922,HD 28678,HD 28678,HIP 21109,TIC 449145115,Gaia DR3 3282351760091020672,G8 IV,4972,6.48,1.53,1.35984,,3.06,1.8,-0.11,[Fe/H],61.77426,,2.97,
HD 29021,2.54967,HD 29021,HD 29021,HIP 21571,TIC 458350670,Gaia DR3 471536354830504448,G5,5560,0.85,0.86,-0.18111,1.992,4.44,5.5,-0.3,[Fe/H],-0.2,,2.7,
HD 290327,2.55208,HD 290327,HD 290327,HIP 25191,TIC 4205424,Gaia DR3 3214129537488896896,G8 V,5505,0.95,0.84,-0.14,1.653134,4.41,,-0.14,[Fe/H],29.559,,1.44,
HD 29399,2.572996,HD 29399,HD 29399,,TIC 38828538,Gaia DR3 4675576135153914368,K1 III,4845,4.5,1.17,1.00173,,3.25,6.2,0.14,[Fe/H],,,,
HD 2952,2.53995,HD 2952,HD 2952,HIP 2611,TIC 452910671,Gaia DR3 418206501834841600,K0 III,4853,10.9,1.91,1.76782,,2.65,,0,[Fe/H],-34.86008,,1.92,
HD 29985,2.578142,HD 29985,HD 29985,HIP 21865,TIC 170867837,Gaia DR3 4868261081155110400,,4678,0.574666,0.75,-0.84623,5.571591,4.7943,,-0.22,[M/H],,,,
HD 30177,2.54989,HD 30177,HD 30177,HIP 21850,TIC 220408612,Gaia DR3 4774301387290235136,G8 V,5580,1.019,0.98,0.0835,0.814574,4.417,2.525,0.3699,[M/H],62.79758,45,2.96,
HD 30562,2.55033,HD 30562,HD 30562,HIP 22336,TIC 176379354,Gaia DR3 3188395880157173120,G2 IV,5882,1.61,1.12,0.45,0.341219,4.07,3.6,0.2,[Fe/H],77.2364,,4.9,-5.04
HD 30669,2.55031,HD 30669,HD 30669,HIP 22320,TIC 607907,Gaia DR3 4880032624440826112,G9 V,5400,0.91,0.92,-0.14602,1.530085,4.37,4.8,0.13,[Fe/H],65.8,,1.7,
HD 307842,2.573583,HD 307842,HD 307842,,TIC 460984940,Gaia DR3 5251941573573934080,G,5558,0.907,0.91,-0.19034,1.781,4.48,,-0.13,[Fe/H],15.06,,1.1,-4.99
HD 30856,2.55048,HD 30856,HD 30856,HIP 22491,TIC 612908,Gaia DR3 4893980371818915456,K0 III,4895,4.4,1.17,0.99564,,3.2,3.8,-0.06,[Fe/H],35.70616,,2.85,
HD 31253,2.55082,HD 31253,HD 31253,HIP 22826,TIC 436700755,Gaia DR3 3295354481521174656,F8,6130,1.75,1.7,0.51667,0.25572,4.18,3,0.17,[Fe/H],12.26911,,3.8,-5.11
HD 31527,2.55088,HD 31527,HD 31527,HIP 22905,TIC 146322354,Gaia DR3 2972622770521857664,G2 V,5898,1.073694,0.96,0.07918,1.20634,4.45,,-0.17,[Fe/H],25.65826,20.3,1.9,
HD 3167,2.53998,HD 3167,HD 3167,HIP 2736,TIC 318707987,Gaia DR3 2554032474712538880,K0 V,5261,0.88,0.837,-0.27003,1.817266,4.53,7.8,0.04,[Fe/H],19.531,23.52,2.41,-5.04
HD 32518,2.55162,HD 32518,HD 32518,HIP 24003,TIC 310836777,Gaia DR3 497653157602636928,K1 III,4580,10.22,1.13,1.66577,,2.1,5.83,-0.15,[Fe/H],-6.47233,,1.2,
HD 32963,2.55156,HD 32963,HD 32963,HIP 23884,TIC 69528586,Gaia DR3 3421680597955802624,G5 IV,5727,1.111044,0.94,0.06398,1.126942,4.41,4.99,0.11,[Fe/H],-62.9,,1.2,-5.02
HD 330075,2.57618,HD 330075,HD 330075,HIP 77517,TIC 275786473,Gaia DR3 5982775854377691136,K1,5000,0.84,0.47,-0.33,2.016813,4.26,6.2,0.05,[Fe/H],61.2836,,0.7,
HD 331093,2.572923,HD 331093,HD 331093,,TIC 71528173,Gaia DR3 2033246455795280896,K0,5544,1.1112,1.03,0.00646,0.986427,4.2,,0.17,[Fe/H],-51.29,,2.5,
HD 33142,2.55152,HD 33142,HD 33142,HIP 23844,TIC 169397663,Gaia DR3 2986948238799721216,K0 III,5025.4,4.17,1.52,1.00043,,3.375,2.72,0.06,[Fe/H],33.7815,,2,
HD 332231,2.104398,HD 332231,HD 332231,,TIC 199376584,Gaia DR3 2056007995732413312,F8,6128,1.266,1.1642,0.30792,0.7993,4.296,2.9,0.043,[Fe/H],-23.17377,,,
HD 33283,2.55157,HD 33283,HD 33283,HIP 23889,TIC 13147218,Gaia DR3 2955981936912654592,G3/G5 V,5935,1.97,1.38,0.64,0.214497,4.12,3.63,0.35,[Fe/H],5.00844,,3.2,
HD 33564,2.55206,HD 33564,HD 33564,HIP 25110,TIC 142103211,Gaia DR3 553480551264062848,F6 V,6250,1.4367,1.25,0.53504,0.571727,4,3,-0.12,[Fe/H],0.107,,12,
HD 33844,2.55172,HD 33844,HD 33844,HIP 24275,TIC 169534187,Gaia DR3 2986593268342544768,K0 III,4861,5.29,1.78,1.14922,,3.24,1.88,0.27,[Fe/H],36.48971,,1,
HD 33844,2.55172,HD 33844,HD 33844,HIP 24275,TIC 169534187,Gaia DR3 2986593268342544768,K0 III,4861,5.39,1.84,1.17,,3.24,2.42,0.27,[Fe/H],36.48971,,3.44,
HD 34445,2.55191,HD 34445,HD 34445,HIP 24681,TIC 284907742,Gaia DR3 3241295308714904960,G0 V,5879,1.38,1.14,0.3032,0.467199,4.21,8.5,0.18,[Fe/H],-79.04146,22,2.7,-5.04
HD 34445,2.55191,HD 34445,HD 34445,HIP 24681,TIC 284907742,Gaia DR3 3241295308714904960,G0 V,5836,1.38,1.07,0.3032,0.467199,4.21,8.5,0.14,[Fe/H],-79.04146,22,2.7,-5.04
HD 35759,2.55222,HD 35759,HD 35759,HIP 25883,TIC 286954708,Gaia DR3 287622247440034688,G0,6060,1.759974,1.15,0.53724,0.311309,4.24,,0.04,[Fe/H],-12.5704,,3.5,
HD 35843,2.576704,HD 35843,HD 35843,HIP 25359,TIC 7422496,Gaia DR3 4799563663371481344,,5666,0.897,0.94,-0.12494,1.84,4.47,2.5,-0.27,[Fe/H],13.76816,25.49,2.09,-5.01
HD 360,2.573009,HD 360,HD 360,,TIC 37652064,Gaia DR3 2429415922764859392,G8 III,4770,10.86,1.69,1.74162,,2.59,,-0.06,[Fe/H],,,1.86,
HD 36384,2.579027,HD 36384,HD 36384,HIP 26638,TIC 418343111,Gaia DR3 502835190261902464,M0 III,3940,38.4,1.14,2.58915,,1.1,0.113,-0.16,[Fe/H],,440,4.5,
HD 3651,2.54011,HD 3651,HD 3651,HIP 3093,TIC 434210589,Gaia DR3 2802397960855105920,K0 V,5221,0.871954,0.799,-0.27415,1.905324,4.45,3,0.1453,[M/H],-33.5,48,1.1,-5.02
HD 37124,2.55232,HD 37124,HD 37124,HIP 26381,TIC 19631691,Gaia DR3 3402798414192387328,G4 V,5698.64,0.949168,0.85,-0.11224,1.713122,4.391203,4,-0.44,[Fe/H],-22.97816,,1.2,-4.9
HD 37605,2.55239,HD 37605,HD 37605,HIP 26664,TIC 144730053,Gaia DR3 3332911492327546368,K0,5329,0.91,0.94,-0.22,1.367928,4.511,5.65,0.27,[Fe/H],-21.80673,,1,
HD 3765,2.54016,HD 3765,HD 3765,HIP 3206,TIC 424009747,Gaia DR3 369092520004831232,K2V,5049.8,0.83061,0.851785,-0.41634,2.335645,4.527285,2,0.1716,[Fe/H],-63.9,,0,
HD 38283,2.55231,HD 38283,HD 38283,HIP 26380,TIC 141411201,Gaia DR3 4650314511916109696,F9.5 V,5981,1.49,1.37,0.41069,0.466076,4.23,6.2,-0.18,[Fe/H],61.40121,,3,-4.97
HD 38529,2.55253,HD 38529,HD 38529,HIP 27253,TIC 200093173,Gaia DR3 3219847066672970368,G4 IV,5697,2.857838,0.98,0.8342,0.060626,3.709333,4.5,0.51,[Fe/H],30.27195,37,3.2,-4.96
HD 38801,2.55259,HD 38801,HD 38801,HIP 27384,TIC 66650754,Gaia DR3 3012677738601895168,K0,5338,2.029,1.207,0.65896,,3.877,6.072,0.25,[Fe/H],-25.09608,47,1.87,
HD 39091,2.55233,HD 39091,HD 39091,HIP 26394,TIC 261136679,Gaia DR3 4623036865373793408,G0 V,5998,1.19,1.07,0.15957,0.944584,4.36,3.92,0.09,[Fe/H],10.70916,18.3,3.34,-4.97
HD 39091,2.55233,HD 39091,HD 39091,HIP 26394,TIC 261136679,Gaia DR3 4623036865373793408,G0 V,5998,1.17,1.07,0.15957,0.944584,4.43,3.92,0.09,[Fe/H],10.70916,18.3,3.34,-4.97
HD 39091,2.55233,HD 39091,HD 39091,HIP 26394,TIC 261136679,Gaia DR3 4623036865373793408,G0 V,5998,1.17,1.07,0.15836,0.944584,4.43,2.98,0.09,[Fe/H],10.70916,18.3,3.16,-4.97
HD 39194,2.55248,HD 39194,HD 39194,HIP 27080,TIC 389506883,Gaia DR3 4657193606465368704,K0 V,5205,0.783742,0.86,-0.40894,2.577092,4.53,10,-0.61,[Fe/H],7.68802,,2,-4.95
HD 39855,2.55271,HD 39855,HD 39855,HIP 27922 A,TIC 160301040,Gaia DR3 2966316109264052096,G8 V,5576,0.744665,0.87,-0.31625,3.130703,4.66464,,,,42.58386,,3,
HD 40307,2.55267,HD 40307,HD 40307,HIP 27887,TIC 374859347,Gaia DR3 4758877919212831104,K2.5 V,4956,0.716684,0.77,-0.639,3.025586,4.47,4.5,-0.31,[Fe/H],31.33438,,1,
HD 40956,2.55296,HD 40956,HD 40956,HIP 28951,TIC 71099944,Gaia DR3 1008018211509401728,K0,4869,8.56,2,1.66436,,3.02,1.35,0.14,[Fe/H],-15.8,,2.7,
HD 40979,2.55288,HD 40979,HD 40979,HIP 28767,TIC 440489582,Gaia DR3 961428192989499904,F8 V,6165,1.21,1.45,0.29056,0.867788,4.43,3.56,0.2,[Fe/H],32.8,,7.4,-4.63
HD 41004 A,2.55279,HD 41004,HD 41004 A,HIP 28393 A,TIC 219152539,,K1/K2 V,5310,0.85,0.95,-0.293,,4.37,0.22,0.23,[Fe/H],42.513,,2,
HD 41004 B,2.76744,HD 41004,HD 41004 B,HIP 28393 B,TIC 734710085,Gaia DR3 4794830231453653888,M2 V,5036,1.04137,0.4,-0.20175,1.048639,4.32713,,,,41.697,,,
HD 4113,2.54029,HD 4113,HD 4113,HIP 3391,TIC 118586897,Gaia DR3 5000774703569900800,G5 V,5688,1.077514,1.008,0.086,1.104393,4.4,5,0.2,[Fe/H],4.874,,2.324,-5.104
HD 42012,2.55304,HD 42012,HD 42012,HIP 29242,TIC 97724459,Gaia DR3 3452333199728743936,K0,5405,0.82,0.83,-0.26975,2.201444,4.45,4.1,-0.09,[Fe/H],41.06791,,2.2,
HD 4203,2.54039,HD 4203,HD 4203,HIP 3502,TIC 434225151,Gaia DR3 2801366000472903040,G5,5596,1.42,1.25,0.29285,0.415247,4.23,8.52,0.4,[Fe/H],-14.05652,,1.23,-5.18
HD 4203,2.54039,HD 4203,HD 4203,HIP 3502,TIC 434225151,Gaia DR3 2801366000472903040,G5,5582,1.49795,0.99,0.29285,0.415247,4.08271,8.52,0.34,[M/H],-14.05652,,1.23,-5.18
HD 4208,2.54037,HD 4208,HD 4208,HIP 3479,TIC 43400838,Gaia DR3 2343647384368388608,G7 V Fe-1 CH-0.5,5717,0.846,0.883,-0.09961,1.73372,4.501,3.813,-0.28,[Fe/H],56.75898,25,0,-4.95
HD 42618,2.55311,HD 42618,HD 42618,HIP 29432,TIC 153289168,Gaia DR3 3319126988068404096,G4 V,5727,0.999,1.015,-0.00877,1.573253,4.44,3.72,-0.09,[Fe/H],-53.7,,2,-4.94
HD 4308,2.54038,HD 4308,HD 4308,HIP 3497,TIC 234501204,Gaia DR3 4708607629114652032,G5V,5686,1.02,0.93,-0.004,1.239378,4.39,4.3,-0.35,[Fe/H],95.1882,,1.2,
HD 4313,2.54042,HD 4313,HD 4313,HIP 3574,TIC 405228516,Gaia DR3 2557541493057378048,G5,4943,5.14,1.63,1.14922,,3.24,2,0.14,[Fe/H],14.6693,,1.91,
HD 43197,2.55314,HD 43197,HD 43197,HIP 29550,TIC 37660988,Gaia DR3 2896745747966986240,G8 V,5508,1,0.96,-0.137,1.119633,4.31,,0.4,[Fe/H],72.512,,2.18,
HD 43691,2.55325,HD 43691,HD 43691,HIP 30057,TIC 258444495,Gaia DR3 959971546241608576,G0,6093,1.6,1.32,0.5,0.308734,4.28,2.39,0.33,[Fe/H],-29,,4.7,
HD 44219,2.55329,HD 44219,HD 44219,HIP 30114,TIC 443055162,Gaia DR3 3001428566419966592,G3 V,5752,1.32,1.2,0.26,0.50056,4.21,8.4,0.03,[Fe/H],-12.0732,,2.2,-5.04
HD 45184,2.55343,HD 45184,HD 45184,HIP 30503,TIC 49831913,Gaia DR3 2898239468873596800,G1.5 V,5869,1.075139,1.03,0.05308,1.282207,4.47,6.8,0.04,[Fe/H],-4.1,21.5,2.1,-4.95
HD 45350,2.55349,HD 45350,HD 45350,HIP 30860,TIC 144132551,Gaia DR3 955758320761687680,G5 V,5566,1.26442,0.98,0.14065,0.683465,4.22551,8,0.23,[M/H],-20.72582,,1.4,-5.1
HD 45364,2.55344,HD 45364,HD 45364,HIP 30579,TIC 117768715,Gaia DR3 2893174259322992256,K0 V,5466,0.89,0.82,-0.19586,1.836412,4.38,,-0.17,[Fe/H],16.30644,32,1,
HD 45652,2.55352,HD 45652,HD 45652,HIP 30905,TIC 206948365,Gaia DR3 3327980255695313792,G8/K0,5294,0.94,0.92,-0.2,1.461073,4.2,8.4,0.26,[Fe/H],-5.117,,2,
HD 457,2.578143,HD 457,HD 457,,TIC 120506209,Gaia DR3 4996584567835662848,,6114.04,1.28194,1.15,0.31574,0.769596,4.28303,,0.34,[M/H],,,,
HD 46375,2.55364,HD 46375,HD 46375,HIP 31246,TIC 234928947,Gaia DR3 3131777319158581376,K1 IV-V,5285,0.914196,0.92,-0.24502,1.640319,4.533,9,0.24,[Fe/H],-1.06646,,0.86,-4.96
HD 47186,2.55370,HD 47186,HD 47186,HIP 31540,TIC 101145648,Gaia DR3 2919760965880144384,G6 V,5657,1.08,0.96,0.04298,1.057093,4.36,6.5,0.24,[Fe/H],4.3035,,2.2,
HD 4732,2.54064,HD 4732,HD 4732,HIP 3834,TIC 63905972,Gaia DR3 2345744256120965504,K0 IV,4898,5.03,1.39,1.11826,,3.17,1.47,-0.01,[Fe/H],25.00074,,1.45,
HD 47366,2.55377,HD 47366,HD 47366,HIP 31674,TIC 443578538,Gaia DR3 2951804033248308480,K1 III,4866,7.3,1.81,1.41664,,2.97,1.61,-0.02,[Fe/H],9.11832,86,4.3,
HD 47536,2.55378,HD 47536,HD 47536,HIP 31688,TIC 52172862,Gaia DR3 5583831735369515008,K1 III,4380,23.47,2.1,2.24845,,2.13,10.15,-0.65,[Fe/H],79.395,,1.93,
HD 4760,2.54066,HD 4760,HD 4760,HIP 3869,TIC 405337087,Gaia DR3 2556428551067486720,K2,4076,42.4,1.05,2.93,,1.62,,-0.91,[Fe/H],-67.263,1531,1.4,
HD 48265,2.55385,HD 48265,HD 48265,HIP 31895,TIC 255781806,Gaia DR3 5551551998119947648,G5 IV/V,5805,2.05,1.38,0.58433,0.166534,4.06,4.201,0.39,[Fe/H],23.52241,45,3.1,
HD 48265,2.55385,HD 48265,HD 48265,HIP 31895,TIC 255781806,Gaia DR3 5551551998119947648,G5 IV/V,5733,1.901,1.312,0.58433,0.166534,3.97,4.201,0.3,[Fe/H],23.52241,45,3.1,
HD 48948,2.55408,HD 48948,HD 48948,HIP 32769,TIC 88228576,Gaia DR3 1003351437484254464,K3 V,4593,0.679,0.686,-0.78885,3.073421,4.61,11.48,-0.21,[Fe/H],-53,43.45,2,-4.915
HD 4917,2.54078,HD 4917,HD 4917,HIP 3975,TIC 77481104,Gaia DR3 2376225982619175424,K0 III/IV,4802,5.01,1.32,1.45591,,2.97,,0.18,[M/H],-11.29503,,,
HD 49674,2.55412,HD 49674,HD 49674,HIP 32916,TIC 21267079,Gaia DR3 951427000863064192,G5 V,5602,1.02,1.03,-0.02162,1.231631,4.44,3.62,0.32,[Fe/H],11.96901,,0.42,-4.8
HD 50499,2.55416,HD 50499,HD 50499,HIP 32970,TIC 53175558,Gaia DR3 5579783574073770112,G1 V,6102,1.351,1.253,0.37632,0.509984,4.247,2.391,0.26,[Fe/H],36.93681,25,4.313,-5.02
HD 50499,2.55416,HD 50499,HD 50499,HIP 32970,TIC 53175558,Gaia DR3 5579783574073770112,G1 V,6099,1.42,1.31,0.37632,0.509984,4.42,2.4,0.38,[Fe/H],36.93681,22.4,4.313,-5.02
HD 50554,2.55423,HD 50554,HD 50554,HIP 33212,TIC 80224448,Gaia DR3 3380479015342121600,F8 V,5987,1.02,1.04,0.143,1.084757,4.333282,2.16,-0.04,[Fe/H],-3.96032,,3.88,-4.95
HD 51608,2.55425,HD 51608,HD 51608,HIP 33229,TIC 279246287,Gaia DR3 5485320853638354304,G7 V,5358,0.916136,0.8,-0.24413,1.698108,4.36,,-0.07,[Fe/H],39.1,40,1.3,-4.97
HD 52265,2.55438,HD 52265,HD 52265,HIP 33719,TIC 268565917,Gaia DR3 3101382419728401408,G0V,6136,1.32,1.204,0.297,0.571445,4.36,3.5,0.21,[Fe/H],53.92138,,5.2,-5.02
HD 5278,2.572908,HD 5278,HD 5278,HIP 3911,TIC 263003176,Gaia DR3 4617759514501503616,F V,6203,1.194,1.126,0.28035,0.931895,4.5,3,-0.12,[Fe/H],,16.8,4.1,
HD 5319,2.54104,HD 5319,HD 5319,HIP 4297,TIC 344627954,Gaia DR3 2537319343919089024,G5,4871,4.06,1.27,0.908,,3.26,3.1,0.15,[Fe/H],0.45234,,3.31,
HD 5388,2.580317,HD 5388,HD 5388,HIP 4311,TIC 101936170,Gaia DR3 4981024829037160320,F6 V,6297,1.91,1.21,0.66276,0.266098,4.28,,-0.27,[Fe/H],,,4.2,-4.98
HD 55696,2.55464,HD 55696,HD 55696,HIP 34801,TIC 22598327,Gaia DR3 5565208310497615232,G0 V,6012,1.52,1.29,0.43,0.324701,4.15,2.64,0.37,[Fe/H],19.71555,,7,
HD 5583,2.103792,HD 5583,HD 5583,,TIC 53848538,Gaia DR3 363012289421389056,,4830,9.09,1.01,1.61,,2.53,7.41,-0.5,[Fe/H],11.68,,2.2,
HD 5608,2.54122,HD 5608,HD 5608,HIP 4552,TIC 53873088,Gaia DR3 362706006713454208,K0 IV,4807,5.43,1.29,1.15473,,3.06,1.72,0.04,[Fe/H],-22.79725,,1.37,
HD 564,2.53939,HD 564,HD 564,HIP 801,TIC 200658785,Gaia DR3 4973621989046219008,G2/G3 V,5902,1.01,0.961,0.01893,1.870149,4.53,5.5,-0.2,[Fe/H],11.46,,2,-4.83
HD 56414,2.573979,HD 56414,HD 56414,,TIC 300038935,Gaia DR3 5268547016621360768,,8500,1.751,1.89,1.15806,0.518127,4.25979,0.42,0,[Fe/H],,,59.4,
HD 56957,2.578144,HD 56957,HD 56957,,TIC 22972926,Gaia DR3 5561488078545298176,,5743,1.77793,1.03,0.49108,0.258379,3.95107,,,,,,,
HD 5891,2.54136,HD 5891,HD 5891,HIP 4715,TIC 243146568,Gaia DR3 2788816827588309120,G5,4673,10.64,1.93,1.5955,,2.67,1.5,-0.37,[Fe/H],-96.16492,,4.95,
HD 59686 A,2.55498,HD 59686,HD 59686 A,HIP 36616,TIC 247119634,Gaia DR3 3169225963647395712,K2 III,4658,13.2,1.9,1.82166,,2.49,1.73,0.15,[Fe/H],-33.5469,,1.03,
HD 60292,2.55515,HD 60292,HD 60292,HIP 37196,TIC 71296216,Gaia DR3 1095822117729707264,K0 III,4348,27,1.7,2.3941,,1.9,1.8,-0.17,[Fe/H],-12.69981,400,3.4,
HD 60532,2.55504,HD 60532,HD 60532,HIP 36795,TIC 456871289,Gaia DR3 5619121248267202688,F6 IV,6245,2.57,1.5,1.00089,0.092567,3.8,2.8,-0.26,[Fe/H],60.7,,8,
HD 6061,2.574179,HD 6061,HD 6061,,TIC 352413427,Gaia DR3 369669965470499456,,5934,1.0072,1.0269,0.05538,1.4057,4.441,2.4,-0.05,[Fe/H],,,,-4.76
HD 62364,2.578145,HD 62364,HD 62364,HIP 36941,TIC 271972463,Gaia DR3 5214209564293214208,F7 V,6255,1.401,1.19,0.43297,0.560275,4.14,3.901,-0.11,[Fe/H],,14,3.8,-5.02
HD 62364,2.578145,HD 62364,HD 62364,HIP 36941,TIC 271972463,Gaia DR3 5214209564293214208,F7 V,6255,1.401,1.157,0.43297,0.560275,4.14,3.901,-0.11,[Fe/H],,14,3.8,-5.02
HD 62509,2.55526,HD 62509,HD 62509,HIP 37826,TIC 423088367,,K0IIIvar,4892.63,8.9,2,1.612,,2.78,0.98,0.1027,[M/H],,,2.31,
HD 62549,2.578146,HD 62549,HD 62549,,TIC 68061731,Gaia DR3 3056551894686671616,,5930.46,1.23227,1.08,0.22846,0.813705,4.29008,,,,,,,
HD 63433,2.55535,HD 63433,HD 63433,HIP 38228,TIC 130181866,Gaia DR3 875071278432954240,G5 V,5688,0.912,0.99,-0.12494,1.832774,4.52,0.414,0.03,[Fe/H],-16.07,6.4,7.26,-4.39
HD 63433,2.55535,HD 63433,HD 63433,HIP 38228,TIC 130181866,Gaia DR3 875071278432954240,G5 V,5553,0.934,0.956,-0.1261,1.7997,4.56,0.414,-0.07,[Fe/H],-15.81,6.4,7.26,-4.39
HD 63454,2.55518,HD 63454,HD 63454,HIP 37284,TIC 278380701,Gaia DR3 5209903017765189760,K4 V,4812,0.77,0.42,-0.592,2.362051,4.28,1,0.1,[Fe/H],33.8411,,1.9,
HD 63765,2.55531,HD 63765,HD 63765,HIP 38041,TIC 340697083,Gaia DR3 5488567574038257280,G9 V,5449,0.83,0.65,-0.25647,2.262785,4.41,4.77,-0.16,[Fe/H],22.45038,23,1.63,
HD 63935,2.572984,HD 63935,HD 63935,HIP 38374,TIC 453211454,Gaia DR3 3145754895088191744,,5513,0.9598,0.9406,-0.11464,1.4863,4.445,6.6,0.107,[Fe/H],,,,-5.06
HD 64114,2.55538,HD 64114,HD 64114,HIP 38392,TIC 36021583,Gaia DR3 3037245604373149824,G7 V,5676,0.882858,0.95,-0.13735,1.866525,4.51786,,,,52.78865,,2,
HD 64121,2.573028,HD 64121,HD 64121,,TIC 264770836,Gaia DR3 5488303966125344512,G8/K0 III,5078,5.44,1.64,1.24797,,3.19,,-0.21,[Fe/H],,,,
HD 6434,2.54165,HD 6434,HD 6434,HIP 5054,TIC 180871947,Gaia DR3 4988158666636598272,G2/3 V,5769,1.12,1.1,0.05,1.037247,4.38,11.27,-0.55,[Fe/H],22.9237,,2.2,
HD 65216,2.55541,HD 65216,HD 65216,HIP 38558,TIC 382625142,Gaia DR3 5287961677550103424,G5 V,5612,0.88,0.874,-0.1498,2.022635,4.44,4,-0.1685,[M/H],42.674,,1,
HD 66141,2.55554,HD 66141,HD 66141,HIP 39311,TIC 452867458,Gaia DR3 3087964941891149952,K2 III,4323,21.4,1.1,2.24,,1.78,6.84,-0.323,[Fe/H],71.57,,4.7,
HD 66428,2.55556,HD 66428,HD 66428,HIP 39417,TIC 73238215,Gaia DR3 3083043390405346432,G8 IV (+ G),5716,1.13,1.01,0.09579,0.91809,4.33,3.515,0.23,[Fe/H],43.98928,38,0,-5.08
HD 67087,2.55563,HD 67087,HD 67087,HIP 39767,TIC 165796397,Gaia DR3 877846136542812160,F8 V,6330,1.55,1.36,0.54,0.632179,4.19,1.45,0.25,[Fe/H],0.6203,,9.7,
HD 6718,2.54192,HD 6718,HD 6718,HIP 5301,TIC 408047845,Gaia DR3 2475153682334693120,G5 V,5746,1.02,0.96,0.0531,1.46629,4.48,,-0.06,[Fe/H],34.7509,,1.76,
HD 68402,2.55559,HD 68402,HD 68402,HIP 39589,TIC 272546396,Gaia DR3 5214002100193281920,G5 IV/V,5950,1.02,1.12,0.06819,1.159778,4.47,2,0.29,[Fe/H],11.59616,,2.9,
HD 68475,2.580240,HD 68475,HD 68475,HIP 40051,TIC 80995687,Gaia DR3 5521268527328372096,K2 VC,5022,0.79099,0.83,-0.44562,2.364462,4.56,,0.07,[Fe/H],,,,
HD 6860,2.578977,HD 6860,HD 6860,HIP 5447,TIC 174500619,,M0 III,3802,86.4,2.49,3.22398,,0.541,,-0.03,[Fe/H],,7900,6,
HD 68988,2.55602,HD 68988,HD 68988,HIP 40687,TIC 73312938,Gaia DR3 1090159839002347136,G2 V,5883.41,1.255733,1.171665,0.22184,0.771193,4.309234,6,0.3052,[Fe/H],-69.5,,2.84,-5.04
HD 68988,2.55602,HD 68988,HD 68988,HIP 40687,TIC 73312938,Gaia DR3 1090159839002347136,G2 V,5932,1.19,1.28,0.22184,0.771193,4.4,6,0.35,[Fe/H],-69.5,,2.84,-5.04
HD 69123,2.573029,HD 69123,HD 69123,HIP 40344,TIC 146264536,Gaia DR3 5544699390684005248,K1 III,4842,7.72,1.68,1.46997,,2.86,,0.05,[Fe/H],,,,
HD 69830,2.55603,HD 69830,HD 69830,HIP 40693,TIC 307624961,Gaia DR3 5726982995343100928,K0V,5385,0.886947,0.86,-0.22,1.829997,4.490299,7,-0.05,[Fe/H],29.8,,1.1,-4.95
HD 70573,2.103397,HD 70573,HD 70573,,TIC 455235218,Gaia DR3 3090083696499829376,G1-1.5 V,5737,0.976919,1,-0.00083,1.651569,4.59,0.102,-0.18,[Fe/H],20.46006,,14.7,
HD 70642,2.55619,HD 70642,HD 70642,HIP 40952,TIC 183356952,Gaia DR3 5540006949934104448,G6 V,5732,0.984,1.078,0.01204,1.23591,4.458,0.919,0.22,[Fe/H],48.8,32,2.4,
HD 7199,2.54206,HD 7199,HD 7199,HIP 5529,TIC 52121796,Gaia DR3 4704957491028733824,K1 IV,5371,0.97,0.77,-0.1549,1.337161,4.35,6.79,0.32,[Fe/H],5.62694,,2.5,
HD 72490,2.55681,HD 72490,HD 72490,HIP 41997,TIC 20537900,Gaia DR3 603329694046441472,G5,4934,4.96,1.21,1.09107,,3.21,,-0.13,[M/H],31.82042,,,
HD 72659,2.55682,HD 72659,HD 72659,HIP 42030,TIC 121284864,Gaia DR3 3073443760538892032,G2 V,5929,1.36,1.033,0.37397,0.503322,4.23,8,-0.02,[Fe/H],-18.203,,1.6,-5
HD 72892,2.55686,HD 72892,HD 72892,HIP 42098,TIC 405344271,Gaia DR3 5722585739105853184,G5 V,5688,1.22,1.01,0.14613,0.907274,4.27,8,0.25,[Fe/H],-38.63777,,2.7,
HD 73256,2.578323,HD 73256,HD 73256,HIP 42214,TIC 11665403,Gaia DR3 5643762781311698048,G8 IV,5570,0.944723,1,-0.13198,1.621892,4.47423,2.2,0.29,[Fe/H],29.729,13.97,3.5,-4.46
HD 73267,2.55695,HD 73267,HD 73267,HIP 42202,TIC 11749208,Gaia DR3 5638825939745228544,K0 V,5387,0.909,0.93,-0.106,1.601295,4.447,8.14,0.03,[Fe/H],51.915,43,1.65,
HD 73344,2.55718,HD 73344,HD 73344,HIP 42403,TIC 175193677,Gaia DR3 666427539629086976,F6 V,6252.6,1.22,1.2,0.26184,1.013665,4.372,1.15,0.143,[Fe/H],5.8,9.088,5.3,-4.6
HD 73344,2.55718,HD 73344,HD 73344,HIP 42403,TIC 175193677,Gaia DR3 666427539629086976,F6 V,6148,1.22,1.19,0.26184,1.013665,4.36,1.15,0.16,[Fe/H],5.8,9.03,5.67,-4.6
HD 73526,2.55705,HD 73526,HD 73526,HIP 42282,TIC 180661948,Gaia DR3 5528196343926579968,G6 V,5601,1.53,1.014,0.33788,0.337483,4.12,9.2,0.22,[Fe/H],26.37837,,1.69,
HD 73526,2.55705,HD 73526,HD 73526,HIP 42282,TIC 180661948,Gaia DR3 5528196343926579968,G6 V,5601,1.53,1.14,0.33788,0.337483,4.12,9.2,0.22,[Fe/H],26.37837,,1.69,
HD 73534,2.55724,HD 73534,HD 73534,HIP 42446,TIC 21285884,Gaia DR3 603083781399095936,G5,4917,2.58,1.16,0.522,,3.6,7.04,0.232,[Fe/H],10.08022,,1,
HD 73583,2.573057,HD 73583,HD 73583,HIP 42401,TIC 101011575,Gaia DR3 5746824674801810816,K4 V,4511,0.65,0.73,-0.74425,3.69,4.62,0.48,0,[Fe/H],21.52,12.2,3.5,-4.47
HD 74156,2.55756,HD 74156,HD 74156,HIP 42723,TIC 379949822,Gaia DR3 582221750852254080,G0,6068,1.510576,1.1,0.40075,0.479036,4.139148,3.7,0.131,[Fe/H],3.84,,4.06,-5.08
HD 7449,2.54220,HD 7449,HD 7449,HIP 5806,TIC 248381971,Gaia DR3 2482820714353923072,F9.5 V,6024,0.97,1.196,0.10138,1.45002,4.52,2.1,-0.105,[M/H],-19.84879,,3,
HD 74698,2.578884,HD 74698,HD 74698,HIP 42532,TIC 308087983,Gaia DR3 5220639164696365312,G5 V,5783,1.333,1.039,0.25285,0.637196,4.12,7.847,0.07,[Fe/H],,30,2.2,-5.03
HD 75289,2.55800,HD 75289,HD 75289,HIP 43177,TIC 181741837,Gaia DR3 5524982093479504384,G0,6117,1.23,1.29,0.31247,0.712521,4.37,5.6,0.26,[Fe/H],8.9,,4.37,-5
HD 75302,2.579075,HD 75302,HD 75302,HIP 43297,TIC 262587669,Gaia DR3 581100382135253760,G5 V,5697.46,0.940904,1.06,-0.07549,1.709428,4.4953,2.1,0.0857,[M/H],,,0.46,-4.62
HD 75784,2.55833,HD 75784,HD 75784,HIP 43569,TIC 46310554,Gaia DR3 608182831000585728,G5,4867,3.4,1.26,0.756,,3.46,4,0.25,[Fe/H],45.64475,,,
HD 75898,2.55842,HD 75898,HD 75898,HIP 43674,TIC 302580456,Gaia DR3 713135102814770432,F8 V,6122,1.55,1.295,0.46,0.339217,4.34,3.2,0.29,[Fe/H],21.79,,4.2,-5.01
HD 76700,2.55846,HD 76700,HD 76700,HIP 43686,TIC 302368715,Gaia DR3 5272187804562841216,G6 V,5644,1.37,0.99,0.25719,0.503796,4.16,11,0.31,[Fe/H],38.0082,,1.35,
HD 76920,2.55857,HD 76920,HD 76920,HIP 43803,TIC 302372658,Gaia DR3 5224124307320401024,K1 III,4664,8.33,1,1.46982,0.0026,2.71,5.2,-0.19,[Fe/H],20.0893,,2.5,
HD 77338,2.55893,HD 77338,HD 77338,HIP 44291,TIC 37533318,Gaia DR3 5649661592466640000,K0 IV,5341,0.97,1.37,-0.2596,1.460862,4.6,,0.32,[Fe/H],8.20867,,2.33,
HD 77946,2.574442,HD 77946,HD 77946,HIP 44746,TIC 39699648,Gaia DR3 1011435012611767552,F5,6007,1.3174,1.1973,0.30878,0.7339,4.276,3.1,0.215,[Fe/H],,13.56,,-5.01
HD 79181,2.573011,HD 79181,HD 79181,,TIC 229846907,Gaia DR3 5679582499313038080,G8 III,4862,11.06,1.28,1.78965,,2.45,,-0.28,[Fe/H],,,1.84,
HD 7924,2.54264,HD 7924,HD 7924,HIP 6379,TIC 468723402,Gaia DR3 560130775546153344,K0.5 V,5131,0.78,0.65,-0.40636,2.477558,4.46,0.88,-0.21,[Fe/H],-22.69562,,1.35,-4.83
HD 7924,2.54264,HD 7924,HD 7924,HIP 6379,TIC 468723402,Gaia DR3 560130775546153344,K0.5 V,5075,0.7821,0.832,-0.40636,2.477558,4.59,0.88,-0.15,[Fe/H],-22.69562,,1.35,-4.83
HD 79498,2.55951,HD 79498,HD 79498,HIP 45406,TIC 85998162,Gaia DR3 686996756484129664,G5,5748,1.05,1.08,0.03,1.00985,4.37,2.71,0.18,[Fe/H],19.9247,,2,
HD 80606,2.55977,HD 80606,HD 80606,HIP 45982,TIC 457134360,Gaia DR3 1019003226022657920,G5,5565,1.05,1.05,-0.00237,1.29,4.42,5.9,0.35,[Fe/H],3.91,,1.8,-5.09
HD 80653,2.406060,HD 80653,HD 80653,,TIC 55315929,Gaia DR3 606477252238780160,G2,5959,1.22,1.18,0.24,0.9,4.34,2.67,0.255,[Fe/H],8.31017,19.55,,
HD 80869,2.572949,HD 80869,HD 80869,HIP 46022,TIC 307906761,Gaia DR3 702119851729696640,G5,5837,1.062,1.06,0.39977,0.418926,4.18,,0.17,[Fe/H],,,3.7,
HD 80883,2.578147,HD 80883,HD 80883,,TIC 386899832,Gaia DR3 5300239064919282816,,5177.91,0.814842,0.88,-0.36654,2.293125,4.5604,,-0.2638,[M/H],,,,
HD 80913,2.578148,HD 80913,HD 80913,,TIC 309433928,Gaia DR3 5195752440555653504,,6013.24,1.6542,1.11,0.50831,0.345718,4.04621,,-0.68,[M/H],,,,
HD 81040,2.55982,HD 81040,HD 81040,HIP 46076,TIC 414965996,Gaia DR3 637329067477530368,G2/G3,5755,0.91,0.99,-0.07676,1.883232,4.54,1.79,-0.04,[Fe/H],49.2535,15.98,2,-4.71
HD 81688,2.55987,HD 81688,HD 81688,HIP 46471,TIC 105438311,Gaia DR3 818464227945910016,K0 III-IV,4797,11.13,1.07,1.78032,,2.37,1.48,-0.32,[Fe/H],38.56968,,1.21,
HD 81817,2.56007,HD 81817,HD 81817,HIP 47193,TIC 137603530,Gaia DR3 1144716265942885888,K3 III,4140,83.8,4.3,3.26076,,1.3,0.15,-0.17,[Fe/H],,,4.7,
HD 82886,2.56005,HD 82886,HD 82886,HIP 47087,TIC 8915600,Gaia DR3 797597524475897600,G0,4953,5.26,2.53,1.14301,,3.4,7,-0.31,[Fe/H],12.7311,,0.43,
HD 82943,2.56003,HD 82943,HD 82943,HIP 47007,TIC 405485269,Gaia DR3 5691782130578684544,G2/3V,5935,1.1826,1.08,0.19405,0.920609,4.32582,2.35,0.26,[M/H],8.1,,1.7,-4.92
HD 8326,2.54265,HD 8326,HD 8326,HIP 6390,TIC 11613065,Gaia DR3 5036553052456200320,K2 V,4914,0.783181,0.8,-0.49184,2.319587,4.54993,,0.0399,[M/H],20.85582,,4,
HD 83443,2.56009,HD 83443,HD 83443,HIP 47202,TIC 32820141,Gaia DR3 5424836719001215360,K0 V,5442,0.94,1,-0.10403,1.32,4.39,2.64,0.34,[Fe/H],28.88536,35.3,1.3,-4.84
HD 8535,2.54272,HD 8535,HD 8535,HIP 6511,TIC 41862035,Gaia DR3 4984244302162168704,G0 V,6136,1.19,1.13,0.33266,0.80938,4.46,,0.06,[Fe/H],2.4588,,1.41,-5
HD 85390,2.56027,HD 85390,HD 85390,HIP 48235,TIC 446137194,Gaia DR3 5406324138654973824,K1.5 V,5186,0.8,0.758,-0.36653,2.214583,4.41,7.2,-0.07,[Fe/H],33.03167,,4,-4.93
HD 8574,2.54278,HD 8574,HD 8574,HIP 6643,TIC 18121498,Gaia DR3 297045096447719040,F8,6064,1.38,1.34,0.37649,0.559797,4.28,5.6,0.01,[Fe/H],18.6,,4.5,-5.07
HD 86065,2.578149,HD 86065,HD 86065,,TIC 101418130,Gaia DR3 5672053902679434112,,4927.56,0.780347,0.81,-0.4902,2.40319,4.56198,,-0.0202,[M/H],,,,
HD 86081,2.56039,HD 86081,HD 86081,HIP 48711,TIC 62760824,Gaia DR3 3823126385045210880,F8,5939,1.46,1.21,0.38,0.351247,4.18,3.61,0.22,[Fe/H],30.74405,,4.2,
HD 86226,2.56041,HD 86226,HD 86226,HIP 48739,TIC 22221375,Gaia DR3 5660492297395345408,G1 V,5863,1.053,1.019,0.07188,1.233,4.4,4.6,0.018,[Fe/H],19.77605,22.8,2.4,-4.946
HD 86264,2.56042,HD 86264,HD 86264,HIP 48780,TIC 348964243,Gaia DR3 5685917541714610688,F7 V,6210,1.88,1.26,0.66,0.38025,4.02,2.24,0.202,[Fe/H],7.65867,,12.8,-4.74
HD 86728,2.56048,HD 86728,HD 86728,HIP 49081,TIC 172954294,Gaia DR3 746545172372256384,G1V,5610,1.237,0.967,0.13513,0.878092,4.25,9.52,0.2,[Fe/H],55.8,,2.4,-5.06
HD 8673,2.54282,HD 8673,HD 8673,HIP 6702,TIC 80535228,Gaia DR3 317350357498173312,F5,6389.05,1.50225,1.28,0.52992,0.53229,4.19179,,0.1474,[M/H],17.3,,26.9,-4.71
HD 86950,2.56051,HD 86950,HD 86950,HIP 49129,TIC 332711151,Gaia DR3 5673523262530712832,K1 III,4805,8.8,1.66,1.55991,,2.66,,0.04,[Fe/H],10.75449,,,
HD 87646,2.56057,HD 87646,HD 87646,HIP 49522 A,TIC 27064335,Gaia DR3 623313901995781632,G,5770,1.55,1.12,0.95972,,4.1,,-0.17,[Fe/H],20.878,,7.5,
HD 87816,2.579971,HD 87816,HD 87816,HIP 49477,TIC 138998040,Gaia DR3 5404921677218538496,K0 III,4989,9,2.41,1.65514,,2.86,,0.14,[Fe/H],,,,
HD 87883,2.56062,HD 87883,HD 87883,HIP 49699,TIC 407591082,Gaia DR3 747266452000257280,K0,4980,0.798557,0.8,-0.47108,2.227511,4.54862,7.6,0.11,[Fe/H],9.30382,,2.17,-4.98
HD 88072,2.578150,HD 88072,HD 88072,,TIC 344988456,Gaia DR3 3835743693290897152,,5785.33,1.032,1.04,0.03137,1.334016,4.42774,,0.0426,[M/H],,,,
HD 88133,2.56064,HD 88133,HD 88133,HIP 49813,TIC 27073220,Gaia DR3 623408253837371392,G5,5392,2.2,1.26,0.49678,0.158364,3.88,5.37,0.34,[Fe/H],-3.45,,2.2,
HD 88986,2.579265,HD 88986,HD 88986,HIP 50316,TIC 1042868,Gaia DR3 741184091114529792,G2 V,5861,1.543,1.25,0.3934,0.472,4.16,7.9,0.06,[Fe/H],,25,3.3,-5.04
HD 89307,2.56090,HD 89307,HD 89307,HIP 50473,TIC 61125572,Gaia DR3 3886688327612984704,G0 V,5955,1.1,1.27,0.13131,1.178833,4.46,2.31,-0.13,[Fe/H],23.29159,,3.21,-4.95
HD 89345,2.56092,HD 89345,HD 89345,HIP 50496,TIC 350020859,Gaia DR3 3877070590167177344,G5,5576,1.747,1.157,0.42488,0.305,4.016,7.53,0.421,[Fe/H],2.3542,,0.58,
HD 89744,2.56106,HD 89744,HD 89744,HIP 50786,TIC 8154501,Gaia DR3 804739952015901056,F7 V,6291,2.13257,1.86,0.79579,0.175889,4.07,1.88,0.2238,[M/H],-5.6,,9.5,-4.94
HD 89839,2.578879,HD 89839,HD 89839,HIP 50653,TIC 294028147,Gaia DR3 5355799586503538176,F7 V,6314,1.28588,1.21,0.37479,0.822219,4.49,1.6,0.04,[Fe/H],31.7556,,4.2,-4.94
HD 90156,2.56115,HD 90156,HD 90156,HIP 50921,TIC 193032655,Gaia DR3 5461620846141553024,G5V,5599,0.920286,0.84,-0.14267,1.956134,4.48,4.4,-0.24,[Fe/H],26.85498,,0,-4.95
HD 9174,2.54292,HD 9174,HD 9174,HIP 6993,TIC 439501096,Gaia DR3 5044029491007060608,G8 IV,5577,1.67,1.03,0.38202,0.284015,4.03,9,0.39,[Fe/H],23.25415,,2.1,
HD 92788,2.56206,HD 92788,HD 92788,HIP 52409,TIC 169248301,Gaia DR3 3802549437248150656,G6 V,5744,1.14,1.15,0.02,0.951434,4.39,2.55,0.27,[Fe/H],-4.33356,31,2.719,-5.05
HD 93083,2.56217,HD 93083,HD 93083,HIP 52521,TIC 54237857,Gaia DR3 5450573881018549760,K2 IV-V,5033.8,0.837,0.836,-0.39041,2.048125,4.23,10.71,0.13,[Fe/H],43.38499,32.3,0.9,
HD 93351,2.578151,HD 93351,HD 93351,,TIC 318093199,Gaia DR3 3802693370192254336,,5408,0.911435,0.94,-0.19371,1.750313,4.49174,,-0.23,[M/H],,,,
HD 93385,2.572992,HD 93385,HD 93385,,TIC 106900981,Gaia DR3 5391813299572883456,G2/G3 V,5977,1.18484,1.04,0.20683,0.932362,4.42,3.3,0.02,[Fe/H],,,,-4.99
HD 93963 A,2.573097,HD 93963,HD 93963 A,,TIC 368435330,Gaia DR3 729899906357408768,G0 V,5908,1.0311,1.0844,0.06781,1.3835,4.445,1.3,0.11,[Fe/H],13.28,12.8,5.9,-4.63
HD 9446,2.54302,HD 9446,HD 9446,HIP 7245,TIC 18277196,Gaia DR3 302956655074266112,G5 V,5793,1,1,0.04139,1.517227,4.53,,0.09,[Fe/H],21.715,,4,
HD 94771,2.578885,HD 94771,HD 94771,HIP 53437,TIC 48974071,Gaia DR3 5401358469249455104,G3/G5 V,5631,1.903,1.2,0.51587,0.196041,3.94,5.733,0.22,[Fe/H],,49,3.2,-5.2
HD 94834,2.56284,HD 94834,HD 94834,HIP 53545,TIC 138764379,Gaia DR3 3995918691799173248,K0,4798,4.2,1.11,0.99301,,3.22,,0.12,[M/H],2.9148,,,
HD 94890,2.579972,HD 94890,HD 94890,HIP 53502,TIC 158543228,Gaia DR3 5394951821153092864,K0 III,4867,10.71,1.74,1.7635,,2.6,,-0.02,[Fe/H],,,,
HD 95086,2.56281,HD 95086,HD 95086,HIP 53524,TIC 399637637,Gaia DR3 5231963962676292224,A8 III,7595,1.48667,1.6,0.82124,0.759441,4.34161,0.017,0.14,[Fe/H],,,17.14,
HD 95089,2.56291,HD 95089,HD 95089,HIP 53666,TIC 345078350,Gaia DR3 3808410933735817472,G8/K0 IV,4918,5.08,1.54,1.13033,,3.24,2.5,0.05,[Fe/H],8.44215,,1.71,
HD 95127,2.56297,HD 95127,HD 95127,HIP 53733,TIC 252794572,Gaia DR3 781641961487762816,K0,4218,41.01,3.7,2.28,,1.78,5.5,-0.18,[Fe/H],-16.29912,,2.6,
HD 95338,2.56294,HD 95338,HD 95338,HIP 53719,TIC 304142124,Gaia DR3 5340648488081462528,K0.5 V,5097,0.868,0.848,-0.3098,1.686537,4.44,9.5,0.08,[Fe/H],96.57733,,1.23,
HD 95544,2.572950,HD 95544,HD 95544,HIP 54203,TIC 156103616,Gaia DR3 1133573746387113856,G0,5722,1.088,1.01,0.47797,0.245772,4.07,,0.11,[Fe/H],,,3.3,
HD 95872,2.103789,HD 95872,HD 95872,,TIC 52198580,Gaia DR3 3537576785745979904,K0 V,5312,0.84,0.7,-0.24208,1.520526,4.43,10,0.41,[Fe/H],1.72231,,,
HD 96063,2.56312,HD 96063,HD 96063,HIP 54158,TIC 53178442,Gaia DR3 3791263156547622784,G6 V,5020,4.75,1.37,1.1038,,3.33,9,-0.3,[Fe/H],-1.17981,,0.87,
HD 96127,2.56318,HD 96127,HD 96127,HIP 54232,TIC 252803484,Gaia DR3 781999921242524160,K2 III,3943,35,0.91,2.86,,2.06,4.067,-0.24,[Fe/H],-37.44561,,,
HD 96167,2.56314,HD 96167,HD 96167,HIP 54195,TIC 286277386,Gaia DR3 3758718711877270784,G5,5733,1.94,1.27,0.57,0.197032,3.99,4.85,0.34,[Fe/H],12.04844,,3.8,
HD 96700,2.56325,HD 96700,HD 96700,HIP 54400,TIC 23270430,Gaia DR3 5452492082132835840,G0 V,5845,1.16,0.89,0.13988,1.003052,4.39,8.6,-0.18,[Fe/H],12.6,,1.6,-4.95
HD 96992,2.56335,HD 96992,HD 96992,HIP 54595,TIC 88704251,Gaia DR3 779018698542966272,K0,4725,7.43,0.96,1.47,,2.76,,-0.45,[Fe/H],-36.624,198,1.9,
HD 97037,2.578152,HD 97037,HD 97037,,TIC 143046056,Gaia DR3 3784271568265259904,,5874.1,1.26356,1.06,0.23365,0.740764,4.26018,,-0.0773,[M/H],,,,
HD 97048,2.56326,HD 97048,HD 97048,HIP 54413,TIC 454291762,Gaia DR3 5201128124701636864,Be9.5/AO,10000,2.25,2.4,1.60206,0.302504,4.14304,0.003,,,,,,
HD 97658,2.56355,HD 97658,HD 97658,HIP 54906,TIC 82308728,Gaia DR3 3997075206232885888,K1 V,5212,0.728,0.85,-0.45469,3.1,4.64,3.9,-0.23,[Fe/H],-1.38823,34,0.5,-4.92
HD 98219,2.56374,HD 98219,HD 98219,HIP 55174,TIC 437246853,Gaia DR3 3534621989981179520,K0 III/IV,4925,4.6,1.41,1.04922,,3.36,4,-0.02,[Fe/H],-10.30024,,0.3,
HD 98649,2.56383,HD 98649,HD 98649,HIP 55409,TIC 437258837,Gaia DR3 3538141457982396928,G3/G5 V,5759,1.01,0.97,-0.01412,1.370178,4.38,4.44,-0.06,[Fe/H],4.2671,26.441,2.218,-4.96
HD 98736,2.56389,HD 98736,HD 98736,HIP 55486 A,TIC 3819571,Gaia DR3 3977050728669174912,G5,5271,0.93,0.92,-0.22,1.648989,4.47293,7.39,0.36,[Fe/H],-3.34718,,,
HD 99109,2.56398,HD 99109,HD 99109,HIP 55664,TIC 38158652,Gaia DR3 3796826582305099520,G8/K0 IV,5282,0.98,0.76,-0.17178,1.315025,4.34,1,0.35,[Fe/H],33.34409,,1.86,-5.06
HD 99283,2.573012,HD 99283,HD 99283,,TIC 341687229,Gaia DR3 844058831415683712,K0 III,4886,11.21,1.76,1.80963,,2.57,,-0.16,[Fe/H],,,1.87,
HD 99492,2.56407,HD 99492,HD 99492,HIP 55848,TIC 363549734,Gaia DR3 3812355294262255104,K2 V,4929,0.822539,0.85,-0.4749,2.836726,4.57,4.8,0.3,[Fe/H],3.1,,0.41,-4.93
HD 99706,2.56415,HD 99706,HD 99706,HIP 55994,TIC 148680230,Gaia DR3 784227772318969472,K0,4891,5.4,1.72,1.18752,,3.2,2.1,0.14,[Fe/H],-30.06699,,0.89,
HD 99706,2.56415,HD 99706,HD 99706,HIP 55994,TIC 148680230,Gaia DR3 784227772318969472,K0,4862,5.52,1.46,1.18752,,3.09,2.1,0.14,[Fe/H],-30.06699,,0.89,
HIP 105854,2.58884,HIP 105854,HD 203949,HIP 105854,TIC 129649472,Gaia DR3 6583094222249556224,K2 III,4780,10.305119,2.1,1.67,,2.94,,0.31,[Fe/H],-83.49731,,,
HIP 107772,2.58987,HIP 107772,,HIP 107772,TIC 197602069,Gaia DR3 6572326052043362304,M0 V,4006,0.513922,0.63,-1.16322,4.949096,4.73476,,,,-10.02823,,,
HIP 107773,2.58988,HIP 107773,HD 207229,HIP 107773,TIC 406320735,Gaia DR3 6402076022332085760,K1 III,4945,11.6,2.42,1.87,,2.6,,0.03,[Fe/H],-0.17011,,2,
HIP 109384,2.59410,HIP 109384,,HIP 109384,TIC 316470945,Gaia DR3 2230429435107258752,G5,5180,0.831075,0.78,-0.31878,2.233813,4.43,,-0.26,[Fe/H],-63.6784,,2.7,
HIP 109600,2.59489,HIP 109600,,HIP 109600,TIC 27864699,Gaia DR3 1894962115280642688,G5,5530,0.971958,0.87,-0.07873,1.454405,4.45,,-0.12,[Fe/H],-69.9964,,2.7,
HIP 111909,2.580027,HIP 111909,,HIP 111909,TIC 161173454,Gaia DR3 6517272336609082880,K1 III,4891,4.53,1.28,1.02,,3.09,4.3,-0.01,[Fe/H],,,3.13,
HIP 113103,2.579085,HIP 113103,,HIP 113103,TIC 121490076,Gaia DR3 6541360574788758016,,4930,0.742,0.761,-0.57629,2.499086,4.6,0.47,-0.1,[M/H],12.845,9.92,3,
HIP 114933,2.572911,HIP 114933,HD 219553,HIP 114933,TIC 9007224,Gaia DR3 2386410312150368256,K0 III,4823,5.27,1.39,1.13988,,2.99,3.4,0.06,[Fe/H],,,3.3,
HIP 116454,2.62257,HIP 116454,,HIP 116454,TIC 422618449,Gaia DR3 2645940376800212096,K1,5048,0.758,0.8,-0.47314,2.59,4.582,5.5,0,[Fe/H],-3.06,,2,
HIP 12961,2.54458,HIP 12961,,HIP 12961,TIC 204614039,Gaia DR3 5077642283022422656,M0,3901,0.65,0.69,-1.00302,3.02935,4.65,,-0.14,[Fe/H],,,,
HIP 14810,2.54507,HIP 14810,,HIP 14810,TIC 113810736,Gaia DR3 60684353135617792,G5,5544,1.07,1.01,-0.01,1.277783,4.32,5.84,0.24,[Fe/H],-4.75345,,0.54,
HIP 18606,2.580026,HIP 18606,,HIP 18606,TIC 49952922,Gaia DR3 3245123980001812864,K0/1 III,4860,4.83,1.21,1.06,,3.1,5.29,-0.01,[Fe/H],,,3.04,
HIP 19976,2.578156,HIP 19976,,HIP 19976,TIC 7623762,Gaia DR3 4840909492463387136,,4316,0.772319,0.67,-0.72939,2.050451,4.48855,,,,,,,
HIP 21152,2.573093,HIP 21152,HD 28736,HIP 21152,TIC 452767166,Gaia DR3 3285426613077584384,F5 V,6655,1.59186,1.4,0.63565,0.482318,4.3,0.65,0.13,[Fe/H],40.6,,45.6,
HIP 34222,2.55450,HIP 34222,,HIP 34222,TIC 91842379,Gaia DR3 884039857341503616,K7 V,4050,0.6186,0.62,-1.03267,3.752112,4.65459,,,,,,,
HIP 35173,2.55469,HIP 35173,,HIP 35173,TIC 50992589,Gaia DR3 3059948148669499008,K2 V,4881,0.773404,0.79,-0.51439,2.110707,4.51894,,,,11.08174,,,
HIP 35965,2.578157,HIP 35965,,HIP 35965,TIC 291466351,Gaia DR3 5493625121366825984,,4836,0.697551,0.78,-0.62021,3.239894,4.64301,,,,,,,
HIP 38594,2.55542,HIP 38594,,HIP 38594,TIC 128902569,Gaia DR3 5602386058511578368,M0,4086.3,0.626646,0.61,-1.06243,3.490871,4.62886,,,,62.87679,,,
HIP 39017,2.579413,HIP 39017,HD 65526,HIP 39017,TIC 26045729,Gaia DR3 3068540350999693952,A9/F0,7201,1.51987,1.52,0.74788,0.646504,4.28128,0.115,-0.26,[Fe/H],,,,
HIP 41378,2.55637,HIP 41378,,HIP 41378,TIC 366443426,Gaia DR3 600698184764497664,F6,6226,1.299,1.14,0.39646,0.781044,4.294,1.8,0.046,[Fe/H],50.42351,7.8,5.6,-4.78
HIP 41378,2.55637,HIP 41378,,HIP 41378,TIC 366443426,Gaia DR3 600698184764497664,F6,6371,1.306,1.245,0.39646,0.781044,4.32,1.8,0.046,[Fe/H],50.42351,7.8,7.5,-4.78
HIP 41378,2.55637,HIP 41378,,HIP 41378,TIC 366443426,Gaia DR3 600698184764497664,F6,6320,1.273,1.16,0.39646,0.781044,4.294,1.8,-0.1,[Fe/H],50.42351,7.8,5.6,-4.78
HIP 4845,2.54146,HIP 4845,,HIP 4845,TIC 24250831,Gaia DR3 2473055951588089088,K7V,4010,0.603999,0.62,-1.0339,3.27404,4.61513,,,,,,,
HIP 48714,2.56040,HIP 48714,,HIP 48714,TIC 287165117,Gaia DR3 1051547052218220160,M0.5 Ve,4015.5,0.595456,0.58,-1.15565,3.902131,4.65505,,,,14.98726,,,
HIP 5158,2.54175,HIP 5158,,HIP 5158,TIC 268634769,Gaia DR3 2351405057377686272,,4962,0.75,0.78,-0.95861,2.564446,4.37,6,0.1,[Fe/H],15.2793,,,
HIP 5158,2.54175,HIP 5158,,HIP 5158,TIC 268634769,Gaia DR3 2351405057377686272,,4813,0.754089,0.78,-0.5608,2.564446,4.57532,6,0.17,[M/H],15.2793,,,
HIP 54373,2.56324,HIP 54373,,HIP 54373,TIC 410407964,Gaia DR3 3552000252294347392,K5 V,4021,0.564998,0.57,-1.22239,4.366007,4.68103,,,,-4.37388,,,
HIP 54515,2.580151,HIP 54515,HD 96855,HIP 54515,TIC 62903306,Gaia DR3 3791464504614567040,A5 V,8100,1.64915,1.9,1.02101,0.619225,4.29801,0.115,,,,,,
HIP 54597,2.578883,HIP 54597,,HIP 54597,TIC 20375215,Gaia DR3 5452634262730082176,K5 V,4799,0.66,0.8,-0.68194,3.527837,4.43,4.3,-0.22,[Fe/H],,45,0.5,-5.04
HIP 55507,2.56391,HIP 55507,,HIP 55507,TIC 406781410,Gaia DR3 788340461203094912,M0,4171,0.723643,0.65,-0.8453,2.418275,4.53193,,,,,,,
HIP 56640,2.572909,HIP 56640,HD 100939,HIP 56640,TIC 181152368,Gaia DR3 5386076013538356992,K1 III,4769,4.93,1.75,1.05,,2.91,9.15,-0.03,[Fe/H],,,3.09,
HIP 56998,2.56470,HIP 56998,HD 101581,HIP 56998,TIC 397362481,Gaia DR3 5378886891123024512,K4/5V,4675,0.63,0.653,-0.78186,4.158128,4.654,6.88,-0.343,[Fe/H],12.9,,2.47,
HIP 57274,2.56484,HIP 57274,,HIP 57274,TIC 5078530,Gaia DR3 4021079911593673600,K4 V,4640,0.68,0.73,0.19,1.966806,4.71,7.87,0.09,[Fe/H],-4.7,,0.5,
HIP 57274,2.56484,HIP 57274,,HIP 57274,TIC 5078530,Gaia DR3 4021079911593673600,K4 V,4510,0.78,0.29,0.19,1.966806,4.11,7.87,0.01,[Fe/H],-4.7,,0.5,
HIP 5763,2.54218,HIP 5763,,HIP 5763,TIC 408290683,Gaia DR3 2783854903410922496,K6 V,4352,0.750378,0.72,-0.73999,2.269003,4.52002,,,,,,,
HIP 63242,2.56853,HIP 63242,HD 112410,HIP 63242,TIC 437310271,Gaia DR3 5858576597131420288,G8,4830,10.275655,1.54,1.63,,2.53,,-0.31,[Fe/H],72.82379,,3.7,
HIP 65 A,2.53917,HIP 65,,HIP 65 A,TIC 201248411,Gaia DR3 4923860051276772608,K4 V,4590,0.7242,0.781,-0.67799,2.898,4.611,4.1,0.18,[Fe/H],21.0407,13.2,2.5,
HIP 65407,2.56970,HIP 65407,,HIP 65407,TIC 165454978,Gaia DR3 1553084230347385344,K0,5460,0.952252,0.93,-0.18603,1.571984,4.47,,0.25,[Fe/H],-8.72,,2.8,
HIP 65426,2.56974,HIP 65426,HD 116434,HIP 65426,TIC 438702139,Gaia DR3 6070080754075553792,A2 V,8840,1.77,1.96,1.26895,0.620732,4.32114,0.014,,,-5.2,,299,
HIP 65891,2.57016,HIP 65891,HD 117253,HIP 65891,TIC 68418284,Gaia DR3 5870273893372957440,K0 III,5000,8.93,2.5,1.65,,2.9,,0.16,[Fe/H],1.42981,,2.5,
HIP 66074,2.579157,HIP 66074,,HIP 66074,TIC 298130822,Gaia DR3 1712614124767394816,,4300,0.69,0.705,-0.81816,3.02,4.58,7.9,0.12,[Fe/H],,,1.8,-4.8
HIP 67522,2.57160,HIP 67522,HD 120411,HIP 67522,TIC 166527623,Gaia DR3 6113920619134019456,G1 V,5675,1.38,1.22,0.24304,0.628783,4,0.017,0,[Fe/H],7.41,1.418,54.2,
HIP 67537,2.57161,HIP 67537,HD 120457,HIP 67537,TIC 166526615,Gaia DR3 6114034246789494528,K1 III,4985,8.69,2.316,1.61669,,2.85,,0.15,[Fe/H],-3.07616,,2.3,
HIP 67851,2.57187,HIP 67851,HD 121056,HIP 67851,TIC 111947706,Gaia DR3 6169943210465504384,K0 III,4840,5.45,1.28,1.16673,,3.11,5.46,0.01,[Fe/H],5.58359,,3.33,
HIP 70849,2.57274,HIP 70849,,HIP 70849,TIC 127382459,Gaia DR3 6099000589942631424,K7 V,4105,0.633112,0.65,-1.04817,3.412795,4.62349,3,,,-0.03207,,0.3,-4.48
HIP 71135,2.57284,HIP 71135,,HIP 71135,TIC 457695809,Gaia DR3 5897706154359881088,M1,4146,0.681296,0.66,-0.908,2.523406,4.54201,,,,71.07808,,,
HIP 74890,2.57412,HIP 74890,HD 135760,HIP 74890,TIC 148153804,Gaia DR3 6004107513791584512,K1 III,4850,5.77,1.74,1.21484,,3.1,4.41,0.2,[Fe/H],0.20961,,2.2,
HIP 75092,2.57428,HIP 75092,HD 136295,HIP 75092,TIC 225884682,Gaia DR3 6214741299913205888,K0 III,4891,4.53,1.28,1.01995,,3.09,4.3,-0.01,[Fe/H],,,3.1,
HIP 77900,2.579429,HIP 77900,,HIP 77900,TIC 24133681,Gaia DR3 6233740654686482560,,13646,,,,,,,,,,,,
HIP 78530,2.57682,HIP 78530,HD 143567,HIP 78530,TIC 1259690584,Gaia DR3 6243537406369453824,B9 V,10500,2.10876,2.5,1.3684,0.329555,4.13086,0.005,-0.5,[Fe/H],,,144.74,
HIP 79098 AB,2.57719,HIP 79098,HD 144844,HIP 79098 AB,TIC 48908494,Gaia DR3 6242058872466158848,B9 V,9193.75,,3.75,,,,0.01,,,,,,
HIP 79431,2.57751,HIP 79431,,HIP 79431,TIC 49324530,Gaia DR3 6245870673116518784,M3 V,3191,0.478625,0.49,-1.54921,6.127415,4.75617,,0.4,[Fe/H],-4.7,,,
HIP 81208 C,2.578974,HIP 81208,,HIP 81208 C,,,M,,,0.135,,,,0.017,,,,,,
HIP 8152,2.573196,HIP 8152,,HIP 8152,TIC 164767175,Gaia DR3 5140454049422547200,,5618,0.9603,0.9373,-0.0804,1.4775,4.443,6,0.007,[Fe/H],,,,-5.02
HIP 8541,2.54342,HIP 8541,HD 11343,HIP 8541,TIC 231019255,Gaia DR3 4912062772547406976,K2 III/IV,4672,6.84,2.009,1.31,,2.95,10.97,-0.19,[Fe/H],6.60975,,1.3,
HIP 86221,2.573017,HIP 86221,,HIP 86221,TIC 311407476,,K5 V,,,0.79,,,,,,,,,,
HIP 90988,2.572910,HIP 90988,HD 170707,HIP 90988,TIC 404598466,Gaia DR3 6703673951620872192,K1 III,4883,3.94,1.613,0.88986,,3.32,4.55,0.17,[Fe/H],,,3.47,
HIP 91258,2.58443,HIP 91258,,HIP 91258,TIC 383675945,Gaia DR3 2159653734187847168,G5 V,5519,0.89,0.97,-0.222,1.919253,4.53,2.4,0.23,[Fe/H],-9.452,,3.5,
HIP 94235,2.573067,HIP 94235,,HIP 94235,TIC 464646604,Gaia DR3 6632318361397624960,G V,5991,1.08,1.094,0.13759,1.198902,4.46,0.118,0,[M/H],,2.24,24.4,
HIP 948,2.578158,HIP 948,,HIP 948,TIC 120523708,Gaia DR3 4996711836306613120,,4497,0.688488,0.71,-0.75782,3.067148,4.61353,,,,,,,
HIP 9618,2.574177,HIP 9618,HD 12572,HIP 9618,TIC 306263608,Gaia DR3 94468978202180352,,5649,0.9593,0.942,-0.0716,1.4896,4.445,5.6,-0.018,[Fe/H],,,,-4.99
HIP 97166,2.572993,HIP 97166,,HIP 97166,TIC 237222864,Gaia DR3 2288221003213039488,K0 V,5216,0.8418,0.9342,-0.32514,2.1928,4.557,1.2,0.248,[Fe/H],,,,-5.01
HIP 97233,2.58677,HIP 97233,HD 186641,HIP 97233,TIC 251662732,Gaia DR3 4238527753544691712,K0/1 III,5020,5.34,1.81,1.204,,3.26,,0.29,[Fe/H],-63.46491,,2.2,
HIP 99770,2.578660,HIP 99770,,HIP 99770,TIC 10988057,Gaia DR3 2060523518197844608,A5-A6,8000,1.93986,1.9,1.14176,0.366948,4.14128,0.264,,,,,65,
HN Lib,2.57288,HN Lib,,HIP 71253,TIC 294401924,Gaia DR3 6324325225803432320,M4.0 V,3347,0.299,0.291,-1.99542,13.236084,4.76,4.4,-0.18,[Fe/H],-1.426,96,2,-5.226
HN Peg,2.58936,HN Peg,HD 206860,HIP 107350,TIC 301880196,Gaia DR3 1772187382746856320,G0 V,6186,1.006954,1.08,0.06024,1.475383,4.48,0.3,-0.036,[M/H],-17.2,4.5,10,-4.42
HR 2562,2.55409,HR 2562,HD 50571,HIP 32775,TIC 167656187,Gaia DR3 5480006192386819456,F5 V,6597,1.334,1.3,0.53147,0.702591,4.3,0.6,0.02,[M/H],26.68723,,43.51,
HR 5183,2.57136,HR 5183,HD 120066,HIP 67246,TIC 379117362,Gaia DR3 3721126409323324416,G0 V,5794,1.53,1.07,0.39748,0.43147,4.02,7.7,0.1,[Fe/H],-30.41782,,3,-5.15
HR 810,2.54444,HR 810,HD 17051,HIP 12653,TIC 166853853,Gaia DR3 4745373133284418816,G0V,6167,1.13,1.34,0.25309,1.050098,4.46,2.72,0.16,[Fe/H],17.01019,7.9,6.5,-4.65
HR 858,2.54468,HR 858,HD 17926,HIP 13363,TIC 178155732,Gaia DR3 5064574724769475968,F6 V,6354,1.258,1.204,0.36361,0.852945,4.3,2,0.025,[Fe/H],10.06767,6.7,7.5,-4.926
HR 8799,2.61182,HR 8799,HD 218396,HIP 114189,TIC 245368902,Gaia DR3 2832463659640297472,A5,7400,1.49338,1.51,0.73347,0.681528,4,0.03,-0.5,[Fe/H],,,34.79,
HR 8799,2.61182,HR 8799,HD 218396,HIP 114189,TIC 245368902,Gaia DR3 2832463659640297472,A5 V,7204.58,1.49338,1.5,0.69197,0.681528,4.29656,0.06,-0.47,[M/H],,,34.79,
HS Psc,2.579394,HS Psc,,,TIC 353804063,Gaia DR3 295713106830535424,K7 V,4203,0.65,0.69,-0.91364,3.437016,4.66,0.133,-0.05,[Fe/H],,1.086,29.7,
HU Aqr,2.103645,HU Aqr,,,TIC 364173220,Gaia DR3 6911950900211768704,,5952,,0.88,,,,,,,,,,
IC 4651 9122,2.103924,IC 4651 9122,,,TIC 214416505,Gaia DR3 5949553973093167104,,4740.1,10.267424,2.1,1.6359,,2.52,1.14,0.12,[Fe/H],-30.12519,,,
IRAS 04125+2902,2.579408,TOI-6963,,,TIC 56658270,Gaia DR3 164800235906366976,,4080,1.45,0.7,-0.33161,0.360916,3.84689,0.0033,,,,11.31,7.1,
ISO-Oph 96,2.107723,ISO-Oph 96,,,TIC 175629533,Gaia DR3 6049072213596652288,K6-M1,3920,0.730795,0.41,-1.18009,1.481023,4.4,0.002,-0.05,[Fe/H],,,16.9,
ITG 15 A,2.357627,ITG 15,,,TIC 150058659,Gaia DR3 148400229703257856,,,,,,,,,,,,,,
K2-10,2.78922,K2-10,,,TIC 363573185,Gaia DR3 3798690151434945280,F9,5533,0.956,0.88,-0.10088,1.508035,4.47,,-0.07,[Fe/H],8.203,,1.5,-5.093
K2-100,2.188902,K2-100,,,TIC 307733361,Gaia DR3 664337230586013312,G0 V,5945,1.24,1.15,0.24969,0.85,4.33,0.75,0.22,[Fe/H],33.6,4.3,14,-4.526
K2-101,2.183495,K2-101,,,TIC 175265494,Gaia DR3 661004400386393984,K3,4927,0.76,0.82,-0.59482,2.92,4.59,0.79,0.07,[Fe/H],34.31,10.6,3.9,
K2-102,2.187642,K2-102,,,TIC 175262071,Gaia DR3 661310756111835392,K5,4695,0.71,0.77,-0.65738,3.03,4.53373,0.79,0.14,[Fe/H],34.85,11.5,3,
K2-104,2.187626,K2-104,,,TIC 175194958,Gaia DR3 664292459846946560,M2.5e,3712,0.48,0.51,-1.43415,5.56106,4.78,0.79,0.18,[Fe/H],34.81,9.3,2.6,
K2-105,2.161625,K2-105,,,TIC 6892385,Gaia DR3 651907079835937280,K1,5373,0.905,0.94,-0.18892,1.729476,4.45,0.6,0.22,[Fe/H],-32.26196,,2.7,-4.843
K2-107,2.250659,K2-107,,,TIC 414843476,Gaia DR3 4081684580199958528,F9 IV,6061,1.81,1.3,0.46446,0.457,4.04,4.25,0.14,[Fe/H],-8.364,,4.6,
K2-108,2.173338,K2-108,,,TIC 27635334,Gaia DR3 655794055300531456,,5599,1.76,1.17,0.40539,0.806,4.02,7.8,0.36,[Fe/H],,,2.83,-5.2928
K2-11,2.79815,K2-11,,,TIC 301609547,Gaia DR3 3810535361999701376,G8,5433,5.15,1.35,-0.31039,2.113992,4.56,,-0.12,[Fe/H],,,,
K2-110,2.213517,K2-110,,,TIC 287333762,Gaia DR3 3613175223837135616,K3 V,5010,0.713,0.738,-0.56708,3.515,4.61,8,-0.34,[Fe/H],-21.6331,,0.1,-5.063
K2-111,2.144709,K2-111,,,TIC 14227229,Gaia DR3 53006669599267328,G2,5775,1.25,0.84,0.27875,0.6,4.25,12.3,-0.46,[Fe/H],-16.2752,29.2,1.1,-5.133
K2-113,2.271260,K2-113,,,TIC 376939759,Gaia DR3 2564787622577189760,G,5660,1.24,1.04,0.0086,0.987,4.27,5.9,0.27,[Fe/H],,,2.06,
K2-114,2.156027,K2-114,,,TIC 366576758,Gaia DR3 602494855483616256,,4899,0.832,0.863,-0.4437,2.11,4.534,7.6,0.42,[Fe/H],,,,
K2-115,2.157470,K2-115,,,TIC 7020254,Gaia DR3 650778499868023296,G4,5870,0.855,0.918,-0.10791,2.08,4.538,2.2,-0.198,[Fe/H],,,,
K2-116,2.59842,K2-116,,HIP 110620,TIC 39936432,Gaia DR3 2602406721431348096,,4348.35,0.6694,0.694512,-0.74639,2.189362,4.64,,0.01,[Fe/H],-18.91036,,,
K2-117,2.151951,K2-117,,,TIC 458686847,Gaia DR3 597829077890316928,M1.0 V,3778,0.51,0.54,-1.35655,5.296999,4.75,,-0.05,[Fe/H],,,,
K2-118,2.169788,K2-118,,,TIC 293496724,Gaia DR3 609814922864694400,,4726.29,0.734626,0.756446,-0.56055,2.226905,4.53371,,0.129,[M/H],,,,
K2-119,2.175264,K2-119,,,TIC 293460551,Gaia DR3 658274970145911424,,4740,0.71,0.76,-0.68533,2.251,4.62,,-0.05,[Fe/H],,,,
K2-12,2.80624,K2-12,,,TIC 396972464,Gaia DR3 3800129201701685504,F9,5672,1.117,0.965,0.07181,0.846254,4.3,8.9,0,[Fe/H],18.85314,,,
K2-121,2.177874,K2-121,,,TIC 7059054,Gaia DR3 662078902422542336,,4526,0.675,0.71,-0.74531,6.532,4.63,,0.04,[Fe/H],30.15418,,,-4.534
K2-122,2.189899,K2-122,,,TIC 14635562,Gaia DR3 663843343706623232,M0,4009,0.59,0.63,-1.10237,3.651845,4.69,,0.32,[Fe/H],-14.34892,,,
K2-123,2.193319,K2-123,,,TIC 197249801,Gaia DR3 685065155072248192,,4035,0.59,0.62,-1.14267,4.511,4.69,,0.03,[Fe/H],,,,
K2-124,2.197549,K2-124,,,TIC 197221381,Gaia DR3 686230534318440960,,3570,0.388,0.39,-1.65919,9.58,4.858,,0.023,[Fe/H],,,,
K2-125,2.206172,K2-125,,,TIC 405673618,Gaia DR3 3606324613561098368,,3654.47,0.402049,0.494727,-1.64124,8.77693,4.83016,,,,,,,
K2-126,2.210000,K2-126,,,TIC 422349422,Gaia DR3 3606785098479012864,,4339,0.65,0.69,-0.87762,2.903,4.66,,0.02,[Fe/H],1.00029,,,
K2-127,2.215636,K2-127,,,TIC 187309502,Gaia DR3 3613472293839371136,,4575,0.66,0.72,-0.25445,2.211,4.65,,-0.11,[Fe/H],,,,
K2-128,2.226566,K2-128,,,TIC 677945,Gaia DR3 3618386664139093504,,4469.51,0.777569,0.711248,-0.82159,3.004777,4.7,,-0.26,[Fe/H],-13.21181,,,
K2-129,2.245934,K2-129,,,TIC 2468648,Gaia DR3 6769308026926349056,,3459.09,0.36001,0.360031,-1.82842,10.662812,4.86815,,,,,,,
K2-13,2.81457,K2-13,,,TIC 363479723,Gaia DR3 3811032513054107648,G3,5698,0.78,0.8,-0.13534,1.720115,4.33,,-0.54,[Fe/H],15.44617,,,
K2-130,2.252475,K2-130,,,TIC 12181371,Gaia DR3 4083382672829717504,,4356.47,0.744261,0.69563,-0.79892,2.722473,4.62,,-0.24,[Fe/H],-49.59905,,,
K2-131,2.285757,K2-131,,,TIC 176868951,Gaia DR3 3580920878437938688,,5120,0.7595,0.803,-0.47906,2.71,4.61,5.3,-0.04,[Fe/H],-5.27276,9.194,4.3,
K2-132,2.287549,K2-132,,,TIC 152852327,Gaia DR3 3582339626395387264,,4840,3.85,1.08,0.94349,0.0264,3.297,8.5,-0.01,[Fe/H],10.36615,,3.36,
K2-133,2.356901,K2-133,,,TIC 150096001,Gaia DR3 148080473682357376,M1.5 V,3655,0.455,0.461,-1.47886,6.630202,4.77,,,,107.2,,,
K2-136,2.353763,K2-136,,,TIC 18310799,Gaia DR3 145916050683920128,K5.5,4500,0.677,0.742,-0.7765,3.383583,4.68,0.65,-0.02,[M/H],39.2,15,2,
K2-137,2.291020,K2-137,,,TIC 98720702,Gaia DR3 3583729340372873344,M3 V,3697,0.29,0.463,-1.48388,13,5,,-0.059,[Fe/H],,,,
K2-138,2.313487,K2-138,,,TIC 4610830,Gaia DR3 2413596935442139520,G8 V,5356.3,0.863,0.935,-0.28654,2.064,4.54,2.8,0.14,[M/H],0.6386,,2.7,
K2-139,2.254153,K2-139,,,TIC 11023038,Gaia DR3 4084602654011029376,K0 V,5370,0.88,0.96,-0.29948,2.477,4.54,1.8,0.24,[Fe/H],-31.3575,17.24,2.8,
K2-14,2.81751,K2-14,,,TIC 366683184,Gaia DR3 3892632287473304064,M0,3789,0.45,0.47,-0.96847,3.241797,4.891,,-0.37,[Fe/H],,,,
K2-140,2.286043,K2-140,,,TIC 380255458,Gaia DR3 3579426053724051584,G6 V,5585,1.06,0.96,-0.04915,1.133,4.4,9.8,0.1,[Fe/H],1.215,14.6,3.6,
K2-141,2.334559,K2-141,,,TIC 301235044,Gaia DR3 2643952940813536768,K7 V,4570,0.681,0.708,-0.75,3.86,4.62,6.3,0,[Fe/H],-3.61913,15.17,3,
K2-146,2.184308,K2-146,,,TIC 175261852,Gaia DR3 661192902209491456,M3.0 V,3385,0.33,0.331,-1.82391,13.1,4.8983,5,-0.02,[Fe/H],40.6,,2,
K2-147,2.243587,K2-147,,,TIC 398275886,Gaia DR3 6764974194470777600,,3690,0.578,0.563,-1.25181,4.11,4.665,,-0.02,[Fe/H],-24.14846,,,
K2-148,2.257994,K2-148,,,TIC 423358488,Gaia DR3 2536443724641751808,,4079,0.632,0.65,-0.99568,2.942618,4.653,,-0.11,[Fe/H],1.51645,,,
K2-149,2.272069,K2-149,,,TIC 429035886,Gaia DR3 2557342829345854208,M1.0 V,3745,0.568,0.595,-1.3098,3.932175,4.707,,0.11,[Fe/H],,,,
K2-15,2.86595,K2-15,,,TIC 366696612,Gaia DR3 3896271842760486272,G8,5131,0.68,0.72,-0.45314,1.891141,4.571,,-0.46,[Fe/H],,,,
K2-150,2.274767,K2-150,,,TIC 376879419,Gaia DR3 2579495171146737280,M2.5 V,3499,0.436,0.457,-1.58503,8.035643,4.822,,0.09,[Fe/H],,,,
K2-151,2.275503,K2-151,,,TIC 376936928,Gaia DR3 2579620343673729408,M1.5 V,3695,0.45,0.47,-1.55284,6.736,4.8,,-0.19,[Fe/H],-49.62977,,,
K2-152,2.60575,K2-152,,,TIC 56754291,Gaia DR3 3596508242468505216,M0.0 V,4044,0.61,0.63,-1.06048,3.49448,4.67,,0.12,[Fe/H],-6.69857,,,
K2-153,2.79927,K2-153,,,TIC 397056271,Gaia DR3 3700937760929835648,M3.0 V,3845,0.53,0.55,-1.36653,4.879691,4.73,,-0.09,[Fe/H],,,,
K2-154,2.294724,K2-154,,,TIC 175371068,Gaia DR3 3683121446312149504,M0.0 V,4097,0.63,0.65,-1.01773,3.249974,4.65,,0.21,[Fe/H],14.30397,,,
K2-155,2.144771,K2-155,,,TIC 17307715,Gaia DR3 145333927996558976,K7,4258,0.58,0.65,-1.22915,5.41,4.6,,-0.3,[Fe/H],19.1,34.8,,
K2-156,2.59991,K2-156,,,TIC 176868262,Gaia DR3 3596250888028092160,,4460,0.62,0.66,-0.83803,2.684521,4.7,,-0.33,[Fe/H],-6.79235,,1.8,
K2-157,2.60654,K2-157,,,TIC 349445372,Gaia DR3 3596333042162818304,G9 V,5334,0.86,0.89,-0.2102,1.679258,4.45,8.8,0.02,[Fe/H],43.44811,,3,-5.077
K2-158,2.60758,K2-158,,,TIC 35021200,Gaia DR3 3596003497911958528,,5503,0.95,0.92,-0.16298,1.575255,4.45,,0.07,[Fe/H],-36.00036,,,
K2-159,2.65265,K2-159,,,TIC 35064295,Gaia DR3 3600851450836925312,,5425,0.83,0.9,-0.29599,2.784196,4.56,,-0.07,[Fe/H],16.42247,,,
K2-16,2.87354,K2-16,,,TIC 281886199,Gaia DR3 3897048338487064064,K3 V,4742,0.66,0.68,-0.76082,2.959958,4.51,,-0.33,[Fe/H],,,2,
K2-16,2.87354,K2-16,,,TIC 281886199,Gaia DR3 3897048338487064064,K3 V,4761,0.544,0.67,-0.76082,2.959958,4.629,,-0.33,[Fe/H],,,2,
K2-160,2.65339,K2-160,,,TIC 349456525,Gaia DR3 3598004677793811584,,5649,0.913754,0.982829,-0.13676,1.930616,4.61,,0.07,[Fe/H],-10.33559,,,
K2-161,2.65462,K2-161,,,TIC 349445839,Gaia DR3 3598019899158204160,,4972,2.568173,0.986876,0.91922,,3.63,,-0.03,[Fe/H],-19.12615,,,
K2-162,2.71002,K2-162,,,TIC 94892940,Gaia DR3 3694878833385971840,,4842,0.69,0.75,-0.65691,1.977211,4.63,,-0.17,[Fe/H],-30.69664,,,
K2-163,2.72569,K2-163,,,TIC 56760743,Gaia DR3 3697972721667206144,,4937,0.762201,0.826112,-0.54141,2.302613,4.71,,0.14,[Fe/H],22.26663,,,
K2-164,2.74034,K2-164,,,TIC 173090902,Gaia DR3 3797456808626205696,,5791,2.196069,1.180894,0.59002,0.227938,3.81,,-0.23,[Fe/H],-21.22981,,,
K2-165,2.76795,K2-165,,,TIC 149969625,Gaia DR3 3700016198387202304,,5185,0.803827,0.834847,-0.36982,2.082412,4.46,,-0.05,[Fe/H],-0.30325,,,
K2-166,2.80754,K2-166,,,TIC 377171980,Gaia DR3 3701015375282968064,,5960,1.61,1.16,0.45848,0.422931,4.09,,0.09,[Fe/H],,,,
K2-166,2.80754,K2-166,,,TIC 377171980,Gaia DR3 3701015375282968064,,5960,1.61,1.073,0.45848,0.422931,4.09,,0.09,[Fe/H],,,,
K2-167,2.59883,K2-167,HD 212657,HIP 110758,TIC 69747919,Gaia DR3 2594479109451475456,F7 V,6310,1.499,1.084,0.50651,0.454,4.122,5.3,-0.456,[Fe/H],-17.37829,,,
K2-168,2.118613,K2-168,,,TIC 437695245,Gaia DR3 6826271727199243264,,5502.7,0.83,0.877,-0.17649,1.270403,4.46,,-0.13,[Fe/H],-10.08623,,,
K2-169,2.120405,K2-169,,,TIC 12770870,Gaia DR3 2599322178998513664,,5548,0.919053,0.986144,-0.16063,1.498321,4.56,,0.26,[Fe/H],-8.14553,,,
K2-17,2.90566,K2-17,,,TIC 291090078,Gaia DR3 3899064464855774592,K7,4320,0.66,0.71,-0.9966,2.412424,4.798,,0.15,[Fe/H],-10.67089,,,
K2-170,2.120416,K2-170,,,TIC 188509935,Gaia DR3 2599451994385832448,,5748,0.981614,0.963657,0.0717,1.269956,4.34,,-0.11,[Fe/H],-5.30846,,,
K2-171,2.121876,K2-171,,,TIC 206241306,Gaia DR3 2612301329648852224,,5250,1.717458,0.891587,0.51583,,3.95,,-0.09,[Fe/H],-9.97101,,,
K2-172,2.122938,K2-172,,,TIC 188507501,Gaia DR3 2602237602799035008,,5569,0.868889,0.934356,-0.20215,2.1811,4.61,,-0.06,[Fe/H],22.44412,,,
K2-173,2.137422,K2-173,,,TIC 242993844,Gaia DR3 39404267653786624,,5580,0.843154,0.881538,-0.05981,1.380947,4.52,,-0.25,[Fe/H],102.96162,,,
K2-174,2.138231,K2-174,,,TIC 243014114,Gaia DR3 46217666333148416,,4455,0.676,0.7,-0.77269,3.21,4.625,,0.113,[Fe/H],-0.67004,,,
K2-175,2.139484,K2-175,,,TIC 435279748,Gaia DR3 55077599749605504,,5909,1.420038,1.094693,0.41926,0.325598,4.11,,0.05,[Fe/H],-32.57592,,,
K2-176,2.139885,K2-176,,,TIC 440724456,Gaia DR3 49842515651843200,,5428,0.86416,0.938545,-0.34794,1.283103,4.63,,0.15,[Fe/H],-27.30211,,,
K2-177,2.144011,K2-177,,,TIC 114031109,Gaia DR3 63416845689590400,,6063,1.213565,1.210525,0.34158,0.332605,4.38,,0.41,[Fe/H],19.7653,,,
K2-178,2.146336,K2-178,,,TIC 26078330,Gaia DR3 61624573016925824,,5525,0.887267,0.95109,-0.28382,2.140539,4.55,,0.09,[Fe/H],0.38881,,,
K2-179,2.148420,K2-179,,,TIC 14078624,Gaia DR3 65797082206292224,,5015,0.768067,0.824345,-0.52287,3.349508,4.63,,0.03,[Fe/H],-1.9344,,,
K2-18,2.92482,K2-18,,,TIC 388804061,Gaia DR3 3910747531814692736,M2.5 V,3457,0.411,0.359,-1.59688,7.073183,4.7864,,0.12,[Fe/H],0.6537,39.63,,-5.183
K2-18,2.92482,K2-18,,,TIC 388804061,Gaia DR3 3910747531814692736,M2.5 V,3457,0.411,0.359,-1.59688,7.073183,4.7864,,0.09,[Fe/H],0.6537,38.6,,-5.183
K2-180,2.151428,K2-180,,,TIC 366411016,Gaia DR3 600750922666388992,K2 V,5365,0.719,0.735,-0.41341,2.79,4.591,7.5,-0.578,[Fe/H],-76.855,15.7,0.1,-4.916
K2-181,2.152953,K2-181,,,TIC 366528389,Gaia DR3 600874445926411264,,5528,1.06,0.96,-0.01252,1.28,4.35,5.9,0.18,[Fe/H],-60.37709,,2.1,-4.914
K2-182,2.153113,K2-182,,,TIC 366631954,Gaia DR3 601480723509077632,,5128,0.789,0.823,-0.41117,2.37,4.56,6.2,0.022,[Fe/H],22.98001,,,
K2-183,2.163884,K2-183,,,TIC 60256211,Gaia DR3 652007410271734912,,5482,0.87,0.942219,-0.13179,1.474058,4.6,,0.09,[Fe/H],92.33918,,,
K2-184,2.165329,K2-184,,,TIC 21244210,Gaia DR3 651522834880015872,,5245,0.75,0.84,-0.39912,2.779261,4.62,,-0.1,[Fe/H],-33.6376,,,
K2-185,2.166375,K2-185,,,TIC 337607207,Gaia DR3 609508120464763264,,5788,0.94,0.96,-0.09029,2.106703,4.48,,-0.1,[Fe/H],-7.03637,17.35,,
K2-186,2.182946,K2-186,,,TIC 203228393,Gaia DR3 612404474610535936,,5784,0.98083,1.018617,0.0504,1.182836,4.45,,0.06,[Fe/H],-13.70053,,,
K2-187,2.197706,K2-187,,,TIC 332024125,Gaia DR3 689268759823937280,,5438,0.83,0.966999,-0.19607,1.682303,4.6,,0,[Fe/H],,,,
K2-188,2.198197,K2-188,,,TIC 175236511,Gaia DR3 666195851913506816,,5977,1.19,1.06,0.21087,0.836456,4.31,,-0.01,[Fe/H],-34.20697,,,
K2-189,2.206045,K2-189,,,TIC 422349881,Gaia DR3 3606343094804432128,,5442,0.879,0.85,-0.21855,2.072346,4.51,,-0.1,[Fe/H],15.95701,,1.9,-4.999
K2-19,2.75919,K2-19,,,TIC 281885301,Gaia DR3 3798833775141351552,G9,5322,0.82,0.88,-0.29196,1.59,4.51,1.7,0.06,[Fe/H],7.31191,20.54,3,
K2-19,2.75919,K2-19,,,TIC 281885301,Gaia DR3 3798833775141351552,G9,5350,0.824,0.892,-0.29196,1.59,4.556,1.7,0.03,[Fe/H],7.31191,18.36,3,
K2-190,2.211094,K2-190,,,TIC 392469577,Gaia DR3 3607243530404017280,,5631,0.912206,0.904597,-0.06781,1.481601,4.38,,-0.19,[Fe/H],-10.6381,,,
K2-191,2.212068,K2-191,,,TIC 335102224,Gaia DR3 3610048418926172032,,5176,0.839696,0.900994,-0.34502,1.655474,4.57,,0.31,[Fe/H],-7.23226,,,
K2-192,2.215747,K2-192,,,TIC 187273811,Gaia DR3 3613467311677116160,,5222,0.81,0.9,-0.36021,5.975,4.57,,0.15,[Fe/H],0.95207,,,
K2-193,2.217757,K2-193,,,TIC 741596,Gaia DR3 3616526878875985536,,5817,0.98,1.01,-0.07572,1.532,4.46,,0,[Fe/H],,,,
K2-194,2.225334,K2-194,,,TIC 706595,Gaia DR3 3618361345307363584,,5979,1.281115,1.110086,0.36302,0.750332,4.21,,0.1,[Fe/H],-7.94951,,,
K2-195,2.226903,K2-195,,,TIC 178941218,Gaia DR3 3624969886932157568,,5713,0.99,0.94,-0.01196,1.09,4.42,,-0.1,[Fe/H],-14.44785,,,
K2-195,2.226903,K2-195,,,TIC 178941218,Gaia DR3 3624969886932157568,,5712,0.906367,0.963364,-0.01196,1.480501,4.55,,-0.09,[Fe/H],-14.44785,,,
K2-196,2.227056,K2-196,,,TIC 178954837,Gaia DR3 3625009164407557760,,6045,1.538801,1.162095,0.64355,0.198543,4.08,,0.01,[Fe/H],-28.2664,,,
K2-197,2.231370,K2-197,,,TIC 179032688,Gaia DR3 3630460126445437440,,5667,0.93,1,-0.11379,1.16,4.5,,0.08,[Fe/H],-7.8759,,,
K2-198,2.233958,K2-198,,,TIC 135043332,Gaia DR3 3628687065162340224,,5212.9,0.757,0.799,-0.40084,2.596364,4.5962,,0.094,[M/H],2.07395,,,
K2-199,2.234951,K2-199,,,TIC 2621212,Gaia DR3 3620501712193719296,,4491,0.682,0.711,-0.73283,2.928393,4.64,5.04,-0.01,[Fe/H],1.06821,,,-4.735
K2-200,2.239012,K2-200,,,TIC 115072772,Gaia DR3 3635174042031610496,,5233,0.791736,0.860208,-0.4288,2.231868,4.71,,-0.04,[Fe/H],-15.3253,,,
K2-201,2.249747,K2-201,,,TIC 125060509,Gaia DR3 6771370981322320128,,5507,0.878161,0.956055,-0.27594,1.873363,4.68,,0.13,[Fe/H],,,,
K2-2016-BLG-0005L,2.578674,K2-2016-BLG-0005L,,,,,,,,0.584,,,,,,,,,,
K2-202,2.250518,K2-202,,,TIC 441907126,Gaia DR3 4078733014274957184,,5491,0.910685,0.971461,-0.33519,1.750116,4.55,,0.27,[Fe/H],28.09707,,,
K2-203,2.256599,K2-203,,,TIC 333605244,Gaia DR3 2535901287452166400,,5026,0.765,0.793,-0.47237,2.5,4.57,6.9,-0.021,[Fe/H],20.1905,,,
K2-204,2.257504,K2-204,,,TIC 248351386,Gaia DR3 2533185974768028032,,5783,1.253,1.076,0.19866,0.77,4.273,6.5,0.21,[Fe/H],,,,
K2-205,2.259029,K2-205,,,TIC 344661825,Gaia DR3 2536584771367726336,,5890,1.077574,0.951027,0.19406,0.754594,4.25,,-0.26,[Fe/H],19.70106,,,
K2-206,2.259363,K2-206,,,TIC 257392778,Gaia DR3 2549096011101118080,,5043,0.758046,0.789481,-0.43502,2.393504,4.46,,-0.14,[Fe/H],27.24271,,,
K2-207,2.259454,K2-207,,,TIC 257571543,Gaia DR3 2549087623029238400,,5522,0.928158,0.941851,-0.17314,1.858983,4.41,,0.11,[Fe/H],-4.38623,,,
K2-208,2.259949,K2-208,,,TIC 399722652,Gaia DR3 2534388703049641472,,5500,0.872,0.881,-0.20135,1.88,4.503,6.1,-0.064,[Fe/H],11.58543,,,
K2-209,2.261017,K2-209,,,TIC 257436461,Gaia DR3 2537467988442521600,,4720,0.712365,0.74479,-0.58815,2.251182,4.46,,-0.06,[Fe/H],-26.20084,,,
K2-21,2.120552,K2-21,,,TIC 240766850,Gaia DR3 2596888100773300224,M0.0,4222.06,0.646783,0.676023,-0.98492,3.167598,4.828,1,-0.11,[Fe/H],4.80026,,,
K2-210,2.261372,K2-210,,,TIC 388801714,Gaia DR3 2538051863476537984,,5500,0.89,0.911717,-0.24869,1.942233,4.6,,0,[Fe/H],0.09477,,,
K2-211,2.261635,K2-211,,,TIC 399731211,Gaia DR3 2559203924574351616,,5117,0.818,0.851,-0.383,2.19,4.543,6.5,0.134,[Fe/H],-13.56532,,,
K2-212,2.264331,K2-212,,,TIC 388811663,Gaia DR3 2538824923230146560,,4349,0.678,0.622,-0.90958,4.445,4.72,,0.03,[Fe/H],-6.84397,,,
K2-213,2.265051,K2-213,,,TIC 257435562,Gaia DR3 2551651031310145024,,5794,1.20424,1.069596,0.24679,0.64207,4.25,,0.25,[Fe/H],-6.29515,,,
K2-214,2.266310,K2-214,,,TIC 344657681,Gaia DR3 2551946391916754176,,5875,1.236,1.03,0.19579,1.08,4.28,,0.04,[Fe/H],-17.07,,1.9,-5.112
K2-215,2.269741,K2-215,,,TIC 376905329,Gaia DR3 2564621115285038208,,5704,0.974398,0.999987,-0.02639,1.340774,4.41,,0.11,[Fe/H],,,,
K2-216,2.270183,K2-216,,,TIC 418761354,Gaia DR3 2556231154370582400,K5 V,4503,0.72,0.7,-0.72125,2.3,4.57,,0,[Fe/H],-26.16251,,1.8,-4.627
K2-217,2.270441,K2-217,,,TIC 405333767,Gaia DR3 2556248536102683008,,5967,1.333718,1.102661,0.23239,0.774728,4.17,,0.04,[Fe/H],-5.95473,,,
K2-218,2.271220,K2-218,,,TIC 266014458,Gaia DR3 2556472119215785728,,5757,1.008231,1.047488,-0.00284,1.212772,4.45,,0.25,[Fe/H],-0.33523,,,
K2-219,2.274610,K2-219,,,TIC 266014079,Gaia DR3 2581741400387500544,,5753,1.189232,1.021545,0.15097,0.725464,4.23,,0.13,[Fe/H],-19.96164,,,
K2-22,2.81847,K2-22,,,TIC 363445338,Gaia DR3 3811002791880297600,M0 V,3879,0.58,0.595292,-1.0744,3.655482,4.7,,0.032,[Fe/H],,,,
K2-220,2.275531,K2-220,,,TIC 266012991,Gaia DR3 2581918597853527424,,5612,1.026,0.91,-0.06106,3.061,4.45,,-0.05,[Fe/H],13.87939,,1.1,-5.155
K2-221,2.276531,K2-221,,,TIC 257801011,Gaia DR3 2582898606311167872,,5716,0.947599,1.010842,-0.06367,1.285883,4.57,,0.13,[Fe/H],8.70103,,,
K2-222,2.278677,K2-222,,,TIC 257774438,Gaia DR3 2584093844170270720,G0,5942,1.072,0.94,0.1271,1.071468,4.35,7.1,-0.315,[Fe/H],1.48408,,3.1,-5.128
K2-223,2.284857,K2-223,,,TIC 98594138,Gaia DR3 3578046995560843520,,5859,1,1.06,-0.03543,1.550823,4.5,,0.19,[Fe/H],9.40418,,,
K2-224,2.285248,K2-224,,,TIC 32425577,Gaia DR3 3578783977588991360,,5620,0.84,0.91,-0.24102,2.735275,4.55,,-0.19,[Fe/H],-17.66447,,,
K2-225,2.286005,K2-225,,,TIC 98677125,Gaia DR3 3579573358218514944,,5520,1.7,1.482,0.38202,0.425,4.148,0.0121,0.486,[Fe/H],42.09983,,,
K2-226,2.286097,K2-226,,,TIC 176938958,Gaia DR3 3581264372742210048,,5288,0.889,0.856,-0.25337,1.72,4.473,9.6,-0.05,[Fe/H],16.92025,,,
K2-227,2.288033,K2-227,,,TIC 156599123,Gaia DR3 3675261140764265728,,5673,0.890666,0.950811,-0.16664,1.663623,4.58,,-0.1,[Fe/H],2.73923,,,
K2-228,2.290321,K2-228,,,TIC 98751904,Gaia DR3 3583611726988838144,,4715,0.65,0.71,-0.84881,4.351908,4.66,,-0.25,[Fe/H],-2.85571,,,
K2-229,2.290492,K2-229,,,TIC 98720809,Gaia DR3 3583630934082556416,G9,5315,0.79,0.87,-0.38869,2.38,4.6,5.4,-0.09,[Fe/H],,18.1,2.46,-4.603
K2-229,2.290492,K2-229,,,TIC 98720809,Gaia DR3 3583630934082556416,G9,5315,0.79,0.87,-0.38869,2.38,4.59,5.4,-0.09,[Fe/H],,18.1,2.46,-4.603
K2-230,2.290691,K2-230,,,TIC 288527728,Gaia DR3 3676684252407983488,,5945,1.39,1.11,0.31741,0.647055,4.2,,0.1,[Fe/H],-20.61124,,5.2,
K2-231,2.255881,K2-231,,,TIC 130538732,Gaia DR3 4184182737768311296,,5695,0.95,1.01,-0.11208,1.211285,4.48,3,0.14,[Fe/H],41.576,,2,
K2-232,2.345467,K2-232,HD 286123,,TIC 68577662,Gaia DR3 3406687485600728192,,6154,1.161,1.188,0.23805,0.782,4.379,1.43,0.1,[Fe/H],,,4.16,
K2-233,2.394519,K2-233,,,TIC 428820090,Gaia DR3 6253186686054822784,K3,4796,0.71,0.79,-0.52288,3.08,4.53,0.36,-0.082,[Fe/H],-9.6483,9.754,4.5,
K2-237,2.301544,K2-237,,,TIC 16288184,Gaia DR3 6032746832450438400,F9 V,6180,1.236,1.256,0.3032,0.937,4.353,1.09,0.337,[Fe/H],-22.47,5.07,11.76,
K2-238,2.319823,K2-238,,,TIC 404243877,Gaia DR3 2631270761382148224,G2 V,5630,1.59,1.19,0.36,0.0775,4.11,5.63,0.34,[Fe/H],,,3.78,
K2-239,2.365807,K2-239,,,TIC 374339566,Gaia DR3 3857872051994269824,M3.0 V,3420,0.36,0.4,-1.79588,19.150516,4.9,,-0.1,[Fe/H],,,,
K2-24,2.107189,K2-24,,,TIC 68048686,Gaia DR3 6049750234317822208,G9 V,5625,1.16,1.07,0.15836,0.89,4.29,5.1,0.34,[Fe/H],1.18309,,2,-5.2439
K2-240,2.398929,K2-240,,,TIC 432247315,Gaia DR3 6257625719430982016,M0.5 V,3810,0.54,0.58,-1.27572,4.329464,4.7,,-0.1,[Fe/H],0.60655,10.8,,
K2-241,2.59375,K2-241,,,TIC 152805642,Gaia DR3 3594882751966012160,,5262,0.75,0.71,-0.44608,3.109992,4.54,,-0.44,[Fe/H],-8.67855,,2.08,
K2-242,2.59731,K2-242,,,TIC 152701771,Gaia DR3 3595647565382917120,,3459,0.37,0.38,-1.808,10.341682,4.89,,-0.01,[Fe/H],,,,
K2-243,2.62362,K2-243,,,TIC 96199085,Gaia DR3 3597570989175080576,,6570,1.39,1.29,0.42675,0.352489,4.26,,-0.03,[Fe/H],5.7902,,,
K2-244,2.64657,K2-244,,,TIC 56814628,Gaia DR3 3597981377595128704,,5677,0.92,0.86,-0.118,2.115303,4.44,,-0.29,[Fe/H],-19.24971,,3.69,
K2-245,2.69596,K2-245,,,TIC 147677253,Gaia DR3 3694743765254445312,,5793,1.25,0.83,0.1719,1.018697,4.16,,-0.45,[Fe/H],29.75341,,4.62,-5.148
K2-246,2.70863,K2-246,,,TIC 56721373,Gaia DR3 3697828548204889344,,5610,0.94,0.87,-0.15088,1.680767,4.43,,-0.19,[Fe/H],,,2.9,
K2-247,2.285234,K2-247,,,TIC 110999033,Gaia DR3 3578596339057980160,,4667,0.69,0.74,-0.88154,2.038101,4.63,,-0.08,[Fe/H],,,,
K2-248,2.286378,K2-248,,,TIC 176869982,Gaia DR3 3582057258065666816,,5528,0.92,0.88,-0.18938,1.826472,4.45,,-0.1,[Fe/H],,,2.6,
K2-249,2.287090,K2-249,,,TIC 176910179,Gaia DR3 3582098107498270208,,6504,1.57,1.32,0.33627,0.317279,4.16,,0.04,[Fe/H],-23.71426,,,
K2-25,2.136981,K2-25,,,TIC 434226736,Gaia DR3 3311804515502788352,M4.5 V,3207,0.2932,0.2634,-2.08831,14.6,4.944,0.73,0.15,[Fe/H],38.64,1.878,8.8,
K2-250,2.287120,K2-250,,,TIC 98591691,Gaia DR3 3582706794559052160,,5003,0.797,0.809,-0.44491,2.26,4.544,8.2,-0.02,[Fe/H],,,2.2,
K2-251,2.287943,K2-251,,,TIC 156584871,Gaia DR3 3675248118423392256,,3717,0.49,0.52,-1.34211,5.743802,4.76,,-0.04,[Fe/H],,,,
K2-252,2.288268,K2-252,,,TIC 152868838,Gaia DR3 3582392123779246336,,5152,0.82,0.79,-0.40842,2.040244,4.5,,-0.09,[Fe/H],13.72407,,2.2,
K2-253,2.290868,K2-253,,,TIC 98669309,Gaia DR3 3584368019189709952,,6027,1.1,1.08,-0.07738,1.015692,4.39,,0,[Fe/H],,,,
K2-254,2.292278,K2-254,,,TIC 147683165,Gaia DR3 3596876269626641664,,4629,0.67,0.71,-0.82244,2.710729,4.64,,-0.14,[Fe/H],,,,
K2-255,2.293828,K2-255,,,TIC 51664268,Gaia DR3 3682825883842696832,,4676,0.69,0.71,-0.79022,1.948352,4.62,,-0.14,[Fe/H],,,2.46,
K2-257,2.295943,K2-257,,,TIC 130640162,Gaia DR3 3695235654973028736,,3725,0.5,0.52,-1.38099,5.566544,4.76,,-0.03,[Fe/H],12.58555,,,
K2-258,2.297379,K2-258,,,TIC 130634730,Gaia DR3 3695568295896473856,,6351,1.31,1.21,0.27219,0.565996,4.29,,0.01,[Fe/H],,,,
K2-259,2.300129,K2-259,,,TIC 377259959,Gaia DR3 3700295641843380224,,6059,1.13,1.14,0.16711,1.007186,4.39,,0.16,[Fe/H],,,5.23,
K2-26,2.96460,K2-26,,,TIC 83181153,Gaia DR3 3425691139632545152,M1.0 V,3785,0.52,0.56,-1.3098,3.92,4.72407,1,-0.13,[Fe/H],95.34,,,
K2-260,2.343419,K2-260,,,TIC 293612446,Gaia DR3 3394923127797114496,F6 V,6860,1.755,1.637,0.78817,0.424,4.161,0.65,0.334,[Fe/H],29.07451,,16,
K2-261,2.75616,K2-261,,,TIC 281731203,Gaia DR3 3807826337147474176,G7 IV/V,5490,1.663,1.107,0.35392,0.339,4.04,8.8,0.372,[Fe/H],3.2815,,1.3,-5.16
K2-263,2.169877,K2-263,,,TIC 21276520,Gaia DR3 657756997089784960,G9 V,5368,0.85,0.88,-0.25964,2.02,4.51,7,-0.08,[M/H],29.99984,,2,
K2-264,2.187307,K2-264,,,TIC 184914317,Gaia DR3 661167785238757376,M2.5 V,3660,0.473,0.496,-1.48149,6.61,4.783,,-0.013,[Fe/H],26,22.2,,
K2-265,2.120538,K2-265,,,TIC 146364192,Gaia DR3 2597119620985658496,G8 V,5420,0.92,0.901,-0.18243,1.63,4.465,7.8,0.033,[Fe/H],-18.186,,1.8,-4.878
K2-266,2.360302,K2-266,,,TIC 374180079,Gaia DR3 3855246074629979264,,4285,0.703,0.686,-0.82333,2.79,4.581,,-0.12,[Fe/H],10.848,,,
K2-268,2.155740,K2-268,,,TIC 444037742,Gaia DR3 604743013163971072,,5106,0.78,0.84,-0.42942,2.299399,4.58,,0.03,[Fe/H],,24.87,,
K2-269,2.159398,K2-269,,,TIC 21339280,Gaia DR3 603087247436468608,,6209,1.45,1.16,0.46786,1.13,4.18,,-0.08,[Fe/H],-3.20209,,,
K2-27,2.77498,K2-27,,,TIC 363548415,Gaia DR3 3798552815560689792,,5246,0.876,0.88,-0.26971,2.04,4.48,10.3,0.12,[Fe/H],-37.772,,1.6,-5.037
K2-270,2.161887,K2-270,,,TIC 293375721,Gaia DR3 608395625151767680,,4877,0.77,0.85,-0.51819,1.886235,4.59,,0.26,[Fe/H],,,,
K2-271,2.171832,K2-271,,,TIC 60286662,Gaia DR3 655863775507590400,,5644,0.99,0.83,-0.04982,2.284,4.37,,-0.3,[Fe/H],,,,
K2-272,2.177721,K2-272,,,TIC 46259692,Gaia DR3 659826037455527040,,5397,0.83,0.86,-0.30214,2.577,4.53,,-0.09,[Fe/H],,,,
K2-273,2.183872,K2-273,,,TIC 175233369,Gaia DR3 659701895721176192,,5161,0.85,0.89,-0.35279,0.037,4.53,,0.2,[Fe/H],,,,
K2-274,2.190068,K2-274,,,TIC 195193560,Gaia DR3 664406705976755712,,5044,0.7,0.79,-0.50903,2.988945,4.64,,-0.16,[Fe/H],,,,
K2-275,2.190299,K2-275,,,TIC 332022997,Gaia DR3 661598415839633024,,4841,0.69,0.77,-0.59332,2.73722,4.65,,-0.06,[Fe/H],-7.34841,,,
K2-276,2.196499,K2-276,,,TIC 14570090,Gaia DR3 677884313351354880,,5139,0.85,0.82,-0.40538,0.505,4.49,,0.07,[Fe/H],,,,
K2-277,2.204958,K2-277,,,TIC 404421005,Gaia DR3 3604866386264961792,,5680,0.973,0.974,-0.05061,1.5,4.452,4.9,0.078,[Fe/H],7.51631,,2.3,-4.875
K2-278,2.207114,K2-278,,,TIC 422334505,Gaia DR3 3606596502170799104,,6747,1.61,1.4,0.39867,0.413,4.17,,0,[Fe/H],,,,
K2-279,2.235198,K2-279,,,TIC 709015,Gaia DR3 3632489004572617088,,5558,0.86,0.79,-0.20451,1.13,4.46,,-0.37,[Fe/H],3.29399,,,
K2-28,2.129586,K2-28,,,TIC 39926974,Gaia DR3 2622296783699476864,M4,3214,0.288,0.257,-1.9397,15.2,4.93,,0.26,[Fe/H],,,,
K2-280,2.250732,K2-280,,,TIC 119605900,Gaia DR3 6772454416893148928,,5500,1.28,1.03,0.13976,0.8,4.21,8.96,0.33,[Fe/H],-0.14745,,3,-5.273
K2-281,2.272046,K2-281,,,TIC 380884458,Gaia DR3 2577432178095422976,,4812,0.76,0.82,-0.64686,4.354,4.59,,0.22,[Fe/H],,,,
K2-282,2.273300,K2-282,,,TIC 266030192,Gaia DR3 2580848395082660992,,5499,1,0.94,-0.21463,1.442,4.5,,-0.23,[Fe/H],,,,
K2-283,2.275791,K2-283,,,TIC 266017624,Gaia DR3 2581916673708201216,,5060,0.82,0.89,-0.52364,2.861,4.56,,0.28,[Fe/H],,,,
K2-284,2.347944,K2-284,,,TIC 5882269,Gaia DR3 3413793491812093824,,4140,0.607,0.63,-1.01323,3.91,4.67,0.12,0,[Fe/H],16.96,8.88,3.54,
K2-285,2.338589,K2-285,,,TIC 262715204,Gaia DR3 2657374606238804992,K2 V,4975,0.787,0.83,-0.42183,2.512,4.4,,0,[Fe/H],15.88306,,3.9,
K2-286,2.401447,K2-286,,,TIC 297373047,Gaia DR3 6264513270727342080,M0 V,3926,0.62,0.64,-1.04576,3.413288,4.7,,0,[Fe/H],-17.40792,23.8,,
K2-287,2.391060,K2-287,,,TIC 73848324,Gaia DR3 6239702034929248512,,5695,1.07,1.056,-0.10829,1.217,4.398,4.5,0.2,[Fe/H],32.93041,,3.2,
K2-288 B,2.140449,K2-288,,,TIC 640381384,,M3 V,3341,0.32,0.33,-1.93,14.2,4.96,1,-0.21,[Fe/H],71.6,,,
K2-289,2.117318,K2-289,,,TIC 413753029,Gaia DR3 4325505960880989952,,5529,1.025,0.953,-0.50479,1.24,4.393,,0.162,[Fe/H],,,,
K2-29,2.149448,K2-29,,,TIC 56399553,Gaia DR3 150054788545735424,G7 V,5358,0.86,0.94,-0.29533,2.9,4.54,2.6,0.16,[Fe/H],32.8786,10.79,3.7,
K2-290,2.394592,K2-290,,,TIC 70803960,Gaia DR3 6253844468883543680,,6302,1.511,1.194,0.42035,0.485,4.23,4,-0.06,[Fe/H],19.7594,6.63,6.5,
K2-291,2.350585,K2-291,HD 285181,,TIC 27039476,Gaia DR3 3409148746676599168,,5520,0.899,0.934,-0.16622,1.77,4.5,3.72,0.08,[Fe/H],25.1262,,2,
K2-292,2.221617,K2-292,HD 119130,,TIC 743941,Gaia DR3 3616931735377523712,G3 V,5725,1.09,1,0.09254,1.14,4.33,6.8,0.07,[Fe/H],-28.18251,,4.6,
K2-293,2.323838,K2-293,,,TIC 49679172,Gaia DR3 2632493590110613760,,5532,0.947,0.958,-0.18023,1.688211,4.52,,0.218,[M/H],,,,
K2-294,2.320414,K2-294,,,TIC 49709169,Gaia DR3 2438623297559630592,,5612,1.2,0.987,0.08751,0.892598,4.2,,0.194,[M/H],42.93402,,,
K2-295,2.271161,K2-295,,,TIC 610976842,Gaia DR3 2564784633279953536,K5 V,4444,0.7,0.74,-0.71623,3.043,4.63,,0.14,[Fe/H],-16.6185,,2.2,
K2-3,2.69968,K2-3,,,TIC 173103335,Gaia DR3 3796690380302214272,M V,3844,0.546,0.549,-1.23136,4.78,4.704,6.9,-0.157,[Fe/H],30.48024,40.71,,
K2-30,2.146148,K2-30,,,TIC 26017005,Gaia DR3 61607255708760960,G6 V,5425,0.844,0.9,-0.25649,2.11,4.54,3.9,-0.15,[Fe/H],35.4314,,1.4,
K2-308,2.342233,K2-308,,,TIC 411697517,Gaia DR3 3393982701757444352,,6100,1.24,1.09,0.283,,3.94,,-0.1,[Fe/H],8.97,,29,
K2-31,2.109157,K2-31,,,TIC 50171060,Gaia DR3 6050191241556876672,G7 V,5280,0.78,0.91,-0.11028,1.192894,4.6,,0.08,[Fe/H],-4.7511,18.38,2.6,-4.647
K2-315,2.394831,K2-315,,,TIC 70298662,Gaia DR3 6255978483510095488,M(3.5+/-0.5) V,3300,0.196,0.174,-2.38722,32.6,5.094,1,-0.24,[Fe/H],6.25,,5,
K2-316,2.389535,K2-316,,,TIC 73943566,Gaia DR3 6239410080231903488,,3436,0.379,0.408,-1.82964,10.826536,4.891,,,,,,,
K2-317,2.392470,K2-317,,,TIC 70412892,Gaia DR3 6255655673768103168,,3387,0.379,0.403,-1.87068,11.582865,4.885,,,,,,,
K2-318,2.399683,K2-318,,,TIC 335322931,Gaia DR3 6258364939144564992,,3851,0.552,0.561,-1.27696,4.493441,4.701,,,,,,,
K2-319,2.83263,K2-319,,,TIC 301540319,Gaia DR3 3811688440459523200,,5440,0.898,0.954,-0.23747,1.620821,4.512,,,,8.63567,,,
K2-32,2.114869,K2-32,,,TIC 437444661,Gaia DR3 4130539180358512768,G9 V,5271,0.86,0.83,-0.29607,1.832774,4.49,7.9,-0.06,[Fe/H],-2.1983,,0.7,-5.061
K2-320,2.88659,K2-320,,,TIC 281748980,Gaia DR3 3864142669886768896,,3157,0.3,0.117,-2.12527,16.901844,4.55,,,,,,,
K2-321,2.362932,K2-321,,,TIC 277833995,Gaia DR3 3856449627544923392,,3750,0.595,0.578,-1.20066,3.86,4.65,,0.148,[Fe/H],-43.89768,,,
K2-322,2.366495,K2-322,,,TIC 277869696,Gaia DR3 3860369901894562304,,4141,0.602,0.63,-1.03905,3.578675,4.677,,,,4.18144,,,
K2-323,2.369186,K2-323,,,TIC 392852196,Gaia DR3 3859431674878660864,,3710,0.549,0.478,-1.3393,4.864775,4.63,,,,,,,
K2-324,2.370449,K2-324,,,TIC 392817207,Gaia DR3 3862378262961788288,,3752,0.505,0.517,-1.33305,5.313748,4.743,,,,,,,
K2-325,2.320217,K2-325,,,TIC 8918021,Gaia DR3 2439222638771000448,,3287,0.298,0.274,-2.04801,14.639072,4.84,,,,,,,
K2-326,2.338612,K2-326,,,TIC 422487869,Gaia DR3 2645727449501559680,,3924,0.688,0.507,-0.97833,2.80726,4.462,,,,,,,
K2-329,2.325518,K2-329,,,TIC 301258470,Gaia DR3 2632880927441296640,,5282,0.822,0.901,-0.32514,2.3,4.566,1.8,0.098,[Fe/H],-19.24897,,1.9,
K2-33,2.115181,K2-33,,,TIC 49040478,Gaia DR3 6245758900889486720,M3.3,3540,1.05,0.56,-0.82391,0.72,4.06317,0.0093,,,-6.7,6.29,8.2,
K2-330,2.154963,K2-330,,,TIC 366484980,Gaia DR3 601159910928534144,,6232,1.5,1.23,0.47702,0.542931,4.18,,-0.03,[Fe/H],,,,
K2-331,2.160131,K2-331,,,TIC 46296576,Gaia DR3 608206676654888064,,5994,1.06,1.1,0.05943,1.226698,4.43,,0.08,[Fe/H],,9.98,,
K2-332,2.164596,K2-332,,,TIC 330621494,Gaia DR3 607158571490718208,,3315,0.28,0.27,-2.06542,15.363159,4.97,,0.09,[Fe/H],,31.71,,
K2-333,2.168651,K2-333,,,TIC 330690135,Gaia DR3 607345660265955456,,5880,1.22,1.06,0.16523,0.844831,4.29,,0.07,[Fe/H],,,,
K2-334,2.172917,K2-334,,,TIC 330687113,Gaia DR3 610858393758591104,,6502,1.49,1.36,0.51362,0.509009,4.22,,0.17,[Fe/H],,,,
K2-335,2.173809,K2-335,,,TIC 21247758,Gaia DR3 658060049982487040,,6222,1.33,1.23,0.39509,0.723376,4.28,,0.1,[Fe/H],,,,
K2-336,2.174952,K2-336,,,TIC 46382728,Gaia DR3 611580390645372672,,5424,0.8,0.86,-0.34534,2.525365,4.56,,-0.17,[Fe/H],,,,
K2-337,2.175259,K2-337,,,TIC 20484888,Gaia DR3 658978451430055936,,5869,1.32,0.94,0.24964,0.763651,4.17,,-0.27,[Fe/H],,,,
K2-338,2.175628,K2-338,,,TIC 186814470,Gaia DR3 656201703533465088,,4558,0.63,0.66,-0.83644,4.050361,4.65,,-0.23,[Fe/H],,,,
K2-339,2.182307,K2-339,,,TIC 175241633,Gaia DR3 659493675706526848,,4857,0.72,0.74,-0.65173,2.848695,4.59,,-0.11,[Fe/H],,11.13,,
K2-34,2.195615,K2-34,,,TIC 178217113,Gaia DR3 665757593450097920,F,6168,1.42,1.16,0.3997,0.675,4.2,2.88,0.01,[Fe/H],46.311,,6.31,
K2-340,2.184219,K2-340,,,TIC 178246831,Gaia DR3 662705555330268928,,5532,1.13,0.93,-0.00232,0.981783,4.3,,0.08,[Fe/H],,,,
K2-341,2.188226,K2-341,,,TIC 175290685,Gaia DR3 661398407803108736,,5817,1.16,0.98,0.12566,1.055328,4.3,,-0.05,[Fe/H],,,,
K2-342,2.192859,K2-342,,,TIC 197215129,Gaia DR3 685749360542215296,,5920,1.09,1.01,0.09264,1.241024,4.36,,-0.06,[Fe/H],,,,
K2-343,2.193496,K2-343,,,TIC 197246627,Gaia DR3 685818492336147072,,3804,0.46,0.49,-1.43852,6.028347,4.8,,-0.1,[Fe/H],,,,
K2-344,2.193977,K2-344,,,TIC 203289099,Gaia DR3 685235991691684352,,4374,0.49,0.51,-1.22508,4.432325,4.76,,-0.95,[Fe/H],,,,
K2-345,2.194383,K2-345,,,TIC 238608004,Gaia DR3 685979983106267136,,3779,0.52,0.56,-1.32045,4.811596,4.74,,0.26,[Fe/H],,18.47,,
K2-346,2.196570,K2-346,,,TIC 14570099,Gaia DR3 677884760027950080,,4801,0.7,0.71,-0.66264,2.939431,4.6,,-0.18,[Fe/H],,,,
K2-347,2.198018,K2-347,,,TIC 14603874,Gaia DR3 678119333962115072,,4599,0.63,0.66,-0.89434,4.121529,4.65,,-0.26,[Fe/H],,,,
K2-348,2.200025,K2-348,,,TIC 117275513,Gaia DR3 690310993768911104,,5077,0.85,0.83,-0.38844,1.759139,4.5,,0.13,[Fe/H],,,,
K2-349,2.207299,K2-349,,,TIC 347812320,Gaia DR3 3608708904525885440,,4385,0.49,0.54,-0.36582,2.612324,4.78,,-0.66,[Fe/H],,,,
K2-35,2.77677,K2-35,,,TIC 363478257,Gaia DR3 3810609819552494976,K4 V,4402.71,0.619575,0.701968,-0.71881,2.027246,4.697,,0.04,[Fe/H],,,3,
K2-350,2.208571,K2-350,,,TIC 294319820,Gaia DR3 3606709167752821632,,5789,1.04,0.98,-0.01175,1.570321,4.39,,-0.02,[Fe/H],,8.22,,
K2-351,2.215010,K2-351,,,TIC 187273748,Gaia DR3 3613442989278322432,,5769,1.05,1.02,0.02389,1.2919,4.4,,0.08,[Fe/H],,25.23,,
K2-352,2.407678,K2-352,,,TIC 86130229,Gaia DR3 632634358985725184,,5791,0.95,0.98,-0.06326,1.778256,4.47,,-0.05,[Fe/H],,17.59,,
K2-353,2.414325,K2-353,,,TIC 115010361,Gaia DR3 3638010855046147200,,5698,0.99,0.87,-0.07632,1.291322,4.38,,-0.21,[Fe/H],,,,
K2-354,2.151215,K2-354,,,TIC 468989066,Gaia DR3 601314254872894080,,3669,0.41,0.43,-1.6137,7.809691,4.86,,-0.04,[Fe/H],,,,
K2-355,2.161652,K2-355,,,TIC 186853124,Gaia DR3 650463970824290816,,5790,0.92,0.96,-0.11465,1.659789,4.49,,-0.12,[Fe/H],,,,
K2-356,2.162388,K2-356,,,TIC 20536788,Gaia DR3 651370037123678080,,5568,0.86,0.9,-0.24375,2.350815,4.52,,-0.11,[Fe/H],,,,
K2-357,2.172931,K2-357,,,TIC 293459761,Gaia DR3 610181468257262464,,5794,1,0.98,-0.06563,1.59481,4.43,,-0.02,[Fe/H],,,,
K2-358,2.183591,K2-358,,,TIC 197241396,Gaia DR3 660400738439361280,,5650,0.91,0.93,-0.16134,1.848804,4.49,,-0.07,[Fe/H],,,,
K2-36,2.85476,K2-36,,,TIC 363445121,Gaia DR3 3811989156889528320,K2 V,4916,0.718,0.79,-0.57,2.99,4.621,1.4,-0.047,[M/H],13.24695,17.13,2.7,-4.594
K2-365,2.112576,K2-365,,,TIC 220604190,Gaia DR3 6246622017519183616,,5561,1.051,0.823,-0.01377,1.169971,4.313,,-0.021,[Fe/H],,,,
K2-366,2.115137,K2-366,,,TIC 49512708,Gaia DR3 6245607576304205952,,5601,0.94,0.825,-0.10862,2.013049,4.406,,-0.216,[Fe/H],,,,
K2-367,2.122059,K2-367,,,TIC 12821302,Gaia DR3 2601048588348190976,,4348,0.625,0.756,-0.85399,4.016482,4.726,,-0.351,[Fe/H],,,,
K2-368,2.124670,K2-368,,,TIC 38136597,Gaia DR3 2613924969021549440,,4663,0.663,0.746,-0.69293,3.552889,4.667,,-0.25,[Fe/H],,,,
K2-369,2.125047,K2-369,,,TIC 49984349,Gaia DR3 2616766622463761024,,5682,0.881,0.735,-0.12109,2.217065,4.418,,-0.234,[Fe/H],,,,
K2-37,2.107576,K2-37,,,TIC 68504570,Gaia DR3 6049595065740634624,G3 V,5352,0.809,0.84,-0.40798,1.805607,4.53,,-0.08,[Fe/H],-0.63351,,1.3,-4.957
K2-370,2.142941,K2-370,,,TIC 456945304,Gaia DR3 144150720342734208,G5 V,5662,0.945,0.962,-0.12703,1.607202,4.48,1.4,0.08,[Fe/H],,13.55,3.3,-4.49
K2-371,2.154784,K2-371,,,TIC 366622912,Gaia DR3 602466302541172736,,4925,0.736,0.958,-0.51657,2.745115,4.683,,-0.107,[Fe/H],,,,
K2-372,2.159375,K2-372,,,TIC 333800257,Gaia DR3 602348482997667840,,5479,0.922,0.847,-0.12154,1.541983,4.437,,-0.064,[Fe/H],,,,
K2-373,2.162535,K2-373,,,TIC 27626711,Gaia DR3 650623262571412480,,6138,1.486,1.158,0.43238,0.430665,4.156,,0.049,[Fe/H],,,,
K2-374,2.173051,K2-374,,,TIC 321285788,Gaia DR3 607937055787752576,G3,5789,0.907,0.731,-0.05943,1.827769,4.386,,-0.292,[Fe/H],,,,
K2-375,2.189897,K2-375,,,TIC 175290532,Gaia DR3 661453074146753152,,5822,1.543,1.119,0.39626,0.398349,4.107,,-0.091,[Fe/H],,,,
K2-376,2.200753,K2-376,,,TIC 117414377,Gaia DR3 690025807939789184,G1,5937,1.149,0.908,0.18908,1.087189,4.275,,-0.176,[Fe/H],,,,
K2-377,2.214089,K2-377,,,TIC 422325510,Gaia DR3 3610557458450018944,,4200,0.691,0.821,-0.81809,2.794403,4.673,,-0.008,[Fe/H],,,,
K2-378,2.217321,K2-378,,,TIC 741119,Gaia DR3 3616517223789495424,,4823,0.732,0.923,-0.56665,2.788777,4.674,,-0.206,[Fe/H],,,,
K2-379,2.244703,K2-379,,,TIC 90090343,Gaia DR3 4072055435329128576,,4603,0.751,0.856,-0.6327,2.103024,4.615,,-0.045,[Fe/H],,,,
K2-38,2.109662,K2-38,,,TIC 12666215,Gaia DR3 6237129658760381056,G2 V,5731,1.06,1.03,0.03743,1.21,4.38,6.7,0.26,[Fe/H],-35.33349,,2,-5.06
K2-380,2.245060,K2-380,,,TIC 90605642,Gaia DR3 4073600356552513280,,5911,1.32,0.993,0.20189,0.556762,4.194,,-0.049,[Fe/H],,,,
K2-381,2.251827,K2-381,,,TIC 10195089,Gaia DR3 4081376064109034496,,4473,0.675,0.754,-0.73923,3.242868,4.653,,-0.244,[Fe/H],,,,
K2-382,2.252529,K2-382,,,TIC 187960878,Gaia DR3 4083952670840373504,,5452,0.811,0.922,-0.27952,2.297707,4.585,,-0.027,[Fe/H],,,,
K2-383,2.253685,K2-383,,,TIC 31244979,Gaia DR3 4098446119569242752,,5129,0.804,1.061,-0.39685,1.882513,4.655,,0.187,[Fe/H],,,,
K2-384,2.259679,K2-384,,,TIC 399702475,Gaia DR3 2535107508776249856,M4 V,3623,0.348,0.33,-1.86986,11.200435,4.874,,0.068,[Fe/H],,,,
K2-385,2.269236,K2-385,,,TIC 257429687,Gaia DR3 2552976943549668352,,4844,0.761,0.927,-0.51852,2.487737,4.64,,-0.224,[Fe/H],,,,
K2-386,2.271557,K2-386,,,TIC 376879052,Gaia DR3 2576755978444329216,,5749,0.97,0.911,-0.01919,1.59887,4.424,,0.074,[Fe/H],,,,
K2-387,2.278223,K2-387,,,TIC 376938120,Gaia DR3 2580505553613124992,,3572,0.585,0.57,-1.23884,4.088806,4.66,,0.126,[Fe/H],,,,
K2-388,2.313096,K2-388,,,TIC 49735922,Gaia DR3 2433621314222365312,G8,5310,0.91,0.93,-0.21167,1.57761,4.42,,0.24,[Fe/H],,,1.9,-5.073
K2-389,2.315550,K2-389,,,TIC 9030096,Gaia DR3 2435647095676990592,G3,5773,1.094,0.99,0.10644,0.630555,4.31,,0.038,[Fe/H],,,1.8,-5.119
K2-389,2.315550,K2-389,,,TIC 9030096,Gaia DR3 2435647095676990592,G3,5782,1.084,0.802,0.10644,0.630555,4.273,,-0.034,[Fe/H],,,1.8,-5.119
K2-39,2.127927,K2-39,,,TIC 250977648,Gaia DR3 2609222216055014144,,4881,2.97,0.66,0.67409,0.04,3.44,6.7,0.32,[Fe/H],24.3451,,2.01,-5.06
K2-390,2.315813,K2-390,,,TIC 9030119,Gaia DR3 2435650050614494336,G4,5558,0.966,0.789,-0.09926,1.461271,4.368,,-0.116,[Fe/H],,,,
K2-391,2.320193,K2-391,,,TIC 9054633,Gaia DR3 2439325924144650368,G7,5543,0.566,0.757,0.39142,0.22221,4.973,,-0.543,[Fe/H],,,,
K2-392,2.320693,K2-392,,,TIC 8963531,Gaia DR3 2439238852271933568,G3,5726,1.058,0.841,0.04791,1.267359,4.314,,-0.238,[Fe/H],,,,
K2-393,2.336801,K2-393,,,TIC 279046938,Gaia DR3 2651117427299894656,,5678,1.071,0.881,0.04296,1.185351,4.321,,0.076,[Fe/H],,,,
K2-394,2.342464,K2-394,,,TIC 436575927,Gaia DR3 3406132644545570432,,4938,0.631,0.478,-0.85841,2.666884,4.515,,-0.388,[Fe/H],,,,
K2-395,2.342903,K2-395,,,TIC 245946724,Gaia DR3 3310124801036651008,K0,5007,0.783,0.952,-0.41264,1.717225,4.628,,-0.033,[Fe/H],,,,
K2-396,2.344034,K2-396,,,TIC 59088823,Gaia DR3 3405720400701167104,G9,5236,0.92,0.954,-0.23007,1.376209,4.488,,0.237,[Fe/H],,,,
K2-397,2.349957,K2-397,,,TIC 6139066,Gaia DR3 3414370975935397888,G7,5387,0.966,0.937,-0.14497,1.474213,4.435,,0.11,[Fe/H],,,,
K2-398,2.362127,K2-398,,,TIC 281660552,Gaia DR3 3809028584392561408,G2,5946,1.239,0.945,0.25966,0.748896,4.227,,-0.257,[Fe/H],,,,
K2-4,2.64479,K2-4,,,TIC 49462779,Gaia DR3 3792100950048409344,,4014.73,0.569359,0.635026,-0.91516,2.815226,4.849,,-0.12,[Fe/H],,,,
K2-400,2.364093,K2-400,,,TIC 345034874,Gaia DR3 3859918999047978240,M3,3578,0.382,0.374,-1.74791,9.349573,4.847,,-0.051,[Fe/H],,,,
K2-401,2.364730,K2-401,,,TIC 345063080,Gaia DR3 3860043690538404992,K7,4213,0.675,0.87,-0.8353,3.032734,4.719,,-0.098,[Fe/H],,,,
K2-402,2.369432,K2-402,,,TIC 393548451,Gaia DR3 3865287467650348928,G2,5716,1.28,0.944,0.2095,0.767084,4.197,,-0.378,[Fe/H],,,,
K2-403,2.376627,K2-403,,,TIC 365007485,Gaia DR3 3867810120985878272,G4,5511,0.886,0.784,-0.17121,1.759773,4.439,,-0.162,[Fe/H],,,,
K2-404,2.381860,K2-404,,,TIC 61312205,Gaia DR3 3884361314332210304,M1,3748,0.552,0.552,-1.23901,4.559223,4.695,,0.005,[Fe/H],,,,
K2-405,2.382555,K2-405,,,TIC 149496868,Gaia DR3 3871908447498807296,K0,4927,0.765,1.034,-0.48798,1.728341,4.685,,0.132,[Fe/H],,,,
K2-406,2.386958,K2-406,,,TIC 292202337,Gaia DR3 6214868495365748096,G4,5784,0.961,0.798,-0.05965,1.565556,4.374,,-0.038,[Fe/H],,,,
K2-407,2.389984,K2-407,,,TIC 422685031,Gaia DR3 6239581123010344960,G4,5563,0.927,0.881,-0.12724,1.580669,4.45,,0.014,[Fe/H],,,,
K2-408,2.399371,K2-408,,,TIC 432247186,Gaia DR3 6257641627989839744,G7,5335,0.784,0.813,-0.33037,2.294633,4.559,,-0.171,[Fe/H],,,,
K2-409,2.402331,K2-409,,,TIC 432261603,Gaia DR3 6307338080392893696,G4,5742,1.228,0.886,0.17248,0.679222,4.204,,-0.036,[Fe/H],,,,
K2-411,2.142299,K2-411,,,TIC 440701570,Gaia DR3 50884474718017408,,5711,1.375,1.018,0.25809,0.552218,4.1693,,0.1415,[Fe/H],,,,
K2-412,2.350651,K2-412,,,TIC 69274518,Gaia DR3 3409152693750235008,,5590,0.977,0.893,-0.07054,0.819323,4.412,,0.014,[Fe/H],,,,
K2-413,2.320397,K2-413,,,TIC 423610130,Gaia DR3 2439890557725244800,,4116,0.7,0.808,-0.83322,2.182834,4.656,,-0.205,[Fe/H],,,,
K2-414,2.326753,K2-414,,,TIC 301288279,Gaia DR3 2634046753364013440,,4343,0.732,0.814,-0.70538,2.291292,4.621,,-0.102,[Fe/H],,,,
K2-415,2.101596,K2-415,,,TIC 323687123,Gaia DR3 604215144503584640,M5 V,3173,0.1965,0.1635,-2.45469,30.3,5.066,,-0.13,[Fe/H],22.5,4.298,,
K2-416,2.578875,K2-416,,,TIC 301132473,Gaia DR3 2632278807386060288,M V,3746,0.554,0.548,-1.27003,4.582203,4.691,,,,,,,
K2-417,2.578876,K2-417,,,TIC 49592509,Gaia DR3 2437684039751295744,M V,3861,0.5776,0.569,-1.20204,4.182236,4.67,,,,,,,
K2-419 A,2.160585,K2-419,,,TIC 437054764,Gaia DR3 605593554127479936,,3711,0.541,0.562,-1.27654,4.99,4.74,7.4,-0.11,[Fe/H],,,2,
K2-42,2.61843,K2-42,,,TIC 82054726,Gaia DR3 3599651986730350464,,4613,0.643,0.702,-0.70324,2.58259,4.659,,,,,,,
K2-43,2.64308,K2-43,,,TIC 443616612,Gaia DR3 3789847707126025600,,3840.6,0.542,0.571,-1.21241,4.398841,4.68275,,,,,,,
K2-44,2.67776,K2-44,,,TIC 49427836,Gaia DR3 3793339378098543616,,5912,1.58,1.15,0.42968,0.321775,4.101,,0,[Fe/H],47.45891,,,
K2-45,2.69133,K2-45,,,TIC 38087018,Gaia DR3 3790858845506203264,,4103,0.445,0.503,-0.73994,2.128866,4.824,,,,,,,
K2-46,2.71556,K2-46,,,TIC 49430892,Gaia DR3 3794162976731206272,,6256,1.29,0.96,0.41312,0.601095,4.198,,-0.32,[Fe/H],,,,
K2-47,2.82384,K2-47,,,TIC 301603728,Gaia DR3 3811760011794444928,,5054,0.76,0.75,-0.48202,2.040625,4.544,,-0.224,[M/H],,,,
K2-48,2.83925,K2-48,,,TIC 397022282,Gaia DR3 3799841752426128896,,4899,0.73,0.77,-0.65663,2.692599,4.603,,-0.19,[M/H],,,,
K2-49,2.84485,K2-49,,,TIC 325335564,Gaia DR3 3895843479901597440,,4175,0.45,0.51,-0.77386,2.535262,4.81,,,,,,,
K2-5,2.68901,K2-5,,,TIC 38064757,Gaia DR3 3791512745687354496,K7.5 V,3930,0.57,0.61,-1.08341,4.404805,4.71,,-0.33,[Fe/H],,,,
K2-50,2.89821,K2-50,,,TIC 363444743,Gaia DR3 3817000078053804672,,4326,0.546,0.611,-0.87356,2.551786,4.742,,-0.1132,[M/H],,,,
K2-50,2.89821,K2-50,,,TIC 363444743,Gaia DR3 3817000078053804672,,4326,0.634,0.611,-0.87356,2.551786,4.742,,-0.1132,[M/H],,,,
K2-52,2.107226,K2-52,,,TIC 399155300,Gaia DR3 6049057713786919936,,7147,2.192,1.691,0.02701,0.22,3.979,,0.055,[Fe/H],,,,
K2-53,2.113458,K2-53,,,TIC 49652731,Gaia DR3 6244643373326639360,,5263,0.807,0.851,-0.5788,2.29,4.555,,-0.037,[Fe/H],43.34204,,,
K2-54,2.117751,K2-54,,,TIC 12822545,Gaia DR3 2594546351459477760,,3990,0.643,0.615,-1.02228,3.25,4.61,,-0.02,[Fe/H],,,,
K2-55,2.117918,K2-55,,,TIC 437704321,Gaia DR3 6825931948041984256,,4300,0.715,0.688,-0.78432,2.350561,4.566,,0.376,[Fe/H],3.95331,,2.2,-4.7339
K2-57,2.121022,K2-57,,,TIC 146799150,Gaia DR3 2603155390066307456,,4413,0.671,0.699,-0.8122,3.26,4.629,6.8,0.08,[Fe/H],,,,
K2-58,2.121054,K2-58,,,TIC 437703489,Gaia DR3 2599975224481836672,,5413,0.86,0.89,-0.39764,2.009341,4.522,,0.11,[Fe/H],6.48669,,,
K2-59,2.121069,K2-59,,,TIC 188570847,Gaia DR3 2597903091739512320,,5055,0.731,0.774,-0.66037,4.000805,4.592,,,,,,,
K2-6,2.70749,K2-6,,,TIC 446672575,Gaia DR3 3794479262419500160,,5850,0.96,0.97,-0.12006,1.847154,4.398,,-0.14,[Fe/H],7.68724,,,
K2-60,2.121477,K2-60,,,TIC 206284139,Gaia DR3 2597973387468989568,G4 V,5500,1.12,0.97,0.28233,0.99,4.07,10,0.01,[Fe/H],-45.475,,2.2,
K2-61,2.121712,K2-61,,,TIC 402314147,Gaia DR3 2598309945401588224,,5748,0.995,0.97,-0.01524,1.432637,4.38,,0.03,[Fe/H],-8.14965,,1.6,-5.119
K2-62,2.123441,K2-62,,,TIC 434094657,Gaia DR3 2612830229101544704,,4455,0.696,0.67,-0.72658,3.006962,4.57,,-0.1,[Fe/H],4.92725,,,-4.972
K2-63,2.123594,K2-63,,,TIC 437699592,Gaia DR3 2612881429407251328,,6771,1.63,1.4,0.21948,0.713179,4.15,,,,-10.83618,,,
K2-64,2.124367,K2-64,,,TIC 38129680,Gaia DR3 2613822710144971776,,5312,0.726,0.741,-0.23421,1.975449,4.576,,,,,,,
K2-65,2.59509,K2-65,,HIP 109656,TIC 38200266,,,5213,0.84,0.87,-0.328,,4.533,,-0.34,[Fe/H],,,,
K2-66,2.125266,K2-66,,,TIC 50183101,Gaia DR3 2614121364991061888,,5887,1.67,1.11,0.50621,0.299068,4.03,,-0.047,[Fe/H],46.23523,,3.7,-5.267
K2-68,2.125434,K2-68,,,TIC 38258419,Gaia DR3 2614734243939231232,,4746,0.675,0.73,-0.67323,3.284909,4.632,,-0.21,[Fe/H],18.73186,,,
K2-69,2.125531,K2-69,,,TIC 39928614,Gaia DR3 2614926005638892032,,4127,0.491,0.551,-1.35611,5.051422,4.786,,,,,,,
K2-7,2.71140,K2-7,,,TIC 53210555,Gaia DR3 3803494845449564672,,5700,1.533,1.056,0.35025,0.416,4.092,8.6,0.049,[Fe/H],,,,
K2-70,2.126105,K2-70,,,TIC 250979498,Gaia DR3 2608811445383136768,,5622,0.93,0.94,-0.42935,2.396423,4.478,,0.06,[Fe/H],,,,
K2-71,2.126457,K2-71,,,TIC 402287746,Gaia DR3 2608279114251674624,,4006,0.426,0.477,-1.51871,6.241978,4.852,,,,,,,
K2-72,2.126903,K2-72,,,TIC 38337202,Gaia DR3 2615653023342995584,,3360.47,0.330989,0.271365,-1.83673,12.297703,5.048,,,,,,,
K2-73,2.127877,K2-73,,,TIC 38354061,Gaia DR3 2616071555020488960,,5867,1.058,1.02,0.07609,1.265893,4.39,,0.04,[Fe/H],-38.40548,,2,-4.999
K2-74,2.128490,K2-74,,,TIC 251018878,Gaia DR3 2609566053956741888,,6060,0.98,0.96,0.05957,1.469617,4.444,,-0.21,[Fe/H],28.65496,,,
K2-75,2.130154,K2-75,,,TIC 250996363,Gaia DR3 2621784209417087360,,5995,1.56,1.16,0.34943,0.455158,4.118,,0.3,[Fe/H],4.36521,,,
K2-77,2.134412,K2-77,,,TIC 435339847,Gaia DR3 37619725922094336,,5160,0.792,0.847,-0.39686,2.41,4.569,4.7,0.13,[Fe/H],7.35,19.8,4,
K2-79,2.135149,K2-79,,,TIC 435339558,Gaia DR3 38127013099258880,G1,5897,1.269,1.06,0.24551,0.73311,4.26,6.5,0.035,[Fe/H],-10.62998,,2.7,-5.129
K2-8,2.73319,K2-8,,,TIC 38114658,Gaia DR3 3797977118144236288,K3 V,4870,0.74,0.78,-0.55319,2.363264,4.52,,-0.02,[Fe/H],,,2,
K2-80,2.135181,K2-80,,,TIC 242961495,Gaia DR3 38723395078288256,,5441,0.87,0.9,-0.43238,1.907439,4.519,,0.07,[Fe/H],16.78183,,,
K2-80,2.135181,K2-80,,,TIC 242961495,Gaia DR3 38723395078288256,,5377,0.841458,0.913111,-0.43238,1.907439,4.65,,0.07,[Fe/H],16.78183,,,
K2-81,2.136191,K2-81,,,TIC 59040029,Gaia DR3 39738656627501056,,4674.13,0.634663,0.745273,-0.5689,2.517217,4.668,,,,,,,
K2-83,2.137349,K2-83,,,TIC 242988068,Gaia DR3 40139531695379328,,3910,0.424,0.484,-1.20362,4.401802,4.863,,,,,,,
K2-84,2.138538,K2-84,,,TIC 434133930,Gaia DR3 44062348664673152,,5652,0.93,0.95,-0.42274,2.291207,4.481,,0.278,[M/H],7.64237,,,
K2-85,2.140729,K2-85,,,TIC 14160842,Gaia DR3 49784688211974144,,4232,0.71,0.7,-0.81171,2.351914,4.44,,0.14,[Fe/H],-3.94428,,3,-4.4024
K2-86,2.141024,K2-86,,,TIC 25958378,Gaia DR3 55994798604873216,,5482,0.76,0.79,-0.38611,2.160813,4.579,,-0.35,[Fe/H],122.51911,,,
K2-87,2.141306,K2-87,,,TIC 17409453,Gaia DR3 47908509057301120,,5747,1.401,1.164,-0.09769,0.59,4.208,,0.328,[Fe/H],,,,
K2-88,2.141798,K2-88,,,TIC 113979956,Gaia DR3 56983706234931328,,3537,0.256,0.258,-1.54478,7.181289,5.022,,,,,,,
K2-89,2.143639,K2-89,,,TIC 440687723,Gaia DR3 63206117414110848,,3691,0.318,0.347,-1.32653,4.892873,4.965,,,,15.32882,,,
K2-9,2.74243,K2-9,,,TIC 82050863,Gaia DR3 3795633852707093120,M2.5 V,3390,0.31,0.3,-1.92082,9.88,4.816,1,-0.25,[Fe/H],-31.02,,,
K2-90,2.146402,K2-90,,,TIC 14111411,Gaia DR3 65331198513957376,,4484,0.619,0.629,-0.95318,3.74,4.653,,-0.225,[Fe/H],19.15808,,,
K2-90,2.146402,K2-90,,,TIC 14111411,Gaia DR3 65331198513957376,,4421.98,0.634754,0.704613,-0.95318,3.74,4.653,,-0.225,[Fe/H],19.15808,,,
K2-91,2.149095,K2-91,,,TIC 56520147,Gaia DR3 149858216482858112,,3622,0.284,0.292,-1.84126,10.366876,5,,,,,,,
K2-95,2.183711,K2-95,,,TIC 195193025,Gaia DR3 659744295638254336,M3.0,3566,0.4,0.41,-1.63451,8.054747,4.85,0.79,0.1,[Fe/H],35.85,23.9,2.6,
K2-97,2.152808,K2-97,,,TIC 366568760,Gaia DR3 600859258922054272,,4673,4.14,1.17,0.86688,0.0235,3.276,7.5,0.328,[Fe/H],17.08693,,2.8,
K2-98,2.154294,K2-98,,,TIC 366410512,Gaia DR3 601199802584914816,F8 V,6260,1.518,1.246,0.50379,0.499,4.169,3.4,-0.044,[Fe/H],76.7479,,6.1,-5.189
K2-99,2.236814,K2-99,,,TIC 176966903,Gaia DR3 3620612011248988416,G0 IV,6069,2.55,1.44,0.89927,0.078,3.783,3.7,0.2,[Fe/H],-2.855,,9.3,-5.393
KELT-1,2.103654,KELT-1,,,TIC 432549364,Gaia DR3 2881784280929695360,,6516,1.471,1.335,0.545,0.620587,4.228,,0.052,[Fe/H],-14.2,,56,
KELT-10,2.103801,KELT-10,,,TIC 269217040,Gaia DR3 6710517793025165696,G0 V,5948,1.209,1.112,0.21748,0.889,4.319,4.5,0.09,[Fe/H],31.96,,2.58,
KELT-11,2.56234,KELT-11,HD 93396,HIP 52733,TIC 55092869,Gaia DR3 3761497761876022400,G8/K0 IV,5375,2.69,1.44,0.74429,0.104,3.7,,0.17,[Fe/H],35.1033,,1.99,
KELT-12,2.103871,KELT-12,,,TIC 116242971,Gaia DR3 4608935250790855296,,6279,2.37,1.591,0.89209,0.168,3.889,2.2,0.19,[Fe/H],-23.6,,,
KELT-14,2.103795,KELT-14,,,TIC 134537478,Gaia DR3 5560886336446650240,G4,5720,1.52,1.239,0.27875,0.495,4.166,5.11,0.32,[Fe/H],34.5934,,3.3,
KELT-15,2.103796,KELT-15,,,TIC 268644785,Gaia DR3 5489780919480009472,,6003,1.78,2.06,0.41162,0.51,4.17,,0.05,[Fe/H],12.2,,7.6,
KELT-16,2.103861,KELT-16,,,TIC 236445129,Gaia DR3 1864885215233116032,F7 V,6236,1.36,1.211,0.4014,0.679,4.253,3.1,-0.002,[Fe/H],-29.7,,7.6,
KELT-17,2.103829,KELT-17,,,TIC 6893917,Gaia DR3 651935220461650560,A,7454,1.645,1.635,0.87564,0.518,4.22,0.65,-0.018,[Fe/H],28,,44.2,
KELT-18,2.103870,KELT-18,,,TIC 293687315,Gaia DR3 1612165353793791488,F4 V,6670,1.908,1.524,0.81291,0.3111,4.0599,1.9,0.09,[Fe/H],-11.6,8,12.3,
KELT-19 A,2.103898,KELT-19,,,TIC 425206121,Gaia DR3 3142847477107193344,A8 V,7500,1.83,1.62,0.97772,0.376,4.127,,-0.12,[Fe/H],-8.5,,84.8,
KELT-2 A,2.55308,KELT-2,HD 42176,HIP 29301,TIC 97735908,Gaia DR3 3438059369839738624,F8,6327,1.93,1.54,0.6889,0.3,4.5,3.97,0,[Fe/H],-47.3,,9,
KELT-20,2.58665,KELT-20,HD 185603,HIP 96618,TIC 69679391,Gaia DR3 2033123654092592384,A2 V,8720,1.565,1.76,1.1038,0.641,4.29,0.6,-0.29,[Fe/H],-23.3,,117.4,
KELT-21,2.103901,KELT-21,HD 332124,,TIC 203189770,Gaia DR3 2054523105274216704,A8 V,7598,1.638,1.458,0.90472,0.468,4.173,1.6,-0.405,[Fe/H],-13,,146.03,
KELT-23 A,2.103990,KELT-23,,,TIC 458478250,Gaia DR3 1644692064543192704,G2 V,5899,0.996,0.944,0.03383,1.349,4.417,6.4,-0.105,[Fe/H],-15.224,,2.42,
KELT-24,2.56238,KELT-24,HD 93148,HIP 52796,TIC 349827430,Gaia DR3 1076970406751899008,F7,6426,1.338,1.268,0.43933,0.744,4.287,1.98,0.138,[Fe/H],-5.63,,19.74,
KELT-3,2.103690,KELT-3,,,TIC 67666096,Gaia DR3 806492023789218688,,6304,1.7,1.96,0.62523,0.56,4.2,3,0.05,[Fe/H],27.9,,7.2,
KELT-4 A,2.56131,KELT-4,,HIP 51260,TIC 165297570,Gaia DR3 727624020367528576,F,6206,1.603,1.201,0.53529,0.411,4.108,4.44,-0.116,[Fe/H],-23.5,,6,
KELT-6,2.103714,KELT-6,,,TIC 165987272,Gaia DR3 1464700950221781504,F8,6272,1.529,1.126,0.493,0.44,4.12,4.9,-0.27,[Fe/H],1.1,,4.53,
KELT-6,2.103714,KELT-6,,,TIC 165987272,Gaia DR3 1464700950221781504,F8,6102,1.73,1.42,0.493,0.39,4.07,6.1,-0.28,[Fe/H],1.1,,4.53,
KELT-7,2.55175,KELT-7,HD 33643,HIP 24323,TIC 367366318,Gaia DR3 181908842994567936,F,6768,1.81,1.76,0.758,0.42,4.5,1.3,0,[Fe/H],40.7484,,69.3,
KELT-8,2.103781,KELT-8,HD 343246,,TIC 358516596,Gaia DR3 4534144923690481408,G2 V,5754,1.46,0.81,0.26483,0.37,4.08,5.4,0.27,[Fe/H],-31.2,,3.7,
KELT-9,2.58758,KELT-9,HD 195689,HIP 101252,TIC 16740101,Gaia DR3 2064327278651198336,B9.5-A0,10170,2.362,2.52,1.72428,0.2702,4.093,0.3,-0.03,[Fe/H],-20.567,,111.4,
KIC 10001893,2.1685,KIC 10001893,,,TIC 158488181,Gaia DR3 2130473176626619136,,27500,0.18,0.47,1.43069,113.617761,5.35,,-0.093,[Fe/H],25,,,
KIC 10068024,2.3438,KIC 10068024,,,TIC 158840777,Gaia DR3 2127798958189867392,,6118.4,1.574,1.22,0.496,7.78693,4.092,0.56,0.01,[Fe/H],,,,
KIC 10525077,2.14198,KIC 10525077,,,TIC 158489091,Gaia DR3 2131059594280288128,,6091,1.01,1.01,0.12899,0.80974,4.42,,-0.04,[Fe/H],,,,
KIC 3526061,2.428134,KIC 3526061,,,TIC 399793957,Gaia DR3 2100133252769956224,,4829,5.86,1.42,1.21484,,3.09,,0.12,[Fe/H],,,1.32,
KIC 3558849,2.429381,KIC 3558849,,,TIC 138888805,Gaia DR3 2052136821446989568,,6175,1.01,0.98,0.40531,0.48871,4.44,,-0.42,[Fe/H],,,,
KIC 5437945,2.460741,KIC 5437945,,,TIC 121603086,Gaia DR3 2102070660978313472,,6340,1.24,1.07,0.64137,0.21119,4.16,5.01,-0.38,[Fe/H],,,,
KIC 5437945,2.460741,KIC 5437945,,,TIC 121603086,Gaia DR3 2102070660978313472,,6146,1.26,1.17,0.64137,0.21119,4.3,3.16,0.06,[Fe/H],,,,
KIC 5479689,2.462222,KIC 5479689,,,TIC 171975725,Gaia DR3 2075056519291867648,,5459.1,0.894,0.966,-0.20099,1.635356,4.52,,0.161,[Fe/H],,,,
KIC 7917485,2.516823,KIC 7917485,,,TIC 268924604,Gaia DR3 2075978592919858432,A,7067,2.009938,1.63,0.99564,0.232276,4,,-0.02,[Fe/H],,,120,
KIC 8121913,2.522379,KIC 8121913,,,TIC 268484648,Gaia DR3 2078991014258266624,,5975.3,2.233,1.456,0.73994,0.121786,3.896,,0.252,[Fe/H],,,,
KIC 9663113,2.562862,KIC 9663113,,,TIC 272844987,Gaia DR3 2080266967444876032,,6117.21,2.21562,1.15,0.7919,0.149067,3.80778,2.14,0.1436,[M/H],,,,
KIC 9663113,2.562862,KIC 9663113,,,TIC 272844987,Gaia DR3 2080266967444876032,,6065,1.03,0.98,0.7919,0.16,4.42,2.14,-0.28,[Fe/H],,,,
KMT-2016-BLG-0212L,2.104015,KMT-2016-BLG-0212L,,,,,,,,0.48,,,,,,,,,,
KMT-2016-BLG-1105L,2.578413,KMT-2016-BLG-1105L,,,,,,,,0.41,,,,,,,,,,
KMT-2016-BLG-1107L,2.103968,KMT-2016-BLG-1107L,,,,,,,,0.087,,,,,,,,,,
KMT-2016-BLG-1337L,2.580242,KMT-2016-BLG-1337L,,,,,M,,,0.54,,,,,,,,,,
KMT-2016-BLG-1397L,2.103944,KMT-2016-BLG-1397L,,,,,,,,0.45,,,,,,,,,,
KMT-2016-BLG-1820L,2.103941,KMT-2016-BLG-1820L,,,,,,,,0.039,,,,,,,,,,
KMT-2016-BLG-1836L,2.104384,KMT-2016-BLG-1836L,,,,,,,,0.49,,,,,,,,,,
KMT-2016-BLG-2142L,2.103942,KMT-2016-BLG-2142L,,,,,,,,0.073,,,,,,,,,,
KMT-2016-BLG-2321L,2.579545,KMT-2016-BLG-2321L,,,,,,,,0.73,,,,,,,,,,
KMT-2016-BLG-2364L,2.104446,KMT-2016-BLG-2364L,,,,,,,,0.5,,,,,,,,,,
KMT-2016-BLG-2397L,2.104448,KMT-2016-BLG-2397L,,,,,,,,0.64,,,,,,,,,,
KMT-2016-BLG-2605L,2.572995,KMT-2016-BLG-2605L,,,,,,,,0.064,,,,,,,,,,
KMT-2017-BLG-0165L,2.103998,KMT-2017-BLG-0165L,,,,,,,,0.76,,,,,,,,,,
KMT-2017-BLG-0428L,2.578408,KMT-2017-BLG-0428L,,,,,,,,0.34,,,,,,,,,,
KMT-2017-BLG-0673L,2.578371,KMT-2017-BLG-0673L,,,,,,,,0.63,,,,,,,,,,
KMT-2017-BLG-0849L,2.579967,KMT-2017-BLG-0849L,,,,,,,,0.19,,,,,,,,,,
KMT-2017-BLG-1003L,2.578410,KMT-2017-BLG-1003L,,,,,,,,0.32,,,,,,,,,,
KMT-2017-BLG-1038L,2.103972,KMT-2017-BLG-1038L,,,,,,,,0.37,,,,,,,,,,
KMT-2017-BLG-1057L,2.579968,KMT-2017-BLG-1057L,,,,,,,,0.57,,,,,,,,,,
KMT-2017-BLG-1146L,2.103973,KMT-2017-BLG-1146L,,,,,,,,0.33,,,,,,,,,,
KMT-2017-BLG-1194L,2.578407,KMT-2017-BLG-1194L,,,,,,,,0.41,,,,,,,,,,
KMT-2017-BLG-2197L,2.579975,KMT-2017-BLG-2197L,,,,,,,,0.36,,,,,,,,,,
KMT-2017-BLG-2331L,2.579969,KMT-2017-BLG-2331L,,,,,,,,0.4,,,,,,,,,,
KMT-2017-BLG-2509L,2.573051,KMT-2017-BLG-2509L,,,,,,,,0.46,,,,,,,,,,
KMT-2018-BLG-0029L,2.104408,KMT-2018-BLG-0029L,,,,,,,,1.14,,,,,,,,,,
KMT-2018-BLG-0030L,2.578506,KMT-2018-BLG-0030L,,,,,,,,0.51,,,,,,,,,,
KMT-2018-BLG-0087L,2.578507,KMT-2018-BLG-0087L,,,,,,,,0.1,,,,,,,,,,
KMT-2018-BLG-0247L,2.578508,KMT-2018-BLG-0247L,,,,,,,,0.29,,,,,,,,,,
KMT-2018-BLG-0748L,2.104438,KMT-2018-BLG-0748L,,,,,,,,0.087,,,,,,,,,,
KMT-2018-BLG-0885L,2.579312,KMT-2018-BLG-0885L,,,,,,,,0.29,,,,,,,,,,
KMT-2018-BLG-1025L,2.572966,KMT-2018-BLG-1025L,,,,,,,,0.219,,,,,,,,,,
KMT-2018-BLG-1292L,2.104409,KMT-2018-BLG-1292L,,,,,,,,1.09,,,,,,,,,,
KMT-2018-BLG-1743L,2.572979,KMT-2018-BLG-1743L,,,,,,,,0.193,,,,,,,,,,
KMT-2018-BLG-1976L,2.572956,KMT-2018-BLG-1976L,,,,,,,,0.65,,,,,,,,,,
KMT-2018-BLG-1988L,2.573055,KMT-2018-BLG-1988L,,,,,,,,0.47,,,,,,,,,,
KMT-2018-BLG-1990L,2.104027,KMT-2018-BLG-1990L,,,,,M,,,0.094,,,,,,,,,,
KMT-2018-BLG-1996L,2.572957,KMT-2018-BLG-1996L,,,,,,,,0.69,,,,,,,,,,
KMT-2018-BLG-2602L,2.578510,KMT-2018-BLG-2602L,,,,,,,,0.66,,,,,,,,,,
KMT-2019-BLG-0253L,2.578415,KMT-2019-BLG-0253L,,,,,,,,0.7,,,,,,,,,,
KMT-2019-BLG-0297L,2.579313,KMT-2019-BLG-0297L,,,,,,,,0.21,,,,,,,,,,
KMT-2019-BLG-0298L,2.578861,KMT-2019-BLG-0298L,,,,,,,,0.7,,,,,,,,,,
KMT-2019-BLG-0335L,2.579314,KMT-2019-BLG-0335L,,,,,,,,0.32,,,,,,,,,,
KMT-2019-BLG-0371L,2.572959,KMT-2019-BLG-0371L,,,,,,,,0.09,,,,,,,,,,
KMT-2019-BLG-0414L,2.578372,KMT-2019-BLG-0414L,,,,,,,,0.74,,,,,,,,,,
KMT-2019-BLG-0578L,2.579843,KMT-2019-BLG-0578L,,,,,,,,0.28,,,,,,,,,,
KMT-2019-BLG-0842L,2.104439,KMT-2019-BLG-0842L,,,,,,,,0.76,,,,,,,,,,
KMT-2019-BLG-0953L,2.578420,KMT-2019-BLG-0953L,,,,,,,,0.28,,,,,,,,,,
KMT-2019-BLG-1042L,2.578426,KMT-2019-BLG-1042L,,,,,,,,0.3,,,,,,,,,,
KMT-2019-BLG-1216L,2.578862,KMT-2019-BLG-1216L,,,,,,,,0.39,,,,,,,,,,
KMT-2019-BLG-1339L,2.104429,KMT-2019-BLG-1339L,,,,,,,,0.48,,,,,,,,,,
KMT-2019-BLG-1367L,2.578411,KMT-2019-BLG-1367L,,,,,,,,0.25,,,,,,,,,,
KMT-2019-BLG-1552L,2.578427,KMT-2019-BLG-1552L,,,,,,,,0.79,,,,,,,,,,
KMT-2019-BLG-1715L,2.572965,KMT-2019-BLG-1715L,,,,,,,,0.61,,,,,,,,,,
KMT-2019-BLG-1806L,2.578409,KMT-2019-BLG-1806L,,,,,,,,0.74,,,,,,,,,,
KMT-2019-BLG-1953L,2.104430,KMT-2019-BLG-1953L,,,,,,,,0.31,,,,,,,,,,
KMT-2019-BLG-2783L,2.578863,KMT-2019-BLG-2783L,,,,,,,,0.34,,,,,,,,,,
KMT-2019-BLG-2974L,2.578428,KMT-2019-BLG-2974L,,,,,,,,0.47,,,,,,,,,,
KMT-2020-BLG-0202L,2.580236,KMT-2020-BLG-0202L,,,,,,,,0.81,,,,,,,,,,
KMT-2020-BLG-0414L,2.573099,KMT-2020-BLG-0414L,,,,,WD,,,0.49,,,,,,,,,,
KMT-2021-BLG-0119L,2.578349,KMT-2021-BLG-0119L,,,,,,,,0.56,,,,,,,,,,
KMT-2021-BLG-0171L,2.578035,KMT-2021-BLG-0171L,,,,,,5200,,0.78,,,,,,,,,,
KMT-2021-BLG-0192L,2.578350,KMT-2021-BLG-0192L,,,,,,,,0.27,,,,,,,,,,
KMT-2021-BLG-0240L,2.578373,KMT-2021-BLG-0240L,,,,,,,,0.56,,,,,,,,,,
KMT-2021-BLG-0320L,2.578195,KMT-2021-BLG-0320L,,,,,,,,0.32,,,,,,,,,,
KMT-2021-BLG-0322L,2.573021,KMT-2021-BLG-0322L,,,,,,,,0.62,,,,,,,,,,
KMT-2021-BLG-0712L,2.578484,KMT-2021-BLG-0712L,,,,,,,,0.22,,,,,,,,,,
KMT-2021-BLG-0736L,2.579844,KMT-2021-BLG-0736L,,,,,,,,0.6,,,,,,,,,,
KMT-2021-BLG-0748L,2.578425,KMT-2021-BLG-0748L,,,,,,,,0.36,,,,,,,,,,
KMT-2021-BLG-0852L,2.580263,KMT-2021-BLG-0852L,,,,,,,,0.75,,,,,,,,,,
KMT-2021-BLG-0909L,2.578485,KMT-2021-BLG-0909L,,,,,,,,0.38,,,,,,,,,,
KMT-2021-BLG-0912L,2.573054,KMT-2021-BLG-0912L,,,,,K,,,0.8,,,,,,,,,,
KMT-2021-BLG-1077L,2.578388,KMT-2021-BLG-1077L,,,,,M V,,,0.14,,,,,,,,,,
KMT-2021-BLG-1105L,2.578487,KMT-2021-BLG-1105L,,,,,,,,0.63,,,,,,,,,,
KMT-2021-BLG-1150L,2.579402,KMT-2021-BLG-1150L,,,,,,,,0.73,,,,,,,,,,
KMT-2021-BLG-1253L,2.578423,KMT-2021-BLG-1253L,,,,,,,,0.24,,,,,,,,,,
KMT-2021-BLG-1303L,2.578196,KMT-2021-BLG-1303L,,,,,,,,0.57,,,,,,,,,,
KMT-2021-BLG-1372L,2.578424,KMT-2021-BLG-1372L,,,,,,,,0.42,,,,,,,,,,
KMT-2021-BLG-1391L,2.578422,KMT-2021-BLG-1391L,,,,,,,,0.37,,,,,,,,,,
KMT-2021-BLG-1547L,2.579304,KMT-2021-BLG-1547L,,,,,,,,0.72,,,,,,,,,,
KMT-2021-BLG-1554L,2.578197,KMT-2021-BLG-1554L,,,,,,,,0.08,,,,,,,,,,
KMT-2021-BLG-1689L,2.578036,KMT-2021-BLG-1689L,,,,,,4570,,0.58,,,,,,,,,,
KMT-2021-BLG-1770L,2.579306,KMT-2021-BLG-1770L,,,,,,,,0.13,,,,,,,,,,
KMT-2021-BLG-1898L,2.578177,KMT-2021-BLG-1898L,,,,,,,,0.48,,,,,,,,,,
KMT-2021-BLG-2010L,2.579082,KMT-2021-BLG-2010L,,,,,,,,0.37,,,,,,,,,,
KMT-2021-BLG-2294L,2.578351,KMT-2021-BLG-2294L,,,,,,,,0.14,,,,,,,,,,
KMT-2021-BLG-2478L,2.578486,KMT-2021-BLG-2478L,,,,,,,,0.2,,,,,,,,,,
KMT-2021-BLG-2609L,2.579654,KMT-2021-BLG-2609L,,,,,,,,0.2,,,,,,,,,,
KMT-2022-BLG-0303L,2.579655,KMT-2022-BLG-0303L,,,,,,,,0.368,,,,,,,,,,
KMT-2022-BLG-0371L,2.579083,KMT-2022-BLG-0371L,,,,,,,,0.63,,,,,,,,,,
KMT-2022-BLG-0440L,2.578860,KMT-2022-BLG-0440L,,,,,,,,0.53,,,,,,,,,,
KMT-2022-BLG-1013L,2.579084,KMT-2022-BLG-1013L,,,,,,,,0.18,,,,,,,,,,
KMT-2022-BLG-1551L,2.580237,KMT-2022-BLG-1551L,,,,,,,,0.54,,,,,,,,,,
KMT-2022-BLG-1790L,2.579976,KMT-2022-BLG-1790L,,,,,,,,0.58,,,,,,,,,,
KMT-2022-BLG-1818L,2.580223,KMT-2022-BLG-1818L,,,,,,,,0.79,,,,,,,,,,
KMT-2022-BLG-2076L,2.579977,KMT-2022-BLG-2076L,,,,,,,,0.67,,,,,,,,,,
KMT-2022-BLG-2286L,2.579665,KMT-2022-BLG-2286L,,,,,,,,0.2,,,,,,,,,,
KMT-2023-BLG-0119L,2.580002,KMT-2023-BLG-0119L,,,,,K2.5 V,,,0.71,,,,,,,,,,
KMT-2023-BLG-0416L,2.579414,KMT-2023-BLG-0416L,,,,,,,,0.63,,,,,,,,,,
KMT-2023-BLG-0466L,2.580238,KMT-2023-BLG-0466L,,,,,,,,0.44,,,,,,,,,,
KMT-2023-BLG-0469L,2.579445,KMT-2023-BLG-0469L,,,,,,,,0.47,,,,,,,,,,
KMT-2023-BLG-0548L,2.580094,KMT-2023-BLG-0548L,,,,,,,,0.72,,,,,,,,,,
KMT-2023-BLG-0735L,2.579446,KMT-2023-BLG-0735L,,,,,,,,0.61,,,,,,,,,,
KMT-2023-BLG-0830L,2.580095,KMT-2023-BLG-0830L,,,,,,,,0.22,,,,,,,,,,
KMT-2023-BLG-0949L,2.580096,KMT-2023-BLG-0949L,,,,,,,,0.48,,,,,,,,,,
KMT-2023-BLG-1431L,2.579504,KMT-2023-BLG-1431L,,,,,,,,0.57,,,,,,,,,,
KMT-2023-BLG-1454L,2.579415,KMT-2023-BLG-1454L,,,,,,,,0.17,,,,,,,,,,
KMT-2023-BLG-1642L,2.579416,KMT-2023-BLG-1642L,,,,,,,,0.17,,,,,,,,,,
KMT-2023-BLG-1743L,2.579666,KMT-2023-BLG-1743L,,,,,,,,0.11,,,,,,,,,,
KMT-2023-BLG-1866L,2.579546,KMT-2023-BLG-1866L,,,,,,,,0.51,,,,,,,,,,
KMT-2023-BLG-1896L,2.580003,KMT-2023-BLG-1896L,,,,,K6 V,,,0.72,,,,,,,,,,
KMT-2023-BLG-2209L,2.579978,KMT-2023-BLG-2209L,,,,,,,,0.73,,,,,,,,,,
KMT-2024-BLG-0176L,2.580226,KMT-2024-BLG-0176L,,,,,,,,0.103,,,,,,,,,,
KMT-2024-BLG-0349L,2.580227,KMT-2024-BLG-0349L,,,,,,,,0.68,,,,,,,,,,
KMT-2024-BLG-0404L,2.580018,KMT-2024-BLG-0404L,,,,,M,,,0.09,,,,,,,,,,
KMT-2024-BLG-1005L,2.580155,KMT-2024-BLG-1005L,,,,,,,,0.055,,,,,,,,,,
KMT-2024-BLG-1044L,2.579664,KMT-2024-BLG-1044L,,,,,,,,0.069,,,,,,,,,,
KMT-2024-BLG-1209L,2.579996,KMT-2024-BLG-1209L,,,,,K3 V,,,0.77,,,,,,,,,,
KMT-2024-BLG-1281L,2.580097,KMT-2024-BLG-1281L,,,,,,,,0.32,,,,,,,,,,
KMT-2024-BLG-1870L,2.580228,KMT-2024-BLG-1870L,,,,,,,,0.67,,,,,,,,,,
KMT-2024-BLG-2005L,2.580264,KMT-2024-BLG-2005L,,,,,,,,0.12,,,,,,,,,,
KMT-2024-BLG-2059L,2.580098,KMT-2024-BLG-2059L,,,,,,,,0.51,,,,,,,,,,
KMT-2024-BLG-2087L,2.580229,KMT-2024-BLG-2087L,,,,,,,,0.48,,,,,,,,,,
KMT-2024-BLG-2242L,2.580099,KMT-2024-BLG-2242L,,,,,,,,0.069,,,,,,,,,,
KMT-2025-BLG-0121L,2.580239,KMT-2025-BLG-0121L,,,,,,,,0.61,,,,,,,,,,
KMT-2025-BLG-0481L,2.580265,KMT-2025-BLG-0481L,,,,,,,,0.22,,,,,,,,,,
KMT-2025-BLG-1616L,2.580224,KMT-2025-BLG-1616L,,,,,M V,,,0.26,,,,,,,,,,
KOBE-1,2.54236,HIP 5957,,HIP 5957,TIC 16917838,Gaia DR3 294517800251711616,K7 V,4135,0.619,0.629,-0.99576,2.011216,5.07,,-0.01,[Fe/H],-23.1,37.4,2,-4.896
KOI-12,2.469781,KOI-12,,,TIC 169461816,Gaia DR3 2073860662955260416,,6635,1.4,1.5,0.62645,0.8,4.308,1.45,0.0815,[M/H],-14.67707,,60,
KOI-1257,2.540113,KOI-1257,,,TIC 159647910,Gaia DR3 2126633166627436928,G5 V,5520,1.13,0.99,0.0292,0.99,4.32,9.3,0.27,[Fe/H],8.8,,4.6,
KOI-13,2.571284,KOI-13,,,TIC 158324245,Gaia DR3 2130632159136095104,,7650,1.74,1.72,0.971,0.49629,4.2,1.12,0.2,[Fe/H],,,65,
KOI-134,2.546323,KOI-134,,,TIC 271772050,Gaia DR3 2079971473693847168,F9V,6160,1.667,1.407,0.62325,1.32,4.11,2.4,0.427,[Fe/H],,,10.59,
KOI-142,2.461115,KOI-142,,,TIC 122712595,Gaia DR3 2101507367429089664,G6 V,5466,0.897,0.99,-0.16507,1.34,4.528,1.6,0.27,[Fe/H],-20.4547,,1.8,
KOI-1599,2.461970,KOI-1599,,,TIC 170647523,Gaia DR3 2073779161653824640,,5833,0.972,1.02,0.16196,0.01743,4.472,4.7,0.06,[Fe/H],,,,
KOI-1783,2.1886,KOI-1783,,,TIC 159051209,Gaia DR3 2127790368255394048,,5922,1.143,1.076,0.21302,0.73,4.3,0.2,0.11,[Fe/H],,,,
KOI-217,2.560501,KOI-217,,,TIC 271354351,Gaia DR3 2080095684150253952,,5545,0.86,0.95,-0.16872,2.08224,4.53,1.7,0.12,[Fe/H],,,,
KOI-2513,2.562062,KOI-2513,,,TIC 270618386,Gaia DR3 2128167225867000576,,5900,1.2,0.91,0.197,0.8,4.3,8,-0.37,[Fe/H],,,,
KOI-3503,2.483453,KOI-3503,,,TIC 138097784,Gaia DR3 2077601373302068352,,6001,1.255,0.858,0.30005,0.44,4.547,11.48,-0.5428,[M/H],,,,
KOI-351,2.33829,KOI-351,,,TIC 267667295,Gaia DR3 2132193431285570304,,6080,1.2,1.2,0.26853,1.18855,4.4,0.53,-0.12,[M/H],,,4.6,
KOI-351,2.33829,KOI-351,,,TIC 267667295,Gaia DR3 2132193431285570304,,6031.13,1.185,1.242,0.26853,1.18855,4.27,0.53,0.083,[M/H],,,4.6,
KOI-351,2.33829,KOI-351,,,TIC 267667295,Gaia DR3 2132193431285570304,,6015,1.29,1.12,0.26853,1.18855,4.27,0.53,0.098,[M/H],,,4.6,
KOI-3680,2.546017,KOI-3680,,,TIC 275574174,Gaia DR3 2126518783059463168,,5830,0.96,1.01,0.06783,1.88,4.473,3.2,0.16,[Fe/H],-44.9284,,3.5,
KOI-4777,2.488066,KOI-4777,,,TIC 158427808,Gaia DR3 2102436351673656704,,3515,0.4,0.41,-1.64043,8.9,4.77,4,0.1,[Fe/H],28.11,44,2,
KOI-4978,2.427056,KOI-4978,,,TIC 120962288,Gaia DR3 2099983478670059136,G,5050.28,0.966,0.859,-0.1769,1.1,4.402,1.48,0.18,[Fe/H],,,,
KOI-55,2.469599,KOI-55,,,TIC 184427882,Gaia DR3 2076819620539690880,B,27730,0.203,0.496,1.36,84.1,5.52,,-0.106,[Fe/H],,,,
KOI-7368,2.19117,KOI-7368,,,TIC 27010191,Gaia DR3 2128840912955018368,,5241,0.874,0.879,-0.31552,1.87,4.499,0.036,0.0578,[M/H],,2.606,,
KOI-7892,2.534476,KOI-7892,,,TIC 123449386,Gaia DR3 2105414310196331264,,6474,1.26,1.04,0.2987,0.31886,4.31,,-0.16,[Fe/H],,,,
KOI-7892,2.534476,KOI-7892,,,TIC 123449386,Gaia DR3 2105414310196331264,,6474,1.242,1.148,0.2987,0.31886,4.311,,-0.16,[Fe/H],,,,
KOI-7913 A,2.542686,KOI-7913,,,TIC 158320130,Gaia DR3 2106235301785454208,K6 V,4324,0.788,0.76,-0.76792,2.2,4.523,0.036,-0.06,[Fe/H],-17.8,3.387,13.3,
KOI-94,2.485570,KOI-94,,,TIC 273231214,Gaia DR3 2076970047474270208,,6182,1.52,1.277,0.479,0.77072,4.181,3.16,0.0228,[Fe/H],,,7.3,
KOI-984,2.37694,KOI-984,,,TIC 122784501,,,5295,0.818,0.928,-0.324,2.396705,4.54,1.3,0.12,[Fe/H],,,,
KPS-1,2.103911,KPS-1,,,TIC 99834717,Gaia DR3 1055895483267019392,K1 V,5165,0.907,0.892,-0.35281,1.68,4.47,,0.22,[Fe/H],,,5.1,
Kapteyn,2.55168,Kapteyn,HD 33793,HIP 24186,TIC 200385493,Gaia DR3 4810594479418041856,M2.0V,3550,0.291,0.281,-1.79289,14.276042,4.92351,,-0.89,[M/H],244.98715,,6,
Kepler-10,2.43003,Kepler-10,,,TIC 377780790,Gaia DR3 2132155017099178624,,5708,1.065,0.91,0.05467,1.068,4.344,10.6,-0.15,[Fe/H],-98.73989,,2.04,
Kepler-100,2.486584,Kepler-100,,,TIC 159654016,Gaia DR3 2101733244046205568,,5837,1.51,1.13,0.39445,0.44,4.1,6.92,0.1,[Fe/H],-60.44127,,3.7,
Kepler-100,2.486584,Kepler-100,,,TIC 159654016,Gaia DR3 2101733244046205568,,5825,1.49,1.08,0.39445,0.44,4.125,6.46,0.02,[Fe/H],-60.44127,,3.7,
Kepler-100,2.486584,Kepler-100,,,TIC 159654016,Gaia DR3 2101733244046205568,,5884,1.5,1.097,0.39445,0.44,4.12,6.92,0.1,[Fe/H],-60.44127,,3.7,
Kepler-1000,2.3233,Kepler-1000,,,TIC 158322296,Gaia DR3 2130652843697474816,,6453,1.51,1.4,0.7147,0.25,4.23,1.26,0.35,[Fe/H],,,,
Kepler-1001,2.26324,Kepler-1001,,,TIC 405719252,Gaia DR3 2131178238457347712,,5376,0.836475,0.93,-0.27856,2.240214,4.56164,1.82,0.04,[Fe/H],,,,
Kepler-1001,2.26324,Kepler-1001,,,TIC 405719252,Gaia DR3 2131178238457347712,,5491,0.88,0.9,-0.27856,1.59,4.52,4.68,-0.03,[Fe/H],,,,
Kepler-1002,2.505618,Kepler-1002,,,TIC 275494505,Gaia DR3 2077837115462974080,,6144,1.57,1.22,0.501,0.53373,4.13,4.07,0.04,[Fe/H],-44.68812,,,
Kepler-1003,2.538698,Kepler-1003,,,TIC 63074840,Gaia DR3 2126597054542193536,,6109,1.17,1.11,0.28151,0.42,4.35,3.16,0.01,[Fe/H],,,,
Kepler-1004,2.39203,Kepler-1004,,,TIC 28159194,Gaia DR3 2087243952836878080,,4972,3.39,1.11,0.71341,0.04,3.43,7.76,-0.04,[Fe/H],-38.86812,,,
Kepler-1005,2.510102,Kepler-1005,,,TIC 158215347,Gaia DR3 2105663727538050688,,5782,1.06,1,0.1356,0.6,4.38,6.17,0.02,[Fe/H],,,,
Kepler-1006,2.497718,Kepler-1006,,,TIC 271960115,,,5328,0.74,0.78,-0.4,1.8432,4.59,4.27,-0.4,[Fe/H],,,,
Kepler-1007,2.553632,Kepler-1007,,,TIC 272074477,Gaia DR3 2080381625890666496,,4587,0.7,0.73,-0.56838,4.45642,4.62,4.17,0.03,[Fe/H],,,,
Kepler-1008,2.540545,Kepler-1008,,,TIC 272491981,Gaia DR3 2079733154550359424,,5066,0.78,0.81,-0.50671,1.97,4.56,6.76,-0.01,[Fe/H],,,,
Kepler-1009,2.498075,Kepler-1009,,,TIC 164411478,Gaia DR3 2105151526917259520,,4027,0.57,0.59,-0.98735,2.829451,4.7,3.16,-0.12,[Fe/H],,,,
Kepler-101,2.22323,Kepler-101,,,TIC 48304653,Gaia DR3 2131709921047710336,G3 IV,5667,1.56,1.17,0.42034,0.437,4.12,5.9,0.33,[Fe/H],-77.711,,2.6,
Kepler-1010,2.525448,Kepler-1010,,,TIC 158989909,Gaia DR3 2102899314789524480,,5253,0.82,0.86,-0.41164,1.17744,4.55,4.79,-0.01,[Fe/H],,,,
Kepler-1011,2.572301,Kepler-1011,,,TIC 273130565,Gaia DR3 2080310088916950016,,5416,0.88,0.91,-0.37597,2.1712,4.52,4.47,0.08,[Fe/H],,,,
Kepler-1012,2.563756,Kepler-1012,,,TIC 158986490,Gaia DR3 2127749342727327616,,5556,0.91,0.95,-0.19399,1.37,4.5,3.72,0.05,[Fe/H],,,,
Kepler-1013,2.531830,Kepler-1013,,,TIC 159304741,Gaia DR3 2126890417989112832,,4954,0.76,0.81,-0.53079,1.79457,4.59,4.27,0.04,[Fe/H],,,,
Kepler-1014,2.525213,Kepler-1014,,,TIC 164883912,Gaia DR3 2105933417124075264,,5388,0.84,0.88,-0.3365,3.6704,4.54,4.79,-0.06,[Fe/H],,,,
Kepler-1015,2.512437,Kepler-1015,,,TIC 63373862,Gaia DR3 2125896459478159360,,6769,1.81,1.49,0.55886,0.43,4.09,1.58,0.06,[Fe/H],,,,
Kepler-1016,2.554937,Kepler-1016,,,TIC 271164596,Gaia DR3 2080061393129929088,,5821,1,0.99,0.12363,0.72,4.44,3.89,-0.03,[Fe/H],,,,
Kepler-1017,2.450474,Kepler-1017,,,TIC 237188153,Gaia DR3 2103516759284836992,,5473,0.87,0.93,-0.16138,1.49,4.53,2.95,0.04,[Fe/H],,,,
Kepler-1018,2.546809,Kepler-1018,,,TIC 164555061,Gaia DR3 2107016126838707200,,5518,0.88,0.91,-0.08221,1.39053,4.52,4.47,-0.05,[Fe/H],,,,
Kepler-1019,2.6452,Kepler-1019,,,TIC 164556761,Gaia DR3 2107596978215473024,,4433,0.67,0.7,-0.80636,2.247869,4.64,3.55,0.01,[Fe/H],,,,
Kepler-102,2.6278,Kepler-102,,,TIC 123357864,Gaia DR3 2119583201145735808,,4909,0.724,0.803,-0.58436,2.02,4.6,1.1,0.11,[Fe/H],-27.66554,27.95,0.5,
Kepler-1020,2.561901,Kepler-1020,,,TIC 63362217,Gaia DR3 2128262161823652480,,5227,0.8,0.87,-0.43597,1.8,4.57,3.63,0,[Fe/H],,,,
Kepler-1021,2.497634,Kepler-1021,,,TIC 271537790,Gaia DR3 2077902914366974464,,5431,0.86,0.89,-0.28836,6.58918,4.53,4.68,-0.05,[Fe/H],,,,
Kepler-1022,2.1890,Kepler-1022,,,TIC 159051188,Gaia DR3 2127788822067165824,,4445,0.68,0.71,-0.85831,22.3991,4.64,3.63,0.06,[Fe/H],,,,
Kepler-1023,2.38575,Kepler-1023,,,TIC 299154193,Gaia DR3 2132678625152847232,,5494,0.89,0.93,-0.1926,1.27,4.51,4.47,0.05,[Fe/H],,,,
Kepler-1024,2.423903,Kepler-1024,,,TIC 137349536,Gaia DR3 2052666992204482816,,5143,0.78,0.81,-0.34993,1.46712,4.57,5.25,-0.1,[Fe/H],,,,
Kepler-1025,2.520871,Kepler-1025,,,TIC 164727439,Gaia DR3 2106595941599427072,,6089,1.13,1.09,0.28708,0.47,4.37,3.31,-0.03,[Fe/H],,,,
Kepler-1026,2.446766,Kepler-1026,,,TIC 237192046,Gaia DR3 2103502465633672320,,4948,0.75,0.79,-0.61688,1.84625,4.59,4.57,-0.02,[Fe/H],,,,
Kepler-1027,2.501780,Kepler-1027,,,TIC 158552426,Gaia DR3 2102600488143944192,,5436,0.82,0.91,0.01051,0.65,4.57,1.41,-0.06,[Fe/H],-2.92134,,,
Kepler-1028,2.38638,Kepler-1028,,,TIC 416265126,Gaia DR3 2132657390834750976,,5522,0.87,0.9,-0.24485,4.31494,4.52,4.68,-0.09,[Fe/H],,,,
Kepler-1029,2.479731,Kepler-1029,,,TIC 137409907,Gaia DR3 2101670026430316416,,5030,0.77,0.82,-0.61975,5.43948,4.58,4.07,0.01,[Fe/H],,,,
Kepler-103,2.448905,Kepler-103,,,TIC 121865656,Gaia DR3 2101243789577188736,G2,6047,1.492,1.212,0.42431,0.35,4.17,6.03,0.15,[Fe/H],-28.49037,20.8,3.1,-5.069
Kepler-1030,2.553346,Kepler-1030,,,TIC 270617362,Gaia DR3 2128009617747394432,,4983,0.76,0.8,-0.55288,2.31795,4.59,4.37,-0.01,[Fe/H],,,,
Kepler-1031,2.30521,Kepler-1031,,,TIC 27769737,,,6011,1.12,1.09,0.17,1.06275,4.38,3.39,0.03,[Fe/H],,,,
Kepler-1032,2.449053,Kepler-1032,,,TIC 122139228,Gaia DR3 2101146757674573568,,4647,0.71,0.77,-0.65547,7.73587,4.62,1.86,0.16,[Fe/H],,,,
Kepler-1033,2.534523,Kepler-1033,,,TIC 164560648,Gaia DR3 2106679126525940096,,5547,0.92,0.94,-0.12579,1.19278,4.49,5.01,0.06,[Fe/H],,,,
Kepler-1034,2.420489,Kepler-1034,,,TIC 120762990,Gaia DR3 2099851331117081600,,5198,0.8,0.83,-0.43881,3.01011,4.57,4.79,-0.06,[Fe/H],,,,
Kepler-1035,2.501967,Kepler-1035,,,TIC 158927791,Gaia DR3 2102730157496733952,,5763,0.97,0.98,0.209,0.46,4.45,4.47,-0.03,[Fe/H],,,,
Kepler-1036,2.40903,Kepler-1036,,,TIC 27396869,Gaia DR3 2134950078738454016,,5533,0.89,0.95,-0.20151,1.48,4.52,3.24,0.04,[Fe/H],,,,
Kepler-1037,2.5660,Kepler-1037,,,TIC 272282253,Gaia DR3 2080563320187721344,,5105,0.78,0.82,-0.44752,7.38471,4.57,5.13,-0.03,[Fe/H],,,,
Kepler-1038,2.526545,Kepler-1038,,,TIC 268483792,Gaia DR3 2079028676836456960,,5335,0.83,0.87,-0.362,3.9606,4.55,4.27,-0.04,[Fe/H],,,,
Kepler-1038,2.526545,Kepler-1038,,,TIC 268483792,Gaia DR3 2079028676836456960,,5159,0.821,0.868,-0.362,3.9606,4.548,14,0.16,[Fe/H],,,,
Kepler-1039,2.546495,Kepler-1039,,,TIC 274020852,Gaia DR3 2079404572371719680,,4870,0.74,0.79,-0.64925,2.17,4.6,4.37,0.01,[Fe/H],,,,
Kepler-104,2.489918,Kepler-104,,,TIC 158553540,Gaia DR3 2102454253097554304,,5711,1.349,0.818,0.08926,0.73,4.105,13.18,-0.42,[Fe/H],4.5074,,,
Kepler-1040,2.19817,Kepler-1040,,,TIC 48217265,Gaia DR3 2131701365472538112,,5694,0.96,0.98,-0.04375,1.1,4.47,4.17,0.01,[Fe/H],,,,
Kepler-1041,2.37703,Kepler-1041,,,TIC 27007509,Gaia DR3 2135071712211140608,,5957,1.08,1.06,0.48914,0.07423,4.4,3.55,0.01,[Fe/H],,,,
Kepler-1042,2.445495,Kepler-1042,,,TIC 121734006,Gaia DR3 2101233898269847296,,4815,0.72,0.75,-0.6,2.91174,4.61,4.79,-0.1,[Fe/H],,,,
Kepler-1043,2.11054,Kepler-1043,,,TIC 123358827,Gaia DR3 2119617320366308736,,5629,0.9,0.92,-0.07309,0.71425,4.5,4.47,-0.11,[Fe/H],,,,
Kepler-1044,2.568088,Kepler-1044,,,TIC 275488493,Gaia DR3 2128374483807368576,,5985,1.11,1.08,0.03099,3.37561,4.38,3.55,0.04,[Fe/H],,,,
Kepler-1045,2.540938,Kepler-1045,,,TIC 164670756,Gaia DR3 2106805501643509888,,5301,0.82,0.86,-0.33356,8.98752,4.55,4.47,-0.03,[Fe/H],,,,
Kepler-1046,2.2464,Kepler-1046,,,TIC 272601000,Gaia DR3 2080369355161370240,,5913,1.04,1.04,0.06429,0.82,4.42,3.63,0,[Fe/H],-1.17,,6.1,
Kepler-1047,2.47549,Kepler-1047,,,TIC 299029323,Gaia DR3 2133309160710350336,,5754,1.13,1.08,0.42359,0.27,4.37,4.47,0.29,[Fe/H],-35.2243,,,
Kepler-1048,2.489545,Kepler-1048,,,TIC 123408693,Gaia DR3 2104704815958848000,,4651,0.7,0.75,-0.40925,0.81232,4.62,3.98,0.01,[Fe/H],,,,
Kepler-1049,2.14193,Kepler-1049,,,TIC 158489095,Gaia DR3 2131059628640021120,,3864,0.49,0.51,-1.13956,4.017779,4.77,3.8,-0.33,[Fe/H],,,,
Kepler-105,2.559504,Kepler-105,,,TIC 158625964,Gaia DR3 2130368310704421120,,5933,1.026,0.991,0.09657,0.92,4.43197,4.27,-0.09,[Fe/H],1.96556,,,
Kepler-1050,2.26127,Kepler-1050,,,TIC 48216453,Gaia DR3 2143749504651818368,,6010,1.13,1.09,0.05871,1.08,4.37,3.55,0.03,[Fe/H],,,,
Kepler-1051,2.465691,Kepler-1051,,,TIC 138968338,Gaia DR3 2076661630160275072,,6675,1.73,1.43,0.52413,0.46,4.12,1.74,0.04,[Fe/H],,,,
Kepler-1052,2.568730,Kepler-1052,,,TIC 271661839,Gaia DR3 2080466185207274880,,5818,0.848,0.937,-0.04685,2.25843,4.554,1.2,-0.22,[Fe/H],,,,
Kepler-1052,2.568730,Kepler-1052,,,TIC 271661839,Gaia DR3 2080466185207274880,,5888,1.03,1.03,-0.04685,1.24,4.42,3.55,0,[Fe/H],,,,
Kepler-1053,2.436011,Kepler-1053,,,TIC 137152419,Gaia DR3 2052973309272223232,,4529,0.69,0.74,-0.89512,4.225799,4.63,3.09,0.1,[Fe/H],-15.04656,,,
Kepler-1054,2.533481,Kepler-1054,,,TIC 159441326,Gaia DR3 2126979031752904192,,6209,1.34,1.22,0.36867,0.46,4.26,2.82,0.09,[Fe/H],,,,
Kepler-1055,2.540035,Kepler-1055,,,TIC 159440697,Gaia DR3 2127020229079881856,,5723,0.94,0.98,-0.14818,1.42,4.49,3.09,-0.02,[Fe/H],,,,
Kepler-1056,2.572599,Kepler-1056,,,TIC 268935452,Gaia DR3 2085599186522693632,,6127,1.2,1.12,0.22658,0.94603,4.33,2.95,0.02,[Fe/H],,,,
Kepler-1057,2.480378,Kepler-1057,,,TIC 169463893,Gaia DR3 2076891329311747584,,5987,1.1,1.07,-0.0058,1.7086,4.38,3.09,0.01,[Fe/H],,,,
Kepler-1058,2.553446,Kepler-1058,,,TIC 271164394,Gaia DR3 2080054761700390272,,4644,0.69,0.73,-0.31631,0.19135,4.63,3.39,-0.06,[Fe/H],,,,
Kepler-1059,2.482907,Kepler-1059,,,TIC 121943952,Gaia DR3 2102249400337907456,,4906,0.72,0.75,-0.52036,3.72577,4.61,5.37,-0.15,[Fe/H],,,,
Kepler-106,2.530946,Kepler-106,,,TIC 184997417,Gaia DR3 2082074942519913344,,5858,1.04,1,0.08255,1.38,4.407,4.83,-0.12,[Fe/H],-56.18239,,0.3,
Kepler-1060,2.442411,Kepler-1060,,,TIC 120691237,Gaia DR3 2100653527927414272,,5797,0.99,0.99,0.07184,0.29666,4.44,4.27,-0.03,[Fe/H],,,,
Kepler-1061,2.43706,Kepler-1061,,,TIC 27776660,Gaia DR3 2135301338343246848,,6067,1.07,1.09,0.08762,1.06,4.42,2.14,-0.03,[Fe/H],,,,
Kepler-1062,2.471838,Kepler-1062,,,TIC 120043084,Gaia DR3 2103714637018491136,,4597,0.7,0.75,-0.6822,11.57399,4.62,2.45,0.11,[Fe/H],,,,
Kepler-1063,2.422616,Kepler-1063,,,TIC 122451550,,,5945,1.14,1.09,0.166,28.42249,4.37,3.39,0.09,[Fe/H],,,,
Kepler-1064,2.302013,Kepler-1064,,,TIC 137315852,Gaia DR3 2051807620790721792,,5153,0.79,0.85,-0.401,8.92788,4.57,3.89,0,[Fe/H],,,,
Kepler-1065,2.430631,Kepler-1065,,,TIC 378012771,Gaia DR3 2052203273182353920,,5635,0.93,0.94,-0.11584,2.64454,4.49,4.47,-0.01,[Fe/H],,,,
Kepler-1066,2.567191,Kepler-1066,,,TIC 268379849,Gaia DR3 2085502463860057984,,5762,0.98,0.98,-0.18995,1.48,4.45,3.8,-0.03,[Fe/H],-11.29658,,,
Kepler-1067,2.541061,Kepler-1067,,,TIC 351910733,Gaia DR3 2106374557504930944,,5594,0.934,0.981,-0.14725,2.89914,4.489,0.81,0.16,[Fe/H],,,,
Kepler-1067,2.541061,Kepler-1067,,,TIC 351910733,Gaia DR3 2106374557504930944,,5592,0.93,0.95,-0.14725,1.33,4.49,4.79,0.03,[Fe/H],,,,
Kepler-1068,2.562512,Kepler-1068,,,TIC 271165395,Gaia DR3 2128129876831370880,,5806,1.01,1.01,-0.02521,1.09,4.43,4.17,0.03,[Fe/H],,,,
Kepler-1069,2.17291,Kepler-1069,,,TIC 417659970,Gaia DR3 2129215369685086080,,5722,0.98,0.99,0.37196,0.28,4.46,4.37,0.04,[Fe/H],0.48562,,,
Kepler-107,2.21912,Kepler-107,,,TIC 27988327,Gaia DR3 2086625752425381632,,5854,1.447,1.238,0.36449,0.4,4.21,4.29,0.321,[Fe/H],5.64423,20.3,3.6,
Kepler-1070,2.34499,Kepler-1070,,,TIC 26814296,Gaia DR3 2129064874031303936,,6261,1.32,1.21,0.28486,0.64,4.27,2.75,0.03,[Fe/H],,,,
Kepler-1071,2.544499,Kepler-1071,,,TIC 275490723,Gaia DR3 2126514556811478144,,5215,0.81,0.86,-0.31262,1.37,4.56,4.27,0.01,[Fe/H],,,,
Kepler-1072,2.561796,Kepler-1072,,,TIC 63072565,Gaia DR3 2126806992544494720,,6199,1.32,1.2,0.36531,0.49,4.27,2.88,0.07,[Fe/H],,,,
Kepler-1073,2.424265,Kepler-1073,,,TIC 138568416,Gaia DR3 2052069201482198784,,5792,1,1,-0.01023,1.84858,4.44,3.72,0,[Fe/H],,,,
Kepler-1073,2.424265,Kepler-1073,,,TIC 138568416,Gaia DR3 2052069201482198784,,5509,1.116,0.924,-0.01023,1.60584,4.308,3.72,0.16,[Fe/H],,,,
Kepler-1074,2.559274,Kepler-1074,,,TIC 164724987,Gaia DR3 2107240324132394496,,4002,0.57,0.6,-1.12071,3.872257,4.7,3.55,-0.06,[Fe/H],,,,
Kepler-1075,2.9877,Kepler-1075,,,TIC 158489841,Gaia DR3 2130861785267379456,,3959,0.54,0.56,-1.11289,3.916469,4.72,2.95,-0.17,[Fe/H],,,,
Kepler-1076,2.49441,Kepler-1076,,,TIC 399955825,,,4868,0.74,0.79,-0.557,2.40067,4.6,3.72,-0.01,[Fe/H],-33.64135,,,
Kepler-1077,2.491796,Kepler-1077,,,TIC 159574927,Gaia DR3 2101930164010053120,,5816,1.02,1.02,0.00638,1.43617,4.43,4.17,0.03,[Fe/H],,,,
Kepler-1078,2.505640,Kepler-1078,,,TIC 275494550,Gaia DR3 2077837390345483904,,5612,0.92,0.94,0.50027,0.03994,4.49,4.37,-0.01,[Fe/H],,,,
Kepler-1079,2.552455,Kepler-1079,,,TIC 268932150,,,5758,1.36,1.08,0.263,0.8915,4.21,6.61,0.21,[Fe/H],,,,
Kepler-108,2.556680,Kepler-108,,,TIC 271164755,,,5854,2.192,1.247,0.707,0.24339,3.895,3.89,0.3261,[M/H],,,,
Kepler-1080,2.32600,Kepler-1080,,,TIC 27847814,Gaia DR3 2086818579276362624,,5956,1.16,1.1,0.86064,0.11728,4.35,3.89,0.09,[Fe/H],,,,
Kepler-1081,2.475826,Kepler-1081,,,TIC 122066167,Gaia DR3 2101476065707700480,,5345,0.84,0.88,-0.30601,1.55,4.54,4.68,0.01,[Fe/H],,,,
Kepler-1082,2.45806,Kepler-1082,,,TIC 299218775,Gaia DR3 2133127363335546112,,5923,1.14,1.03,0.3142,0.4,4.33,5.75,-0.06,[Fe/H],,,,
Kepler-1083,2.542362,Kepler-1083,,,TIC 164458639,Gaia DR3 2106904698207543936,,5049,0.77,0.81,-0.47303,0.45058,4.58,4.68,-0.02,[Fe/H],,,,
Kepler-1084,2.21384,Kepler-1084,,,TIC 267749737,Gaia DR3 2129464546506876928,,6113,1.28,1.12,0.25259,0.559944,4.27,4.07,-0.02,[Fe/H],3.34794,,,
Kepler-1085,2.557643,Kepler-1085,,,TIC 158487108,Gaia DR3 2130321925058256384,,5816,1.0783,1.05,0.07867,1.180686,4.39378,1.07,0.22,[Fe/H],,,,
Kepler-1085,2.557643,Kepler-1085,,,TIC 158487108,Gaia DR3 2130321925058256384,,6000,1.14,1.11,0.07867,1.01,4.37,3.39,0.08,[Fe/H],,,,
Kepler-1086,2.553547,Kepler-1086,,,TIC 271545939,Gaia DR3 2080018374737161984,,4350,0.66,0.7,-0.85997,5.07372,4.65,2.88,0.06,[Fe/H],,,,
Kepler-1087,2.556822,Kepler-1087,,,TIC 271353794,Gaia DR3 2080070975195117312,,5589,0.94,0.96,-0.09746,1.15,4.48,3.55,0.01,[Fe/H],-41.33848,,,
Kepler-1088,2.494610,Kepler-1088,,,TIC 123316231,Gaia DR3 2104727081069413376,,5975,1.08,1.08,0.09007,1.03,4.4,3.02,0.05,[Fe/H],-16.7638,,,
Kepler-1089,2.32146,Kepler-1089,,,TIC 350810654,Gaia DR3 2129928884010551936,,3753,0.49,0.52,-1.29726,4.5352,4.76,3.72,-0.09,[Fe/H],,,,
Kepler-109,2.452941,Kepler-109,,,TIC 122441003,Gaia DR3 2101175933393051008,,5950,1.387,1.094,0.34654,0.43,4.21,6.2,-0.02,[Fe/H],,,1,
Kepler-1090,2.533841,Kepler-1090,,,TIC 271885110,Gaia DR3 2079650828617180288,,5321,0.82,0.86,-0.14595,1.01,4.55,4.37,-0.04,[Fe/H],,,,
Kepler-1090,2.533841,Kepler-1090,,,TIC 271885110,Gaia DR3 2079650828617180288,,5330,1.013,0.869,-0.14595,0.08951,4.366,12.59,0.18,[Fe/H],,,,
Kepler-1091,2.516876,Kepler-1091,,,TIC 269262974,Gaia DR3 2075987599477644672,,5851,1.03,1.01,0.07961,1.94361,4.42,3.47,0,[Fe/H],,,,
Kepler-1092,2.5942,Kepler-1092,,,TIC 273378026,Gaia DR3 2086320878467532032,,5862,1,0.99,0.09586,2.4381,4.44,3.8,-0.09,[Fe/H],,,,
Kepler-1093,2.477335,Kepler-1093,,,TIC 120420344,Gaia DR3 2104037962156847744,,6166,1.2,1.13,0.46038,0.37,4.33,2.95,-0.01,[Fe/H],,,,
Kepler-1094,2.423984,Kepler-1094,,,TIC 137549134,Gaia DR3 2051937019565051520,,6112,1.21,1.14,0.17811,0.96152,4.33,3.09,0.06,[Fe/H],,,,
Kepler-1095,2.476370,Kepler-1095,,,TIC 138096962,Gaia DR3 2077580345142027136,,5658,0.92,0.94,-0.09285,3.18914,4.48,4.47,-0.09,[Fe/H],,,,
Kepler-1096,2.554960,Kepler-1096,,,TIC 271255413,Gaia DR3 2080058266393766656,,4306,0.63,0.66,-0.84044,6.95894,4.66,3.8,-0.1,[Fe/H],,,,
Kepler-1097,2.496367,Kepler-1097,,,TIC 123316380,Gaia DR3 2104822188824798848,,5211,0.79,0.82,-0.40444,8.63421,4.57,4.9,-0.11,[Fe/H],,,,
Kepler-1098,2.509301,Kepler-1098,,,TIC 271763415,Gaia DR3 2078019187720711424,,5794,0.99,0.99,0.15655,0.90721,4.45,3.98,-0.02,[Fe/H],,,,
Kepler-1099,2.21333,Kepler-1099,,,TIC 299033164,Gaia DR3 2130969503047357952,,5837,1,1.01,-0.11906,5.9055,4.45,3.63,-0.02,[Fe/H],,,,
Kepler-11,2.487308,Kepler-11,,,TIC 169175503,Gaia DR3 2076960598545789824,,5663,1.065,0.961,0.1202,1.122,4.366,8.5,0.05,[Fe/H],-57.16,,0.4,
Kepler-110,2.26801,Kepler-110,,,TIC 26751563,Gaia DR3 2128925579652377472,,5960,1.149,0.989,0.27598,0.53,4.327,4.47,-0.1498,[M/H],0.04348,,,
Kepler-1100,2.523649,Kepler-1100,,,TIC 63009789,Gaia DR3 2126163675162475136,,6247,1.34,1.21,0.08792,1,4.26,2.69,0.05,[Fe/H],,,,
Kepler-1101,2.550640,Kepler-1101,,,TIC 271163971,Gaia DR3 2080048680026646912,,5614,0.91,0.94,-0.35135,3.7581,4.5,4.27,-0.04,[Fe/H],,,,
Kepler-1102,2.18208,Kepler-1102,,,TIC 47976987,Gaia DR3 2119646801021958272,,5724,0.94,0.96,0.13927,0.31768,4.48,4.37,-0.08,[Fe/H],,,,
Kepler-1103,2.35252,Kepler-1103,,,TIC 399951202,Gaia DR3 2132808608042844160,,6092,1.15,1.11,0.52181,0.28,4.36,3.31,-0.01,[Fe/H],,,,
Kepler-1104,2.34545,Kepler-1104,,,TIC 27186509,Gaia DR3 2135002576119495936,,6417,1.41,1.3,0.51439,0.44,4.25,2.04,0.13,[Fe/H],-31.17697,,,
Kepler-1105,2.494557,Kepler-1105,,,TIC 123231917,Gaia DR3 2116733198288204288,,4299,0.68,0.71,-0.94508,0.66228,4.62,8.71,0.28,[Fe/H],,,,
Kepler-1106,2.523549,Kepler-1106,,,TIC 159649503,Gaia DR3 2126198756455621376,,6104,1.17,1.11,0.15896,0.89491,4.35,3.09,0,[Fe/H],,,,
Kepler-1107,2.435952,Kepler-1107,,,TIC 122716169,Gaia DR3 2052965337812644352,,5268,0.82,0.86,-0.41703,1.78,4.55,4.47,0.01,[Fe/H],,,,
Kepler-1108,2.555190,Kepler-1108,,,TIC 272083644,Gaia DR3 2080390353264322944,,5406,0.84,0.88,-0.25795,3.82916,4.54,4.17,-0.09,[Fe/H],,,,
Kepler-1109,2.438844,Kepler-1109,,,TIC 137336979,Gaia DR3 2052983514114840192,,5893,1.06,1.05,-0.07583,1.31457,4.41,3.8,0.04,[Fe/H],,,,
Kepler-111,2.535210,Kepler-111,,,TIC 63001143,Gaia DR3 2126569051355142656,,5952,1.157,1.171,0.19471,0.432,4.377,2.3,0.22,[Fe/H],,,,
Kepler-111,2.535210,Kepler-111,,,TIC 63001143,Gaia DR3 2126569051355142656,,5914,1.145,1.118,0.15836,1.05,4.369,3.4,0.237,[Fe/H],,,,
Kepler-1110,2.428896,Kepler-1110,,,TIC 351060274,Gaia DR3 2052691044021500032,,4781,0.7,0.73,-0.63653,2.74996,4.62,4.79,-0.16,[Fe/H],,,,
Kepler-1111,2.553581,Kepler-1111,,,TIC 271663670,Gaia DR3 2080016106994504704,,6077,1.15,1.1,-0.0903,1.97461,4.36,3.16,0.02,[Fe/H],,,,
Kepler-1112,2.14955,Kepler-1112,,,TIC 272841734,Gaia DR3 2086586273085111808,,6496,1.54,1.34,0.54224,1.11353,4.19,2.09,0.04,[Fe/H],,,,
Kepler-1113,2.438703,Kepler-1113,,,TIC 122062725,Gaia DR3 2101006883479557504,,5931,1.17,1.12,0.07994,4.29644,4.35,3.55,0.18,[Fe/H],,,,
Kepler-1114,2.553754,Kepler-1114,,,TIC 268612417,Gaia DR3 2085258750237006208,,5374,0.83,0.87,-0.29317,1.47,4.55,4.27,-0.08,[Fe/H],,,,
Kepler-1115,2.451634,Kepler-1115,,,TIC 138960099,Gaia DR3 2076483616656410496,,8480,1.73,1.6,1.25385,0.530767,4.17,1.12,-0.51,[Fe/H],,0.58,200,
Kepler-1116,2.525805,Kepler-1116,,,TIC 63076026,Gaia DR3 2126166733179219072,,5641,0.93,0.95,-0.14676,2.25165,4.48,4.9,0.01,[Fe/H],,,,
Kepler-1117,2.33217,Kepler-1117,,,TIC 26583640,Gaia DR3 2129755573491351040,,5612,0.93,0.95,-0.22396,1.49,4.49,4.27,0.03,[Fe/H],,,,
Kepler-1118,2.526666,Kepler-1118,,,TIC 239238425,Gaia DR3 2076102635879020928,,5688,0.97,0.96,-0.06047,0.58519,4.46,4.07,0,[Fe/H],,,,
Kepler-1119,2.530576,Kepler-1119,,,TIC 272940104,Gaia DR3 2078920821617340416,,6083,1.17,1.11,0.48586,0.45899,4.35,3.09,0.03,[Fe/H],,,,
Kepler-112,2.509479,Kepler-112,,,TIC 272943597,Gaia DR3 2078722600285671936,,5544,0.841,0.782,-0.08612,1.16,4.506,12.88,-0.5221,[M/H],,,,
Kepler-1120,2.491776,Kepler-1120,,,TIC 159573412,Gaia DR3 2101941434002832000,,4904,0.74,0.78,-0.58813,3.06505,4.6,4.68,-0.04,[Fe/H],,,,
Kepler-1121,2.16555,Kepler-1121,,,TIC 28230581,Gaia DR3 2086505630781210752,,6231,1.59,1.29,0.47495,0.42,4.14,3.02,0.12,[Fe/H],-33.93738,,,
Kepler-1122,2.561524,Kepler-1122,,,TIC 158664692,Gaia DR3 2130383394629702400,,5544,0.89,0.92,0.05875,0.96661,4.51,4.68,-0.03,[Fe/H],,,,
Kepler-1123,2.47046,Kepler-1123,,,TIC 27188610,Gaia DR3 2135239112857020032,,5500,0.9,0.93,-0.29455,3.18576,4.5,5.13,0.05,[Fe/H],,,,
Kepler-1124,2.419713,Kepler-1124,,,TIC 120963454,Gaia DR3 2099183583961614208,,3658,0.34,0.35,-1.32347,5.163418,4.93,3.39,-0.59,[Fe/H],,,,
Kepler-1125,2.463755,Kepler-1125,,,TIC 184009076,Gaia DR3 2076598687419100800,,5683,0.94,0.95,0.64744,0.80228,4.47,4.17,-0.09,[Fe/H],,,,
Kepler-1126,2.550023,Kepler-1126,,,TIC 352013661,Gaia DR3 2106496607595412480,,5798,0.93,0.92,-0.09926,1.08,4.46,5.5,-0.26,[Fe/H],,,,
Kepler-1126,2.550023,Kepler-1126,,,TIC 352013661,Gaia DR3 2106496607595412480,,5678,0.921,0.794,-0.09926,2.4075,4.409,12.3,-0.4,[Fe/H],,,,
Kepler-1127,2.500689,Kepler-1127,,,TIC 275569511,Gaia DR3 2077805263989929728,,5664,0.95,0.97,-0.25911,1.89424,4.47,4.37,0.04,[Fe/H],,,,
Kepler-1128,2.440336,Kepler-1128,,,TIC 137972889,Gaia DR3 2053124285963894784,,5543,0.91,0.94,-0.19585,10.19029,4.5,4.57,0.04,[Fe/H],,,,
Kepler-1129,2.476039,Kepler-1129,,,TIC 137212833,Gaia DR3 2101651781408908160,,5831,1,1,-0.0274,1.19,4.44,4.07,-0.04,[Fe/H],,,,
Kepler-113,2.48866,Kepler-113,,,TIC 298834019,Gaia DR3 2133369840008452224,,4725,0.69,0.75,-0.57598,2.71,4.636,6.89,0.05,[Fe/H],,,0.4,
Kepler-1130,2.545410,Kepler-1130,,,TIC 164882482,Gaia DR3 2106406069684947840,,5403,0.81,0.9,-0.25964,1.44,4.57,1.58,-0.06,[Fe/H],7.46097,,,
Kepler-1130,2.545410,Kepler-1130,,,TIC 164882482,Gaia DR3 2106406069684947840,,5450,0.842,0.944,-0.25964,1.58888,4.563,1.58,0.1,[Fe/H],7.46097,,,
Kepler-1130,2.545410,Kepler-1130,,,TIC 164882482,Gaia DR3 2106406069684947840,,5450,0.842,0.944,-0.25964,1.2086,4.563,1.58,0.1,[Fe/H],7.46097,,,
Kepler-1131,2.33509,Kepler-1131,,,TIC 27642556,Gaia DR3 2134776218463088896,,5851,1.04,1.03,-0.02783,1.41165,4.42,4.17,0.05,[Fe/H],,,,
Kepler-1132,2.23844,Kepler-1132,,,TIC 405719448,Gaia DR3 2131151094264000640,,5298,0.83,0.87,-0.37811,1.50773,4.55,4.57,-0.01,[Fe/H],,,,
Kepler-1133,2.502342,Kepler-1133,,,TIC 275569784,Gaia DR3 2077831239952281472,,5569,0.9,0.93,-0.20972,20.39189,4.5,4.07,-0.02,[Fe/H],,,,
Kepler-1134,2.495981,Kepler-1134,,,TIC 271758442,Gaia DR3 2077892640805120128,,5281,0.81,0.84,-0.39721,4.80501,4.56,4.9,-0.1,[Fe/H],,,,
Kepler-1135,2.536485,Kepler-1135,,,TIC 158114283,Gaia DR3 2106306082845810048,,5656,0.94,0.96,0.43703,0.57519,4.47,4.47,0.02,[Fe/H],,,,
Kepler-1136,2.527398,Kepler-1136,,,TIC 164671623,Gaia DR3 2106617691313437568,,4512,0.68,0.72,-0.85345,11.55482,4.63,3.24,0.03,[Fe/H],,,,
Kepler-1137,2.26386,Kepler-1137,,,TIC 399913391,Gaia DR3 2131213903865285760,,6807,1.84,1.5,0.75429,0.367578,4.08,1.58,0.05,[Fe/H],1.82194,,,
Kepler-1138,2.22475,Kepler-1138,,,TIC 405685914,Gaia DR3 2131896494426821760,,5582,0.92,0.95,-0.33299,6.55345,4.49,4.37,0.04,[Fe/H],,,,
Kepler-1139,2.437221,Kepler-1139,,,TIC 121458495,Gaia DR3 2099735057762220288,,5550,0.91,0.94,-0.30419,1.65,4.5,4.47,0.05,[Fe/H],,,,
Kepler-114,2.23159,Kepler-114,,,TIC 27011135,Gaia DR3 2128939873302216320,M0 V,4605,0.667,0.77,-0.6853,3.41328,4.65,2.69,0.2291,[M/H],,,,
Kepler-114,2.23159,Kepler-114,,,TIC 27011135,Gaia DR3 2128939873302216320,M0 V,4660,0.54,0.56,-0.6853,3.41328,4.72,2.69,0.2291,[M/H],,,,
Kepler-1140,2.572679,Kepler-1140,,,TIC 123359347,Gaia DR3 2119201533172444160,,4850,0.73,0.76,-0.56584,5.29946,4.61,5.01,-0.08,[Fe/H],,,,
Kepler-1141,2.14458,Kepler-1141,,,TIC 159393734,Gaia DR3 2129369095153280000,,5791,1.07,1.01,0.1551,0.72,4.38,6.17,0.04,[Fe/H],-54.73318,,,
Kepler-1142,2.523777,Kepler-1142,,,TIC 63366291,Gaia DR3 2126342380162345344,,5685,0.96,0.97,0.43724,0.09668,4.46,5.37,0.02,[Fe/H],,,,
Kepler-1143,2.437165,Kepler-1143,,,TIC 121215172,Gaia DR3 2100405381897402496,,5053,0.77,0.81,-0.62275,1.62078,4.58,4.79,-0.06,[Fe/H],,,,
Kepler-1144,2.6907,Kepler-1144,,,TIC 159226202,Gaia DR3 2127863623217139328,,5753,0.96,0.98,0.05604,2.63554,4.47,3.98,-0.03,[Fe/H],,,,
Kepler-1145,2.505876,Kepler-1145,,,TIC 271539239,Gaia DR3 2078012796808952832,,5064,0.75,0.79,-0.49839,5.25201,4.59,4.79,-0.13,[Fe/H],,,,
Kepler-1146,2.9804,Kepler-1146,,,TIC 158322622,Gaia DR3 2130684695176129536,,4692,0.7,0.74,-0.64244,3.92223,4.62,4.9,-0.06,[Fe/H],,,,
Kepler-1147,2.481516,Kepler-1147,,,TIC 137757057,Gaia DR3 2053636452223709696,,5941,1.14,1.09,0.23534,0.68449,4.36,3.8,0.11,[Fe/H],,,,
Kepler-1148,2.551712,Kepler-1148,,,TIC 159581434,Gaia DR3 2127431274629643008,,5054,0.77,0.81,-0.53105,8.38181,4.58,4.57,-0.02,[Fe/H],,,,
Kepler-1149,2.543266,Kepler-1149,,,TIC 270857274,Gaia DR3 2079920140245373184,,5833,1.01,1.02,0.16546,1.08184,4.43,3.98,0.02,[Fe/H],,,,
Kepler-115,2.544913,Kepler-115,,,TIC 273383120,Gaia DR3 2079368391569401600,,5979,1.205,1.042,0.22007,0.76,4.306,4.17,-0.0499,[M/H],,,,
Kepler-1150,2.36941,Kepler-1150,,,TIC 27913639,Gaia DR3 2086853351332014976,,4754,0.72,0.76,-0.66578,2.35572,4.61,4.68,0.01,[Fe/H],,,,
Kepler-1151,2.16053,Kepler-1151,,,TIC 63204022,Gaia DR3 2129254333627658112,,5470,0.85,0.88,-0.34196,6.66383,4.53,4.37,-0.11,[Fe/H],,,,
Kepler-1152,2.525616,Kepler-1152,,,TIC 159382189,Gaia DR3 2126870351901388672,,3964,0.53,0.55,-1.09668,3.728088,4.73,3.47,-0.25,[Fe/H],,,,
Kepler-1153,2.553046,Kepler-1153,,,TIC 158987296,Gaia DR3 2127307888808670976,,5470,0.88,0.91,-0.28448,2.57091,4.52,4.57,0.03,[Fe/H],,,,
Kepler-1154,2.446590,Kepler-1154,,,TIC 169561256,Gaia DR3 2073641344741406464,,6327,1.43,1.26,0.45174,0.68894,4.23,2.29,0.04,[Fe/H],,,,
Kepler-1155,2.441297,Kepler-1155,,,TIC 121785676,Gaia DR3 2099713617285398528,,5842,1.03,1.03,0.0472,3.21232,4.43,3.72,0.04,[Fe/H],,,,
Kepler-1156,2.555991,Kepler-1156,,,TIC 158842046,Gaia DR3 2127359737653864832,,5778,1,1,-0.06802,1.09,4.44,4.47,0.02,[Fe/H],,,,
Kepler-1157,2.513460,Kepler-1157,,,TIC 164460347,Gaia DR3 2105106687459103488,,4679,0.71,0.76,-0.67539,2.97604,4.62,3.39,0.05,[Fe/H],,,,
Kepler-1158,2.479741,Kepler-1158,,,TIC 137557778,Gaia DR3 2101670713625146112,,6203,1.95,1.41,0.84033,0.14,4.01,2.88,0.18,[Fe/H],,,,
Kepler-1159,2.544688,Kepler-1159,,,TIC 270955277,Gaia DR3 2079920552562267904,,6217,1.28,1.19,0.29847,4.66661,4.3,2.75,0.04,[Fe/H],,,,
Kepler-116,2.514329,Kepler-116,,,TIC 271260980,Gaia DR3 2078272831307891456,,6142,1.454,1.198,0.42073,0.47,4.196,3.16,0.07,[Fe/H],,,,
Kepler-1160,2.510280,Kepler-1160,,,TIC 158630233,Gaia DR3 2102983496146969856,,5519,0.89,0.92,-0.34326,3.39097,4.51,4.57,0.01,[Fe/H],,,,
Kepler-1161,2.548096,Kepler-1161,,,TIC 268390796,Gaia DR3 2079247239132750720,,4253,0.57,0.59,-0.65314,3.57023,4.7,3.39,-0.35,[Fe/H],,,,
Kepler-1162,2.546785,Kepler-1162,,,TIC 164522726,Gaia DR3 2106996095111385728,,5390,0.84,0.89,-0.32228,1.49185,4.54,4.37,-0.03,[Fe/H],,,,
Kepler-1162,2.546785,Kepler-1162,,,TIC 164522726,Gaia DR3 2106996095111385728,,5225,0.859,0.861,-0.32228,1.95609,4.505,0.5,0.14,[Fe/H],,,,
Kepler-1163,2.41578,Kepler-1163,,,TIC 406950324,Gaia DR3 2130026255211751808,,6302,1.35,1.22,0.39636,0.49,4.26,2.88,0.02,[Fe/H],-45.35669,,,
Kepler-1164,2.431177,Kepler-1164,,,TIC 121275496,Gaia DR3 2099632837540824192,,5183,0.79,0.85,-0.39926,1.86,4.57,3.63,-0.03,[Fe/H],,,,
Kepler-1165,2.536608,Kepler-1165,,,TIC 158326744,Gaia DR3 2106208363750121728,,6249,1.076,1.13,0.55152,0.79028,4.428,0.3,-0.04,[Fe/H],,,,
Kepler-1165,2.536608,Kepler-1165,,,TIC 158326744,Gaia DR3 2106208363750121728,,6080,1.18,1.13,0.55152,0.33691,4.34,3.24,0.05,[Fe/H],,,,
Kepler-1166,2.49070,Kepler-1166,,,TIC 406951266,Gaia DR3 2133173542823321344,,5446,0.86,0.9,-0.25594,2.66299,4.53,4.9,-0.02,[Fe/H],,,,
Kepler-1167,2.13699,Kepler-1167,,,TIC 273875149,Gaia DR3 2086441721667415424,,4971,0.75,0.79,-0.53589,2.85817,4.6,4.27,-0.05,[Fe/H],,,,
Kepler-1168,2.9862,Kepler-1168,,,TIC 158412890,Gaia DR3 2131048324286015104,,5157,0.82,0.87,-0.5302,2.97042,4.56,4.27,0.13,[Fe/H],,,,
Kepler-1169,2.564744,Kepler-1169,,,TIC 271354748,Gaia DR3 2080098840942920704,,6191,1.23,1.24,0.26202,0.7,4.35,1.38,0.26,[Fe/H],-54.26481,,,
Kepler-117,2.18645,Kepler-117,,,TIC 299032847,Gaia DR3 2130959744881558272,F8 V,6150,1.606,1.129,0.53776,0.41,4.102,5.3,-0.04,[Fe/H],-12.951,,6,
Kepler-1170,2.517885,Kepler-1170,,,TIC 63125460,Gaia DR3 2125965007156694528,,5069,0.76,0.8,-0.3384,1.80506,4.58,4.9,-0.09,[Fe/H],,,,
Kepler-1171,2.428003,Kepler-1171,,,TIC 138888759,Gaia DR3 2052136752727511552,,7044,1.95,1.58,0.86922,0.47547,4.05,1.35,-0.01,[Fe/H],,,,
Kepler-1172,2.311240,Kepler-1172,,,TIC 122507231,Gaia DR3 2051103314872392192,,5558,0.89,0.92,-0.16073,1.73973,4.51,4.37,-0.04,[Fe/H],,,,
Kepler-1173,2.550494,Kepler-1173,,,TIC 275490034,Gaia DR3 2128039304560957952,,5252,0.82,0.86,-0.43521,1.8,4.55,4.79,0,[Fe/H],,,,
Kepler-1174,2.491167,Kepler-1174,,,TIC 123408863,Gaia DR3 2104710176078205440,,5936,1.04,1.04,0.55531,3.89135,4.42,3.55,-0.04,[Fe/H],,,,
Kepler-1175,2.571491,Kepler-1175,,,TIC 158986028,Gaia DR3 2127781228564883456,,5453,0.86,0.9,-0.3398,4.60464,4.53,4.17,-0.04,[Fe/H],,,,
Kepler-1176,2.544946,Kepler-1176,,,TIC 273582656,Gaia DR3 2079323758268003968,,5844,1.02,1.01,-0.11691,6.92559,4.42,3.8,-0.01,[Fe/H],,,,
Kepler-1177,2.35193,Kepler-1177,,,TIC 399826020,Gaia DR3 2131318426189833728,,5712,0.97,0.98,0.34212,0.34158,4.46,4.47,0.02,[Fe/H],,,,
Kepler-1178,2.552977,Kepler-1178,,,TIC 158729099,Gaia DR3 2127340290041707520,,4990,0.75,0.8,-0.27723,3.02114,4.59,4.68,-0.05,[Fe/H],,,,
Kepler-1179,2.15573,Kepler-1179,,,TIC 164658882,Gaia DR3 2131625808407771520,,5212,0.81,0.84,-0.44424,1.95,4.56,4.9,-0.03,[Fe/H],-26.04,,3.2,
Kepler-118,2.478859,Kepler-118,,,TIC 171884427,Gaia DR3 2075162656527684864,,5274,1.094,0.811,-0.37737,6.77384,4.321,13.9,0.18,[Fe/H],,,,
Kepler-1180,2.507702,Kepler-1180,,,TIC 271966200,Gaia DR3 2078025990949149056,,6077,1.14,1.09,0.41746,0.66064,4.36,3.09,0,[Fe/H],,,,
Kepler-1181,2.441431,Kepler-1181,,,TIC 394176812,Gaia DR3 2101035367703145088,,6176,1.3,1.17,0.47243,1.15805,4.27,3.24,0.03,[Fe/H],,,,
Kepler-1181,2.441431,Kepler-1181,,,TIC 394176812,Gaia DR3 2101035367703145088,,6688,1.347,1.336,0.47243,0.50724,4.304,3.24,0.07,[Fe/H],,,,
Kepler-1182,2.520127,Kepler-1182,,,TIC 272270522,Gaia DR3 2079548917633369472,,5924,1.05,1.04,0.25605,2.73705,4.41,3.39,0.01,[Fe/H],,,,
Kepler-1183,2.431617,Kepler-1183,,,TIC 137550938,Gaia DR3 2052721692908731904,,5765,0.99,1,0.25466,1.04093,4.45,4.27,0.04,[Fe/H],,,,
Kepler-1184,2.2011,Kepler-1184,,,TIC 159725400,Gaia DR3 2129099474286578048,,5983,1.07,1.05,0.06532,0.68566,4.41,3.55,-0.04,[Fe/H],,,,
Kepler-1185,2.438546,Kepler-1185,,,TIC 121121775,Gaia DR3 2100408508633587712,,5622,0.87,0.96,0.28187,0.622603,4.54,1.55,-0.04,[Fe/H],2.55509,,,
Kepler-1186,2.5021,Kepler-1186,,,TIC 158730884,Gaia DR3 2130782895307640192,,5635,0.93,0.95,0.06369,12.8622,4.49,4.47,0,[Fe/H],,,,
Kepler-1187,2.424602,Kepler-1187,,,TIC 121021644,Gaia DR3 2099219867845754752,,5975,1.09,1.06,0.13585,4.91133,4.39,3.39,-0.01,[Fe/H],,,,
Kepler-1188,2.506516,Kepler-1188,,,TIC 164460740,Gaia DR3 2105000687666286592,,5913,1.06,1.04,0.39786,0.58322,4.4,4.17,0,[Fe/H],,,,
Kepler-1189,2.18075,Kepler-1189,,,TIC 267991349,Gaia DR3 2086474260339833088,,6012,1.16,1.11,0.04086,1.42473,4.36,3.39,0.08,[Fe/H],,,,
Kepler-119,2.499389,Kepler-119,,,TIC 271964647,Gaia DR3 2077236713401973888,,5595,0.839,0.918,-0.0366,1.35492,4.567,3.63,0.01,[Fe/H],,,,
Kepler-1190,2.35068,Kepler-1190,,,TIC 48504464,Gaia DR3 2132028912560212096,,4730,0.72,0.76,-0.7272,2.94604,4.62,3.98,-0.02,[Fe/H],,,,
Kepler-1191,2.18855,Kepler-1191,,,TIC 26538999,Gaia DR3 2129250313538148736,,5308,0.81,0.85,-0.22611,2.26307,4.56,4.57,-0.08,[Fe/H],,,,
Kepler-1192,2.518943,Kepler-1192,,,TIC 123416753,Gaia DR3 2105273705848965888,,5438,0.83,0.86,-0.1283,2.33467,4.55,4.47,-0.16,[Fe/H],,,,
Kepler-1193,2.50496,Kepler-1193,,,TIC 298897851,Gaia DR3 2133404474624835840,,5908,1.21,1.08,0.35069,0.41,4.31,5.01,0.12,[Fe/H],-5.53176,,,
Kepler-1194,2.422790,Kepler-1194,,,TIC 137317096,Gaia DR3 2052662422359019904,,5590,0.92,0.94,-0.127,6.60457,4.49,4.79,0,[Fe/H],,,,
Kepler-1195,2.464671,Kepler-1195,,,TIC 120252007,Gaia DR3 2103644611871388032,,4965,0.71,0.74,-0.44607,6.93388,4.61,4.47,-0.25,[Fe/H],,,,
Kepler-1196,2.521647,Kepler-1196,,,TIC 63210324,Gaia DR3 2125962155298608000,,5756,0.97,0.98,-0.04702,5.34075,4.46,3.98,0,[Fe/H],,,,
Kepler-1197,2.497208,Kepler-1197,,,TIC 63004645,Gaia DR3 2125790322246812672,,4708,0.72,0.78,-0.66629,2.19,4.62,2.69,0.06,[Fe/H],,,,
Kepler-1198,2.538353,Kepler-1198,,,TIC 158843826,Gaia DR3 2127139491730929536,,5517,0.9,0.93,-0.23165,3.85065,4.5,4.68,0.03,[Fe/H],,,,
Kepler-1199,2.7072,Kepler-1199,,,TIC 270696519,Gaia DR3 2128230615282091904,,5889,1.17,0.94,0.18707,0.44,4.27,7.76,-0.27,[Fe/H],-39.42695,,,
Kepler-12,2.41298,Kepler-12,,,TIC 405717754,Gaia DR3 2133599775377340672,,5947,1.483,1.166,0.44933,0.50824,4.175,4,0.07,[Fe/H],,,0.8,
Kepler-120,2.438607,Kepler-120,,,TIC 121458707,Gaia DR3 2099740761478810624,M0 V,4096,0.534,0.654,-0.67701,2.77559,4.732,3.63,-0.12,[Fe/H],,,,
Kepler-1200,2.526334,Kepler-1200,,,TIC 272489594,Gaia DR3 2078832929407597312,,4612,0.7,0.74,-0.68923,2.48278,4.63,3.02,0.04,[Fe/H],,,,
Kepler-1201,2.465585,Kepler-1201,,,TIC 377915758,Gaia DR3 2076579445968420736,,6177,1.24,1.15,0.04424,0.26952,4.32,2.95,0.03,[Fe/H],,,,
Kepler-1202,2.535307,Kepler-1202,,,TIC 63209010,Gaia DR3 2126579050039312640,,5834,1.04,1.03,-0.13389,0.87771,4.42,4.17,0.06,[Fe/H],,,,
Kepler-1203,2.525922,Kepler-1203,,,TIC 63449012,Gaia DR3 2126343823271448832,,4105,0.61,0.64,-0.85362,2.81504,4.67,3.47,0.01,[Fe/H],,,,
Kepler-1204,2.495296,Kepler-1204,,,TIC 159043952,Gaia DR3 2102648832296149888,,5825,1.03,1.03,-0.05771,1.73921,4.42,4.27,0.06,[Fe/H],,,,
Kepler-1205,2.479568,Kepler-1205,,,TIC 122443195,Gaia DR3 2101798634930170240,,5226,0.81,0.84,-0.41829,4.9894,4.56,4.9,-0.04,[Fe/H],,,,
Kepler-1206,2.39051,Kepler-1206,,,TIC 27649203,Gaia DR3 2134907747540447232,,4877,0.75,0.8,-0.61957,4.7099,4.6,3.55,0.07,[Fe/H],,,,
Kepler-1207,2.34608,Kepler-1207,,,TIC 27390527,Gaia DR3 2134833427427670016,,5909,1.06,1.06,0.63789,0.8893,4.41,3.63,0.05,[Fe/H],,,,
Kepler-1208,2.533638,Kepler-1208,,,TIC 63010574,Gaia DR3 2126563450717837056,,5001,0.76,0.8,-0.55349,19.93868,4.59,4.47,-0.03,[Fe/H],,,,
Kepler-1209,2.32026,Kepler-1209,,,TIC 399953998,Gaia DR3 2131252627290713472,,6210,1.38,1.23,0.34256,0.58,4.24,3.09,0.12,[Fe/H],-26.46577,,,
Kepler-121,2.442423,Kepler-121,,,TIC 120765800,Gaia DR3 2100654421280638976,,5311,0.701,0.859,-0.47396,9.36513,4.646,0.5,-0.08,[Fe/H],,,,
Kepler-1210,2.21658,Kepler-1210,,,TIC 26750065,Gaia DR3 2128893144058813056,,5568,0.92,0.94,-0.14879,4.6734,4.49,5.13,0.04,[Fe/H],,,,
Kepler-1211,2.464781,Kepler-1211,,,TIC 120578889,Gaia DR3 2103785516859681152,,5705,0.94,0.96,0.13445,0.8,4.48,4.17,-0.08,[Fe/H],,,,
Kepler-1212,2.42063,Kepler-1212,,,TIC 27912642,Gaia DR3 2135280378903961984,,6051,1.15,1.1,0.21104,1.15071,4.36,3.24,0.03,[Fe/H],,,,
Kepler-1213,2.49010,Kepler-1213,,,TIC 416266465,Gaia DR3 2133138942567823744,,6050,1.21,1.14,0.39455,0.35,4.33,3.47,0.13,[Fe/H],,,,
Kepler-1214,2.39301,Kepler-1214,,,TIC 48528473,Gaia DR3 2132127666747169024,,5130,0.8,0.85,-0.41949,12.56224,4.57,4.68,0.05,[Fe/H],,,,
Kepler-1215,2.20707,Kepler-1215,,,TIC 28230011,Gaia DR3 2086526693301504896,,5616,0.93,0.95,-0.18176,5.06537,4.48,4.79,0.01,[Fe/H],,,,
Kepler-1216,2.554229,Kepler-1216,,,TIC 158486842,Gaia DR3 2130309796070517888,,5743,0.98,0.99,0.0729,1.64385,4.46,4.07,0.03,[Fe/H],,,,
Kepler-1217,2.48977,Kepler-1217,,,TIC 299160628,Gaia DR3 2133150418720312832,,5905,1.08,1.06,0.08509,3.35123,4.4,3.8,0.07,[Fe/H],,,,
Kepler-1218,2.533597,Kepler-1218,,,TIC 159763595,Gaia DR3 2126191334752646016,,5986,1.1,1.06,0.36296,0.38,4.38,3.8,-0.02,[Fe/H],,,,
Kepler-1219,2.9145,Kepler-1219,,,TIC 273046164,Gaia DR3 2086389357427331712,,5944,1.94,1.25,0.92552,0.08,3.97,4.37,0.05,[Fe/H],,,,
Kepler-122,2.447498,Kepler-122,,,TIC 122714267,Gaia DR3 2053070616052194304,,6050,1.216,0.982,0.26993,0.53,4.299,7.94,-0.08,[Fe/H],,,,
Kepler-122,2.447498,Kepler-122,,,TIC 122714267,Gaia DR3 2053070616052194304,,5917,0.949,1.03,0.26993,0.53,4.35,7.94,-0.08,[Fe/H],,,,
Kepler-1220,2.504421,Kepler-1220,,,TIC 272944301,Gaia DR3 2078707035323917568,,5842,0.99,1,0.02481,1.66158,4.45,3.63,-0.04,[Fe/H],,,,
Kepler-1221,2.551398,Kepler-1221,,,TIC 279912260,,,5194,0.82,0.87,-0.355,1.04718,4.55,4.57,0.09,[Fe/H],,,,
Kepler-1222,2.34589,Kepler-1222,,,TIC 27240404,Gaia DR3 2134837069559538176,,5239,0.8,0.84,-0.45761,1.92,4.56,4.37,-0.04,[Fe/H],,,,
Kepler-1223,2.533137,Kepler-1223,,,TIC 164889945,Gaia DR3 2105969082532659328,,4870,0.75,0.8,-0.54142,1.8193,4.6,3.63,0.04,[Fe/H],,,,
Kepler-1224,2.244850,Kepler-1224,,,TIC 120964116,Gaia DR3 2099122522408063232,,6155,1.22,1.18,0.29282,0.74,4.34,2.34,0.14,[Fe/H],,,,
Kepler-1225,2.451067,Kepler-1225,,,TIC 122595850,Gaia DR3 2101123534792103168,,6140,1.19,1.13,0.33289,5.68003,4.34,3.02,0.01,[Fe/H],,,,
Kepler-1226,2.47285,Kepler-1226,,,TIC 27845000,Gaia DR3 2135377135926967424,,5923,1.02,1.02,0.35947,0.4,4.43,3.72,-0.08,[Fe/H],,,,
Kepler-1227,2.484585,Kepler-1227,,,TIC 121113728,Gaia DR3 2102431713108873216,,5747,0.95,0.97,-0.15834,1.13,4.47,4.17,-0.04,[Fe/H],,,,
Kepler-1228,2.2428,Kepler-1228,,,TIC 272596598,Gaia DR3 2080534148769345408,,5063,0.74,0.78,-0.5546,2.23,4.59,5.13,-0.18,[Fe/H],,,,
Kepler-1229,2.2601,Kepler-1229,,,TIC 273373582,Gaia DR3 2086316205543022336,,3784,0.51,0.54,-1.533,4.35164,4.75,3.72,-0.06,[Fe/H],,17.63,,
Kepler-123,2.501209,Kepler-123,,,TIC 272944990,Gaia DR3 2078697552035948800,,6089,1.264,1.079,0.40952,0.49,4.277,5.01,-0.08,[Fe/H],,,,
Kepler-1230,2.482509,Kepler-1230,,,TIC 237157859,Gaia DR3 2104527554068149120,,5961,1.08,1.06,0.09626,3.20056,4.4,3.47,0.01,[Fe/H],,,,
Kepler-1231,2.498537,Kepler-1231,,,TIC 158792743,Gaia DR3 2102711882417133952,,5778,1,1.01,0.02302,1.2762,4.44,4.17,0.06,[Fe/H],,,,
Kepler-1232,2.32612,Kepler-1232,,,TIC 351190880,Gaia DR3 2086814864122389760,,5471,0.89,0.92,-0.35931,1.77,4.51,4.79,0.06,[Fe/H],,,,
Kepler-1233,2.568930,Kepler-1233,,,TIC 273131021,Gaia DR3 2080300949226451200,,6198,1.25,1.16,0.22091,1.32431,4.3,2.88,0.02,[Fe/H],,,,
Kepler-1234,2.50882,Kepler-1234,,,TIC 399956098,Gaia DR3 2133394407221680256,,4967,0.76,0.8,-0.45387,3.80666,4.59,4.37,0.01,[Fe/H],,,,
Kepler-1235,2.520916,Kepler-1235,,,TIC 164830167,Gaia DR3 2105848204973534592,,5541,0.9,0.93,-0.15625,1.1,4.5,4.57,0.01,[Fe/H],,,,
Kepler-1236,2.497698,Kepler-1236,,,TIC 271758949,Gaia DR3 2077894736749534080,,5337,0.82,0.86,-0.37915,6.0153,4.55,4.07,-0.09,[Fe/H],,,,
Kepler-1237,2.535527,Kepler-1237,,,TIC 271770315,Gaia DR3 2079669589034384000,,5472,0.9,0.94,-0.25798,4.01964,4.5,4.57,0.12,[Fe/H],,,,
Kepler-1238,2.452160,Kepler-1238,,,TIC 169931288,Gaia DR3 2073671753111037440,,6386,1.48,1.3,0.58441,0.73308,4.21,2.14,0.05,[Fe/H],,,,
Kepler-1239,2.493876,Kepler-1239,,,TIC 275496016,Gaia DR3 2077689059355373440,,6564,1.57,1.4,0.44712,0.485,4.2,1.62,0.22,[Fe/H],,,,
Kepler-124,2.30884,Kepler-124,,,TIC 399860218,Gaia DR3 2131287021388901504,,4984,0.636,0.706,-0.46737,1.87,4.669,1.82,-0.46,[Fe/H],,,,
Kepler-1240,2.458359,Kepler-1240,,,TIC 258203566,Gaia DR3 2103567611698320896,,5682,0.96,0.98,0.22254,0.49,4.47,4.07,0.04,[Fe/H],,,,
Kepler-1241,2.426794,Kepler-1241,,,TIC 378013798,Gaia DR3 2052124692458750976,,5261,0.8,0.84,-0.32438,1.47924,4.56,4.68,-0.09,[Fe/H],,,,
Kepler-1242,2.470266,Kepler-1242,,,TIC 120317833,Gaia DR3 2104031227648002944,,4895,0.74,0.77,-0.51639,4.07205,4.6,5.62,-0.05,[Fe/H],,,,
Kepler-1243,2.502478,Kepler-1243,,,TIC 270782121,Gaia DR3 2078147796220283776,,5667,0.94,0.96,-0.24358,1.56166,4.48,4.37,0.01,[Fe/H],,,,
Kepler-1244,2.565330,Kepler-1244,,,TIC 123447592,Gaia DR3 2119130163697443840,,6680,1.77,1.46,1.03224,0.117813,4.1,1.7,0.05,[Fe/H],4.72067,,,
Kepler-1245,2.508875,Kepler-1245,,,TIC 159449041,Gaia DR3 2126057774150666368,,5306,0.83,0.86,-0.41093,3.05943,4.55,4.57,-0.01,[Fe/H],,,,
Kepler-1246,2.29819,Kepler-1246,,,TIC 298785034,Gaia DR3 2131238230560301440,,4611,0.69,0.73,-0.7266,0.11476,4.63,3.89,-0.03,[Fe/H],,,,
Kepler-1247,2.568494,Kepler-1247,,,TIC 271165854,Gaia DR3 2128141799661062400,,5303,0.82,0.86,-0.34527,7.43092,4.55,4.68,-0.05,[Fe/H],,,,
Kepler-1248,2.50928,Kepler-1248,,,TIC 298897924,,,6149,1.21,1.21,0.276,0.90781,4.36,1.51,0.24,[Fe/H],,,,
Kepler-1249,2.530555,Kepler-1249,,,TIC 272719153,Gaia DR3 2078933569080413056,,6202,1.28,1.19,0.42782,0.67505,4.29,2.82,0.06,[Fe/H],,,,
Kepler-125,2.13690,Kepler-125,,,TIC 273873718,Gaia DR3 2086439488284337536,M1 V,3810,0.512,0.542101,-1.3279,4.682315,4.744,1.09,-0.14,[Fe/H],,,,
Kepler-1250,2.554257,Kepler-1250,,,TIC 158559861,Gaia DR3 2130269320298515712,,5717,0.98,0.99,0.34255,8.08759,4.46,4.57,0.04,[Fe/H],,,,
Kepler-1251,2.33223,Kepler-1251,,,TIC 26583618,Gaia DR3 2129755779649780224,,5545,0.89,0.92,-0.15264,6.65298,4.51,4.79,-0.04,[Fe/H],,,,
Kepler-1252,2.569158,Kepler-1252,,,TIC 268387099,Gaia DR3 2085514146171216768,,5949,1.09,1.06,-0.12958,1.52219,4.38,3.89,0.03,[Fe/H],,,,
Kepler-1253,2.12627,Kepler-1253,,,TIC 164557694,Gaia DR3 2131628282308860288,,5850,1.1,0.97,0.34479,0.27,4.33,7.08,-0.14,[Fe/H],-44.54847,,,
Kepler-1254,2.27348,Kepler-1254,,,TIC 48506710,Gaia DR3 2131968065762170624,,4985,0.75,0.78,-0.57202,3.32192,4.59,5.62,-0.1,[Fe/H],,,,
Kepler-1255,2.500950,Kepler-1255,,,TIC 271538318,Gaia DR3 2077911332502996224,,6018,1.12,1.08,0.30726,0.53968,4.37,3.55,0.02,[Fe/H],,,,
Kepler-1256,2.535189,Kepler-1256,,,TIC 159763320,Gaia DR3 2126615024685005568,,6129,1.36,1.17,0.42833,0.39,4.23,3.72,0.05,[Fe/H],,,,
Kepler-1257,2.550833,Kepler-1257,,,TIC 272084528,Gaia DR3 2079813934296000512,,5502,0.87,0.9,-0.13622,1.42361,4.52,4.37,-0.09,[Fe/H],,,,
Kepler-1258,2.40266,Kepler-1258,,,TIC 279918915,Gaia DR3 2132156632006693504,,5839,0.99,0.99,0.09384,0.66,4.45,3.89,-0.07,[Fe/H],,,,
Kepler-1259,2.2668,Kepler-1259,,,TIC 273592350,Gaia DR3 2086307031492729856,,5053,0.77,0.8,-0.33296,4.30442,4.58,5.25,-0.07,[Fe/H],,,,
Kepler-126,2.527734,Kepler-126,,,TIC 159046962,Gaia DR3 2126918008858627712,,6239,1.358,1.108,0.452,0.4,4.247,3.39,-0.16,[Fe/H],-20.73818,,,
Kepler-1260,2.497692,Kepler-1260,,,TIC 271759028,Gaia DR3 2077894083914484352,,5961,1.08,1.06,0.52565,0.13337,4.39,3.8,0.01,[Fe/H],,,,
Kepler-1261,2.28533,Kepler-1261,,,TIC 48506742,Gaia DR3 2131968890395913344,,5006,0.77,0.82,-0.5233,7.26483,4.58,4.47,0.03,[Fe/H],,,,
Kepler-1262,2.491706,Kepler-1262,,,TIC 158794459,Gaia DR3 2102321933746075776,,5771,0.98,0.99,-0.10541,3.11474,4.45,4.27,-0.02,[Fe/H],,,,
Kepler-1263,2.569439,Kepler-1263,,,TIC 158270568,Gaia DR3 2130550520397270016,,5213,0.8,0.84,-0.41402,2.45318,4.56,4.9,-0.03,[Fe/H],,,,
Kepler-1264,2.544206,Kepler-1264,,,TIC 159177065,Gaia DR3 2127065652653876992,,5791,0.98,0.99,-0.05475,1.01,4.45,4.17,-0.02,[Fe/H],,,,
Kepler-1265,2.3162,Kepler-1265,,,TIC 164781761,Gaia DR3 2107385081710305152,,4630,0.69,0.71,-0.70004,4.27014,4.63,5.25,-0.1,[Fe/H],,,,
Kepler-1266,2.499901,Kepler-1266,,,TIC 158167159,Gaia DR3 2105528350169042560,,5044,0.76,0.8,-0.52996,2.07,4.59,5.13,-0.07,[Fe/H],,,,
Kepler-1266,2.499901,Kepler-1266,,,TIC 158167159,Gaia DR3 2105528350169042560,,4996,0.831,0.791,-0.52996,0.73807,4.497,7.24,0.14,[Fe/H],,,,
Kepler-1267,2.513155,Kepler-1267,,,TIC 268604100,Gaia DR3 2075971312960643712,,6096,1.2,1.15,0.0025,1.52999,4.33,3.24,0.07,[Fe/H],,,,
Kepler-1268,2.506932,Kepler-1268,,,TIC 158630552,Gaia DR3 2102974528255171968,,5904,1.09,1.06,0.34483,0.93341,4.38,4.27,0.05,[Fe/H],,,,
Kepler-1269,2.545592,Kepler-1269,,,TIC 158559018,Gaia DR3 2130211080541825024,,5998,1.15,1.1,0.5557,0.24,4.36,3.55,0.07,[Fe/H],,,,
Kepler-127,2.555672,Kepler-127,,,TIC 164881786,Gaia DR3 2107266570672734592,,6106,1.359,1.248,0.40651,0.48,4.265,2.69,0.2142,[M/H],-21.15643,,,
Kepler-1270,2.26358,Kepler-1270,,,TIC 399826741,Gaia DR3 2131169545443676032,,5047,3.38,1.28,0.71321,0.05,3.49,4.37,-0.02,[Fe/H],15.29014,,,
Kepler-1271,2.53884,Kepler-1271,,,TIC 120825510,Gaia DR3 2099073667159859840,,6143,1.23,1.13,0.21871,0.75,4.31,3.63,-0.01,[Fe/H],,,,
Kepler-1272,2.430990,Kepler-1272,,,TIC 399794186,Gaia DR3 2100148611573075200,,5926,1.09,1.06,0.37031,0.61921,4.39,3.89,0.06,[Fe/H],,,,
Kepler-1273,2.538177,Kepler-1273,,,TIC 279913214,Gaia DR3 2106311477324720384,,5566,0.91,0.94,-0.3054,2.74306,4.5,4.47,0.03,[Fe/H],,,,
Kepler-1274,2.563349,Kepler-1274,,,TIC 164781116,Gaia DR3 2107342716152550272,,6179,2.17,1.45,0.79752,0.15,3.93,2.88,0.11,[Fe/H],-8.57344,,,
Kepler-1275,2.540287,Kepler-1275,,,TIC 270521167,Gaia DR3 2126457313486865792,,6296,1.36,1.23,0.31503,3.17374,4.26,2.51,0.04,[Fe/H],,,,
Kepler-1276,2.458646,Kepler-1276,,,TIC 121333541,Gaia DR3 2100623600597189504,,6188,1.21,1.14,0.2204,0.8,4.33,3.09,-0.02,[Fe/H],-33.35884,,,
Kepler-1277,2.459490,Kepler-1277,,,TIC 138969285,Gaia DR3 2076601230039790592,,5578,0.92,0.94,-0.19906,1.37,4.49,5.01,-0.01,[Fe/H],,,,
Kepler-1278,2.501503,Kepler-1278,,,TIC 164413187,Gaia DR3 2104972581400204672,,6074,1.16,1.11,0.36593,0.43,4.35,3.31,0.02,[Fe/H],,,,
Kepler-1279,2.454614,Kepler-1279,,,TIC 121465371,Gaia DR3 2100559554044410624,,6221,1.33,1.21,0.69281,0.2,4.26,2.82,0.06,[Fe/H],,,,
Kepler-128,2.520766,Kepler-128,,,TIC 123490545,Gaia DR3 2105318412166111232,,6072,1.659,1.184,0.57542,0.365286,4.07,4.07,-0.03,[Fe/H],-21.29645,,,
Kepler-1280,2.546062,Kepler-1280,,,TIC 270616541,Gaia DR3 2127973677460755584,,6227,1.32,1.2,0.6788,0.17,4.28,2.82,0.04,[Fe/H],,,,
Kepler-1281,2.25738,Kepler-1281,,,TIC 27458799,Gaia DR3 2134725915805229952,,5353,0.83,0.87,-0.292,2.44249,4.55,4.37,-0.04,[Fe/H],,,,
Kepler-1282,2.567898,Kepler-1282,,,TIC 159301148,Gaia DR3 2127812564645370880,,5504,0.89,0.92,-0.18287,3.01046,4.51,4.57,0.01,[Fe/H],,,,
Kepler-1283,2.463750,Kepler-1283,,,TIC 184008951,Gaia DR3 2076599065376447488,,6175,1.25,1.16,0.92675,0.12756,4.31,2.88,0.04,[Fe/H],,,,
Kepler-1284,2.13010,Kepler-1284,,,TIC 159726546,Gaia DR3 2129192692257862912,,5123,0.79,0.84,-0.39518,2.93951,4.57,4.47,0.03,[Fe/H],,,,
Kepler-1285,2.525013,Kepler-1285,,,TIC 123410927,Gaia DR3 2105291955168605440,,6170,1.28,1.2,0.48088,0.4,4.3,2.75,0.16,[Fe/H],-3.72344,,,
Kepler-1286,2.518796,Kepler-1286,,,TIC 351766517,Gaia DR3 2116961690548889088,,5753,0.98,1,0.12822,0.98366,4.45,4.17,0.03,[Fe/H],,,,
Kepler-1287,2.3478,Kepler-1287,,,TIC 158985675,Gaia DR3 2127802188005355648,,5715,0.94,0.96,-0.09078,4.79022,4.48,4.07,-0.05,[Fe/H],,,,
Kepler-1288,2.480933,Kepler-1288,,,TIC 120577770,Gaia DR3 2103960721465412864,,6132,1.29,1.2,0.30207,0.65,4.29,2.88,0.14,[Fe/H],,,,
Kepler-1289,2.469607,Kepler-1289,,,TIC 184428068,Gaia DR3 2076819276942298496,,6080,1.17,1.1,0.16032,1.90469,4.35,2.95,0.02,[Fe/H],,,,
Kepler-129,2.15615,Kepler-129,,,TIC 164999822,Gaia DR3 2131494313689868416,G4 V,5770,1.653,1.178,0.46365,0.28,4.08,6.43,0.29,[Fe/H],-20.20839,,2.13,
Kepler-1290,2.519576,Kepler-1290,,,TIC 159450182,Gaia DR3 2126110795526604928,,5660,0.93,0.95,0.06899,1.36344,4.49,4.07,-0.02,[Fe/H],,,,
Kepler-1291,2.448965,Kepler-1291,,,TIC 122063936,Gaia DR3 2101249188353780480,,5216,0.8,0.84,-0.46748,1.45628,4.56,4.9,-0.04,[Fe/H],,,,
Kepler-1292,2.520917,Kepler-1292,,,TIC 164830162,Gaia DR3 2105848204973533696,,5556,0.93,0.95,-0.09051,2.37615,4.49,4.68,0.08,[Fe/H],,,,
Kepler-1293,2.22670,Kepler-1293,,,TIC 267749620,Gaia DR3 2129467364005869184,,6241,1.28,1.18,0.60386,0.27,4.29,2.82,0,[Fe/H],,,,
Kepler-1294,2.531949,Kepler-1294,,,TIC 159721015,Gaia DR3 2126234215705936640,,5776,0.97,0.99,0.42138,9.72741,4.46,3.98,-0.03,[Fe/H],,,,
Kepler-1295,2.548857,Kepler-1295,,,TIC 159723041,Gaia DR3 2126680651786377984,,5486,0.89,0.92,-0.28279,4.18978,4.51,4.68,0.04,[Fe/H],,,,
Kepler-1296,2.477920,Kepler-1296,,,TIC 137410211,Gaia DR3 2101644600223555328,,5359,0.83,0.87,0.48615,0.5853,4.55,4.17,-0.04,[Fe/H],,,,
Kepler-1297,2.3557,Kepler-1297,,,TIC 159225841,Gaia DR3 2127836719542510848,,5818,0.99,0.99,0.30193,0.54585,4.45,4.17,-0.04,[Fe/H],,,,
Kepler-1298,2.31794,Kepler-1298,,,TIC 267667467,Gaia DR3 2132178725317511936,,6339,2,1.45,0.83982,0.13,4,2.57,0.13,[Fe/H],-30.76241,,,
Kepler-1299,2.53856,Kepler-1299,,,TIC 120762000,Gaia DR3 2099071433776757888,,5609,0.91,0.94,-0.10621,0.44826,4.5,4.37,-0.01,[Fe/H],,,,
Kepler-130,2.452672,Kepler-130,,,TIC 121603794,Gaia DR3 2101305259145506816,,5884,1.127,0.927,0.19831,0.63,4.304,5.89,-0.199,[M/H],21.91547,,,
Kepler-130,2.452672,Kepler-130,,,TIC 121603794,Gaia DR3 2101305259145506816,,5879,1.17,1,0.155,0.87,4.29,5.89,0.02,[Fe/H],21.91547,,,
Kepler-1300,2.448915,Kepler-1300,,,TIC 121865605,Gaia DR3 2101241285613832192,,6130,1.79,1.29,0.63621,0.19,4.04,3.55,0.05,[Fe/H],,,,
Kepler-1301,2.494948,Kepler-1301,,,TIC 158278132,Gaia DR3 2105463135385330944,,5188,0.81,0.85,-0.34618,8.94101,4.56,4.9,0.01,[Fe/H],,,,
Kepler-1302,2.44197,Kepler-1302,,,TIC 417678115,Gaia DR3 2130136176312202624,,5236,0.82,0.86,-0.46714,13.16198,4.55,4.68,0.04,[Fe/H],,,,
Kepler-1303,2.492934,Kepler-1303,,,TIC 164674711,Gaia DR3 2104156984291199360,,5771,1,1.01,-0.00195,2.56621,4.44,4.47,0.04,[Fe/H],,,,
Kepler-1304,2.439715,Kepler-1304,,,TIC 399819857,Gaia DR3 2100309827464993536,,5259,0.81,0.85,0.63938,0.02158,4.56,4.68,-0.05,[Fe/H],,,,
Kepler-1305,2.562919,Kepler-1305,,,TIC 273131845,Gaia DR3 2080269819302745216,,5701,0.96,0.97,0.08368,0.6637,4.47,4.37,0.01,[Fe/H],,,,
Kepler-1306,2.2228,Kepler-1306,,,TIC 271040328,Gaia DR3 2128533466317652224,,5727,0.97,0.98,-0.06343,14.86593,4.45,4.57,0,[Fe/H],,,,
Kepler-1307,2.569881,Kepler-1307,,,TIC 63453366,Gaia DR3 2128297208757012992,,5884,1.08,1.06,-0.20496,2.49234,4.39,4.07,0.06,[Fe/H],,,,
Kepler-1308,2.426993,Kepler-1308,,,TIC 120693011,Gaia DR3 2100018422524180864,,3468,0.34,0.35,-1.50254,6.071713,4.92,3.72,-0.13,[Fe/H],,,,
Kepler-1309,2.464249,Kepler-1309,,,TIC 171098231,Gaia DR3 2073622068939722368,,5235,0.8,0.85,-0.60322,7.95737,4.56,4.27,-0.03,[Fe/H],,,,
Kepler-131,2.466814,Kepler-131,,,TIC 121660708,Gaia DR3 2102110174677569664,,5685,1.03,1.02,0.02191,1.44,4.417,3.66,0.12,[Fe/H],-22.61668,,0.4,
Kepler-1310,2.462502,Kepler-1310,,,TIC 120043638,Gaia DR3 2103628462794226304,,5549,0.88,0.91,-0.19177,1.38,4.51,4.17,-0.07,[Fe/H],,,,
Kepler-1311,2.519423,Kepler-1311,,,TIC 159106207,Gaia DR3 2102877015319104640,,5616,1.674,1.032,0.47186,0.36069,4.004,7.59,0.04,[Fe/H],,,,
Kepler-1311,2.519423,Kepler-1311,,,TIC 159106207,Gaia DR3 2102877015319104640,,5748,1.4,1.05,0.47186,0.23,4.16,7.59,0.09,[Fe/H],,,,
Kepler-1312,2.469309,Kepler-1312,,,TIC 137899873,Gaia DR3 2053550106200274688,,5719,0.92,0.99,-0.09874,1.34,4.51,2,-0.02,[Fe/H],-8.41308,,,
Kepler-1312,2.469309,Kepler-1312,,,TIC 137899873,Gaia DR3 2053550106200274688,,5721,0.905,0.983,-0.09874,1.96176,4.517,0.89,0.02,[Fe/H],-8.41308,,,
Kepler-1313,2.492002,Kepler-1313,,,TIC 63213622,Gaia DR3 2125713940547834496,,5453,0.85,0.92,-0.3248,1.71,4.54,2.69,0,[Fe/H],,,,
Kepler-1314,2.543274,Kepler-1314,,,TIC 270955259,Gaia DR3 2079920724360946560,,4188,0.59,0.6,-1.89109,18.53414,4.68,6.03,-0.22,[Fe/H],,,,
Kepler-1315,2.556958,Kepler-1315,,,TIC 271881331,Gaia DR3 2080388566557873280,,4861,0.75,0.8,-0.62783,2.07,4.6,3.47,0.07,[Fe/H],,,,
Kepler-1315,2.556958,Kepler-1315,,,TIC 271881331,Gaia DR3 2080388566557873280,,4818,0.856,0.809,-0.62783,3.77376,4.481,1.62,0.56,[Fe/H],,,,
Kepler-1316,2.454195,Kepler-1316,,,TIC 171502232,Gaia DR3 2073591420052466048,,5884,1.12,1.04,0.25347,0.25291,4.36,5.13,0.03,[Fe/H],,,,
Kepler-1317,2.490236,Kepler-1317,,,TIC 63005467,Gaia DR3 2101746579928077440,,5144,0.79,0.83,-0.41358,2.92839,4.57,4.79,-0.01,[Fe/H],,,,
Kepler-1318,2.470688,Kepler-1318,,,TIC 122442545,Gaia DR3 2101775579545559296,,4598,0.7,0.73,-0.72991,4.29671,4.62,4.57,-0.01,[Fe/H],,,,
Kepler-1319,2.34219,Kepler-1319,,,TIC 417676990,Gaia DR3 2129942765344872320,,3655,0.54,0.56,-1.45739,5.612772,4.73,5.37,0.44,[Fe/H],,,,
Kepler-132,2.475379,Kepler-132,,,TIC 237158274,,,6003,1.178,0.929,0.211,0.91,4.31,4.37,-0.2159,[M/H],,,,
Kepler-132,2.475379,Kepler-132,,,TIC 237158274,,,6023,1.1,1.03,0.157,0.91,4.37,4.37,-0.13,[Fe/H],,,,
Kepler-1320,2.454673,Kepler-1320,,,TIC 121603556,Gaia DR3 2101307290671768704,,4817,0.74,0.8,-0.72896,4.76821,4.6,3.16,0.1,[Fe/H],,,,
Kepler-1321,2.568490,Kepler-1321,,,TIC 271165895,Gaia DR3 2128141834020807680,,4094,0.53,0.54,-0.8624,2.47495,4.73,4.17,-0.45,[Fe/H],,,,
Kepler-1321,2.568490,Kepler-1321,,,TIC 271165895,Gaia DR3 2128141834020807680,,3640,0.503,0.513,-0.8624,2.47495,4.744,6.26,0.21,[Fe/H],,,,
Kepler-1322,2.547541,Kepler-1322,,,TIC 275490412,Gaia DR3 2126524001437900928,,5704,0.804,0.897,-0.10053,1.50481,4.575,0.4,-0.3,[Fe/H],,,,
Kepler-1322,2.547541,Kepler-1322,,,TIC 275490412,Gaia DR3 2126524001437900928,,5488,0.87,0.9,-0.10053,1.74298,4.52,4.47,-0.07,[Fe/H],,,,
Kepler-1323,2.556244,Kepler-1323,,,TIC 63452310,Gaia DR3 2128242611132484736,,6169,1.4,1.18,0.29462,0.59,4.21,3.55,0.02,[Fe/H],2.90048,,,
Kepler-1324,2.455077,Kepler-1324,,,TIC 137090755,Gaia DR3 2053454478745972480,,4776,0.73,0.78,-0.67302,13.69084,4.61,2.88,0.05,[Fe/H],,,,
Kepler-1325,2.487897,Kepler-1325,,,TIC 164828023,Gaia DR3 2104094209049086976,,5550,0.91,0.93,-0.13603,0.11483,4.5,4.79,0.01,[Fe/H],,,,
Kepler-1326,2.438178,Kepler-1326,,,TIC 184417262,Gaia DR3 2073280185224841728,,6725,1.74,1.45,0.52296,0.85604,4.12,1.7,0.02,[Fe/H],4.08038,,,
Kepler-1327,2.44887,Kepler-1327,,,TIC 299153388,Gaia DR3 2133108190601426176,,5885,1.03,1.02,0.0362,0.76,4.42,4.07,-0.03,[Fe/H],,,,
Kepler-1328,2.531427,Kepler-1328,,,TIC 164778883,Gaia DR3 2106703212701656576,,5780,0.99,1,0.2276,0.44,4.44,4.57,0,[Fe/H],,,,
Kepler-1329,2.20961,Kepler-1329,,,TIC 47977416,Gaia DR3 2119746375543622016,,4500,0.69,0.72,-0.77081,4.94086,4.62,5.62,0.02,[Fe/H],-14.26,,8.7,
Kepler-133,2.23307,Kepler-133,,,TIC 28089143,Gaia DR3 2086718317558873984,,5736,1.425,1.02,0.4105,0.29,4.186,6.03,0.282,[M/H],10.16374,,,
Kepler-1330,2.447385,Kepler-1330,,,TIC 122595516,Gaia DR3 2101087044750770688,,5608,0.94,0.97,0.42575,1.54105,4.48,4.9,0.08,[Fe/H],,,,
Kepler-1331,2.473046,Kepler-1331,,,TIC 169083837,Gaia DR3 2076790552200353536,,4508,0.69,0.72,-0.90934,7.08786,4.63,4.17,0.05,[Fe/H],,,,
Kepler-1332,2.521456,Kepler-1332,,,TIC 159578257,Gaia DR3 2126102411750601088,,5581,0.9,0.95,-0.13733,1.21,4.51,3.24,0,[Fe/H],,,,
Kepler-1333,2.471107,Kepler-1333,,,TIC 138219367,Gaia DR3 2077383395124052096,,5628,0.92,0.94,-0.18777,4.11331,4.49,4.57,-0.04,[Fe/H],,,,
Kepler-1334,2.51029,Kepler-1334,,,TIC 299217895,Gaia DR3 2133250405558238976,,5614,0.91,0.94,0.0276,2.26608,4.5,4.27,-0.03,[Fe/H],,,,
Kepler-1335,2.487881,Kepler-1335,,,TIC 164827658,Gaia DR3 2104140349880122368,,4903,0.74,0.77,-0.5555,3.76794,4.6,4.9,-0.07,[Fe/H],,,,
Kepler-1336,2.572075,Kepler-1336,,,TIC 272278272,Gaia DR3 2080529922521395712,,5512,1.3,0.94,0.42052,0.19,4.18,12.3,0.05,[Fe/H],2.45,,1.4,
Kepler-1337,2.569496,Kepler-1337,,,TIC 158324326,Gaia DR3 2130628757521503104,,4523,0.67,0.7,-0.74221,1.6892,4.64,4.27,-0.09,[Fe/H],,,,
Kepler-1338,2.480733,Kepler-1338,,,TIC 120105633,Gaia DR3 2103743018162573952,,5909,1.05,1.04,0.24719,0.54,4.41,3.8,0,[Fe/H],,,,
Kepler-1339,2.22364,Kepler-1339,,,TIC 48354224,Gaia DR3 2131677584235170048,,5586,0.93,0.94,0.18765,0.5,4.47,5.62,0.01,[Fe/H],-48.79343,,,
Kepler-134,2.36157,Kepler-134,,,TIC 48448369,Gaia DR3 2132215421518219392,,5983,1.176,0.956,0.06051,1.05,4.31,3.55,-0.2067,[M/H],-27.15634,,,
Kepler-1340,2.496104,Kepler-1340,,,TIC 272183546,Gaia DR3 2077219052496826368,,6331,1.42,1.27,0.08683,1.09,4.24,2.4,0.07,[Fe/H],,,,
Kepler-1341,2.524911,Kepler-1341,,,TIC 123126460,Gaia DR3 2117344732912435968,,4662,0.72,0.79,-0.63776,2.02,4.62,1.82,0.19,[Fe/H],,,,
Kepler-1342,2.512945,Kepler-1342,,,TIC 272942844,Gaia DR3 2078752149661192832,,5527,0.9,0.93,-0.26092,2.72102,4.51,4.37,0.03,[Fe/H],,,,
Kepler-1343,2.47840,Kepler-1343,,,TIC 27081773,Gaia DR3 2135251791600414336,,5759,0.93,0.95,0.19529,3.86246,4.48,3.98,-0.16,[Fe/H],,,,
Kepler-1344,2.1659,Kepler-1344,,,TIC 158394286,Gaia DR3 2130637038217686784,,5981,1.13,1.09,0.14599,0.67,4.37,3.63,0.06,[Fe/H],,,,
Kepler-1345,2.556184,Kepler-1345,,,TIC 63288941,Gaia DR3 2126749714860677632,,6449,1.55,1.32,0.69266,0.23,4.18,2.24,0.04,[Fe/H],,,,
Kepler-1346,2.543070,Kepler-1346,,,TIC 63066410,Gaia DR3 2126604991642285312,,6133,1.21,1.14,-0.00806,4.71885,4.33,3.09,0.04,[Fe/H],,,,
Kepler-1347,2.466291,Kepler-1347,,,TIC 172422725,Gaia DR3 2075063150726110208,,5193,0.79,0.82,-0.388,3.08057,4.57,5.62,-0.11,[Fe/H],,,,
Kepler-1348,2.38724,Kepler-1348,,,TIC 26582909,Gaia DR3 2129877825440176512,,5911,1.04,1.04,0.20429,0.98819,4.42,3.72,-0.01,[Fe/H],,,,
Kepler-1349,2.27451,Kepler-1349,,,TIC 405719110,Gaia DR3 2131184938606509952,,6086,1.28,1.16,0.34263,0.46,4.29,2.88,0.03,[Fe/H],-29.13937,,,
Kepler-135,2.430016,Kepler-135,,,TIC 122450088,Gaia DR3 2052857860550101376,,6090,1.275,1.047,0.44809,0.38,4.271,2.62,-0.105,[M/H],,,,
Kepler-1350,2.567688,Kepler-1350,,,TIC 158664221,Gaia DR3 2130405728459739520,,3827,0.53,0.55,-1.2834,4.982298,4.74,4.57,-0.06,[Fe/H],,,,
Kepler-1351,2.490551,Kepler-1351,,,TIC 270609625,Gaia DR3 2077728538692850816,,4439,0.67,0.7,-0.98254,4.81851,4.64,4.17,-0.03,[Fe/H],,,,
Kepler-1352,2.27720,Kepler-1352,,,TIC 290034960,Gaia DR3 2129527974583414400,,6118,1.16,1.11,0.263,0.48,4.35,3.16,0,[Fe/H],,,,
Kepler-1353,2.497715,Kepler-1353,,,TIC 271960006,Gaia DR3 2077144491865963776,,4776,0.72,0.76,-0.6146,3.04244,4.61,4.68,-0.06,[Fe/H],,,,
Kepler-1354,2.311338,Kepler-1354,,,TIC 137096633,Gaia DR3 2052568585913107072,,6168,1.24,1.16,0.30208,0.22525,4.31,2.95,0.03,[Fe/H],,,,
Kepler-1355,2.30664,Kepler-1355,,,TIC 48354835,Gaia DR3 2131860859079970176,,5352,0.83,0.88,-0.32922,3.16032,4.55,4.27,-0.04,[Fe/H],,,,
Kepler-1356,2.508906,Kepler-1356,,,TIC 159576968,Gaia DR3 2126012900332317056,,5106,0.78,0.82,-0.4863,6.80724,4.58,4.9,-0.02,[Fe/H],,,,
Kepler-1357,2.44230,Kepler-1357,,,TIC 26472830,Gaia DR3 2130115281293911552,,5597,0.9,0.93,-0.14555,2.16164,4.5,4.57,-0.06,[Fe/H],,,,
Kepler-1358,2.504958,Kepler-1358,,,TIC 158169713,Gaia DR3 2105558930336570496,,5181,0.79,0.82,-0.41347,3.96348,4.57,5.13,-0.08,[Fe/H],,,,
Kepler-1359,2.484740,Kepler-1359,,,TIC 159102744,Gaia DR3 2102247132595492608,,4709,0.72,0.78,-0.7173,2.32,4.62,2.34,0.11,[Fe/H],,,,
Kepler-136,2.497810,Kepler-136,,,TIC 272375343,Gaia DR3 2077203178296653056,,6165,1.355,1.204,0.46678,0.50562,4.244,2.75,0.0002,[M/H],,,,
Kepler-1360,2.551092,Kepler-1360,,,TIC 239287622,Gaia DR3 2085210887120749824,,6778,1.83,1.51,0.92337,0.25729,4.09,1.55,0.06,[Fe/H],,,,
Kepler-1361,2.572822,Kepler-1361,,,TIC 164525875,Gaia DR3 2107563271311787136,,5131,0.79,0.83,-0.43672,1.82,4.57,4.9,0,[Fe/H],-33.4,,3.4,
Kepler-1362,2.464978,Kepler-1362,,,TIC 121660595,Gaia DR3 2102096774379579520,,4857,0.74,0.8,-0.60131,4.98007,4.6,3.09,0.06,[Fe/H],,,,
Kepler-1363,2.33666,Kepler-1363,,,TIC 27990682,Gaia DR3 2086833663201784704,,4839,0.72,0.76,-0.62622,3.10018,4.61,4.17,-0.09,[Fe/H],,,,
Kepler-1364,2.36787,Kepler-1364,,,TIC 27396284,,,6805,1.79,1.49,0.792,0.12368,4.1,1.58,0.04,[Fe/H],,,,
Kepler-1365,2.488557,Kepler-1365,,,TIC 63122176,Gaia DR3 2125716891183392640,,5770,1.05,1,0.42479,0.26,4.39,6.03,0.03,[Fe/H],,,,
Kepler-1366,2.479150,Kepler-1366,,,TIC 120421638,Gaia DR3 2104065209430717568,,4070,0.6,0.62,-0.99602,2.873889,4.68,3.98,-0.02,[Fe/H],,,,
Kepler-1367,2.15774,Kepler-1367,,,TIC 158731868,Gaia DR3 2130932428889277824,,4106,0.6,0.62,-0.90488,3.35551,4.68,3.89,-0.06,[Fe/H],,,,
Kepler-1368,2.481928,Kepler-1368,,,TIC 378159769,Gaia DR3 2077479121354236160,,5906,1.08,1.07,0.05077,0.7641,4.4,3.47,0.1,[Fe/H],,,,
Kepler-1369,2.466612,Kepler-1369,,,TIC 120686458,Gaia DR3 2103787101707694464,,5761,0.99,0.99,-0.01005,1.09037,4.45,4.07,0,[Fe/H],,,,
Kepler-137,2.504719,Kepler-137,,,TIC 123415819,Gaia DR3 2104847370214740352,,5187,0.802,0.85,-0.29234,1.38,4.553,4.27,0.05,[Fe/H],-28.1,,5.4,
Kepler-1370,2.482614,Kepler-1370,,,TIC 120253552,Gaia DR3 2104106647274122880,,6202,1.29,1.19,0.45795,0.42,4.29,2.88,0.05,[Fe/H],,,,
Kepler-1371,2.11495,Kepler-1371,,,TIC 158840095,Gaia DR3 2130911435088877056,,5361,0.83,0.87,-0.19829,1.02,4.55,4.37,-0.07,[Fe/H],,,,
Kepler-1372,2.538360,Kepler-1372,,,TIC 158843824,Gaia DR3 2127136605512921600,,5677,0.97,0.98,0.0124,1.37652,4.46,5.01,0.05,[Fe/H],,,,
Kepler-1373,2.437029,Kepler-1373,,,TIC 120627712,Gaia DR3 2100265950078767232,,6299,1.33,1.22,0.77358,0.18,4.27,2.51,0.03,[Fe/H],,,,
Kepler-1374,2.542995,Kepler-1374,,,TIC 159722311,Gaia DR3 2126643543268551936,,5323,0.81,0.85,-0.36814,4.86052,4.56,4.47,-0.13,[Fe/H],,,,
Kepler-1375,2.512827,Kepler-1375,,,TIC 272269239,Gaia DR3 2078785787845558656,,6704,1.78,1.47,0.82249,0.29134,4.11,1.66,0.09,[Fe/H],,,,
Kepler-1376,2.496731,Kepler-1376,,,TIC 158386680,Gaia DR3 2105478425469064064,,5659,0.97,0.98,-0.07062,1.68058,4.46,4.68,0.07,[Fe/H],,,,
Kepler-1377,2.567787,Kepler-1377,,,TIC 158986227,Gaia DR3 2127755733639236992,,5218,0.82,0.86,-0.29327,4.41831,4.55,5.01,0.05,[Fe/H],,,,
Kepler-1378,2.455877,Kepler-1378,,,TIC 169459324,Gaia DR3 2073733325763480320,,4407,0.67,0.7,-0.90346,3.19495,4.63,6.46,0.03,[Fe/H],,,,
Kepler-1379,2.478211,Kepler-1379,,,TIC 138296836,Gaia DR3 2077413734773457536,,5188,0.79,0.83,-0.40329,2.5447,4.57,5.01,-0.04,[Fe/H],,,,
Kepler-138,2.508830,Kepler-138,,,TIC 159376971,Gaia DR3 2102053446751282944,M1 V,3841,0.535,0.535,-1.25181,4.9,4.71,2.21,-0.18,[Fe/H],-36.32988,,,
Kepler-1380,2.495123,Kepler-1380,,,TIC 158633475,Gaia DR3 2102530188118854656,,5570,0.94,0.96,0.47259,0.48821,4.48,4.79,0.1,[Fe/H],,,,
Kepler-1381,2.27543,Kepler-1381,,,TIC 399953616,Gaia DR3 2131228815991876736,,5747,0.94,0.96,-0.11708,4.58247,4.48,4.07,-0.1,[Fe/H],,,,
Kepler-1382,2.435172,Kepler-1382,,,TIC 184014439,Gaia DR3 2076173859319258368,,6161,1.72,1.36,0.57225,0.28,4.1,2.75,0.3,[Fe/H],,,,
Kepler-1383,2.490961,Kepler-1383,,,TIC 273507060,Gaia DR3 2078431642023279488,,6370,1.44,1.26,0.56772,0.28,4.23,2.24,0.03,[Fe/H],,,,
Kepler-1384,2.442164,Kepler-1384,,,TIC 184418214,Gaia DR3 2073299327911286144,,4919,0.74,0.78,-0.539,2.40021,4.6,4.57,-0.06,[Fe/H],,,,
Kepler-1385,2.563283,Kepler-1385,,,TIC 123495717,Gaia DR3 2107492421531881856,,5732,1.29,1.15,0.45032,0.28,4.27,4.37,0.41,[Fe/H],-11.09547,,,
Kepler-1386,2.497922,Kepler-1386,,,TIC 123201193,Gaia DR3 2116750034560253184,,5733,1.03,1.02,0.00882,0.83219,4.41,5.01,0.11,[Fe/H],-45.53,,6.6,
Kepler-1387,2.508948,Kepler-1387,,,TIC 63284044,Gaia DR3 2125871960984455552,,5046,0.77,0.82,-0.56045,4.67079,4.58,4.37,0.02,[Fe/H],,,,
Kepler-1388,2.4719,Kepler-1388,,,TIC 164524311,Gaia DR3 2107617246162706048,,4098,0.61,0.63,-1.1068,3.82796,4.67,4.47,0.02,[Fe/H],,,,
Kepler-1389,2.536452,Kepler-1389,,,TIC 279913347,Gaia DR3 2106303505865370752,,5078,0.74,0.81,-0.53422,2.07,4.61,2.09,-0.14,[Fe/H],,,,
Kepler-139,2.518974,Kepler-139,,,TIC 123450224,Gaia DR3 2105362903731391744,,5622,1.045,1.078,0.01598,0.96,4.34518,5.1,0.35,[Fe/H],,,,
Kepler-139,2.518974,Kepler-139,,,TIC 123450224,Gaia DR3 2105362903731391744,,5630,1.045,1.078,0.01598,0.96,4.34518,2.82,0.35,[Fe/H],,,,
Kepler-139,2.518974,Kepler-139,,,TIC 123450224,Gaia DR3 2105362903731391744,,5594,1.3,1.078,0.01598,0.96,4.247,5.1,0.35,[Fe/H],,,,
Kepler-1390,2.22143,Kepler-1390,,,TIC 264508835,Gaia DR3 2086485186737501696,,5753,0.98,0.98,-0.10022,1.58258,4.45,4.47,-0.01,[Fe/H],,,,
Kepler-1391,2.568621,Kepler-1391,,,TIC 271253957,Gaia DR3 2128514431022374144,,5840,1.1,1.03,0.43939,0.33,4.36,5.5,0.04,[Fe/H],,,,
Kepler-1392,2.561585,Kepler-1392,,,TIC 158837572,Gaia DR3 2127382793038824832,,5479,0.85,0.88,-0.231,1.59423,4.53,4.68,-0.11,[Fe/H],,,,
Kepler-1393,2.450582,Kepler-1393,,,TIC 120255638,Gaia DR3 2103399695656782208,,5697,0.92,0.95,0.15136,2.00328,4.5,3.47,-0.09,[Fe/H],,,,
Kepler-1394,2.540881,Kepler-1394,,,TIC 164527695,Gaia DR3 2106981831520836736,,6481,2.55,1.64,0.81107,0.18,3.84,1.91,0.06,[Fe/H],16.01867,,,
Kepler-1395,2.13126,Kepler-1395,,,TIC 63204326,Gaia DR3 2128478044059903872,,6138,1.23,1.17,0.27693,0.68,4.33,2.88,0.12,[Fe/H],-11.96779,,,
Kepler-1396,2.540407,Kepler-1396,,,TIC 270954695,Gaia DR3 2079897050500386944,,6195,1.27,1.18,0.20377,1.17086,4.3,2.75,0.04,[Fe/H],,,,
Kepler-1397,2.4536,Kepler-1397,,,TIC 269030207,Gaia DR3 2085625368643700736,,6026,1.12,1.09,0.59141,0.22,4.37,3.55,0,[Fe/H],,,,
Kepler-1398,2.26928,Kepler-1398,,,TIC 27239111,Gaia DR3 2128776801985730048,,6126,1.18,1.13,0.31211,0.5,4.34,3.09,0.01,[Fe/H],,,,
Kepler-1399,2.556329,Kepler-1399,,,TIC 275575346,Gaia DR3 2128074351495006720,,5735,0.96,0.97,0.00959,1.59008,4.47,4.37,-0.03,[Fe/H],,,,
Kepler-14,2.8303,Kepler-14,,,TIC 158561566,,,6395,2.048,1.512,0.799,0.29161,3.994,2.2,0.12,[Fe/H],6.53,,7.9,
Kepler-140,2.569533,Kepler-140,,,TIC 158487888,Gaia DR3 2130443730330509312,,6077,1.288,1.044,0.25061,0.65,4.272,0.88,-0.039,[M/H],-33.41101,,,
Kepler-1400,2.547046,Kepler-1400,,,TIC 158212755,Gaia DR3 2106444552591200768,,5044,0.78,0.83,-0.57763,2.64871,4.58,4.57,0.04,[Fe/H],,,,
Kepler-1401,2.462738,Kepler-1401,,,TIC 121272493,Gaia DR3 2100643632324807296,,5964,1.1,1.07,0.14,1.79107,4.39,3.55,0.04,[Fe/H],,,,
Kepler-1402,2.30114,Kepler-1402,,,TIC 26540675,Gaia DR3 2129725749238044928,,5416,0.87,0.9,0.44774,0.38709,4.53,4.57,0.03,[Fe/H],,,,
Kepler-1403,2.432824,Kepler-1403,,,TIC 122605691,Gaia DR3 2052956541719356416,,6060,1.15,1.11,0.37208,1.42752,4.36,3.31,0.03,[Fe/H],,,,
Kepler-1404,2.45433,Kepler-1404,,,TIC 27766705,Gaia DR3 2135354424139022592,,5261,0.8,0.84,-0.37049,3.95109,4.56,4.57,-0.09,[Fe/H],,,,
Kepler-1405,2.438070,Kepler-1405,,,TIC 184166357,Gaia DR3 2076198190312168576,,5925,1.07,1.05,0.02238,1.34675,4.4,3.63,0.03,[Fe/H],,,,
Kepler-1406,2.433071,Kepler-1406,,,TIC 137483383,Gaia DR3 2052724029370990208,,5892,1.12,1.05,0.135,3.52381,4.36,5.01,0.04,[Fe/H],,,,
Kepler-1407,2.477246,Kepler-1407,,,TIC 120042828,Gaia DR3 2103730579937168128,,6010,1.15,1.1,0.27131,0.32782,4.36,3.24,0.05,[Fe/H],,,,
Kepler-1408,2.546731,Kepler-1408,,,TIC 123496782,Gaia DR3 2106958363820214016,,6170,1.35,1.21,0.57889,0.22,4.25,2.57,0,[Fe/H],-29.04353,,,
Kepler-1409,2.50666,Kepler-1409,,,TIC 267745858,Gaia DR3 2133215461704521088,,5160,0.79,0.83,-0.4219,1.84,4.57,4.79,-0.03,[Fe/H],,,,
Kepler-141,2.15137,Kepler-141,,,TIC 273681580,Gaia DR3 2086455740440489472,,4910,0.787,0.878,-0.44625,1.8,4.566,12.39,0.2643,[M/H],-20.10807,,,
Kepler-1410,2.430018,Kepler-1410,,,TIC 122450207,,,4092,0.6,0.63,-1.158,3.25,4.67,4.07,0.01,[Fe/H],,14.09,,
Kepler-1411,2.503288,Kepler-1411,,,TIC 158218591,Gaia DR3 2105552127108243456,,5664,0.92,0.95,0.04081,3.34613,4.49,4.17,-0.04,[Fe/H],,,,
Kepler-1412,2.33228,Kepler-1412,,,TIC 424815791,Gaia DR3 2129754847637288192,,5880,1.27,1.06,0.38332,0.3,4.25,6.31,0.04,[Fe/H],,,,
Kepler-1413,2.564488,Kepler-1413,,,TIC 270957896,Gaia DR3 2128145338713986688,,5196,0.8,0.84,-0.39085,2.23278,4.57,4.68,-0.05,[Fe/H],,,,
Kepler-1414,2.494847,Kepler-1414,,,TIC 164828419,Gaia DR3 2104245357537867008,,4951,0.75,0.8,-0.46384,11.12801,4.59,4.68,-0.02,[Fe/H],,,,
Kepler-1415,2.15599,Kepler-1415,,,TIC 164834500,Gaia DR3 2131541867567734528,,5267,0.84,0.89,-0.29708,1.5,4.54,4.17,0.12,[Fe/H],,,,
Kepler-1416,2.520382,Kepler-1416,,,TIC 268160061,Gaia DR3 2078999608496984448,,6019,1.15,1.09,0.28393,0.4439,4.35,2.95,0.03,[Fe/H],,,,
Kepler-1417,2.461071,Kepler-1417,,,TIC 122707371,Gaia DR3 2101513139864999424,,5839,1.02,1.02,0.39458,0.25,4.43,4.07,0.02,[Fe/H],,,,
Kepler-1418,2.480646,Kepler-1418,,,TIC 258202336,,,4770,0.72,0.77,-0.616,3.48546,4.61,3.63,0,[Fe/H],,,,
Kepler-1419,2.421032,Kepler-1419,,,TIC 137548281,Gaia DR3 2051897265347291520,,5796,1.01,1.01,0.04229,1.38123,4.43,4.37,0.04,[Fe/H],,,,
Kepler-142,2.24491,Kepler-142,,,TIC 27394293,Gaia DR3 2128724678262662144,,5790,1.269,0.978,0.10706,0.74,4.262,7.59,0.05,[Fe/H],,,,
Kepler-1420,2.501108,Kepler-1420,,,TIC 272184502,Gaia DR3 2077232246636173056,,5187,0.79,0.82,-0.23199,2.60281,4.57,4.9,-0.1,[Fe/H],,,,
Kepler-1421,2.25121,Kepler-1421,,,TIC 399826842,Gaia DR3 2131173187575866496,,6335,1.42,1.25,0.59941,0.27,4.23,2.75,0.05,[Fe/H],,,,
Kepler-1422,2.23127,Kepler-1422,,,TIC 27009720,Gaia DR3 2128941660008727168,,6194,1.23,1.15,0.44726,0.43843,4.32,3.02,0,[Fe/H],,,,
Kepler-1423,2.470442,Kepler-1423,,,TIC 121599740,Gaia DR3 2102161989163432832,,4939,0.75,0.79,-0.52,6.49067,4.59,4.68,-0.02,[Fe/H],,,,
Kepler-1424,2.453043,Kepler-1424,,,TIC 122706631,Gaia DR3 2101117418758956416,,5838,1.07,1.02,0.27098,0.43,4.39,5.25,0.01,[Fe/H],,,,
Kepler-1425,2.505808,Kepler-1425,,,TIC 271347291,Gaia DR3 2077967957353259136,,5718,0.95,0.97,0.39762,0.21,4.47,4.07,-0.03,[Fe/H],,,,
Kepler-1426,2.35539,Kepler-1426,,,TIC 26656435,Gaia DR3 2129811201907123840,,5831,1.02,1.02,0.0355,1.21534,4.43,4.07,0.03,[Fe/H],,,,
Kepler-1427,2.543405,Kepler-1427,,,TIC 271665352,Gaia DR3 2079963811474106496,,5793,1.01,1.01,0.0156,2.4494,4.44,4.07,0.06,[Fe/H],,,,
Kepler-1428,2.37029,Kepler-1428,,,TIC 28234022,Gaia DR3 2087167708577798784,,6184,1.36,1.28,0.94388,0.11,4.28,2.04,0.35,[Fe/H],,,,
Kepler-1429,2.30796,Kepler-1429,,,TIC 279917996,Gaia DR3 2132001463427986688,,5902,1.07,1.05,0.13795,1.63772,4.4,4.17,0.04,[Fe/H],,,,
Kepler-143,2.36072,Kepler-143,,,TIC 28364164,Gaia DR3 2087172999977491328,,5848,1.359,0.982,0.29363,0.45,4.202,9.33,-0.01,[Fe/H],,,,
Kepler-1430,2.510415,Kepler-1430,,,TIC 159105397,Gaia DR3 2102816404740404224,,4796,0.72,0.77,-0.81553,2.636,4.62,2.09,-0.03,[Fe/H],,,,
Kepler-1431,2.39752,Kepler-1431,,,TIC 26657021,Gaia DR3 2129847554510913536,,5806,1.03,1.03,0.24349,0.71412,4.42,4.27,0.07,[Fe/H],,,,
Kepler-1432,2.39965,Kepler-1432,,,TIC 27532128,Gaia DR3 2134934273258874240,,6031,1.13,1.09,0.4492,1.32201,4.37,3.47,0.02,[Fe/H],,,,
Kepler-1433,2.35248,Kepler-1433,,,TIC 399951196,,,6097,1.19,1.14,0.247,1.65579,4.34,3.02,0.07,[Fe/H],,,,
Kepler-1434,2.50753,Kepler-1434,,,TIC 27534458,Gaia DR3 2135594392551675520,,6291,2.04,1.47,0.86244,0.13,3.98,2.57,0.19,[Fe/H],-21.77555,,,
Kepler-1435,2.540108,Kepler-1435,,,TIC 159647919,Gaia DR3 2126632994828732032,,6356,1.32,1.21,0.4683,0.42,4.28,2.63,-0.03,[Fe/H],,,,
Kepler-1436,2.570758,Kepler-1436,,,TIC 273378908,Gaia DR3 2086298132320300288,,5972,1.09,1.06,0.80118,0.21434,4.39,3.8,-0.01,[Fe/H],,,,
Kepler-1437,2.34341,Kepler-1437,,,TIC 26541175,Gaia DR3 2129771615189858816,,5557,0.9,0.93,0.31615,0.44297,4.51,4.57,-0.02,[Fe/H],,,,
Kepler-1438,2.460849,Kepler-1438,,,TIC 121946404,Gaia DR3 2101422911191267968,,5530,0.96,0.97,0.12254,3.7238,4.46,5.37,0.2,[Fe/H],,,,
Kepler-1439,2.466607,Kepler-1439,,,TIC 120578712,Gaia DR3 2103799368134289024,,3578,0.43,0.46,-1.54394,6.985464,4.83,4.07,-0.03,[Fe/H],,,,
Kepler-144,2.499684,Kepler-144,,,TIC 123409401,Gaia DR3 2104839471773324032,,6075,1.235,1.154,0.28203,0.66,4.289,0.94,-0.1848,[M/H],-1.364,,,
Kepler-1440,2.22431,Kepler-1440,,,TIC 279917282,Gaia DR3 2131530769372738560,,5698,0.96,0.98,0.37679,0.3,4.46,4.47,0.04,[Fe/H],,,,
Kepler-1441,2.507486,Kepler-1441,,,TIC 270704515,Gaia DR3 2078201809729303040,,5802,1,1,0.32471,0.89182,4.45,3.89,0.01,[Fe/H],,,,
Kepler-1442,2.28904,Kepler-1442,,,TIC 350811132,Gaia DR3 2129357580341124608,,6394,1.44,1.34,0.65109,0.3,4.25,1.7,0.26,[Fe/H],12.21757,,,
Kepler-1443,2.3081,Kepler-1443,,,TIC 164525743,Gaia DR3 2107568970730102272,,6289,1.27,1.19,0.56075,0.3,4.3,2.63,0,[Fe/H],3.02,,14.7,
Kepler-1444,2.487936,Kepler-1444,,,TIC 164886812,Gaia DR3 2104172854190854528,,5810,1.05,1.03,0.02131,1.1,4.4,4.79,0.06,[Fe/H],-29.61892,,,
Kepler-1445,2.520606,Kepler-1445,,,TIC 351766604,Gaia DR3 2117151420726319872,,6150,1.26,1.13,0.33963,0.44,4.28,3.8,-0.03,[Fe/H],11.79,,3.4,
Kepler-1446,2.569705,Kepler-1446,,,TIC 159050852,Gaia DR3 2127777307254217472,,4865,0.75,0.81,-0.65135,2.13,4.6,2.63,0.11,[Fe/H],-31.7715,,,
Kepler-1447,2.47617,Kepler-1447,,,TIC 416281317,Gaia DR3 2133132276778226176,,5722,0.95,0.97,-0.04217,3.10523,4.47,4.17,-0.03,[Fe/H],,,,
Kepler-1448,2.45702,Kepler-1448,,,TIC 298834402,Gaia DR3 2132984426823383168,,5774,0.93,0.95,-0.06927,3.52728,4.49,3.55,-0.16,[Fe/H],,,,
Kepler-1449,2.45734,Kepler-1449,,,TIC 298962633,Gaia DR3 2132939037609090816,,5979,1.1,1.08,0.50864,0.50978,4.39,3.47,0.04,[Fe/H],,,,
Kepler-145,2.533566,Kepler-145,,,TIC 159721091,Gaia DR3 2126237131982289280,,6022,1.85,1.32,0.69164,0.2,4.02,3.24,-0.0014,[M/H],-26.08947,,,
Kepler-1450,2.541898,Kepler-1450,,,TIC 271162715,Gaia DR3 2079905193758608384,,4524,0.68,0.71,-0.7677,6.53451,4.63,4.37,-0.02,[Fe/H],,,,
Kepler-1451,2.457201,Kepler-1451,,,TIC 138217479,Gaia DR3 2053286429569716992,,5782,0.99,1,-0.11938,2.56109,4.45,4.17,0.01,[Fe/H],,,,
Kepler-1452,2.424020,Kepler-1452,,,TIC 137635103,Gaia DR3 2051937638040407808,,6101,2.06,1.41,0.72107,0.15,3.95,3.24,0.14,[Fe/H],,,,
Kepler-1453,2.17037,Kepler-1453,,,TIC 158175366,Gaia DR3 2130762107666059136,,5665,0.94,0.97,-0.13974,6.42254,4.48,4.27,0.01,[Fe/H],,,,
Kepler-1454,2.28483,Kepler-1454,,,TIC 267570002,Gaia DR3 2131804479047342336,,5448,0.86,0.9,-0.25509,1.96539,4.53,4.57,-0.02,[Fe/H],,,,
Kepler-1455,2.46096,Kepler-1455,,,TIC 27014562,Gaia DR3 2135220283720198528,,4075,0.6,0.62,-1.14066,4.077739,4.68,4.17,-0.02,[Fe/H],,18.32,,
Kepler-1456,2.519244,Kepler-1456,,,TIC 158385035,Gaia DR3 2106018801073572224,,4231,0.62,0.64,-0.957,3.309,4.67,3.72,-0.09,[Fe/H],,,,
Kepler-1457,2.487754,Kepler-1457,,,TIC 164646534,Gaia DR3 2104875755656860032,,5866,1.01,1.01,0.21547,0.51,4.43,3.72,-0.05,[Fe/H],,,,
Kepler-1458,2.468269,Kepler-1458,,,TIC 258349285,Gaia DR3 2104354690224334592,,5653,0.94,0.96,-0.24032,1.64,4.48,4.17,0.02,[Fe/H],,,,
Kepler-1459,2.555541,Kepler-1459,,,TIC 123448077,Gaia DR3 2107084399639196544,,4828,0.74,0.78,-0.52327,2.81287,4.61,3.89,0.01,[Fe/H],,,,
Kepler-146,2.430569,Kepler-146,,,TIC 138569990,Gaia DR3 2052185062520374272,,5948,1.208,1.079,0.14794,1.04,4.312,0.91,-0.0261,[M/H],,,,
Kepler-1460,2.523065,Kepler-1460,,,TIC 352011765,Gaia DR3 2105886790959182976,,4422,0.67,0.7,-0.84407,14.95658,4.64,3.98,-0.02,[Fe/H],,,,
Kepler-1461,2.506689,Kepler-1461,,,TIC 279915288,Gaia DR3 2105752581821148544,,4919,0.74,0.79,-0.64483,2.65917,4.6,3.24,-0.04,[Fe/H],,,,
Kepler-1462,2.494370,Kepler-1462,,,TIC 272376022,Gaia DR3 2077176618218057216,,5756,1,1,-0.31369,1.49623,4.45,4.07,0.06,[Fe/H],,,,
Kepler-1463,2.488995,Kepler-1463,,,TIC 271051532,Gaia DR3 2077536673917322368,,5679,0.95,0.96,0.09195,1.58864,4.47,4.79,0,[Fe/H],,,,
Kepler-1464,2.429801,Kepler-1464,,,TIC 121123737,Gaia DR3 2099619059285601280,,5828,1.01,1.02,0.42978,0.26,4.44,3.89,0.03,[Fe/H],,,,
Kepler-1465,2.52439,Kepler-1465,,,TIC 416279965,Gaia DR3 2139286655674983936,,4726,0.71,0.75,-0.65202,30.77661,4.62,3.72,-0.06,[Fe/H],,,,
Kepler-1466,2.534959,Kepler-1466,,,TIC 159178000,Gaia DR3 2126944603296783232,,5884,1.02,1.01,-0.02273,0.94,4.43,3.89,-0.07,[Fe/H],,,,
Kepler-1467,2.546256,Kepler-1467,,,TIC 271427581,Gaia DR3 2079981712895637248,,5332,0.82,0.86,-0.35052,2.94942,4.55,4.37,-0.07,[Fe/H],,,,
Kepler-1468,2.472785,Kepler-1468,,,TIC 138219758,Gaia DR3 2077389820395188736,,5893,1.05,1.04,0.53118,0.39233,4.42,3.55,0.03,[Fe/H],,,,
Kepler-1468,2.472785,Kepler-1468,,,TIC 138219758,Gaia DR3 2077389820395188736,,5794,1.496,1.072,0.53118,0.35276,4.118,3.55,0.14,[Fe/H],,,,
Kepler-1469,2.439129,Kepler-1469,,,TIC 138423341,Gaia DR3 2052456263933727744,,5507,0.89,0.92,-0.2739,3.22658,4.51,4.47,0.02,[Fe/H],,,,
Kepler-147,2.434263,Kepler-147,,,TIC 121458206,Gaia DR3 2099686125195464576,,6012,1.468,1.145,0.42733,0.34,4.182,5.5,0.1,[Fe/H],,,,
Kepler-1470,2.445498,Kepler-1470,,,TIC 121733900,Gaia DR3 2101234688543862016,,4961,0.76,0.8,-0.48551,1.9121,4.59,4.57,-0.01,[Fe/H],,,,
Kepler-1471,2.41519,Kepler-1471,,,TIC 416282121,Gaia DR3 2133035966431029376,,5533,1.166,0.934,-0.19895,2.53149,4.275,4.57,0.16,[Fe/H],,,,
Kepler-1471,2.41519,Kepler-1471,,,TIC 416282121,Gaia DR3 2133035966431029376,,5660,0.93,0.95,-0.19895,2.53149,4.48,4.57,-0.03,[Fe/H],,,,
Kepler-1472,2.31446,Kepler-1472,,,TIC 27239856,Gaia DR3 2134804977563800064,,6159,1.25,1.16,0.42003,0.30862,4.31,3.09,0.03,[Fe/H],,,,
Kepler-1473,2.29986,Kepler-1473,,,TIC 290034635,Gaia DR3 2129558760909448064,,6046,1.09,1.09,0.19358,0.66,4.4,2.63,-0.01,[Fe/H],,,,
Kepler-1474,2.553465,Kepler-1474,,,TIC 271255614,Gaia DR3 2080057269961317120,,5870,1.04,1.04,0.0291,3.49918,4.42,3.8,0.04,[Fe/H],,,,
Kepler-1475,2.537378,Kepler-1475,,,TIC 271970692,Gaia DR3 2079750265699679872,,6214,1.28,1.18,0.25381,0.8825,4.29,2.82,0.03,[Fe/H],,,,
Kepler-1476,2.520877,Kepler-1476,,,TIC 164727404,Gaia DR3 2106597487787652352,,5663,0.96,0.98,-0.2429,5.34191,4.47,4.57,0.06,[Fe/H],,,,
Kepler-1477,2.497964,Kepler-1477,,,TIC 123314844,Gaia DR3 2116740104595955328,,5100,0.78,0.81,-0.19624,4.18999,4.58,4.68,-0.06,[Fe/H],20.87,,3.3,
Kepler-1478,2.483457,Kepler-1478,,,TIC 138097834,Gaia DR3 2077601407662547072,,5904,1.06,1.04,0.30415,0.73262,4.41,3.98,0.03,[Fe/H],,,,
Kepler-1479,2.38362,Kepler-1479,,,TIC 377781254,Gaia DR3 2132114850564827008,,5796,0.98,0.99,0.14528,0.58,4.45,4.27,-0.02,[Fe/H],,,,
Kepler-148,2.571553,Kepler-148,,,TIC 159171904,Gaia DR3 2127828988601389440,,5172,0.81,0.86,-0.38342,2.53222,4.56,4.68,0.07,[Fe/H],,,,
Kepler-148,2.571553,Kepler-148,,,TIC 159171904,Gaia DR3 2127828988601389440,,5272,0.851,0.86,-0.38342,2.53222,4.546,11.2,0.14,[Fe/H],,,,
Kepler-1480,2.34352,Kepler-1480,,,TIC 26541144,Gaia DR3 2129758940745727488,,5156,0.81,0.85,-0.44868,3.56233,4.56,4.79,0.07,[Fe/H],,,,
Kepler-1481,2.38615,Kepler-1481,,,TIC 299219860,Gaia DR3 2132652065075227648,,4908,0.75,0.8,-0.58658,4.459,4.6,3.89,0.04,[Fe/H],,,,
Kepler-1482,2.27363,Kepler-1482,,,TIC 279917678,Gaia DR3 2131965454422070784,,5381,0.84,0.88,-0.08288,0.78,4.54,4.47,-0.04,[Fe/H],,,,
Kepler-1483,2.490753,Kepler-1483,,,TIC 271752712,Gaia DR3 2077858143627173504,,6337,1.4,1.25,0.39403,0.56111,4.24,2.4,0.04,[Fe/H],,,,
Kepler-1484,2.422957,Kepler-1484,,,TIC 137816475,Gaia DR3 2051926226306177792,,5730,0.92,0.94,0.79551,0.96096,4.49,3.98,-0.17,[Fe/H],,,,
Kepler-1485,2.537564,Kepler-1485,,,TIC 273690208,Gaia DR3 2079295514562689280,,6087,1.12,1.11,0.28006,0.58,4.39,2.51,0.02,[Fe/H],,,,
Kepler-1486,2.547301,Kepler-1486,,,TIC 159439931,Gaia DR3 2127412273694062848,,5965,1.12,1.08,0.31179,0.66846,4.38,3.55,0.06,[Fe/H],,,,
Kepler-1487,2.429511,Kepler-1487,,,TIC 184015844,Gaia DR3 2073153024144692736,,5745,3.955,1.801,0.55664,0.5732,3.499,1.95,0.4,[Fe/H],,,,
Kepler-1487,2.429511,Kepler-1487,,,TIC 184015844,Gaia DR3 2073153024144692736,,6541,1.63,1.38,0.55664,0.00727,4.16,1.95,0.04,[Fe/H],,,,
Kepler-1488,2.40358,Kepler-1488,,,TIC 399825584,Gaia DR3 2133584309198180736,,5820,1.31,1.05,0.58748,0.17,4.22,6.92,0.06,[Fe/H],,,,
Kepler-1488,2.40358,Kepler-1488,,,TIC 399825584,Gaia DR3 2133584309198180736,,5710,1.524,1.003,0.58748,0.11245,4.073,5.75,0,[Fe/H],,,,
Kepler-1489,2.531194,Kepler-1489,,,TIC 123312978,Gaia DR3 2117323498594316544,G,5565.53,0.957,0.977,0.19764,1.6,4.51,4.07,0.14,[Fe/H],,,,
Kepler-1489,2.531194,Kepler-1489,,,TIC 123312978,Gaia DR3 2117323498594316544,G,5655,0.9,0.93,0.19764,1.97446,4.51,4.07,-0.13,[Fe/H],,,,
Kepler-149,2.424465,Kepler-149,,,TIC 120638033,Gaia DR3 2100015089629466112,,5381,0.953,1.013,-0.11929,1.12,4.465,14,0.3805,[M/H],,,,
Kepler-1490,2.499345,Kepler-1490,,,TIC 271959909,Gaia DR3 2077895183426195712,,5515,0.87,0.9,-0.31879,0.23138,4.52,4.57,-0.08,[Fe/H],,,,
Kepler-1491,2.551962,Kepler-1491,,,TIC 270617233,Gaia DR3 2127985806448631808,,5728,0.99,1,0.35471,0.40099,4.45,4.57,0.06,[Fe/H],,,,
Kepler-1491,2.551962,Kepler-1491,,,TIC 270617233,Gaia DR3 2127985806448631808,,5626,1.389,0.991,0.35471,0.3979,4.149,4.57,0.14,[Fe/H],,,,
Kepler-1492,2.468712,Kepler-1492,,,TIC 121660826,Gaia DR3 2102111102390564864,,4712,0.72,0.77,-0.75433,1.71211,4.62,2.82,0.06,[Fe/H],,,,
Kepler-1493,2.427231,Kepler-1493,,,TIC 121656582,,,5863,1.29,1.06,0.249,1.35936,4.24,6.46,0.06,[Fe/H],,,,
Kepler-1494,2.506484,Kepler-1494,,,TIC 123499226,Gaia DR3 2105168775506130048,,5659,0.94,0.96,0.07901,0.08704,4.48,4.37,0.01,[Fe/H],,,,
Kepler-1495,2.429686,Kepler-1495,,,TIC 120764338,Gaia DR3 2100050922538767744,,5831,1.04,1.03,0.0523,0.73979,4.42,4.17,0.06,[Fe/H],,,,
Kepler-1496,2.546121,Kepler-1496,,,TIC 270787590,Gaia DR3 2127964572129949056,,6182,1.27,1.18,0.3041,1.22806,4.29,2.95,0.05,[Fe/H],,,,
Kepler-1497,2.550854,Kepler-1497,,,TIC 272275278,Gaia DR3 2080188249284118528,,5675,0.95,0.96,-0.0734,1.01784,4.47,4.27,0.01,[Fe/H],,,,
Kepler-1498,2.539545,Kepler-1498,,,TIC 164785771,Gaia DR3 2106747876063966976,,5256,0.81,0.86,-0.16563,0.78624,4.56,4.17,-0.01,[Fe/H],,,,
Kepler-1499,2.480725,Kepler-1499,,,TIC 120105569,Gaia DR3 2103741437614605312,,5097,0.78,0.82,-0.46443,1.78,4.58,4.68,-0.01,[Fe/H],,,,
Kepler-15,2.32589,Kepler-15,,,TIC 27774415,Gaia DR3 2134850847813263360,,5515,0.992,1.018,-0.087,1.47,4.46,3.7,0.36,[Fe/H],-20,,2,
Kepler-150,2.458696,Kepler-150,,,TIC 121598758,Gaia DR3 2102063136195478656,,5560,0.939,0.956,-0.16141,1.39,4.466,1.74,0.12,[Fe/H],,,,
Kepler-150,2.458696,Kepler-150,,,TIC 121598758,Gaia DR3 2102063136195478656,,5528,0.905339,0.97,-0.16141,1.842911,4.51122,1.74,0.12,[Fe/H],,,,
Kepler-1500,2.444133,Kepler-1500,,,TIC 121786521,Gaia DR3 2101229019187047040,,5845,1,1,0.27456,0.05326,4.44,4.07,-0.05,[Fe/H],,,,
Kepler-1501,2.488265,Kepler-1501,,,TIC 159216808,Gaia DR3 2101875497665518080,,6229,1.3,1.2,0.20231,0.72,4.28,2.75,0.04,[Fe/H],,,,
Kepler-1502,2.439532,Kepler-1502,,,TIC 184298883,Gaia DR3 2073199409793428736,,6666,1.72,1.44,0.74202,0.39395,4.13,1.7,0.05,[Fe/H],,,,
Kepler-1503,2.502426,Kepler-1503,,,TIC 270705307,Gaia DR3 2077774821262122752,,5069,0.74,0.77,-0.14398,2.07895,4.59,5.13,-0.19,[Fe/H],,,,
Kepler-1504,2.42432,Kepler-1504,,,TIC 416281986,Gaia DR3 2133044040969963776,,5393,0.81,0.85,0.46829,0.28092,4.55,4.47,-0.17,[Fe/H],,,,
Kepler-1505,2.483283,Kepler-1505,,,TIC 137408775,Gaia DR3 2101689061725421312,,5686,0.86,0.93,0.14944,0.52,4.54,1.7,-0.18,[Fe/H],,,,
Kepler-1506,2.477722,Kepler-1506,,,TIC 122298422,Gaia DR3 2101797535418431104,,5676,0.93,0.95,0.42561,0.38064,4.49,3.98,-0.05,[Fe/H],,,,
Kepler-1507,2.565658,Kepler-1507,,,TIC 158786851,Gaia DR3 2130389785541178752,,5410,0.85,0.89,-0.32427,1.66,4.53,4.57,-0.03,[Fe/H],-24.50986,,,
Kepler-1508,2.456010,Kepler-1508,,,TIC 170346081,Gaia DR3 2073768853731839104,,6158,1.22,1.14,0.53713,0.23816,4.32,2.69,0.01,[Fe/H],,,,
Kepler-1509,2.572844,Kepler-1509,,,TIC 164558338,Gaia DR3 2107557464516077184,,5780,0.99,1,0.39912,0.75163,4.45,3.98,0.03,[Fe/H],,,,
Kepler-151,2.469137,Kepler-151,,,TIC 137410997,Gaia DR3 2053585732948605952,,5460,0.83,0.87,-0.33413,7.40274,4.555,4.6,0.1245,[M/H],,,,
Kepler-1510,2.22187,Kepler-1510,,,TIC 416529246,Gaia DR3 2086856271911588224,,6200,1.28,1.19,0.37703,0.68214,4.29,2.75,0.04,[Fe/H],,,,
Kepler-1511,2.507003,Kepler-1511,,,TIC 158725179,Gaia DR3 2102928726723805568,,6064,1.29,1.17,0.83813,0.35178,4.28,3.31,0.14,[Fe/H],,,,
Kepler-1512,2.531718,Kepler-1512,,,TIC 158989438,Gaia DR3 2127115783511206016,,4372,0.67,0.73,-1.695,1.32,4.64,1.78,0.2,[Fe/H],-19.67069,10,,
Kepler-1513,2.437373,Kepler-1513,,,TIC 394177315,Gaia DR3 2100959501399885696,G V,5491,0.95,0.943,-0.12901,1.33,4.46,7,0.17,[M/H],,,,
Kepler-1514,2.420252,Kepler-1514,,,TIC 137685450,Gaia DR3 2051866238502437632,,6145,1.289,1.196,0.32838,0.787,4.295,2.9,0.119,[Fe/H],-26.60452,,,
Kepler-1515,2.20190,Kepler-1515,,,TIC 417660218,Gaia DR3 2129311576952316544,,6511,1.41,1.3,0.56587,0.50965,4.26,1.82,0.07,[Fe/H],,,,
Kepler-1516,2.533582,Kepler-1516,,,TIC 159763612,Gaia DR3 2126237857838346368,,5904,1.07,1.04,0.44571,0.22616,4.4,4.07,0.03,[Fe/H],,,,
Kepler-1517,2.506929,Kepler-1517,,,TIC 158555987,Gaia DR3 2102974833192340224,,7010,1.95,1.58,0.87873,0.319822,4.06,1.38,0.01,[Fe/H],,,,
Kepler-1518,2.540754,Kepler-1518,,,TIC 239289191,Gaia DR3 2082161219824397568,,6846,1.88,1.54,0.69092,0.543011,4.08,1.48,0.06,[Fe/H],,,,
Kepler-1518,2.540754,Kepler-1518,,,TIC 239289191,Gaia DR3 2082161219824397568,,6432,1.345,1.06,0.69092,0.02949,4.207,1.48,-0.34,[Fe/H],,,,
Kepler-1519,2.35908,Kepler-1519,,,TIC 351191596,Gaia DR3 2086851495906130176,,5644,0.91,0.94,0.32617,0.29222,4.5,3.98,-0.07,[Fe/H],,,,
Kepler-152,2.486211,Kepler-152,,,TIC 158387462,Gaia DR3 2105435544515167232,,5088,0.724,0.779,-0.46488,1.86,4.605,2,-0.12,[Fe/H],,,,
Kepler-1520,2.51773,Kepler-1520,,,TIC 417679385,Gaia DR3 2136216647412563840,,4677,0.71,0.76,-0.67309,0.47074,4.61,4.47,0.04,[Fe/H],,,,
Kepler-1521,2.420263,Kepler-1521,,,TIC 137817355,Gaia DR3 2051865551307698688,,5042,0.76,0.81,-0.5691,2.15,4.59,4.47,-0.05,[Fe/H],-21.95188,,,
Kepler-1522,2.52542,Kepler-1522,,,TIC 267673944,Gaia DR3 2139306790481711232,,5706,0.93,0.96,0.09172,2.27158,4.49,3.89,-0.07,[Fe/H],,,,
Kepler-1523,2.553656,Kepler-1523,,,TIC 272083995,Gaia DR3 2080193506325008256,,5708,0.96,0.97,-0.09894,1.27,4.46,4.37,0,[Fe/H],,,,
Kepler-1524,2.441804,Kepler-1524,,,TIC 138477646,Gaia DR3 2052480728067657600,,6179,1.25,1.17,-0.00637,1.96319,4.31,2.88,0.04,[Fe/H],,,,
Kepler-1525,2.40614,Kepler-1525,,,TIC 290033595,Gaia DR3 2130033097097486336,,5748,1.04,1.07,-0.0112,0.99,4.44,2.82,0.27,[Fe/H],-18.79111,,,
Kepler-1526,2.430980,Kepler-1526,,,TIC 120425617,Gaia DR3 2100148542853587840,,4601,0.69,0.73,-0.70671,6.31698,4.62,4.68,-0.01,[Fe/H],,,,
Kepler-1527,2.557083,Kepler-1527,,,TIC 273132601,Gaia DR3 2080247996570836736,,6224,1.32,1.21,0.48222,0.31933,4.27,2.82,0.07,[Fe/H],,,,
Kepler-1528,2.565570,Kepler-1528,,,TIC 158487658,Gaia DR3 2130434384481265408,,5857,1.03,1.03,-0.06429,1.7282,4.43,3.89,0.03,[Fe/H],,,,
Kepler-1529,2.468881,Kepler-1529,,,TIC 122137575,Gaia DR3 2101410850923823488,,5048,0.77,0.81,-0.52049,10.95654,4.58,4.79,-0.03,[Fe/H],,,,
Kepler-153,2.21016,Kepler-153,,,TIC 48188777,Gaia DR3 2119711156811669120,,5404,0.892,0.756,-0.4463,1.94,4.446,13.8,-0.27,[Fe/H],,,,
Kepler-1530,2.19998,Kepler-1530,,,TIC 298892283,Gaia DR3 2130991596358782464,,5477,0.88,0.92,-0.31086,1.69,4.52,4.27,0.03,[Fe/H],,,,
Kepler-1530,2.19998,Kepler-1530,,,TIC 298892283,Gaia DR3 2130991596358782464,,5678,1.303,1.015,-0.31086,0.29352,4.215,1.17,0.2,[Fe/H],,,,
Kepler-1531,2.438342,Kepler-1531,,,TIC 120424814,Gaia DR3 2100303539632796032,,6260,1.27,1.16,0.30365,0.53,4.29,2.82,-0.03,[Fe/H],,,,
Kepler-1532,2.471371,Kepler-1532,,,TIC 168812474,Gaia DR3 2076783920770722560,,5559,0.88,0.91,-0.14116,2.32608,4.51,4.27,-0.1,[Fe/H],,,,
Kepler-1533,2.537385,Kepler-1533,,,TIC 271970605,Gaia DR3 2079749956462030720,,6431,1.51,1.31,0.66241,0.24,4.2,2.19,0.03,[Fe/H],,,,
Kepler-1534,2.519787,Kepler-1534,,,TIC 63285279,Gaia DR3 2125960402948600704,,5442,0.86,0.9,-0.233,6.81343,4.52,4.57,-0.01,[Fe/H],,,,
Kepler-1535,2.431094,Kepler-1535,,,TIC 120961712,Gaia DR3 2100009488992720896,,6021,1.11,1.08,0.16473,0.98758,4.38,3.47,0,[Fe/H],,,,
Kepler-1536,2.551790,Kepler-1536,,,TIC 62999585,Gaia DR3 2126773904116001536,,4434,0.67,0.71,-0.8224,0.2868,4.64,2.95,0.05,[Fe/H],,,,
Kepler-1537,2.519848,Kepler-1537,,,TIC 271046907,Gaia DR3 2078291832243170048,,5079,0.77,0.81,-0.42348,9.67479,4.58,5.01,-0.08,[Fe/H],,,,
Kepler-1538,2.543764,Kepler-1538,,,TIC 164522561,Gaia DR3 2106988158011587072,,5837,1.03,1.03,-0.08496,1.25633,4.42,4.37,0.02,[Fe/H],,,,
Kepler-1539,2.527408,Kepler-1539,,,TIC 164671591,Gaia DR3 2106618687745888768,,5176,0.8,0.84,-0.42607,3.0216,4.57,4.79,-0.01,[Fe/H],,,,
Kepler-154,2.39603,Kepler-154,,,TIC 416282268,Gaia DR3 2133022669212268800,,5769,0.98,0.98,0.03322,0.82,4.45,4.47,-0.04,[Fe/H],,,,
Kepler-154,2.39603,Kepler-154,,,TIC 416282268,Gaia DR3 2133022669212268800,,5690,1.001,0.933,0.03322,0.82,4.415,8.91,0.02,[Fe/H],,,,
Kepler-1540,2.471800,Kepler-1540,,,TIC 237158408,Gaia DR3 2104452752917443584,,4540,0.69,0.74,-0.81759,107.44923,4.63,2.51,0.1,[Fe/H],,,,
Kepler-1541,2.18372,Kepler-1541,,,TIC 48353902,Gaia DR3 2131643641112197888,,5282,0.81,0.86,-0.33627,1.45,4.56,4.47,-0.04,[Fe/H],,,,
Kepler-1542,2.498174,Kepler-1542,,,TIC 279915941,Gaia DR3 2105526799680172032,,5564,0.99,0.94,0.07026,0.58,4.41,8.51,0.06,[Fe/H],-8.14147,,,
Kepler-1543,2.4170,Kepler-1543,,,TIC 272843289,Gaia DR3 2080362899836411136,,6561,1.65,1.39,0.48688,0.75391,4.14,1.91,0.07,[Fe/H],-7.87,,35,
Kepler-1544,2.33695,Kepler-1544,,,TIC 28090925,Gaia DR3 2086784185178032384,,4886,0.74,0.81,-0.606,2.11,4.61,2.34,0.02,[Fe/H],,,,
Kepler-1545,2.10868,Kepler-1545,,,TIC 268382450,Gaia DR3 2085676083618453376,,5201,0.8,0.84,-0.27681,4.68026,4.57,4.47,-0.06,[Fe/H],,,,
Kepler-1546,2.480388,Kepler-1546,,,TIC 169466684,Gaia DR3 2076880231116348672,,5623,0.93,0.95,-0.12963,1.92028,4.48,3.72,0.01,[Fe/H],,,,
Kepler-1547,2.491269,Kepler-1547,,,TIC 164646094,Gaia DR3 2104890633423618048,,6078,1.18,1.12,0.22242,0.6,4.34,3.39,0.04,[Fe/H],,,,
Kepler-1548,2.555825,Kepler-1548,,,TIC 158487028,Gaia DR3 2130318420364920192,,5706,0.97,0.99,-0.30667,4.0876,4.46,4.37,0.05,[Fe/H],,,,
Kepler-1549,2.434085,Kepler-1549,,,TIC 120692095,Gaia DR3 2100070958564495488,,5324,0.84,0.88,-0.27333,1.90642,4.54,4.79,0.02,[Fe/H],,,,
Kepler-155,2.49521,Kepler-155,,,TIC 298969755,Gaia DR3 2133351698066484096,M0 V,4508,0.62,0.635,-1.21,1.00752,4.684,2.9,-0.142,[M/H],,26.43,,
Kepler-1550,2.423470,Kepler-1550,,,TIC 121395435,Gaia DR3 2099534293810509312,,5991,1.11,1.07,0.11945,1.46229,4.38,3.55,0.01,[Fe/H],,,,
Kepler-1551,2.448109,Kepler-1551,,,TIC 184164411,Gaia DR3 2076325527501566208,,6136,1.22,1.14,0.24402,1.10553,4.32,2.88,0.01,[Fe/H],,,,
Kepler-1552,2.431504,Kepler-1552,,,TIC 137319097,Gaia DR3 2052767528800649984,,5202,0.78,0.85,-0.20141,1.01,4.58,3.31,-0.07,[Fe/H],,,,
Kepler-1553,2.434608,Kepler-1553,,,TIC 351062058,Gaia DR3 2052775191022506112,,5288,0.81,0.85,-0.33811,2.03642,4.56,4.57,-0.09,[Fe/H],,,,
Kepler-1554,2.482757,Kepler-1554,,,TIC 120900025,Gaia DR3 2103927495598786304,,5297,0.81,0.84,-0.39312,1.85,4.56,4.68,-0.1,[Fe/H],,,,
Kepler-1555,2.551509,Kepler-1555,,,TIC 158492133,Gaia DR3 2130236678547566976,,5866,1.06,1.04,0.38933,0.72654,4.4,4.37,0.03,[Fe/H],,,,
Kepler-1556,2.452663,Kepler-1556,,,TIC 121603852,Gaia DR3 2101303889057595136,,5608,0.95,0.97,-0.23063,8.39086,4.47,4.9,0.08,[Fe/H],,,,
Kepler-1557,2.571760,Kepler-1557,,,TIC 270790313,Gaia DR3 2128204815421600512,,6099,1.17,1.11,0.11938,2.12805,4.34,3.31,0.02,[Fe/H],,,,
Kepler-1558,2.1631,Kepler-1558,,,TIC 158322085,Gaia DR3 2130633430445267584,,5101,0.79,0.83,-0.48006,1.93,4.57,4.9,0,[Fe/H],,,,
Kepler-1559,2.488585,Kepler-1559,,,TIC 63213956,Gaia DR3 2125705488052032640,,5316,0.82,0.86,-0.27638,1.33,4.55,4.27,-0.04,[Fe/H],,,,
Kepler-156,2.311197,Kepler-156,,,TIC 122374620,Gaia DR3 2051105410816218368,,5094,0.807,0.864,-0.43985,1.68,4.552,3.39,0.2535,[M/H],,,,
Kepler-1560,2.509008,Kepler-1560,,,TIC 63373449,Gaia DR3 2125880825797124352,,5815,1.02,1.02,-0.03447,1.16,4.43,4.17,0.04,[Fe/H],,,,
Kepler-1561,2.514656,Kepler-1561,,,TIC 272716728,Gaia DR3 2078801009210349440,,5957,1.11,1.07,-0.02044,2.00283,4.38,3.39,0.04,[Fe/H],,,,
Kepler-1562,2.570252,Kepler-1562,,,TIC 271040678,Gaia DR3 2128155818434335616,,5760,1.05,1.02,0.49073,0.38317,4.41,4.79,0.11,[Fe/H],,,,
Kepler-1563,2.51338,Kepler-1563,,,TIC 299028607,Gaia DR3 2133364308090816768,,5765,0.99,1,-0.0102,0.28641,4.45,4.07,0.02,[Fe/H],,,,
Kepler-1564,2.567938,Kepler-1564,,,TIC 159395366,Gaia DR3 2127625956907154048,,5528,0.9,0.93,-0.13536,1.57821,4.5,4.57,0.03,[Fe/H],,,,
Kepler-1565,2.465998,Kepler-1565,,,TIC 170241112,Gaia DR3 2073793249146651136,,4940,0.73,0.76,-0.56447,2.54419,4.6,5.62,-0.16,[Fe/H],,,,
Kepler-1566,2.458412,Kepler-1566,,,TIC 237191392,Gaia DR3 2103579397088495616,,5254,0.81,0.84,-0.43675,1.91,4.56,5.01,-0.07,[Fe/H],,,,
Kepler-1567,2.452551,Kepler-1567,,,TIC 121013472,Gaia DR3 2100698745343821312,,5655,0.93,0.95,-0.12183,1.90062,4.49,4.17,-0.03,[Fe/H],,,,
Kepler-1568,2.15852,Kepler-1568,,,TIC 158984590,Gaia DR3 2127941413665428992,,5956,1.19,1.09,0.25777,0.59,4.32,4.57,0.09,[Fe/H],,,,
Kepler-1569,2.53446,Kepler-1569,,,TIC 137488218,Gaia DR3 2051721480924900224,,6319,1.4,1.25,0.33545,0.62,4.24,2.45,0.06,[Fe/H],,,,
Kepler-157,2.431416,Kepler-157,,,TIC 122716806,Gaia DR3 2052941389074846336,,5774,1.044,0.95,0.09117,0.8,4.389,7.59,-0.0593,[M/H],,,,
Kepler-157,2.431416,Kepler-157,,,TIC 122716806,Gaia DR3 2052941389074846336,,5866,1.03,1.02,0.09117,0.8,4.42,4.07,-0.01,[Fe/H],,,,
Kepler-1570,2.553803,Kepler-1570,,,TIC 269270853,Gaia DR3 2085225627448615424,,5550,0.89,0.92,0.41425,0.17,4.5,4.17,-0.04,[Fe/H],,,,
Kepler-1571,2.549776,Kepler-1571,,,TIC 185062313,Gaia DR3 2082286632869692928,,6297,1.39,1.23,0.194,0.53,4.24,2.34,0.04,[Fe/H],,,,
Kepler-1572,2.569242,Kepler-1572,,,TIC 123413463,Gaia DR3 2119147897620835840,,5618,0.95,0.97,0.37265,0.3,4.47,4.79,0.08,[Fe/H],,,,
Kepler-1573,2.35587,Kepler-1573,,,TIC 26752863,Gaia DR3 2129820582115829504,,5808,1,1.01,0.16867,0.97758,4.44,4.07,0.02,[Fe/H],,,,
Kepler-1574,2.37598,Kepler-1574,,,TIC 26583108,Gaia DR3 2129858412187969024,,5892,1.08,1.06,0.15604,0.96902,4.4,3.8,0.08,[Fe/H],,,,
Kepler-1575,2.551976,Kepler-1575,,,TIC 270699185,Gaia DR3 2128008479575522432,,5667,0.92,0.95,-0.03716,2.61888,4.49,4.17,-0.07,[Fe/H],,,,
Kepler-1576,2.454762,Kepler-1576,,,TIC 121865123,Gaia DR3 2101318556367845888,,5876,1.06,1.05,-0.06329,1.27,4.4,4.07,0.05,[Fe/H],,,,
Kepler-1577,2.11762,Kepler-1577,,,TIC 240177285,Gaia DR3 2128481789271221632,,4862,0.74,0.78,-0.60727,2.23018,4.6,4.27,0,[Fe/H],,,,
Kepler-1578,2.14307,Kepler-1578,,,TIC 158662813,Gaia DR3 2130976787311412352,,5545,0.86,0.9,-0.16523,2.0073,4.53,4.27,-0.13,[Fe/H],,,,
Kepler-1579,2.514216,Kepler-1579,,,TIC 275571034,Gaia DR3 2078225792827512704,,4584,0.7,0.75,-0.94024,2.42054,4.63,2.24,0.11,[Fe/H],,,,
Kepler-158,2.443775,Kepler-158,,,TIC 120103325,Gaia DR3 2103295173333142784,K,4623,0.624,0.655,-0.75667,2.57,4.66,13.9,-0.3,[Fe/H],,,,
Kepler-158,2.443775,Kepler-158,,,TIC 120103325,Gaia DR3 2103295173333142784,K,4895.97,0.668,0.656,-0.75667,3.1,4.62,13.9,-0.3,[Fe/H],,,,
Kepler-1580,2.475618,Kepler-1580,,,TIC 120688631,Gaia DR3 2103904302775007872,,6228,2.15,1.47,0.92628,0.11,3.94,2.75,0.12,[Fe/H],-9.00904,,,
Kepler-1581,2.442550,Kepler-1581,,,TIC 121215710,Gaia DR3 2100418850915010432,,6022,1.23,1.12,0.39085,0.43,4.31,4.17,0.07,[Fe/H],-6.34237,,,
Kepler-1582,2.470571,Kepler-1582,,,TIC 122065885,Gaia DR3 2101449265111030912,,3208,0.3,0.28,-2.38864,26.127042,4.93,7.76,0.48,[Fe/H],,,,
Kepler-1583,2.3201,Kepler-1583,,,TIC 158270841,Gaia DR3 2130695518492411904,,5645,0.91,0.94,-0.01774,0.78,4.49,4.27,-0.07,[Fe/H],-76.08653,,,
Kepler-1584,2.508582,Kepler-1584,,,TIC 158556108,Gaia DR3 2102976383681783552,,6069,1.13,1.1,0.25226,1.9881,4.37,3.31,0,[Fe/H],,,,
Kepler-1585,2.533902,Kepler-1585,,,TIC 272272564,Gaia DR3 2079700100481104000,,5538,0.91,0.94,-0.43354,8.05131,4.5,4.37,0.08,[Fe/H],,,,
Kepler-1586,2.540641,Kepler-1586,,,TIC 273866337,Gaia DR3 2079298435140815360,,6681,1.75,1.45,0.18311,0.68,4.12,1.7,0.06,[Fe/H],,,,
Kepler-1587,2.37661,Kepler-1587,,,TIC 26656768,Gaia DR3 2129838139942109440,,5933,1.22,1.08,0.32586,0.4,4.3,5.01,0.07,[Fe/H],,,,
Kepler-1588,2.18583,Kepler-1588,,,TIC 298965827,Gaia DR3 2130980910480096384,,5817,0.99,0.96,0.3203,0.32,4.43,5.5,-0.14,[Fe/H],,,,
Kepler-1589,2.459343,Kepler-1589,,,TIC 377909767,Gaia DR3 2076565908231148928,,6166,1.25,1.18,0.32934,0.62556,4.32,2.75,0.08,[Fe/H],,,,
Kepler-159,2.465886,Kepler-159,,,TIC 169082553,Gaia DR3 2076764576237957504,M0 V,4625,0.663,0.628,-0.75443,2.39,4.653,2.51,-0.04,[Fe/H],,,,
Kepler-1590,2.18831,Kepler-1590,,,TIC 26416803,Gaia DR3 2129295049918456960,,6053,1.16,1.11,0.06336,0.81,4.35,3.39,0.03,[Fe/H],,,,
Kepler-1591,2.535675,Kepler-1591,,,TIC 272491028,Gaia DR3 2079691991583086592,,6082,1.16,1.1,0.43389,0.92539,4.35,3.24,0.01,[Fe/H],,,,
Kepler-1592,2.425436,Kepler-1592,,,TIC 138364751,Gaia DR3 2052085934674652544,,6213,1.28,1.18,0.50716,0.58289,4.29,2.69,0.04,[Fe/H],,,,
Kepler-1593,2.532676,Kepler-1593,,,TIC 239306899,Gaia DR3 2076087964270165632,,4995,0.77,0.81,-0.652,2.22,4.59,3.63,0.02,[Fe/H],,,,
Kepler-1594,2.17583,Kepler-1594,,,TIC 270695341,Gaia DR3 2128836308750694016,,5946,1.08,1.06,-0.00032,3.63808,4.39,3.89,0.03,[Fe/H],,,,
Kepler-1595,2.504909,Kepler-1595,,,TIC 279915521,Gaia DR3 2105726605858883456,,5203,0.8,0.84,-0.36327,2.74456,4.56,4.68,-0.02,[Fe/H],,,,
Kepler-1596,2.33914,Kepler-1596,,,TIC 350813882,Gaia DR3 2132009744125068416,,5706,0.92,0.95,0.43061,0.42377,4.49,3.89,-0.11,[Fe/H],,,,
Kepler-1597,2.495134,Kepler-1597,,,TIC 158722002,Gaia DR3 2102530703514980864,,6377,1.39,1.25,0.43429,0.43,4.24,2.4,0.02,[Fe/H],,,,
Kepler-1598,2.569616,Kepler-1598,,,TIC 158730471,Gaia DR3 2130770766319922560,,5940,1.09,1.07,-0.03931,1.27,4.39,3.8,0.04,[Fe/H],,,,
Kepler-1599,2.470419,Kepler-1599,,,TIC 120768052,Gaia DR3 2103885782875978880,,5767,0.99,0.99,0.24119,0.78973,4.45,4.27,0.02,[Fe/H],,,,
Kepler-16,2.52078,Kepler-16,,,TIC 299096355,Gaia DR3 2133476355197071616,,4450,0.6489,0.6897,-0.90301,3.563,4.6527,3.8,-0.3,[M/H],-33.8065,,,
Kepler-160,2.501804,Kepler-160,,,TIC 158555483,Gaia DR3 2102587087846067712,,5471,1.118,1.003,0.00432,1.2,4.47,6.03,0.2,[Fe/H],,,,
Kepler-1600,2.430178,Kepler-1600,,,TIC 137151626,Gaia DR3 2052754540819149568,,5214,0.82,0.86,-0.33945,1.54,4.55,4.68,0.07,[Fe/H],,,,
Kepler-1600,2.430178,Kepler-1600,,,TIC 137151626,Gaia DR3 2052754540819149568,,5119,0.834,0.818,-0.33945,1.80082,4.508,6.92,0.1,[Fe/H],,,,
Kepler-1601,2.421299,Kepler-1601,,,TIC 120571308,Gaia DR3 2099912182214036608,,5869,1.07,1.04,0.08501,0.84,4.4,4.27,0.05,[Fe/H],,,,
Kepler-1602,2.457213,Kepler-1602,,,TIC 138299395,Gaia DR3 2053284398043177216,,6296,1.36,1.22,0.20142,0.8,4.25,2.51,0.02,[Fe/H],,,,
Kepler-1603,2.497655,Kepler-1603,,,TIC 271537714,Gaia DR3 2077891644372852864,,6241,1.31,1.21,0.7055,0.30293,4.28,2.82,0.07,[Fe/H],,,,
Kepler-1604,2.531505,Kepler-1604,,,TIC 351911398,Gaia DR3 2105964306529014400,,4976,0.76,0.81,-0.52707,1.94,4.59,4.17,0.02,[Fe/H],,,,
Kepler-1605,2.9848,Kepler-1605,,,TIC 158394902,Gaia DR3 2130676478898097792,,5280,0.82,0.86,0.42869,0.11,4.55,4.68,-0.01,[Fe/H],-41.68889,,,
Kepler-1606,2.504986,Kepler-1606,,,TIC 158218731,Gaia DR3 2105554394851020160,,5422,0.86,0.9,-0.171,1.19,4.53,4.27,0.01,[Fe/H],,,,
Kepler-1607,2.499402,Kepler-1607,,,TIC 272179260,Gaia DR3 2077241558125147904,,6116,1.21,1.14,0.70881,0.15,4.33,3.16,0.05,[Fe/H],,,,
Kepler-1608,2.440765,Kepler-1608,,,TIC 184088195,Gaia DR3 2076214889145035136,,4992,0.72,0.75,-0.537,1.98837,4.61,5.13,-0.24,[Fe/H],,,,
Kepler-1609,2.442847,Kepler-1609,,,TIC 122302031,Gaia DR3 2100993929859129600,,6132,1.27,1.18,0.48383,0.22412,4.29,3.02,0.1,[Fe/H],,,,
Kepler-161,2.505417,Kepler-161,,,TIC 159444082,Gaia DR3 2102046952760377728,,5078,0.806,0.853,-0.44679,1.87,4.553,0.91,0.24,[Fe/H],,,,
Kepler-1610,2.547899,Kepler-1610,,,TIC 272073436,Gaia DR3 2079807646464016256,,5295,0.8,0.825,-0.48291,2.49277,4.548,4.68,-0.1,[Fe/H],,,,
Kepler-1610,2.547899,Kepler-1610,,,TIC 272073436,Gaia DR3 2079807646464016256,,5383,0.87,0.91,-0.48291,2.711,4.52,4.68,0.1,[Fe/H],,,,
Kepler-1611,2.39128,Kepler-1611,,,TIC 27846759,Gaia DR3 2134894690840101376,,5605,0.93,0.94,-0.113,0.30556,4.49,5.01,0.01,[Fe/H],,,,
Kepler-1612,2.550354,Kepler-1612,,,TIC 159646633,Gaia DR3 2127432099262972416,,5643,0.94,0.96,-0.18821,1.72996,4.48,4.57,0.03,[Fe/H],,,,
Kepler-1613,2.512183,Kepler-1613,,,TIC 159180076,Gaia DR3 2102814721113340928,,6005,1.12,1.08,0.63777,0.18,4.37,3.55,0.01,[Fe/H],,,,
Kepler-1614,2.38294,Kepler-1614,,,TIC 48451562,Gaia DR3 2132314858600815488,,5121,0.76,0.79,-0.27096,1.34731,4.58,5.5,-0.17,[Fe/H],,,,
Kepler-1615,2.491428,Kepler-1615,,,TIC 158217620,Gaia DR3 2105456160358298880,,5865,1.05,1.04,0.38923,0.01114,4.42,3.89,0.06,[Fe/H],,,,
Kepler-1616,2.545540,Kepler-1616,,,TIC 158274583,Gaia DR3 2106427750679026688,,6266,1.34,1.21,0.63778,0.21,4.26,2.75,0.02,[Fe/H],,,,
Kepler-1617,2.563594,Kepler-1617,,,TIC 158625761,Gaia DR3 2130376453962481024,,6167,1.22,1.15,0.34078,0.39,4.32,3.02,0.01,[Fe/H],,,,
Kepler-1618,2.555037,Kepler-1618,,,TIC 271546110,Gaia DR3 2080067440445173760,,6620,1.65,1.41,0.69003,0.28,4.15,1.78,0.04,[Fe/H],,,,
Kepler-1619,2.531525,Kepler-1619,,,TIC 279913760,Gaia DR3 2105921803532722432,,5852,1,1,0.32575,0.31,4.44,4.27,-0.07,[Fe/H],,,,
Kepler-162,2.518412,Kepler-162,,,TIC 273036401,Gaia DR3 2078852754973778560,,5816,0.958,1.053,0.1554,0.76,4.436,4.57,0.1,[Fe/H],,,,
Kepler-1620,2.2553,Kepler-1620,,,TIC 273045068,,,6157,1.23,1.15,0.293,4.11039,4.31,3.02,0.03,[Fe/H],,,,
Kepler-1621,2.520355,Kepler-1621,,,TIC 273238089,Gaia DR3 2078849112841866624,,6158,1.24,1.15,0.47822,0.81792,4.31,2.69,0.03,[Fe/H],,,,
Kepler-1622,2.16510,Kepler-1622,,,TIC 273047792,Gaia DR3 2086419903235549312,,6436,1.5,1.31,0.37304,0.55,4.2,2.19,0.04,[Fe/H],,,,
Kepler-1623,2.441835,Kepler-1623,,,TIC 138572691,Gaia DR3 2052435819888356864,,5772,1,1,-0.17154,3.20972,4.44,4.27,0.04,[Fe/H],,,,
Kepler-1624,2.53802,Kepler-1624,,,TIC 137683938,Gaia DR3 2051815759742763264,M V,3768,0.552,0.541,-1.32262,4.328421,4.685,4.47,0.269,[Fe/H],,,,
Kepler-1625,2.446338,Kepler-1625,,,TIC 184011870,Gaia DR3 2076280000851171328,,5677,0.94,0.96,0.43696,0.43238,4.48,4.37,0.01,[Fe/H],,,,
Kepler-1626,2.463829,Kepler-1626,,,TIC 184559893,Gaia DR3 2076748083562850560,,6826,1.85,1.51,0.61079,0.98942,4.08,1.55,0.04,[Fe/H],,,,
Kepler-1627,2.479045,Kepler-1627,,,TIC 120105470,Gaia DR3 2103737241426734336,,5445,0.84,0.87,-0.30321,3.00576,4.54,4.68,-0.1,[Fe/H],,,,
Kepler-1628,2.511631,Kepler-1628,,,TIC 123362984,,,3724,0.52,0.55,-1.33,4.31349,4.74,5.13,0.17,[Fe/H],-16.36,,4.3,
Kepler-1629,2.516933,Kepler-1629,,,TIC 351766445,Gaia DR3 2117125655219423744,,5776,1.01,1.01,-0.13437,2.098315,4.44,4.27,0.05,[Fe/H],-15.42,,5.9,
Kepler-163,2.2313,Kepler-163,,,TIC 271355638,Gaia DR3 2128525769736134016,,5776,0.917,0.882,-0.13799,2.11347,4.524,4.27,0.1412,[M/H],,,,
Kepler-1630,2.518457,Kepler-1630,,,TIC 273237673,Gaia DR3 2078840900864235136,,4736,0.63,0.66,-0.6464,7.73631,4.66,5.01,-0.46,[Fe/H],,,,
Kepler-1631,2.519885,Kepler-1631,,,TIC 271159855,Gaia DR3 2078284547978727808,,5679,0.95,0.97,0.00722,4.00557,4.47,4.17,0.04,[Fe/H],,,,
Kepler-1632,2.521772,Kepler-1632,,,TIC 271046694,Gaia DR3 2078297810838102272,,6137,1.19,1.12,0.40631,0.471192,4.33,3.09,0,[Fe/H],-56.5331,,,
Kepler-1633,2.539825,Kepler-1633,,,TIC 158789121,Gaia DR3 2127190000546917632,,6256,1.32,1.2,0.64606,0.15864,4.27,2.82,0.02,[Fe/H],,,,
Kepler-1634,2.543234,Kepler-1634,,,TIC 270857293,Gaia DR3 2127953233416258432,,5474,0.89,0.92,-0.26507,1.46428,4.51,4.47,0.02,[Fe/H],,,,
Kepler-1635,2.548433,Kepler-1635,,,TIC 164891054,Gaia DR3 2106414144223503360,,5347,0.85,0.89,-0.27981,1.46,4.53,4.9,0.06,[Fe/H],,,,
Kepler-1636,2.564316,Kepler-1636,,,TIC 270854684,Gaia DR3 2128125650583752832,,5797,1.02,1.01,0.23674,0.59,4.43,3.98,0.03,[Fe/H],,,,
Kepler-1637,2.19764,Kepler-1637,,,TIC 48131596,Gaia DR3 2119706690045629824,,5789,1.02,1.02,0.0229,0.30143,4.43,4.17,0.07,[Fe/H],,,,
Kepler-1638,2.25753,Kepler-1638,,,TIC 27529656,Gaia DR3 2134726877877965568,,5710,0.95,0.97,-0.114,0.40427,4.47,4.37,-0.01,[Fe/H],,,,
Kepler-1639,2.28460,Kepler-1639,,,TIC 48217852,Gaia DR3 2131748472674257280,,6150,1.18,1.12,0.14514,2.98927,4.34,3.16,-0.03,[Fe/H],,,,
Kepler-164,2.12786,Kepler-164,,,TIC 158561894,Gaia DR3 2130889204338693504,,5888,1.148,1.036,0.11291,1,4.331,0.62,0,[Fe/H],,,,
Kepler-164,2.12786,Kepler-164,,,TIC 158561894,Gaia DR3 2130889204338693504,,5888,1.097,0.966,0.11291,0.08569,4.342,0.62,-0.1,[Fe/H],,,,
Kepler-1640,2.465576,Kepler-1640,,,TIC 377915723,Gaia DR3 2076578312097047168,,6324,1.43,1.27,0.47,0.27467,4.23,2.4,0.1,[Fe/H],,,,
Kepler-1641,2.480198,Kepler-1641,,,TIC 184426431,Gaia DR3 2077041103410971392,,6152,1.19,1.12,0.13083,1.39791,4.34,3.02,-0.02,[Fe/H],,,,
Kepler-1642,2.516592,Kepler-1642,,,TIC 273036122,Gaia DR3 2078758433192866816,,5355,0.84,0.88,-0.40452,5.96613,4.54,4.47,-0.01,[Fe/H],,,,
Kepler-1643,2.537791,Kepler-1643,,,TIC 239307743,Gaia DR3 2082142734285082368,,4916,0.855,0.845,-0.47156,1.91,4.502,0.046,-0.01,[Fe/H],,5.106,,
Kepler-1644,2.18449,Kepler-1644,,,TIC 279917005,Gaia DR3 2131523450748131456,,5499,0.86,0.89,-0.215,1.00918,4.53,4.27,-0.1,[Fe/H],,,,
Kepler-1645,2.24608,Kepler-1645,,,TIC 28229515,Gaia DR3 2086724227433964928,,5812,1.02,1.02,0.33586,0.63558,4.43,4.17,0.04,[Fe/H],-82.15,,5,
Kepler-1646,2.503399,Kepler-1646,,,TIC 158552258,Gaia DR3 2102601381497162240,,3299,0.26,0.24,-1.77984,9.784589,5.01,4.68,0.04,[Fe/H],,,,
Kepler-1647,2.461920,Kepler-1647,,,TIC 170344769,Gaia DR3 2073793420945053824,,6210,1.7903,1.2207,0.64425,0.30649,4.018,4.4,-0.14,[Fe/H],18,11.23,8.4,
Kepler-1649,2.485094,Kepler-1649,,,TIC 137558813,Gaia DR3 2125699062780742016,,3240,0.2317,0.1977,-2.28735,22.919969,5.004,,-0.15,[M/H],,,,
Kepler-165,2.15360,Kepler-165,,,TIC 123129877,Gaia DR3 2119814820141727232,,5211,0.77,0.746,-0.4723,1.89,4.542,10.5,-0.25,[Fe/H],-23.59,,0.2,
Kepler-1650,2.502859,Kepler-1650,,,TIC 273502299,Gaia DR3 2078524482038704000,,3410,0.334,0.326,-1.871,8.73,4.85873,3.82,-0.11,[Fe/H],,,,
Kepler-1651,2.22350,Kepler-1651,,,TIC 48353358,Gaia DR3 2131725447350716032,,3713,0.503,0.522,-1.368,4.1,4.843,,-0.16,[Fe/H],4.06042,,1.1,
Kepler-1652,2.40784,Kepler-1652,,,TIC 27187450,,,3638,0.382,0.404,-1.638,7.05,4.878,3.2,-0.3,[Fe/H],,31.18,,
Kepler-1653,2.472947,Kepler-1653,,,TIC 184561612,,,4807,0.693,0.719,-0.636,2.16,4.618,7.7,-0.18,[Fe/H],,,,
Kepler-1654,2.531273,Kepler-1654,,,TIC 123417316,Gaia DR3 2105415302330571008,G5 V,5597,1.179,1.011,0.08991,0.876,4.3001,5,-0.088,[Fe/H],,,2,
Kepler-1655,2.437109,Kepler-1655,,,TIC 120973167,Gaia DR3 2100392428275714688,G0 V,6148,1.03,1.03,0.14315,0.79,4.416,2.56,-0.24,[Fe/H],,13.6,3.5,
Kepler-1656,2.446842,Kepler-1656,,,TIC 120255950,Gaia DR3 2103392720630278656,,5569,1.1,1.03,0.02083,1.05,4.40025,6.31,0.19,[Fe/H],-39.28611,,2.8,
Kepler-166,2.29080,Kepler-166,,,TIC 26814955,Gaia DR3 2129025841368107136,,5413,0.742,0.811,-0.38508,1.75,4.619,5.01,-0.08,[Fe/H],,,,
Kepler-166,2.29080,Kepler-166,,,TIC 26814955,Gaia DR3 2129025841368107136,,5350,0.83,0.88,-0.38508,1.75,4.55,4.47,-0.03,[Fe/H],,,,
Kepler-1660 A,2.452963,Kepler-1660,,,TIC 122446960,Gaia DR3 2101127864119148160,F7 V,6305.24,1.491,1.1366,0.66823,3.35644,4.32,,-0.36,[M/H],,,,
Kepler-1661,2.486104,Kepler-1661,,,TIC 164886585,Gaia DR3 2104078025612319360,K,5100,0.762,0.841,-0.51299,4.62644,4.66,2,-0.12,[M/H],,24.44,2.5,
Kepler-1663,2.28830,Kepler-1663,,,TIC 407001589,Gaia DR3 2129578826996503040,,3844,0.62859,0.610816,-1.10944,3.467158,4.62724,0,0.06,[Fe/H],,,,
Kepler-1664,2.32927,Kepler-1664,,,TIC 399860388,,,5735.81,1.072,0.944,0.0501,12.2231,4.353,8.2,0.3698,[M/H],,,,
Kepler-1665,2.468959,Kepler-1665,,,TIC 122442334,Gaia DR3 2101773689759891328,,5049.84,0.777785,0.842,-0.45048,2.522884,4.58166,13.9,-0.013,[M/H],,,,
Kepler-1666,2.560904,Kepler-1666,,,TIC 273685548,Gaia DR3 2079523903745213056,,6293,1.14586,1.23,0.26839,1.152605,4.40971,0.41,-0.2,[Fe/H],,,,
Kepler-1667,2.18364,Kepler-1667,,,TIC 48353636,Gaia DR3 2131690988831633792,,5941.54,1.08751,1.09,0.12316,1.194786,4.40263,4.7,-0.2603,[M/H],-2.5,,4.1,
Kepler-1668,2.557070,Kepler-1668,,,TIC 273132513,Gaia DR3 2080249100380387712,,5542,1.01738,0.98,-0.05567,1.312022,4.41433,,0.07,[Fe/H],,,,
Kepler-1669,2.446582,Kepler-1669,,,TIC 169457234,Gaia DR3 2073652546016392448,,4303,0.714145,0.67,-0.80265,2.593474,4.55657,13.9,-0.23,[Fe/H],,,,
Kepler-1669,2.446582,Kepler-1669,,,TIC 169457234,Gaia DR3 2073652546016392448,,4224,0.603,0.609,-0.80265,3.48779,4.662,13.9,-0.2,[Fe/H],,,,
Kepler-1669,2.446582,Kepler-1669,,,TIC 169457234,Gaia DR3 2073652546016392448,,4224,0.603,0.609,-0.80265,3.54074,4.662,13.9,-0.2,[Fe/H],,,,
Kepler-167,2.425287,Kepler-167,,,TIC 137686948,Gaia DR3 2051933102555095936,K4,4884,0.749,0.777,-0.5391,2.6,4.579,7.1,0.02,[Fe/H],-29.3,,2,
Kepler-1670,2.507146,Kepler-1670,,,TIC 159375845,Gaia DR3 2102045097334800256,,5838,1.51889,1.05,0.3828,0.42245,4.0962,0.3,-0.08,[Fe/H],,,,
Kepler-1671,2.440224,Kepler-1671,,,TIC 137337090,Gaia DR3 2052984785425250176,,5135.55,0.929771,0.866,-0.26621,1.518989,4.43883,2.24,0.2502,[M/H],,,,
Kepler-1672,2.454071,Kepler-1672,,,TIC 170236331,Gaia DR3 2073677040206349696,,6131.95,1.08841,1.16,0.17867,1.268374,4.42894,4.19,-0.25,[M/H],-2.50325,,,
Kepler-1673,2.27394,Kepler-1673,,,TIC 377782148,Gaia DR3 2131922985785232640,,6014.95,1.13166,1.11,0.17906,1.079786,4.37596,1.62,0.228,[M/H],,,,
Kepler-1674,2.546220,Kepler-1674,,,TIC 271256817,Gaia DR3 2079934640055270144,,5473.91,0.877273,0.96,-0.20584,2.004618,4.53407,0.5,0.0562,[M/H],,,,
Kepler-1675,2.468318,Kepler-1675,,,TIC 350987771,Gaia DR3 2103688489257523584,,5853.19,1.12865,1.06,0.12938,1.039432,4.35826,1.7,0.2537,[M/H],,,,
Kepler-1676,2.513673,Kepler-1676,,,TIC 158422963,,,5878.3,1.06066,1.07,0.0835,12.66372,4.471,0.3,0.135,[M/H],,,,
Kepler-1677,2.4401,Kepler-1677,,,TIC 274198958,Gaia DR3 2085575272147044608,,6013.72,1.24959,1.11,0.2648,0.802029,4.28986,2.29,0.108,[M/H],,,,
Kepler-1678,2.425275,Kepler-1678,,,TIC 137687119,Gaia DR3 2051934236426454784,,5754,0.834976,1.03,-0.16208,2.49449,4.60756,0.3,0,[Fe/H],,,,
Kepler-1679,2.45222,Kepler-1679,,,TIC 27006340,Gaia DR3 2135221108353855744,,5501,0.873196,0.96,-0.20132,2.032828,4.53812,0.4,-0.04,[Fe/H],,,,
Kepler-168,2.446234,Kepler-168,,,TIC 378087276,Gaia DR3 2076454926274192128,,6282,1.107,1.113,0.36071,0.96679,4.422,2.29,0.09,[Fe/H],,,,
Kepler-1680,2.448267,Kepler-1680,,,TIC 169079027,Gaia DR3 2073697419836171264,,5021,0.723259,0.834,-0.52356,3.107779,4.64065,13.8,-0.07,[Fe/H],,,,
Kepler-1681,2.562791,Kepler-1681,,,TIC 272602477,Gaia DR3 2080316995223800960,,5756.4,0.759,0.893,-0.2933,3.45002,4.538,3.3,0.1064,[M/H],,,,
Kepler-1682,2.441818,Kepler-1682,,,TIC 138477499,Gaia DR3 2052482617853346944,,5619.12,0.842301,0.99,-0.1957,2.335603,4.58277,5.7,-0.048,[M/H],,,,
Kepler-1683,2.528604,Kepler-1683,,,TIC 274126997,Gaia DR3 2079071626510258432,,5429,0.900327,0.95,-0.19763,1.835227,4.50699,13.6,0.16,[Fe/H],,,,
Kepler-1684,2.562136,Kepler-1684,,,TIC 270789362,Gaia DR3 2128117541685424128,,4706.54,0.666755,0.75,-0.70657,3.567213,4.6652,,0.1267,[M/H],,,,
Kepler-1685,2.522052,Kepler-1685,,,TIC 272270869,Gaia DR3 2079576783379820928,,5484,0.835451,0.96,-0.24507,2.320997,4.5765,,0.21,[Fe/H],,,,
Kepler-1686,2.488438,Kepler-1686,,,TIC 63005636,Gaia DR3 2101744552703459712,,5714.96,1.19951,1.02,0.14075,0.833219,4.28866,4.37,0.0775,[M/H],,,,
Kepler-1687,2.47626,Kepler-1687,,,TIC 416281238,Gaia DR3 2133086887563878912,,4132,0.726119,0.65,-0.85865,2.393617,4.52897,3.73,-0.14,[Fe/H],,,,
Kepler-1688,2.472221,Kepler-1688,,,TIC 122068161,Gaia DR3 2101475241074002176,,4632.11,0.746,0.814,-0.636,3.14359,4.6,14,-0.046,[M/H],,,,
Kepler-1689,2.428843,Kepler-1689,,,TIC 137218786,Gaia DR3 2052740449026979584,,5731.43,0.996208,1.023,-0.01555,1.45879,4.45124,2.5,-0.1455,[M/H],,,,
Kepler-169,2.466629,Kepler-169,,,TIC 120689253,Gaia DR3 2103788854053938816,,4997,0.763,0.825,-0.49611,1.98,4.582,0.79,0.17,[Fe/H],,,,
Kepler-1690,2.484703,Kepler-1690,,,TIC 121462999,Gaia DR3 2102384846425680768,,5404,0.862346,0.94,-0.24308,2.066566,4.53983,8.5,0,[Fe/H],,,,
Kepler-1691,2.468583,Kepler-1691,,,TIC 120819731,Gaia DR3 2100882501225436032,,6000,1.13152,1.11,0.17462,1.080206,4.37607,0.61,0.16,[Fe/H],,,,
Kepler-1692,2.3259,Kepler-1692,,,TIC 158324044,Gaia DR3 2130641436264397568,,5146,0.866139,0.87,-0.32425,1.887659,4.50241,6.1,0.36,[Fe/H],,,,
Kepler-1693,2.20109,Kepler-1693,,,TIC 406948151,Gaia DR3 2129417198787412608,,5553,1.098,0.941,-0.21808,1.83604,4.33,0.8,0.16,[Fe/H],,,,
Kepler-1693,2.20109,Kepler-1693,,,TIC 406948151,Gaia DR3 2129417198787412608,,5432.34,0.878295,0.95,-0.21808,1.976816,4.52851,0.8,0.026,[M/H],,,,
Kepler-1694,2.453327,Kepler-1694,,,TIC 138425797,Gaia DR3 2053266741439477248,,4954,0.756284,0.82,-0.50811,2.672537,4.59451,0.7,0.14,[Fe/H],,,,
Kepler-1695,2.564198,Kepler-1695,,,TIC 270618467,Gaia DR3 2128168256659148032,,5473.19,0.987155,0.96,-0.10357,1.406957,4.43157,0.5,-0.0347,[M/H],,,,
Kepler-1696,2.489069,Kepler-1696,,,TIC 271755153,Gaia DR3 2077107211548933504,,5712,1.19811,1.02,0.13884,0.836137,4.28968,,-0.04,[Fe/H],,,,
Kepler-1697,2.512013,Kepler-1697,,,TIC 158551360,Gaia DR3 2102991776844251264,,4681.53,0.772344,0.747,-0.58813,2.285878,4.53577,,0.0341,[M/H],-25.2626,,,
Kepler-1698,2.437654,Kepler-1698,,,TIC 138105005,Gaia DR3 2052368955838887808,,4975.03,0.741698,0.822,-0.51767,2.84025,4.61249,1.66,0.08,[M/H],10.54759,,,
Kepler-1699,2.30150,Kepler-1699,,,TIC 26584080,Gaia DR3 2129698261447024128,,5575.53,0.725,0.81,-0.339,9.94108,4.618,,0.225,[M/H],,,,
Kepler-17,2.16655,Kepler-17,,,TIC 273874849,Gaia DR3 2086449761846310784,G2 V,5781,1.01034,1.04,0.01164,1.421655,4.44616,1.8,0.26,[M/H],-24.814,12.01,6,
Kepler-170,2.480781,Kepler-170,,,TIC 120253745,Gaia DR3 2104098950692667264,,5679,1.035,1.066,-0.05453,1.11,4.445,1.58,0.39,[Fe/H],,,,
Kepler-1700,2.545587,Kepler-1700,,,TIC 158325998,Gaia DR3 2106262274180389376,,6031,1.0937,1.12,0.15405,1.206935,4.40949,2.75,0.07,[Fe/H],,,,
Kepler-1701,2.484535,Kepler-1701,,,TIC 120899838,Gaia DR3 2103936497850300928,,5146,0.840217,0.87,-0.35064,2.067806,4.5288,1.29,0.03,[M/H],,,,
Kepler-1702,2.533104,Kepler-1702,,,TIC 164830907,Gaia DR3 2105983066946463488,,5093,0.725742,0.85,-0.49585,3.135003,4.64592,,-0.24,[Fe/H],,,,
Kepler-1704,2.50253,Kepler-1704,,,TIC 350738167,Gaia DR3 2136191736602006016,,5746,1.697,1.132,0.45179,0.325,4.031,7.4,0.196,[Fe/H],,,,
Kepler-1705,2.531142,Kepler-1705,,,TIC 185335907,Gaia DR3 2081875484241210240,,6312,1.259,1.139,0.35411,0.796552,4.298,2.59,-0.2,[Fe/H],,,,
Kepler-1708,2.516537,Kepler-1708,,,TIC 272716898,Gaia DR3 2078801971283008128,,6157,1.117,1.088,0.182,1.1,4.37,3.16,0,[Fe/H],,,,
Kepler-1709,2.517184,Kepler-1709,,,TIC 164464070,Gaia DR3 2105135854577044480,,5918,1.043,1.003,0.11547,7.27164,4.403,2.34,-0.04,[Fe/H],,,,
Kepler-171,2.483813,Kepler-171,,,TIC 239229224,Gaia DR3 2076955822541823744,,5642,0.839,0.978,-0.07917,1.28,4.566,2.4,0.17,[Fe/H],,,,
Kepler-1710,2.311430,Kepler-1710,,,TIC 137316027,Gaia DR3 2051808789021826432,,5650,0.899,0.932,-0.14261,3.70254,4.5,2.69,-0.04,[Fe/H],,,,
Kepler-1711,2.492623,Kepler-1711,,,TIC 273778951,,,5706,1.034,0.94,0.00966,1.23168,4.382,6.6,0,[Fe/H],,,,
Kepler-1712,2.42155,Kepler-1712,,,TIC 48503881,Gaia DR3 2132326747070439296,,3732,0.509,0.515,-1.17916,1.66032,4.736,1.03,0.02,[Fe/H],,,,
Kepler-1713,2.510215,Kepler-1713,,,TIC 158432813,Gaia DR3 2105620159389754624,,6477,1.459,1.3,0.48598,0.03546,4.224,3.72,0.1,[Fe/H],,,,
Kepler-1714,2.560016,Kepler-1714,,,TIC 270698316,Gaia DR3 2128069334973424000,,6150,2.086,1.448,0.76008,0.30955,3.96,2.29,0.22,[Fe/H],,,,
Kepler-1715,2.481759,Kepler-1715,,,TIC 138431008,Gaia DR3 2077420842932795776,,6212,1.209,1.082,0.41691,0.13057,4.309,3.47,-0.04,[Fe/H],,,,
Kepler-1716,2.511304,Kepler-1716,,,TIC 273035189,Gaia DR3 2078735519547912832,,4894,0.684,0.753,-0.62363,5.12631,4.637,7.9,-0.24,[Fe/H],,,,
Kepler-1717,2.36797,Kepler-1717,,,TIC 27396246,Gaia DR3 2134842189160723072,,6200,1.64,1.158,0.59298,0.88951,4.072,0.33,-0.06,[Fe/H],,,,
Kepler-1718,2.503773,Kepler-1718,,,TIC 63212231,Gaia DR3 2125814129244571264,,5731,0.906,0.846,-0.0399,1.78074,4.451,10.72,-0.32,[Fe/H],,,,
Kepler-1719,2.432302,Kepler-1719,,,TIC 120314731,Gaia DR3 2100196646487547776,,5687,1.775,1.08,0.52557,0.25822,3.973,6.61,0.04,[Fe/H],,,,
Kepler-172,2.484314,Kepler-172,,,TIC 237157751,Gaia DR3 2104506319750394624,,5526,1.085,1.081,-0.03187,0.97,4.375,2.69,0.39,[Fe/H],,,,
Kepler-1720,2.5767,Kepler-1720,,,TIC 272839596,Gaia DR3 2080378808394131200,,5573,0.839,0.939,-0.33619,2.21624,4.562,0.5,-0.04,[Fe/H],28.04,,1.3,
Kepler-1721,2.543784,Kepler-1721,,,TIC 164527535,Gaia DR3 2106989772919325440,,5351,0.796,0.89,-0.40675,3.58883,4.582,0.7,-0.04,[Fe/H],,,,
Kepler-1722,2.472979,Kepler-1722,,,TIC 360023124,Gaia DR3 2076834154709585664,,5506,0.788,0.876,-0.16963,4.44025,4.584,1.4,-0.2,[Fe/H],,,,
Kepler-1723,2.571892,Kepler-1723,,,TIC 271040560,Gaia DR3 2128157158464165504,,6072,1.01,0.96,0.03393,2.91278,4.411,3.3,-0.3,[Fe/H],,,,
Kepler-1724,2.17753,Kepler-1724,,,TIC 27771842,Gaia DR3 2086649220125927040,,6092,0.943,1.016,0.05537,0.97267,4.496,0.3,-0.22,[Fe/H],,,,
Kepler-1725,2.451519,Kepler-1725,,,TIC 377908774,Gaia DR3 2076524710904427520,,6020,1.085,1.049,0.19852,3.04198,4.389,0.89,0,[Fe/H],,,,
Kepler-1726,2.551252,Kepler-1726,,,TIC 164721250,Gaia DR3 2107201909944691968,,5316,0.804,0.876,-0.36975,1.16411,4.57,2.51,0,[Fe/H],,,,
Kepler-1727,2.429996,Kepler-1727,,,TIC 122376998,Gaia DR3 2052880194379878272,,5349,0.82,0.824,-0.25065,2.66613,4.526,9.7,-0.12,[Fe/H],,,,
Kepler-1728,2.434170,Kepler-1728,,,TIC 121085785,Gaia DR3 2100378478222060032,,5170,0.807,0.891,-0.41612,3.45234,4.574,12.8,0.18,[Fe/H],,,,
Kepler-1729,2.499482,Kepler-1729,,,TIC 272708868,Gaia DR3 2077201219791653248,,3837,0.517,0.544,-0.66329,0.5702,4.747,1.2,-0.06,[Fe/H],,,,
Kepler-173,2.485473,Kepler-173,,,TIC 378160351,Gaia DR3 2077485271747441280,,6031,0.949,1.067,0.07365,0.86,4.404,3.3,0.0357,[M/H],,,,
Kepler-1730,2.517053,Kepler-1730,,,TIC 351803524,Gaia DR3 2105275015817638272,,5942,1.142,1.009,0.07455,1.23716,4.327,7.4,-0.04,[Fe/H],,,,
Kepler-1731,2.8502,Kepler-1731,,,TIC 137099260,Gaia DR3 2050239300586448000,,4859,0.72,0.781,-0.59961,102.86534,4.612,2.14,0,[Fe/H],,,,
Kepler-1732,2.250546,Kepler-1732,,,TIC 137547023,Gaia DR3 2051836379889114240,,5821,1.494,1.043,0.29575,0.07872,4.108,2,0.04,[Fe/H],,,,
Kepler-1733,2.420024,Kepler-1733,,,TIC 122781795,Gaia DR3 2052549584977429504,,6320,1.252,1.273,0.42985,7.35865,4.347,0.2,0.24,[Fe/H],,,,
Kepler-1734,2.478308,Kepler-1734,,,TIC 138636741,Gaia DR3 2077403633010654976,,6061,0.97,1.05,0.14406,0.95531,4.486,0.3,-0.1,[Fe/H],,,,
Kepler-1735,2.4579,Kepler-1735,,,TIC 123206821,Gaia DR3 2119222252094710912,,3975,0.509,0.535,-1.19302,10.76832,4.753,8.17,-0.34,[Fe/H],,,,
Kepler-1736,2.423523,Kepler-1736,,,TIC 394179552,Gaia DR3 2051368056655683328,,6085,0.973,0.976,0.40206,0.50837,4.451,1.7,-0.28,[Fe/H],,,,
Kepler-1737,2.10635,Kepler-1737,,,TIC 272842268,,,5043,0.881,0.834,-0.344,0.47169,4.47,13.7,0.3,[Fe/H],,,,
Kepler-1738,2.10498,Kepler-1738,,,TIC 272080244,Gaia DR3 2080581565208813312,,6063,1.001,1.079,-0.00542,0.62777,4.47,0.3,-0.02,[Fe/H],,,,
Kepler-1739,2.13337,Kepler-1739,,,TIC 272279981,Gaia DR3 2080638877253151232,,5757,0.762,0.865,-0.14011,38.44106,4.597,0.4,-0.5,[Fe/H],,,,
Kepler-174,2.519297,Kepler-174,,,TIC 158434144,Gaia DR3 2106008493152187392,,4880,0.622,0.602,-0.5704,2.8723,4.679,4.9,-0.56,[Fe/H],,,,
Kepler-1740,2.433343,Kepler-1740,,,TIC 138479461,Gaia DR3 2052381737659167488,,5705,0.905,0.943,-0.07942,0.11427,4.499,,-0.06,[Fe/H],,,,
Kepler-1741,2.436204,Kepler-1741,,,TIC 137689252,Gaia DR3 2053093637076689664,,3683,0.424,0.454,-1.24232,30.83073,4.84,13.4,-0.22,[Fe/H],,,,
Kepler-1742,2.539776,Kepler-1742,,,TIC 158326424,Gaia DR3 2106221351731318784,,5776,0.849,0.939,-0.18376,28.51104,4.554,0.5,-0.18,[Fe/H],,,,
Kepler-1743,2.20151,Kepler-1743,,,TIC 290035649,Gaia DR3 2129407784218783488,,5855,1.613,1.266,0.59938,0.02318,4.125,3.72,0.4,[Fe/H],,,,
Kepler-1744,2.495368,Kepler-1744,,,TIC 159575346,Gaia DR3 2101955968172274432,,5986,0.85,0.886,-0.09777,1.56368,4.527,7.76,-0.5,[Fe/H],,,,
Kepler-1745,2.502366,Kepler-1745,,,TIC 270525576,Gaia DR3 2077819763799736192,,5611,1.4,0.995,0.00651,0.40067,4.144,2.1,0.16,[Fe/H],,,,
Kepler-1746,2.491656,Kepler-1746,,,TIC 158722379,Gaia DR3 2102490189082470528,,6018,1.286,1.09,0.496,8.48974,4.257,5.75,0.06,[Fe/H],,,,
Kepler-1747,2.543840,Kepler-1747,,,TIC 164670571,Gaia DR3 2106814984930919296,,5477,0.865,0.983,-0.20529,3.27897,4.557,0.7,0.21,[Fe/H],,,,
Kepler-1748,2.551417,Kepler-1748,,,TIC 158112888,Gaia DR3 2106499562532338944,,5774,0.864,0.916,-0.34954,0.70474,4.526,,-0.22,[Fe/H],,,,
Kepler-1749,2.548734,Kepler-1749,,,TIC 159389232,Gaia DR3 2127463224886292224,,3957,0.553,0.551,-0.94989,1.05199,4.693,3.72,-0.16,[Fe/H],,,,
Kepler-175,2.519412,Kepler-175,,,TIC 159099116,Gaia DR3 2102880210775046528,,6064,1.01,0.969,0.19402,0.62,4.472,3.39,0.04,[Fe/H],,,,
Kepler-1750,2.25478,Kepler-1750,,,TIC 424864368,Gaia DR3 2129654040463673600,,5644,0.969,0.981,0.06117,1.8788,4.457,0.5,0.14,[Fe/H],,,,
Kepler-1751,2.37138,Kepler-1751,,,TIC 48451491,Gaia DR3 2132220334960823552,,6052,0.967,0.974,0.03608,0.75604,4.456,1.9,-0.26,[Fe/H],,,,
Kepler-1752,2.50701,Kepler-1752,,,TIC 417655835,Gaia DR3 2136207095405014912,,5446,0.821,0.824,-0.39819,0.22873,4.525,7.2,-0.2,[Fe/H],,,,
Kepler-1753,2.567687,Kepler-1753,,,TIC 158664331,Gaia DR3 2130405075624683136,,5180,0.769,0.86,-0.55992,1.61437,4.597,6.2,0,[Fe/H],,,,
Kepler-1754,2.41909,Kepler-1754,,,TIC 27532561,Gaia DR3 2134972275129562752,,4723,0.747,0.734,-0.61192,3.01443,4.557,,0.08,[Fe/H],,,,
Kepler-1755,2.452003,Kepler-1755,,,TIC 239225129,Gaia DR3 2073715630497465856,,6086,0.921,1.003,0.27353,7.04712,4.511,0.3,-0.26,[Fe/H],,,,
Kepler-1756,2.463525,Kepler-1756,,,TIC 377910183,Gaia DR3 2076572092984362880,,4915,0.812,0.781,-0.459,2.3873,4.512,13.7,0.16,[Fe/H],,,,
Kepler-1757,2.2646,Kepler-1757,,,TIC 273378480,Gaia DR3 2086312941367921408,,5288,0.74,0.828,-0.36941,0.31828,4.613,0.7,-0.24,[Fe/H],,,,
Kepler-1758,2.448387,Kepler-1758,,,TIC 169932440,Gaia DR3 2073662166743600896,,5557,1.616,1.035,0.48544,0.42718,4.037,0.4,0.16,[Fe/H],,,,
Kepler-1759,2.25991,Kepler-1759,,,TIC 267989857,Gaia DR3 2086879189856001024,,5017,0.797,0.76,-0.56331,4.00992,4.516,13.8,-0.02,[Fe/H],,,,
Kepler-176,2.519890,Kepler-176,,,TIC 271159950,Gaia DR3 2078286197246582016,,5232,0.891,0.86,-0.40427,1.74,4.474,2.45,0.13,[Fe/H],,,,
Kepler-176,2.519890,Kepler-176,,,TIC 271159950,Gaia DR3 2078286197246582016,,5295,0.83,0.87,-0.40427,1.74,4.55,4.68,0.03,[Fe/H],,,,
Kepler-1760,2.28480,Kepler-1760,,,TIC 48421060,Gaia DR3 2131804925724122240,,5229,0.903,0.821,-0.26,0.47745,4.441,0.6,0.08,[Fe/H],,,,
Kepler-1761,2.31785,Kepler-1761,,,TIC 48421337,Gaia DR3 2131817707546856320,,3871,0.532,0.573,-1.1701,0.13614,4.744,3.9,0.07,[Fe/H],,,,
Kepler-1762,2.444386,Kepler-1762,,,TIC 122447896,Gaia DR3 2101083368257255040,,6572,1.238,1.298,0.33126,3.47173,4.365,0.28,0.07,[Fe/H],,,,
Kepler-1763,2.455345,Kepler-1763,,,TIC 138575125,Gaia DR3 2076537252208879104,,5897,1.259,1.026,0.27421,0.84673,4.25,5.4,0.02,[Fe/H],,,,
Kepler-1764,2.476508,Kepler-1764,,,TIC 138431522,Gaia DR3 2077411363951616512,,6461,1.131,1.162,0.41465,2.18989,4.396,0.24,-0.14,[Fe/H],,,,
Kepler-1765,2.504540,Kepler-1765,,,TIC 273773509,Gaia DR3 2078527986732237824,,5692,1.064,0.946,-0.136,0.59531,4.36,11.9,0.04,[Fe/H],,,,
Kepler-1766,2.568372,Kepler-1766,,,TIC 270958237,Gaia DR3 2128151660905893504,,5868,1.042,0.915,0.17488,0.10302,4.363,12.02,-0.22,[Fe/H],,,,
Kepler-1767,2.2125,Kepler-1767,,,TIC 270619473,Gaia DR3 2128221376815734528,,5243,0.831,0.887,-0.50273,0.20596,4.547,0.6,0.14,[Fe/H],,,,
Kepler-1768,2.537734,Kepler-1768,,,TIC 239236731,Gaia DR3 2076155515517119744,,6050,1.572,1.24,0.28665,8.46929,4.137,,0.14,[Fe/H],,,,
Kepler-1769,2.512629,Kepler-1769,,,TIC 271261159,Gaia DR3 2078083436127470080,,6071,1.295,1.061,0.21523,12.62813,4.239,1.02,-0.06,[Fe/H],,,,
Kepler-177,2.541126,Kepler-177,,,TIC 158172348,Gaia DR3 2106339927188171776,,5732,1.324,0.921,0.24,0.4,4.1,11.75,-0.11,[Fe/H],,,,
Kepler-1770,2.513170,Kepler-1770,,,TIC 268603980,Gaia DR3 2075969526254302848,,5602,1.009,0.941,-0.2091,3.51751,4.404,12.3,0.1,[Fe/H],,,,
Kepler-1771,2.31226,Kepler-1771,,,TIC 26583944,Gaia DR3 2129746468160336768,,5661,0.934,0.941,-0.0924,0.59555,4.471,0.8,0,[Fe/H],,,,
Kepler-1772,2.437324,Kepler-1772,,,TIC 122062591,Gaia DR3 2101002725951186560,,5541,0.934,0.942,0.47201,0.01886,4.472,7.94,0.12,[Fe/H],,,,
Kepler-1773,2.423275,Kepler-1773,,,TIC 120763491,Gaia DR3 2099957605786905344,,6183,1.3,1.241,0.40462,0.63026,4.301,2.91,0.26,[Fe/H],,,,
Kepler-1774,2.466818,Kepler-1774,,,TIC 121660779,Gaia DR3 2102110724433416960,,6214,1.122,1.101,0.19049,0.53689,4.382,2.5,-0.02,[Fe/H],,,,
Kepler-1775,2.429714,Kepler-1775,,,TIC 120892579,Gaia DR3 2100001036496903040,,5818,1.647,1.149,0.24607,2.3666,4.065,2.57,0.24,[Fe/H],,,,
Kepler-1776,2.3662,Kepler-1776,,,TIC 159728250,Gaia DR3 2129103700534539136,,5872,1.153,1.041,0.16391,1.02226,4.332,0.6,0.1,[Fe/H],,,,
Kepler-1777,2.311214,Kepler-1777,,,TIC 122374509,Gaia DR3 2051104586182508928,,5771,1.068,0.984,-0.03321,2.24035,4.374,0.46,0.06,[Fe/H],,,,
Kepler-1778,2.517387,Kepler-1778,,,TIC 158433884,Gaia DR3 2106006156689931648,,6310,1.095,1.143,0.0978,0.29911,4.417,0.3,-0.06,[Fe/H],,,,
Kepler-1779,2.551099,Kepler-1779,,,TIC 239309962,Gaia DR3 2082208254002842240,,5730,1.056,1.008,-0.04999,0.33885,4.394,0.6,0.16,[Fe/H],,,,
Kepler-178,2.571298,Kepler-178,,,TIC 158394235,Gaia DR3 2130634667395736704,,5676,1.066,0.852,-0.20778,1.25,4.334,9.12,-0.04,[Fe/H],,,,
Kepler-1780,2.502494,Kepler-1780,,,TIC 270862497,Gaia DR3 2078135461074212736,,5403,0.868,0.868,-0.2166,18.03324,4.5,0.6,0,[Fe/H],,,,
Kepler-1781,2.493584,Kepler-1781,,,TIC 63005080,Gaia DR3 2101755788338161920,,5568,0.957,1.053,-0.36088,5.09659,4.499,0.9,0.44,[Fe/H],,,,
Kepler-1782,2.522693,Kepler-1782,,,TIC 123202646,Gaia DR3 2117335077826003840,,4931,0.734,0.794,-0.55623,5.4985,4.605,2.88,0,[Fe/H],,,,
Kepler-1783,2.476773,Kepler-1783,,,TIC 168811794,Gaia DR3 2076839480469187712,,5129,1.781,0.887,-0.45102,3.27949,3.884,1.15,-0.16,[Fe/H],,,,
Kepler-1784,2.535775,Kepler-1784,,,TIC 273690421,Gaia DR3 2079270981709055232,,5442,0.974,0.887,-0.12103,2.09179,4.409,13.8,0.1,[Fe/H],,,,
Kepler-1785,2.13276,Kepler-1785,,,TIC 271877992,Gaia DR3 2080645611761634432,,5618,0.996,0.911,0.00308,1.39703,4.401,0.3,0,[Fe/H],-18.23,,3.8,
Kepler-1786,2.427655,Kepler-1786,,,TIC 137687477,Gaia DR3 2051947739803854336,,5808,1.397,1.058,0.15863,1.07922,4.172,7.76,0.14,[Fe/H],,,,
Kepler-1787,2.5070,Kepler-1787,,,TIC 158983401,Gaia DR3 2127803321876716928,,6060,0.925,1.008,-0.0984,2.79643,4.509,0.3,-0.22,[Fe/H],,,,
Kepler-1788,2.551735,Kepler-1788,,,TIC 159646433,Gaia DR3 2127435363438637952,,4786,0.704,0.686,-0.61055,5.75791,4.579,13.8,-0.2,[Fe/H],,,,
Kepler-1789,2.482480,Kepler-1789,,,TIC 377730967,Gaia DR3 2104539202019666432,,5436,0.888,0.92,-0.23129,0.77896,4.505,4.5,0.12,[Fe/H],,,,
Kepler-179,2.15239,Kepler-179,,,TIC 268057162,Gaia DR3 2086468453545432960,,5302,0.759,0.893,-0.27765,1.64,4.613,1.74,0.12,[Fe/H],-32.82,,3,
Kepler-1790,2.556684,Kepler-1790,,,TIC 271164778,Gaia DR3 2080062664440262784,,5866,1.367,1.02,0.38334,6.53293,4.175,2.88,0,[Fe/H],,,,
Kepler-1791,2.498138,Kepler-1791,,,TIC 164728985,Gaia DR3 2104257967562692096,,5887,1.177,0.985,0.176,0.40645,4.29,3.73,-0.06,[Fe/H],,,,
Kepler-1792,2.435054,Kepler-1792,,,TIC 138805992,Gaia DR3 2052211416440880384,,5229,1.005,0.878,-0.50826,2.46352,4.378,,0.32,[Fe/H],,,,
Kepler-1793,2.467200,Kepler-1793,,,TIC 351070059,Gaia DR3 2053593189011583360,,5191,0.764,0.85,-0.23389,1.65118,4.597,3.6,-0.06,[Fe/H],,,,
Kepler-1794,2.552586,Kepler-1794,,,TIC 240219049,Gaia DR3 2082304396854334720,,5052,0.816,0.773,-0.6106,2.03307,4.503,14,0.02,[Fe/H],,,,
Kepler-1795,2.437092,Kepler-1795,,,TIC 120893436,Gaia DR3 2100442009379544320,,4500,0.688,0.768,-0.757,3.47892,4.638,5.8,0.28,[Fe/H],,,,
Kepler-1796,2.536143,Kepler-1796,,,TIC 185336831,Gaia DR3 2081915204099064960,,6036,0.949,1.018,0.11795,6.43467,4.491,0.4,-0.16,[Fe/H],,,,
Kepler-1797,2.554554,Kepler-1797,,,TIC 63288848,Gaia DR3 2126749165104841088,,6244,1.009,1.069,0.06183,0.08975,4.46,0.4,-0.2,[Fe/H],,,,
Kepler-1798,2.250039,Kepler-1798,,,TIC 137315414,Gaia DR3 2051797274209237376,,3967,0.587,0.593,-0.95681,12.46941,4.674,4.36,0.06,[Fe/H],,,,
Kepler-1799,2.51324,Kepler-1799,,,TIC 298961646,Gaia DR3 2133366369675069568,,5831,0.921,1.016,0.31428,0.46536,4.517,0.5,0,[Fe/H],,,,
Kepler-18,2.537562,Kepler-18,,,TIC 273690178,Gaia DR3 2079295583282164992,,5345,1.108,0.972,-0.031,1.01,4.31,10,0.19,[Fe/H],,,4,
Kepler-180,2.39024,Kepler-180,,,TIC 27532033,Gaia DR3 2134933208106983168,,5731,1.063,0.95,-0.13204,1.66339,4.343,9.7,0.03,[Fe/H],,,,
Kepler-1800,2.455920,Kepler-1800,,,TIC 169814632,Gaia DR3 2073686523494136192,,5343,2.506,1.33,-0.18759,0.11805,3.764,11.75,0.08,[Fe/H],,,,
Kepler-1801,2.437953,Kepler-1801,,,TIC 139034625,Gaia DR3 2076185408488670208,,5738,0.981,0.936,-0.22269,0.18718,4.426,8.1,-0.06,[Fe/H],,,,
Kepler-1801,2.437953,Kepler-1801,,,TIC 139034625,Gaia DR3 2076185408488670208,,5738,0.981,0.936,-0.22269,3.02267,4.426,8.1,-0.06,[Fe/H],,,,
Kepler-1802,2.526683,Kepler-1802,,,TIC 239291510,Gaia DR3 2076053604520641024,,4245,0.637,0.649,-0.925,0.40825,4.641,13.9,0,[Fe/H],,,,
Kepler-1802,2.526683,Kepler-1802,,,TIC 239291510,Gaia DR3 2076053604520641024,,4245,0.637,0.649,-0.925,1.10741,4.641,13.9,0,[Fe/H],,,,
Kepler-1804,2.536126,Kepler-1804,,,TIC 185185751,Gaia DR3 2081919842663938688,,5109,1.671,0.929,-0.51152,2.38362,3.96,14,0.1,[Fe/H],,,,
Kepler-1805,2.464726,Kepler-1805,,,TIC 120422519,Gaia DR3 2103822075621468672,,3867,0.552,0.581,-1.17695,9.04523,4.718,1.65,0.1,[Fe/H],,,,
Kepler-1806,2.39463,Kepler-1806,,,TIC 399954605,Gaia DR3 2132842177507335424,,5311,0.788,0.884,-0.43504,2.5151,4.588,0.6,-0.04,[Fe/H],,,,
Kepler-1807,2.533592,Kepler-1807,,,TIC 159763602,Gaia DR3 2126190991155243264,,6455,1.496,1.087,0.60255,7.17845,4.125,2.95,-0.36,[Fe/H],,,,
Kepler-1808,2.438553,Kepler-1808,,,TIC 121215333,Gaia DR3 2100414933904708608,,5530,0.892,0.773,-0.06242,22.15458,4.425,12.1,-0.34,[Fe/H],,,,
Kepler-1809,2.458932,Kepler-1809,,,TIC 122300177,Gaia DR3 2101194109695286272,,4901,0.716,0.807,-0.47061,22.78308,4.618,1.55,0.04,[Fe/H],,,,
Kepler-181,2.41976,Kepler-181,,,TIC 27767452,Gaia DR3 2135292507890372224,,5333,0.749,0.81,-0.37878,1.68,4.619,6.46,-0.04,[Fe/H],,,,
Kepler-1810,2.421861,Kepler-1810,,,TIC 351057636,Gaia DR3 2052658367909936768,,5492,1.016,0.921,-0.15834,11.30905,4.389,4.5,0.16,[Fe/H],,,,
Kepler-1811,2.450950,Kepler-1811,,,TIC 122294261,Gaia DR3 2101148411242230272,,5561,1.19,0.946,0.1541,1.82753,4.263,0.4,0.16,[Fe/H],,,,
Kepler-1812,2.454097,Kepler-1812,,,TIC 170346516,Gaia DR3 2073767994738269952,,6174,1.103,1.162,0.27988,12.53756,4.417,1,0.1,[Fe/H],,,,
Kepler-1813,2.25468,Kepler-1813,,,TIC 424864367,,,5167,0.787,0.812,-0.4,3.95386,4.555,2.3,-0.04,[Fe/H],,,,
Kepler-1814,2.471936,Kepler-1814,,,TIC 399821831,Gaia DR3 2103845032226500352,,4922,0.823,0.79,-0.50574,1.41522,4.505,2.82,0.2,[Fe/H],,,,
Kepler-1814,2.471936,Kepler-1814,,,TIC 399821831,Gaia DR3 2103845032226500352,,4922,0.823,0.79,-0.50574,2.15267,4.505,2.82,0.2,[Fe/H],,,,
Kepler-1815,2.522526,Kepler-1815,,,TIC 239273090,Gaia DR3 2076050683953049728,,5516,0.967,0.856,-0.03006,16.30776,4.399,13.5,-0.06,[Fe/H],,,,
Kepler-1816,2.47358,Kepler-1816,,,TIC 27911400,Gaia DR3 2135427576021495168,,5051,0.706,0.786,-0.53145,7.28204,4.628,0.7,-0.24,[Fe/H],,,,
Kepler-1817,2.531256,Kepler-1817,,,TIC 351804260,Gaia DR3 2105396099534835456,,5316,0.915,0.878,-0.38044,2.62575,4.459,0.4,0.16,[Fe/H],-19.26,,6.6,
Kepler-1818,2.458457,Kepler-1818,,,TIC 120251654,Gaia DR3 2103614444020842752,,6047,1.129,1.021,0.261,0.92945,4.343,5.4,-0.08,[Fe/H],,,,
Kepler-1819,2.572122,Kepler-1819,,,TIC 272596372,Gaia DR3 2080344139417876992,,6090,1.071,1.173,0.0865,1.25674,4.447,0.4,0.21,[Fe/H],,,,
Kepler-182,2.45848,Kepler-182,,,TIC 267672183,Gaia DR3 2133080462292772096,,6250,1.146,1.114,0.34366,0.48,4.401,5.25,0.072,[M/H],,,,
Kepler-1820,2.21863,Kepler-1820,,,TIC 351189211,Gaia DR3 2086634445439637376,,5841,0.931,1.047,-0.02202,3.49293,4.52,0.4,0.07,[Fe/H],,,,
Kepler-1821,2.39862,Kepler-1821,,,TIC 27187386,Gaia DR3 2135051371246744960,,5475,0.884,0.946,-0.12374,19.06113,4.521,0.4,0.14,[Fe/H],,,,
Kepler-1822,2.476824,Kepler-1822,,,TIC 169177842,Gaia DR3 2076881364987303296,,5165,0.702,0.782,-0.28559,23.21099,4.633,0.8,-0.32,[Fe/H],,,,
Kepler-1823,2.545297,Kepler-1823,,,TIC 164559875,Gaia DR3 2106827216998206336,,6000,1.126,1.068,0.28744,20.69866,4.363,1.88,0.06,[Fe/H],,,,
Kepler-1824,2.472995,Kepler-1824,,,TIC 360023295,Gaia DR3 2076833055197955584,,6002,1.081,1.135,0.171,2.03186,4.424,0.33,0.2,[Fe/H],,,,
Kepler-1825,2.498946,Kepler-1825,,,TIC 63282889,Gaia DR3 2125760772871583744,,5123,0.847,0.828,-0.53158,4.73936,4.501,14,0.14,[Fe/H],,,,
Kepler-1826,2.29059,Kepler-1826,,,TIC 26749051,Gaia DR3 2129686991453013248,,3821,0.486,0.49,-1.12218,0.77472,4.755,5.62,-0.28,[Fe/H],,,,
Kepler-1827,2.463367,Kepler-1827,,,TIC 137555923,Gaia DR3 2053573711340731392,,5423,1.404,0.915,0.187,0.07759,4.105,10.96,0.08,[Fe/H],,,,
Kepler-1828,2.53783,Kepler-1828,,,TIC 137638020,Gaia DR3 2051816485600508544,,5806,0.899,0.996,-0.11128,2.59443,4.528,0.4,-0.04,[Fe/H],,,,
Kepler-1829,2.51350,Kepler-1829,,,TIC 299028577,Gaia DR3 2133457388621345024,,5230,0.777,0.873,-0.39395,19.63952,4.594,4.4,0,[Fe/H],,,,
Kepler-183,2.439059,Kepler-183,,,TIC 138214374,Gaia DR3 2052452140764708480,,5888,0.958,0.99,0.026,0.92,4.502,5.62,0.11,[Fe/H],,,,
Kepler-1830,2.467540,Kepler-1830,,,TIC 138968107,Gaia DR3 2076662871411824128,,6160,2.046,1.443,0.63129,0.28729,3.976,2.4,0.24,[Fe/H],,,,
Kepler-1831,2.36810,Kepler-1831,,,TIC 27456723,Gaia DR3 2134935544568504832,,6063,1.012,1.117,-0.0455,17.54748,4.476,0.3,0.07,[Fe/H],,,,
Kepler-1832,2.518692,Kepler-1832,,,TIC 269263219,Gaia DR3 2075993990389052160,,5242,0.722,0.684,-0.33658,4.38191,4.556,14,-0.54,[Fe/H],,,,
Kepler-1833,2.547329,Kepler-1833,,,TIC 159520040,Gaia DR3 2127402790405934464,,6164,1.446,1.286,0.4374,6.98346,4.227,3.89,0.38,[Fe/H],,,,
Kepler-1834,2.444780,Kepler-1834,,,TIC 378087161,Gaia DR3 2076454445237794432,,4821,0.788,0.765,-0.57662,2.73161,4.529,12.2,0.16,[Fe/H],,,,
Kepler-1834,2.444780,Kepler-1834,,,TIC 378087161,Gaia DR3 2076454445237794432,,4821,0.788,0.765,-0.57662,2.09049,4.529,12.2,0.16,[Fe/H],,,,
Kepler-1835,2.520611,Kepler-1835,,,TIC 351799800,Gaia DR3 2116970280483501952,,5903,0.961,0.922,0.07829,0.1344,4.437,4.8,-0.26,[Fe/H],,,,
Kepler-1836,2.465426,Kepler-1836,,,TIC 137556026,Gaia DR3 2053579930453436800,,6123,0.987,1.053,0.01616,1.76644,4.472,,-0.14,[Fe/H],,,,
Kepler-1837,2.550173,Kepler-1837,,,TIC 158665571,Gaia DR3 2130247467504662016,,5966,0.961,1.049,-0.06826,3.74625,4.493,0.5,-0.02,[Fe/H],,,,
Kepler-1838,2.452328,Kepler-1838,,,TIC 171585303,Gaia DR3 2073539536845074176,,5877,1.963,1.187,0.53674,0.17451,3.927,4.47,0.04,[Fe/H],,,,
Kepler-1839,2.41729,Kepler-1839,,,TIC 27082730,Gaia DR3 2135105625273603456,,5926,0.939,1.03,0.19174,0.36913,4.506,0.4,-0.04,[Fe/H],,,,
Kepler-184,2.505451,Kepler-184,,,TIC 63119782,Gaia DR3 2125831210335846016,,5788,0.873,0.872,-0.22509,1.59,4.51,2.95,-0.1958,[M/H],,,,
Kepler-1840,2.478807,Kepler-1840,,,TIC 171090560,Gaia DR3 2075338028623847168,,4898,0.803,0.774,-0.58706,3.61271,4.518,14,0.14,[Fe/H],,,,
Kepler-1841,2.460629,Kepler-1841,,,TIC 121329580,Gaia DR3 2100629063795587840,,5190,0.899,0.823,-0.27843,0.18265,4.446,11.6,0.12,[Fe/H],,,,
Kepler-1842,2.493058,Kepler-1842,,,TIC 158216580,Gaia DR3 2105506497375025024,,5970,1.131,1.057,-0.02604,8.12745,4.355,7,0.06,[Fe/H],,,,
Kepler-1843,2.472660,Kepler-1843,,,TIC 137900524,Gaia DR3 2053569485093626752,,5422,1.782,1.02,0.394,0.2587,3.945,6.17,0.02,[Fe/H],,,,
Kepler-1844,2.421117,Kepler-1844,,,TIC 137817056,Gaia DR3 2051868300086828544,,5776,0.849,0.939,0.22606,0.69061,4.554,,-0.18,[Fe/H],,,,
Kepler-1845,2.424127,Kepler-1845,,,TIC 137892408,Gaia DR3 2052257355406092160,,4703,0.701,0.686,-0.57817,9.95871,4.582,1,-0.14,[Fe/H],,,,
Kepler-1846,2.537314,Kepler-1846,,,TIC 271044777,Gaia DR3 2079893820684922112,,4825,0.732,0.785,-0.53047,2.17048,4.603,14,0.08,[Fe/H],,,,
Kepler-1847,2.530510,Kepler-1847,,,TIC 272490211,Gaia DR3 2079680137473255808,,6122,0.964,1.041,0.09941,2.20963,4.487,0.4,-0.18,[Fe/H],,,,
Kepler-1848,2.549611,Kepler-1848,,,TIC 268712158,Gaia DR3 2085242360641759616,,4847,0.737,0.756,-0.51304,10.72144,4.581,1.82,0,[Fe/H],,,,
Kepler-1849,2.471940,Kepler-1849,,,TIC 399821807,Gaia DR3 2103867224319533824,,4806,0.729,0.709,-0.66231,4.47419,4.564,13.5,-0.1,[Fe/H],,,,
Kepler-185,2.518978,Kepler-185,,,TIC 123490444,Gaia DR3 2105316247502568576,,5208,0.806,0.763,-0.50448,2.02,4.545,11.9,-0.14,[Fe/H],,,,
Kepler-1850,2.515522,Kepler-1850,,,TIC 158389981,Gaia DR3 2106001651264391040,,4239,0.6,0.611,-0.81005,2.25807,4.667,13.8,-0.22,[Fe/H],,,,
Kepler-1851,2.550022,Kepler-1851,,,TIC 352013607,Gaia DR3 2106494580370491392,,5982,0.879,0.967,0.06007,2.57908,4.535,0.3,-0.28,[Fe/H],,,,
Kepler-1852,2.454601,Kepler-1852,,,TIC 121465404,Gaia DR3 2100570824038577792,,5237,0.826,0.927,-0.43168,3.25918,4.572,8.6,0.24,[Fe/H],,,,
Kepler-1853,2.561247,Kepler-1853,,,TIC 164784178,Gaia DR3 2107294505140214784,,4821,0.788,0.765,-0.56217,0.04438,4.529,14,0.16,[Fe/H],,,,
Kepler-1854,2.53540,Kepler-1854,,,TIC 120825566,Gaia DR3 2099068444479581184,,5026,0.759,0.8,-0.479,22.32456,4.58,12.88,0,[Fe/H],,,,
Kepler-1855,2.479005,Kepler-1855,,,TIC 237189544,Gaia DR3 2104475013729123072,,3460,0.356,0.385,-1.2949,10.9556,4.92,5.85,0.07,[Fe/H],,,,
Kepler-1856,2.51201,Kepler-1856,,,TIC 27687265,Gaia DR3 2135692661402242176,,4948,0.816,0.782,-0.33065,4.00411,4.508,10.9,0.14,[Fe/H],,,,
Kepler-1857,2.442211,Kepler-1857,,,TIC 184556217,Gaia DR3 2073303313639459840,,6074,1.005,0.873,0.2052,5.01751,4.375,7.94,-0.54,[Fe/H],,,,
Kepler-1858,2.567964,Kepler-1858,,,TIC 63205796,Gaia DR3 2128318305636573824,,4939,0.819,0.785,-0.45269,2.17141,4.506,0.7,0.16,[Fe/H],,,,
Kepler-1859,2.570059,Kepler-1859,,,TIC 270790094,Gaia DR3 2128198974266072192,,5887,1.235,1.09,0.15429,0.77497,4.292,2.5,0.16,[Fe/H],,,,
Kepler-1859,2.570059,Kepler-1859,,,TIC 270790094,Gaia DR3 2128198974266072192,,5887,1.235,1.09,0.15429,0.44132,4.292,2.5,0.16,[Fe/H],,,,
Kepler-186,2.522334,Kepler-186,,,TIC 268159861,Gaia DR3 2079000330051813504,M1,3755,0.523,0.544,-1.26,5.29,4.736,4,-0.26,[Fe/H],,,,
Kepler-186,2.522334,Kepler-186,,,TIC 268159861,Gaia DR3 2079000330051813504,M1,3788,0.472,0.478,-1.385,6.4,4.77,4,-0.28,[M/H],,,,
Kepler-1860,2.41742,Kepler-1860,,,TIC 27082724,Gaia DR3 2135104903719129984,,5420,0.868,0.874,-0.18091,2.3695,4.502,1.55,0,[Fe/H],,,,
Kepler-1861,2.40971,Kepler-1861,,,TIC 27649489,Gaia DR3 2134956572729225728,,5855,1.373,1.161,0.30017,2.68444,4.227,4.57,0.26,[Fe/H],,,,
Kepler-1862,2.34817,Kepler-1862,,,TIC 27913951,Gaia DR3 2086847785054193792,,5644,0.806,0.9,-0.21515,0.43429,4.575,0.4,-0.24,[Fe/H],,,,
Kepler-1863,2.508142,Kepler-1863,,,TIC 123416041,Gaia DR3 2105230794833800704,,5871,0.983,1.097,0.40952,0.02888,4.493,12.02,0.21,[Fe/H],-26.42,,0.5,
Kepler-1864,2.479479,Kepler-1864,,,TIC 394172692,Gaia DR3 2101485548995660416,,5854,0.979,1.03,0.03004,1.57925,4.469,1.62,0.06,[Fe/H],,,,
Kepler-1865,2.480009,Kepler-1865,,,TIC 138431036,Gaia DR3 2077420641081096576,,5420,0.871,0.849,-0.32913,12.9272,4.487,11.6,-0.06,[Fe/H],,,,
Kepler-1866,2.534745,Kepler-1866,,,TIC 158213683,Gaia DR3 2106290208647252608,,5791,1.083,1.03,0.14386,0.00949,4.381,0.3,0.16,[Fe/H],,,,
Kepler-1867,2.512674,Kepler-1867,,,TIC 271348323,Gaia DR3 2078080176257415168,,5693,0.816,0.911,0.21949,0.89377,4.57,0.5,-0.24,[Fe/H],,,,
Kepler-1868,2.514217,Kepler-1868,,,TIC 275571117,Gaia DR3 2078226308223597696,,4658,0.686,0.743,-0.66249,1.44584,4.632,14,0,[Fe/H],,,,
Kepler-1869,2.500571,Kepler-1869,,,TIC 63368895,Gaia DR3 2125751461382627840,,5808,0.902,0.987,-0.05012,0.65299,4.522,1.29,-0.06,[Fe/H],,,,
Kepler-1869,2.500571,Kepler-1869,,,TIC 63368895,Gaia DR3 2125751461382627840,,5808,0.902,0.987,-0.05012,0.43756,4.522,1.29,-0.06,[Fe/H],,,,
Kepler-187,2.524576,Kepler-187,,,TIC 269264648,Gaia DR3 2076107343163028992,,6105,1.287,1.081,0.49267,0.31,4.274,6.46,-0.04,[Fe/H],,,,
Kepler-1870,2.459220,Kepler-1870,,,TIC 138433618,Gaia DR3 2077299694799977856,,5508,0.84,0.955,-0.22577,4.68913,4.569,0.79,0.07,[Fe/H],,,,
Kepler-1871,2.426487,Kepler-1871,,,TIC 137634508,Gaia DR3 2051948633156991232,,5741,0.946,1.02,0.00294,1.13937,4.495,5.7,0.12,[Fe/H],,,,
Kepler-1872,2.509706,Kepler-1872,,,TIC 123230993,Gaia DR3 2116889775616597120,,5223,0.885,0.913,-0.50562,0.39093,4.505,,0.32,[Fe/H],,,,
Kepler-1873,2.556699,Kepler-1873,,,TIC 271164726,Gaia DR3 2080062389562356864,,5151,0.792,0.903,-0.40951,8.80443,4.592,1,0.21,[Fe/H],,,,
Kepler-1874,2.515453,Kepler-1874,,,TIC 158219569,Gaia DR3 2105697533221828224,,4701,0.775,0.758,-0.577,0.48505,4.54,13.8,0.24,[Fe/H],,,,
Kepler-1875,2.42893,Kepler-1875,,,TIC 27912377,Gaia DR3 2135305805109041152,,6161,0.862,0.95,0.4066,0.36979,4.545,0.3,-0.5,[Fe/H],,,,
Kepler-1876,2.471671,Kepler-1876,,,TIC 171883078,Gaia DR3 2075132209486310912,,6104,1.477,1.187,0.42894,0.36,4.07136,4.4,0.01,[Fe/H],,,,
Kepler-1877,2.570384,Kepler-1877,,,TIC 271355270,Gaia DR3 2128517003703948032,,5615,0.936,1.022,-0.07722,1.51434,4.505,4.9,0.24,[Fe/H],,,,
Kepler-1878,2.526788,Kepler-1878,,,TIC 184998205,Gaia DR3 2076067073548982784,,5918,0.865,0.956,0.18689,1.1311,4.544,,-0.26,[Fe/H],,,,
Kepler-1879,2.479429,Kepler-1879,,,TIC 121944984,Gaia DR3 2102232083029221504,,5865,1.388,1.023,0.38444,59.71227,4.163,7.94,0,[Fe/H],,,,
Kepler-188,2.529317,Kepler-188,,,TIC 123235018,Gaia DR3 2117317829237452160,,6021,1.141,1.021,0.03447,0.96,4.346,5.8,0.15,[Fe/H],-8.36,,6.3,
Kepler-1880,2.460643,Kepler-1880,,,TIC 121333305,Gaia DR3 2100625696541277312,,4380,0.53,0.524,-0.76168,24.04952,4.71,13.6,-0.92,[Fe/H],,,,
Kepler-1881,2.540307,Kepler-1881,,,TIC 270615772,Gaia DR3 2126446661968043136,,5135,0.874,0.812,-0.3067,2.3989,4.464,0.9,0.12,[Fe/H],,,,
Kepler-1882,2.512300,Kepler-1882,,,TIC 159449495,Gaia DR3 2126078080761742336,,5691,1.458,1.068,0.23674,0.04456,4.139,6.61,0.26,[Fe/H],,,,
Kepler-1883,2.488503,Kepler-1883,,,TIC 63121790,Gaia DR3 2101700297360624128,,6208,1.024,1.086,-0.01559,7.44965,4.454,,-0.12,[Fe/H],,,,
Kepler-1884,2.506063,Kepler-1884,,,TIC 272707494,Gaia DR3 2078716484251777152,,5984,0.906,0.993,0.27711,0.04995,4.521,0.3,-0.2,[Fe/H],,,,
Kepler-1885,2.9997,Kepler-1885,,,TIC 158839043,Gaia DR3 2130910988412248192,,5591,0.86,0.977,-0.17642,0.06929,4.559,0.9,0.07,[Fe/H],,,,
Kepler-1886,2.440903,Kepler-1886,,,TIC 184417747,Gaia DR3 2073294414466892288,,5745,0.837,0.928,-0.16101,1.67687,4.559,,-0.2,[Fe/H],,,,
Kepler-1887,2.536683,Kepler-1887,,,TIC 158844032,Gaia DR3 2127133753654360192,,5749,0.864,0.961,-0.18953,33.2308,4.547,0.5,-0.1,[Fe/H],,,,
Kepler-1888,2.482932,Kepler-1888,,,TIC 122066892,Gaia DR3 2102245375949400960,,5557,1.249,0.897,0.37424,0.12472,4.198,11.3,0,[Fe/H],,,,
Kepler-1889,2.473071,Kepler-1889,,,TIC 169178161,Gaia DR3 2076787116226614272,,5646,0.817,0.864,0.21977,0.07304,4.55,,-0.28,[Fe/H],,,,
Kepler-189,2.529690,Kepler-189,,,TIC 158494327,Gaia DR3 2106137960646125312,,5235,0.75,0.803,-0.44774,1.86,4.619,3.98,-0.04,[Fe/H],,,,
Kepler-1890,2.461266,Kepler-1890,,,TIC 137754713,Gaia DR3 2053515849540816768,,6046,1.396,1.024,0.26655,0.06351,4.158,2.65,-0.16,[Fe/H],,,,
Kepler-1891,2.529879,Kepler-1891,,,TIC 159221689,Gaia DR3 2126892067256468736,,5516,0.827,0.873,-0.23134,18.26995,4.544,3.7,-0.14,[Fe/H],,,,
Kepler-1892,2.489483,Kepler-1892,,,TIC 268492383,Gaia DR3 2075381734212529792,,5383,0.759,0.851,-0.30112,2.84913,4.603,0.5,-0.22,[Fe/H],,,,
Kepler-1893,2.539133,Kepler-1893,,,TIC 274022334,Gaia DR3 2079299809530106496,,5633,1.162,0.973,0.15984,1.69464,4.296,13.9,0.16,[Fe/H],,,,
Kepler-1894,2.37916,Kepler-1894,,,TIC 27531854,Gaia DR3 2134931077802625792,,5772,0.901,0.999,-0.26976,1.72975,4.528,0.5,0,[Fe/H],,,,
Kepler-1894,2.37916,Kepler-1894,,,TIC 27531854,Gaia DR3 2134931077802625792,,5772,0.901,0.999,-0.26976,2.85231,4.528,0.5,0,[Fe/H],,,,
Kepler-1895,2.27835,Kepler-1895,,,TIC 26493559,Gaia DR3 2129716192930293888,,5076,0.763,0.86,-0.22959,15.96325,4.598,1.2,0.1,[Fe/H],,,,
Kepler-1896,2.452814,Kepler-1896,,,TIC 394175334,Gaia DR3 2101351511654637696,,6122,0.996,1.07,0.17382,4.06187,4.471,,-0.1,[Fe/H],,,,
Kepler-1897,2.436372,Kepler-1897,,,TIC 138645719,Gaia DR3 2052410599840071040,,5165,0.761,0.859,-0.38987,6.28471,4.599,4.2,0.02,[Fe/H],,,,
Kepler-1898,2.425849,Kepler-1898,,,TIC 121124617,Gaia DR3 2099597408349457024,,5702,1.125,0.837,-0.23539,3.75634,4.258,13.18,-0.28,[Fe/H],,,,
Kepler-1899,2.420987,Kepler-1899,,,TIC 137348756,Gaia DR3 2051903999855859712,,4791,0.742,0.759,-0.67239,2.29926,4.577,13.9,0.07,[Fe/H],,,,
Kepler-19,2.419911,Kepler-19,,,TIC 122375047,Gaia DR3 2051106987063242880,,5544,0.859,0.936,-0.16056,1.33,4.51,1.9,-0.08,[Fe/H],-11.01243,,2,
Kepler-19,2.419911,Kepler-19,,,TIC 122375047,Gaia DR3 2051106987063242880,,5541,0.859,0.936,-0.16056,1.33,4.55,1.9,-0.13,[Fe/H],-11.01243,,2,
Kepler-190,2.536642,Kepler-190,,,TIC 158789380,Gaia DR3 2127179245948119424,,5106,0.795,0.834,-0.44055,1.88,4.561,1.48,0.06,[Fe/H],,,,
Kepler-1900,2.532043,Kepler-1900,,,TIC 63010445,Gaia DR3 2126561732730882432,,6173,1.041,1.104,0.21994,0.91284,4.447,0.4,-0.04,[Fe/H],,,,
Kepler-1901,2.545837,Kepler-1901,,,TIC 159647219,Gaia DR3 2126648422351703168,,5696,0.921,1.022,-0.00315,10.4217,4.519,0.7,0.14,[Fe/H],,,,
Kepler-1902,2.488633,Kepler-1902,,,TIC 63370825,Gaia DR3 2077668752749671424,,3729,0.514,0.52,-1.11736,1.67701,4.733,,0.06,[Fe/H],,,,
Kepler-1903,2.50706,Kepler-1903,,,TIC 417655814,Gaia DR3 2136206476929730688,,6347,0.996,1.053,0.29209,0.67733,4.464,0.23,-0.34,[Fe/H],,,,
Kepler-1904,2.50089,Kepler-1904,,,TIC 299089587,Gaia DR3 2133344104564365184,,3805,0.497,0.526,-1.29761,41.37983,4.767,5.83,-0.1,[Fe/H],,,,
Kepler-1905,2.561881,Kepler-1905,,,TIC 63362238,Gaia DR3 2128263776731304960,,5788,1.015,1.038,-0.02528,5.01632,4.442,0.3,0.16,[Fe/H],,,,
Kepler-1906,2.431831,Kepler-1906,,,TIC 138366224,Gaia DR3 2052379641715057408,,5868,0.894,0.987,0.24215,25.48804,4.53,0.5,-0.12,[Fe/H],,,,
Kepler-1907,2.7810,Kepler-1907,,,TIC 123130285,Gaia DR3 2119409512668086656,,5159,0.8,0.752,-0.62479,0.08552,4.508,14,-0.16,[Fe/H],-15.61,,4.1,
Kepler-1907,2.7810,Kepler-1907,,,TIC 123130285,Gaia DR3 2119409512668086656,,5159,0.8,0.752,-0.62479,0.62612,4.508,14,-0.16,[Fe/H],-15.61,,4.1,
Kepler-1909,2.495344,Kepler-1909,,,TIC 159573063,Gaia DR3 2101944835616987136,,4935,0.685,0.663,-0.57623,2.65201,4.589,13.9,-0.42,[Fe/H],,,,
Kepler-191,2.545842,Kepler-191,,,TIC 159647213,Gaia DR3 2126648731589350272,,5282,0.789,0.857,-0.4145,1.82,4.594,1,0.13,[Fe/H],,,,
Kepler-191,2.545842,Kepler-191,,,TIC 159647213,Gaia DR3 2126648731589350272,,5215,0.8,0.84,-0.4145,1.82,4.56,4.9,-0.05,[Fe/H],,,,
Kepler-1910,2.472970,Kepler-1910,,,TIC 360023069,Gaia DR3 2076834463947219584,,4234,0.639,0.636,-0.927,2.38088,4.63,13.9,-0.02,[Fe/H],,,,
Kepler-1911,2.478872,Kepler-1911,,,TIC 171971636,Gaia DR3 2075162102458709632,,5721,0.972,0.954,-0.07794,0.48279,4.442,,0,[Fe/H],,,,
Kepler-1912,2.559153,Kepler-1912,,,TIC 123444694,Gaia DR3 2119099931425654912,,5734,0.962,0.977,-0.04936,15.23066,4.462,2.24,0.04,[Fe/H],,,,
Kepler-1913,2.536842,Kepler-1913,,,TIC 159304134,Gaia DR3 2126997654731597440,,6214,1.076,1.169,-0.05481,0.67357,4.442,,0.07,[Fe/H],,,,
Kepler-1914,2.428798,Kepler-1914,,,TIC 137151294,Gaia DR3 2052735368085096576,,5982,0.96,1.047,0.07728,3.71889,4.493,,-0.04,[Fe/H],,,,
Kepler-1915,2.529195,Kepler-1915,,,TIC 185184560,Gaia DR3 2081880913079644288,,6020,1.057,1.03,0.06133,0.07571,4.403,,-0.06,[Fe/H],,,,
Kepler-1916,2.23009,Kepler-1916,,,TIC 26751240,Gaia DR3 2128907162832189056,,6246,1.092,1.18,0.21407,1.53674,4.433,,0.07,[Fe/H],,,,
Kepler-1917,2.541826,Kepler-1917,,,TIC 270857590,Gaia DR3 2079911859548385536,,5530,0.788,0.882,-0.29551,6.23823,4.586,,-0.22,[Fe/H],,,,
Kepler-1918,2.492027,Kepler-1918,,,TIC 63214893,Gaia DR3 2125711432287012992,,5889,0.924,0.967,-0.3081,3.1585,4.492,,-0.16,[Fe/H],,,,
Kepler-1919,2.520826,Kepler-1919,,,TIC 164459883,Gaia DR3 2105329819599365248,,5513,0.818,0.868,-0.27362,2.40934,4.551,,-0.16,[Fe/H],,,,
Kepler-192,2.548609,Kepler-192,,,TIC 158626833,Gaia DR3 2130243550494676480,,5487,0.94,0.94,-0.09429,1.11,4.46,6.76,0.13,[Fe/H],,,,
Kepler-192,2.548609,Kepler-192,,,TIC 158626833,Gaia DR3 2130243550494676480,,5479,1.007,1.028,-0.09429,1.11,4.428,2.95,0.357,[M/H],,,,
Kepler-1920,2.431407,Kepler-1920,,,TIC 122716838,Gaia DR3 2052942900903300352,,6277,1.161,1.239,0.10034,27.41847,4.402,,0.21,[Fe/H],,,,
Kepler-1921,2.548176,Kepler-1921,,,TIC 239287963,Gaia DR3 2085204015173031552,,6120,2,1.251,0.80624,0.60326,3.934,3.39,0.02,[Fe/H],,,,
Kepler-1921,2.548176,Kepler-1921,,,TIC 239287963,Gaia DR3 2085204015173031552,,6120,2,1.251,0.80624,0.51611,3.934,3.39,0.02,[Fe/H],,,,
Kepler-1922,2.421048,Kepler-1922,,,TIC 137548365,Gaia DR3 2051898055621339648,,5931,0.863,0.953,0.15221,0.0791,4.545,,-0.28,[Fe/H],,,,
Kepler-1923,2.456002,Kepler-1923,,,TIC 170346220,Gaia DR3 2073768407058939648,,5881,1.294,1.109,0.257,0.82312,4.259,,0.16,[Fe/H],,,,
Kepler-1924,2.502430,Kepler-1924,,,TIC 270705258,Gaia DR3 2077774443305045376,,5726,1.285,1.018,0.45229,0.18991,4.228,,0.16,[Fe/H],,,,
Kepler-1925,2.542840,Kepler-1925,,,TIC 159177232,Gaia DR3 2127063316192062464,,5856,1.092,1.057,0.36494,0.97501,4.386,,0.16,[Fe/H],,,,
Kepler-1926,2.525721,Kepler-1926,,,TIC 159649308,Gaia DR3 2126202432947724160,,5256,0.832,0.768,-0.64728,49.97101,4.483,,-0.16,[Fe/H],,,,
Kepler-1927,2.476656,Kepler-1927,,,TIC 184427149,Gaia DR3 2076827454560320768,,6056,2.481,1.408,0.77402,0.26863,3.797,2.88,0.14,[Fe/H],,,,
Kepler-1928,2.427324,Kepler-1928,,,TIC 122450696,Gaia DR3 2052827207364859264,,5720,0.92,1.01,-0.09151,1.832774,4.533,0.105,0.12,[Fe/H],-26.79,4.69,10.4,
Kepler-1929,2.10943,Kepler-1929,,,TIC 269029175,Gaia DR3 2085651305945898368,,5786,1.471,1.006,0.5928,0.19141,4.106,6.92,-0.02,[Fe/H],,,,
Kepler-193,2.566771,Kepler-193,,,TIC 272496083,Gaia DR3 2080334106374197376,,6335,1.147,1.051,0.09956,1.03,4.403,0.3,0,[Fe/H],,,,
Kepler-1930,2.450213,Kepler-1930,,,TIC 169560572,Gaia DR3 2073655432234604288,,5083,0.844,0.844,-0.50545,17.54038,4.512,0.62,0.22,[Fe/H],,,,
Kepler-1931,2.510567,Kepler-1931,,,TIC 159571280,Gaia DR3 2126061214423631232,,6167,1.221,1.174,0.4741,0.04356,4.333,4.57,0.12,[Fe/H],,,,
Kepler-1932,2.468459,Kepler-1932,,,TIC 120496423,Gaia DR3 2103829913941569664,,5278,0.815,0.911,-0.35191,9.04642,4.576,1.45,0.14,[Fe/H],,,,
Kepler-1933,2.446805,Kepler-1933,,,TIC 120103486,Gaia DR3 2103314346067173504,,5661,1.008,0.964,-0.11595,0.11518,4.415,1.86,0.1,[Fe/H],,,,
Kepler-1934,2.53324,Kepler-1934,,,TIC 122680921,Gaia DR3 2051019683267537024,,5925,1.035,0.968,0.1085,1.95904,4.394,3.16,-0.14,[Fe/H],,,,
Kepler-1935,2.445032,Kepler-1935,,,TIC 184469205,Gaia DR3 2073307917844452480,,5570,0.899,0.845,0.16401,0.37279,4.458,,-0.18,[Fe/H],,,,
Kepler-1936,2.538547,Kepler-1936,,,TIC 159451957,Gaia DR3 2127007584695708416,,6501,1.854,1.419,0.45627,0.0778,4.054,2.57,0.1,[Fe/H],,,,
Kepler-1937,2.463212,Kepler-1937,,,TIC 122597057,Gaia DR3 2101567359532639872,,6457,1.196,1.19,0.20922,10.74611,4.358,2.45,-0.06,[Fe/H],,,,
Kepler-1938,2.471700,Kepler-1938,,,TIC 171972797,Gaia DR3 2075121459200474880,,4522,0.655,0.646,-0.64954,3.33724,4.615,,-0.22,[Fe/H],,,,
Kepler-1939,2.466597,Kepler-1939,,,TIC 120578688,Gaia DR3 2103800158408255872,,4353,0.603,0.648,-0.80789,19.1089,4.681,,-0.18,[Fe/H],,,,
Kepler-194,2.16026,Kepler-194,,,TIC 63070427,Gaia DR3 2129234336259850240,,6089,1.025,0.94,0.0427,1.02,4.415,2.5,-0.03,[Fe/H],,,,
Kepler-1940,2.544348,Kepler-1940,,,TIC 159647359,Gaia DR3 2126645673572302080,,5431,0.717,0.802,-0.37735,6.15348,4.623,,-0.44,[Fe/H],,,,
Kepler-1941,2.34796,Kepler-1941,,,TIC 351191396,Gaia DR3 2086844692677679872,,6404,1.142,1.175,0.43611,0.46086,4.393,,-0.06,[Fe/H],,,,
Kepler-1942,2.532213,Kepler-1942,,,TIC 271350547,Gaia DR3 2079825273006700160,,5834,0.797,0.852,-0.07518,50.65963,4.566,,-0.5,[Fe/H],,,,
Kepler-1943,2.471059,Kepler-1943,,,TIC 138100223,Gaia DR3 2077381299180152704,,6032,0.973,1.055,0.44535,0.00445,4.485,5.25,-0.06,[Fe/H],,,,
Kepler-1944,2.436833,Kepler-1944,,,TIC 184554636,Gaia DR3 2073229474559368832,,5585,0.972,1.064,-0.08284,19.93158,4.49,,0.48,[Fe/H],,,,
Kepler-1945,2.491178,Kepler-1945,,,TIC 123408849,,,4991,0.804,0.767,-0.441,21.56713,4.513,,0.04,[Fe/H],,,,
Kepler-1946,2.501453,Kepler-1946,,,TIC 123451321,Gaia DR3 2104797381093952256,,5505,0.873,0.887,-0.27885,6.04095,4.503,,-0.04,[Fe/H],,,,
Kepler-1947,2.494305,Kepler-1947,,,TIC 272180236,Gaia DR3 2077219499172974848,,6040,1.686,0.984,0.11057,1.82834,3.978,0.98,-0.44,[Fe/H],,,,
Kepler-1948,2.14196,Kepler-1948,,,TIC 158489110,Gaia DR3 2131059972237410560,,3872,0.557,0.585,-0.8617,9.70376,4.714,,0.12,[Fe/H],,,,
Kepler-1949,2.505703,Kepler-1949,,,TIC 270611599,Gaia DR3 2077827284282464896,,6028,1.454,1.194,0.7131,0.79495,4.189,,0.14,[Fe/H],,,,
Kepler-195,2.17097,Kepler-195,,,TIC 298837729,Gaia DR3 2130982113070876160,,5329,0.775,0.867,-0.36708,1.7,4.603,2.19,0.04,[Fe/H],,,,
Kepler-1950,2.498347,Kepler-1950,,,TIC 158388625,Gaia DR3 2105573945541164544,,5455,0.852,0.759,-0.22345,5.23259,4.457,,-0.34,[Fe/H],,,,
Kepler-1951,2.452953,Kepler-1951,,,TIC 122446866,Gaia DR3 2101129032350251904,,5468,1.306,0.923,0.50112,0.24955,4.171,,0.14,[Fe/H],,,,
Kepler-1952,2.521142,Kepler-1952,,,TIC 158635959,Gaia DR3 2103115403182003328,,5973,1.305,0.922,0.291,0.00452,4.171,,-0.34,[Fe/H],,,,
Kepler-1953,2.563596,Kepler-1953,,,TIC 158625687,Gaia DR3 2130377106797534336,,4858,0.707,0.786,-0.62962,1.97131,4.622,,-0.02,[Fe/H],,,,
Kepler-1954,2.511417,Kepler-1954,,,TIC 273694735,Gaia DR3 2078630756707737600,,5840,0.849,0.942,0.04503,2.52639,4.553,,-0.24,[Fe/H],,,,
Kepler-1955,2.458306,Kepler-1955,,,TIC 172372582,Gaia DR3 2075040537699996288,,5825,1.291,1.049,0.22965,2.16725,4.237,4.37,0.14,[Fe/H],,,,
Kepler-1956,2.39877,Kepler-1956,,,TIC 27233725,Gaia DR3 2135052298959703296,,4391,0.682,0.671,-1.04512,7.87556,4.598,,0.04,[Fe/H],,,,
Kepler-1957,2.16204,Kepler-1957,,,TIC 26961214,Gaia DR3 2128835110460415616,,4904,0.772,0.745,-0.60069,0.93901,4.535,,0,[Fe/H],,,,
Kepler-1958,2.481072,Kepler-1958,,,TIC 121943923,Gaia DR3 2102249812654697472,,5749,0.864,0.961,-0.00092,21.27922,4.547,,-0.1,[Fe/H],,,,
Kepler-1959,2.537391,Kepler-1959,,,TIC 272173269,Gaia DR3 2079749303627032448,,5071,0.811,0.768,-0.47365,32.34332,4.505,,-0.02,[Fe/H],,,,
Kepler-196,2.487890,Kepler-196,,,TIC 164828012,Gaia DR3 2104094071610116608,,5128,0.782,0.839,-0.39257,1.74,4.566,3.09,0.03,[Fe/H],,,,
Kepler-196,2.487890,Kepler-196,,,TIC 164828012,Gaia DR3 2104094071610116608,,5132,0.77,0.805,-0.39257,0.94786,4.571,3.09,-0.06,[Fe/H],,,,
Kepler-1960,2.570331,Kepler-1960,,,TIC 271253848,Gaia DR3 2128518348032523392,,6371,1.072,1.117,0.27069,0.86477,4.426,,-0.18,[Fe/H],,,,
Kepler-1961,2.442451,Kepler-1961,,,TIC 120821730,Gaia DR3 2100656826462352128,,5401,0.777,0.871,-0.27557,1.9082,4.593,,-0.16,[Fe/H],,,,
Kepler-1962,2.450899,Kepler-1962,,,TIC 122070274,Gaia DR3 2101255751063996672,,5700,1.006,1.003,-0.12198,0.07953,4.434,,0.16,[Fe/H],,,,
Kepler-1963,2.7353,Kepler-1963,,,TIC 272597196,Gaia DR3 2080561636560110464,,5726,0.979,0.915,-0.2592,5.35253,4.418,4.07,-0.1,[Fe/H],,,,
Kepler-1964,2.35956,Kepler-1964,,,TIC 27991150,,,4803,0.698,0.752,-0.631,0.43127,4.623,,-0.08,[Fe/H],,,,
Kepler-1965,2.422025,Kepler-1965,,,TIC 137635841,Gaia DR3 2051918293507634048,,5852,0.837,0.928,-0.07602,0.13559,4.559,4.57,-0.3,[Fe/H],,,,
Kepler-1966,2.472584,Kepler-1966,,,TIC 137627194,Gaia DR3 2053614049674000512,,5009,0.84,0.797,-0.56655,3.74749,4.491,,0.16,[Fe/H],,,,
Kepler-1967,2.513144,Kepler-1967,,,TIC 268604336,Gaia DR3 2075973718142345472,,4970,1.806,0.996,-0.56664,0.4597,3.924,6.92,0.32,[Fe/H],,,,
Kepler-1968,2.545873,Kepler-1968,,,TIC 159762011,Gaia DR3 2126669411851377792,,5008,0.788,0.844,-0.64972,3.17541,4.572,,0.18,[Fe/H],,,,
Kepler-1969,2.35688,Kepler-1969,,,TIC 27240575,Gaia DR3 2135025601442520192,,6046,1.007,1.111,-0.1809,7.17422,4.478,,0.07,[Fe/H],,,,
Kepler-197,2.46230,Kepler-197,,,TIC 27397848,Gaia DR3 2135179533070399232,,6004,1.12,0.857,0.22187,0.55,4.304,5.37,-0.441,[M/H],1.2311,,,
Kepler-1972,2.445457,Kepler-1972,,,TIC 121604440,Gaia DR3 2099783127036908416,,5818,1.384,1.12,0.29447,0.625963,4.2,7.4,0.23,[M/H],,,,
Kepler-1976,2.27883,Kepler-1976,,,TIC 26584326,Gaia DR3 2129671220332872192,,5712,1.082,0.976,0.04119,1.46169,4.359,0.3,0.1,[Fe/H],,,,
Kepler-1977,2.53283,Kepler-1977,,,TIC 122515768,Gaia DR3 2051027792165858304,,4805,0.688,0.769,-0.69414,2.61043,4.633,1.3,-0.06,[Fe/H],,,,
Kepler-1978,2.421364,Kepler-1978,,,TIC 120693914,Gaia DR3 2099854801450635520,,5251,0.778,0.869,-0.29793,1.4533,4.592,0.6,-0.04,[Fe/H],,,,
Kepler-1979,2.424809,Kepler-1979,,,TIC 122142813,Gaia DR3 2051368434612892800,,5942,0.938,1.028,-0.09382,0.0112,4.506,0.4,-0.06,[Fe/H],,,,
Kepler-198,2.428640,Kepler-198,,,TIC 122519154,Gaia DR3 2052852912747829760,,5574,0.94,0.995,-0.1089,1.37,4.467,0.51,0.1142,[M/H],,,,
Kepler-198,2.428640,Kepler-198,,,TIC 122519154,Gaia DR3 2052852912747829760,,5636,0.93,0.97,-0.1089,1.37,4.49,3.72,0.04,[Fe/H],,,,
Kepler-1980,2.429426,Kepler-1980,,,TIC 139036617,Gaia DR3 2052139123549626240,,5819,0.99,1.049,0.22397,1.34535,4.468,,0.14,[Fe/H],,,,
Kepler-1981,2.429878,Kepler-1981,,,TIC 121457557,Gaia DR3 2099583977992504576,,5874,3.006,1.519,0.24356,0.41255,3.664,,0.12,[Fe/H],,,,
Kepler-1982,2.442555,Kepler-1982,,,TIC 121215807,Gaia DR3 2100524610190045312,,6202,1.122,1.213,0.37137,2.40673,4.422,2.63,0.21,[Fe/H],,,,
Kepler-1983,2.448258,Kepler-1983,,,TIC 169078948,Gaia DR3 2073697660354300544,,5135,0.874,0.812,-0.48076,0.83126,4.464,13.7,0.12,[Fe/H],,,,
Kepler-1984,2.463311,Kepler-1984,,,TIC 137089954,Gaia DR3 2101508501301083520,,3638,0.42,0.45,-1.55,0.03649,4.844,13.8,-0.14,[Fe/H],,,,
Kepler-1985,2.490542,Kepler-1985,,,TIC 270609465,,,5370,0.966,0.877,-0.155,0.47172,4.411,,0.14,[Fe/H],,,,
Kepler-1986,2.502281,Kepler-1986,,,TIC 240184288,Gaia DR3 2125848733801094912,,5549,0.732,0.776,-0.41148,6.2798,4.6,,-0.54,[Fe/H],,,,
Kepler-1987,2.504237,Kepler-1987,,,TIC 271958892,Gaia DR3 2078000289864478976,,4769,0.714,0.799,-0.61631,4.38761,4.622,,0.12,[Fe/H],,,,
Kepler-1987,2.504237,Kepler-1987,,,TIC 271958892,Gaia DR3 2078000289864478976,,4769,0.714,0.799,-0.61631,3.36374,4.622,,0.12,[Fe/H],,,,
Kepler-1987,2.504237,Kepler-1987,,,TIC 271958892,Gaia DR3 2078000289864478976,,4769,0.714,0.799,-0.61631,4.04262,4.622,,0.12,[Fe/H],,,,
Kepler-1987,2.504237,Kepler-1987,,,TIC 271958892,Gaia DR3 2078000289864478976,,4769,0.714,0.799,-0.61631,4.37105,4.622,,0.12,[Fe/H],,,,
Kepler-1988,2.518521,Kepler-1988,,,TIC 268160366,,,6033,1.788,1.127,0.582,0.01874,3.985,,-0.1,[Fe/H],,,,
Kepler-1989,2.523503,Kepler-1989,,,TIC 159450616,Gaia DR3 2126119862195142272,,6032,1.06,0.999,0.27935,1.1647,4.387,,-0.14,[Fe/H],,,,
Kepler-199,2.453803,Kepler-199,,,TIC 184090767,Gaia DR3 2076391669999950720,,5644,0.967,0.96,-0.09685,1.3,4.438,1.45,0,[Fe/H],,,,
Kepler-1990,2.532597,Kepler-1990,,,TIC 269119490,Gaia DR3 2076121602454770560,,5751,1.071,1.028,0.11702,1.36796,4.391,2.5,0.21,[Fe/H],,,,
Kepler-1990,2.532597,Kepler-1990,,,TIC 269119490,Gaia DR3 2076121602454770560,,5751,1.071,1.028,0.11702,0.91819,4.391,2.5,0.21,[Fe/H],,,,
Kepler-1991,2.541032,Kepler-1991,,,TIC 164831457,Gaia DR3 2106371744306291328,,5478,1.053,0.914,-0.1085,1.80709,4.354,6.76,0.16,[Fe/H],,,,
Kepler-1991,2.541032,Kepler-1991,,,TIC 164831457,Gaia DR3 2106371744306291328,,5478,1.053,0.914,-0.1085,1.60255,4.354,6.76,0.16,[Fe/H],,,,
Kepler-1992,2.541961,Kepler-1992,,,TIC 271428166,Gaia DR3 2079880695265507328,,5383,0.842,0.874,-0.00858,1.62557,4.528,13.49,0,[Fe/H],,,,
Kepler-1993,2.543192,Kepler-1993,,,TIC 270700335,Gaia DR3 2127956360152391168,,5159,3.062,1.373,0.778,0.76375,3.604,4.68,-0.04,[Fe/H],,,,
Kepler-1994,2.560761,Kepler-1994,,,TIC 273043474,Gaia DR3 2080271674728481280,,5495,0.961,0.932,-0.04165,2.02284,4.442,5.01,0.16,[Fe/H],,,,
Kepler-1995,2.561208,Kepler-1995,,,TIC 164721823,Gaia DR3 2107244481660894592,,5029,0.93,0.847,-0.55559,14.00765,4.429,2.04,0.48,[Fe/H],,,,
Kepler-1996,2.565437,Kepler-1996,,,TIC 164892125,Gaia DR3 2107311723669410560,,4580,0.675,0.748,-0.65721,0.49438,4.641,14,0.08,[Fe/H],,,,
Kepler-1996,2.565437,Kepler-1996,,,TIC 164892125,Gaia DR3 2107311723669410560,,4580,0.675,0.748,-0.65721,0.40572,4.641,14,0.08,[Fe/H],,,,
Kepler-1997,2.566973,Kepler-1997,,,TIC 273372570,Gaia DR3 2080296757338392576,,6215,1.052,1.111,0.13162,0.91858,4.44,,-0.06,[Fe/H],,,,
Kepler-1998,2.11176,Kepler-1998,,,TIC 164525250,Gaia DR3 2107658516506930048,,5640,0.921,0.962,-0.0658,4.29145,4.492,4.27,0.06,[Fe/H],,,,
Kepler-1999,2.21010,Kepler-1999,,,TIC 48131702,Gaia DR3 2119710538336363904,,4406,0.628,0.632,-0.77323,0.10144,4.643,,-0.24,[Fe/H],,,,
Kepler-20,2.493225,Kepler-20,,,TIC 158554588,Gaia DR3 2102548708017562112,,5495,0.9164,0.929,-0.16451,1.36,4.446,5.6,0.07,[Fe/H],-20.9269,,0.4,
Kepler-20,2.493225,Kepler-20,,,TIC 158554588,Gaia DR3 2102548708017562112,,5495,0.9639,0.948,-0.16451,1.36,4.446,7.6,0.07,[M/H],-20.9269,,2,
Kepler-200,2.471875,Kepler-200,,,TIC 120252452,Gaia DR3 2103671481186902912,,5678,0.944,0.972,0.00778,1.08,4.454,6.3,-0.006,[M/H],,,,
Kepler-2000,2.40280,Kepler-2000,,,TIC 350814495,Gaia DR3 2132144056342471168,,3757,0.576,0.581,-1.05272,5.1879,4.681,6,0.48,[Fe/H],,,,
Kepler-2000,2.40280,Kepler-2000,,,TIC 350814495,Gaia DR3 2132144056342471168,,3757,0.576,0.581,-1.05272,10.80586,4.681,6,0.48,[Fe/H],,,,
Kepler-2001,2.46009,Kepler-2001,,,TIC 26488618,Gaia DR3 2130124219123552256,,5081,0.77,0.864,-0.54627,0.97395,4.596,4,0.12,[Fe/H],,,,
Kepler-2001,2.46009,Kepler-2001,,,TIC 26488618,Gaia DR3 2130124219123552256,,5081,0.77,0.864,-0.54627,1.80766,4.596,4,0.12,[Fe/H],,,,
Kepler-201,2.472798,Kepler-201,,,TIC 138297190,Gaia DR3 2077386315701921920,,6065,1.229,1.098,0.34816,0.58,4.294,4.07,-0.0442,[M/H],,,,
Kepler-202,2.475355,Kepler-202,,,TIC 258202719,Gaia DR3 2104376405579347968,,4668,0.667,0.683,-0.63817,2.22,4.65,3.24,-0.21,[Fe/H],,,,
Kepler-203,2.476784,Kepler-203,,,TIC 169084431,Gaia DR3 2076792648144511104,,5821,1.114,1.06,0.0937,1.02,4.358,1.78,0.08,[Fe/H],,,,
Kepler-204,2.482712,Kepler-204,,,TIC 120495446,Gaia DR3 2104071978297949056,,5812,1.238,1.038,0.02981,1.11,4.269,1.41,0.07,[Fe/H],,,,
Kepler-205,2.484490,Kepler-205,,,TIC 399822422,Gaia DR3 2104076204545773440,M1 V,4321,0.546,0.592,-0.95618,1.97675,4.735,4.42,-0.1254,[M/H],44.11908,,,
Kepler-206,2.484979,Kepler-206,,,TIC 137342279,Gaia DR3 2101715862321812736,,5764,1.185,0.957,0.08357,0.78,4.311,8.32,0.0213,[M/H],,,,
Kepler-207,2.490088,Kepler-207,,,TIC 159217436,Gaia DR3 2101898759208960640,,5920,1.588,1.313,0.5343,0.28,4.129,3.63,0.29,[Fe/H],,,,
Kepler-208,2.497532,Kepler-208,,,TIC 270781284,Gaia DR3 2077750803804146176,,6092,1.314,1.082,0.30912,0.59,4.265,4.68,-0.0423,[M/H],,,,
Kepler-209,2.498693,Kepler-209,,,TIC 159652365,Gaia DR3 2101964558106974848,,5513,0.935,0.971,-0.12879,1.34,4.472,1.95,0.11,[M/H],,,,
Kepler-21,2.429816,Kepler-21,HD 179070,HIP 94112,TIC 121214185,Gaia DR3 2099606483621385216,F6 IV,6305,1.902,1.408,0.715,0.287,4.026,2.84,-0.03,[Fe/H],-19.1,13.42,8.4,
Kepler-210,2.505542,Kepler-210,,,TIC 63283780,Gaia DR3 2125864573640675968,M0 V,4559,0.65,0.77,-0.79874,1.19397,4.663,1.78,0.2772,[M/H],,,,
Kepler-211,2.506635,Kepler-211,,,TIC 352007758,Gaia DR3 2105743987587112064,,5123,0.816,0.867,-0.4133,1.82,4.547,1.55,0.151,[M/H],,,,
Kepler-212,2.506900,Kepler-212,,,TIC 158551888,Gaia DR3 2102610280669509888,,5852,1.455,1.166,0.38347,0.39,4.182,5.13,0.22,[Fe/H],-7.08125,,,
Kepler-213,2.535095,Kepler-213,,,TIC 159521326,Gaia DR3 2127001056345369984,,5696,1.195,1.07,0.082,0.78,4.31,1.62,0.15,[Fe/H],,,,
Kepler-214,2.539542,Kepler-214,,,TIC 164785720,Gaia DR3 2106748052160620928,,6169,1.352,1.11,0.5108,0.29,4.249,1.58,-0.02,[Fe/H],,,,
Kepler-215,2.544772,Kepler-215,,,TIC 271352188,Gaia DR3 2079885608708649344,,5739,1.027,0.788,-0.1172,1.12,4.364,1.62,-0.4425,[M/H],,,,
Kepler-216,2.558186,Kepler-216,,,TIC 270698499,Gaia DR3 2128067720065692672,,6091,1.26,1.126,0.51836,0.31,4.28,0.28,-0.1489,[M/H],,,,
Kepler-217,2.559914,Kepler-217,,,TIC 240178935,Gaia DR3 2128268380936413568,,6171,1.799,1.342,0.75356,0.25,4.03,2.4,-0.07,[Fe/H],,,,
Kepler-217,2.559914,Kepler-217,,,TIC 240178935,Gaia DR3 2128268380936413568,,6341,1.76,1.37,0.75356,0.25,4.08,2.63,0.09,[Fe/H],,,,
Kepler-218,2.560639,Kepler-218,,,TIC 271662623,Gaia DR3 2080452613110460928,,5542,1.02,1.01,0.00935,0.98,4.42,5.62,0.31,[Fe/H],,,,
Kepler-218,2.560639,Kepler-218,,,TIC 271662623,Gaia DR3 2080452613110460928,,5502,1.063,1.019,0.00935,0.98,4.391,3.02,0.37,[Fe/H],,,,
Kepler-219,2.569640,Kepler-219,,,TIC 158838045,Gaia DR3 2127771917075703424,,5786,1.491,1.164,0.2139,0.75,4.157,4,0.36,[Fe/H],,,,
Kepler-22,2.15857,Kepler-22,,,TIC 158984573,Gaia DR3 2127941757262806656,G5 V,5596,0.869,0.857,-0.19024,1.458,4.443,7,-0.255,[Fe/H],-4.06127,,0.6,
Kepler-220,2.571662,Kepler-220,,,TIC 159759306,Gaia DR3 2129084935820532608,,4632,0.666,0.729,-0.67594,2.22,4.652,6,-0.1738,[M/H],15.90009,,,
Kepler-221,2.572137,Kepler-221,,,TIC 272601375,Gaia DR3 2080344586094498432,,5243,0.821,0.854,-0.40429,1.8,4.543,1.78,0.0616,[M/H],,,,
Kepler-222,2.1739,Kepler-222,,,TIC 158625100,Gaia DR3 2130460394803778816,,5433,0.869,0.933,-0.33784,1.57,4.551,1.17,0.33,[Fe/H],,,,
Kepler-223,2.7618,Kepler-223,,,TIC 273876171,Gaia DR3 2086337508581280256,,5803,1.72,1.125,0.37128,0.00401,4.46,8.91,0.1,[Fe/H],,,,
Kepler-224,2.8523,Kepler-224,,,TIC 159642189,Gaia DR3 2129161734133025408,,5018,0.676,0.777,-0.51445,2.06,4.639,2.29,-0.06,[Fe/H],,,,
Kepler-225,2.10260,Kepler-225,,,TIC 63203294,Gaia DR3 2128469007448159232,M1 V,3682,0.48,0.593,-0.99568,2.7212,4.783,2.88,-0.04,[Fe/H],,,,
Kepler-226,2.16067,Kepler-226,,,TIC 63204017,Gaia DR3 2128504397979254528,,5571,0.802,0.904,-0.23921,1.43,4.586,4.17,0.09,[Fe/H],,,,
Kepler-227,2.20245,Kepler-227,,,TIC 26539443,Gaia DR3 2129273849959814656,,5854,1.091,0.954,-0.12113,1.23,4.401,3.98,0.1,[Fe/H],,,,
Kepler-228,2.21804,Kepler-228,,,TIC 27772524,Gaia DR3 2086660283961964416,,6043,1.014,1.006,0.11115,0.79,4.467,6.76,0.18,[Fe/H],,,,
Kepler-229,2.22576,Kepler-229,,,TIC 399912169,Gaia DR3 2131114947819394816,,5120,0.728,0.808,-0.53795,1.94,4.633,2.04,0.06,[Fe/H],,,,
Kepler-23,2.35629,Kepler-23,,,TIC 27083727,Gaia DR3 2135019107451751168,,5828,1.548,1.078,0.39783,0.410259,4.09,9.12,-0.112,[M/H],,,,
Kepler-230,2.25054,Kepler-230,,,TIC 377782363,Gaia DR3 2131911750150748160,,5588,0.817,0.784,-0.36784,1.72,4.551,1.8,-0.21,[Fe/H],,,,
Kepler-231,2.46088,Kepler-231,,,TIC 27006192,Gaia DR3 2135223204298512128,M1 V,3767,0.49,0.58,-1.03621,7.16212,4.779,3.15,-0.1,[Fe/H],,,,
Kepler-232,2.50331,Kepler-232,,,TIC 27686898,Gaia DR3 2135595045386787200,,5847,0.968,0.97,0.05183,1.33259,4.495,1.4,0.03,[Fe/H],,,,
Kepler-233,2.51257,Kepler-233,,,TIC 27843776,Gaia DR3 2135507084456876928,,5360,0.758,0.855,-0.32754,3.86328,4.614,0.6,-0.09,[Fe/H],,,,
Kepler-234,2.426365,Kepler-234,,,TIC 137318075,Gaia DR3 2052688467040906624,,6224,1.113,1.129,0.23955,0.75,4.421,2.88,0.22,[Fe/H],,,,
Kepler-235,2.437073,Kepler-235,,,TIC 120765183,Gaia DR3 2100082125479729792,M0 V,4255,0.554,0.581,-1.10237,4.14,4.73,6,-0.51,[Fe/H],,39.49,,
Kepler-236,2.445237,Kepler-236,,,TIC 120044687,Gaia DR3 2103311150611475968,M1 V,3750,0.51,0.596005,-1.22915,3.705714,4.753,0.91,-0.05,[Fe/H],,,,
Kepler-237,2.456352,Kepler-237,,,TIC 258348597,Gaia DR3 2103573865170471680,,4861,0.725,0.696,-0.47742,1.84,4.583,3.02,0.22,[Fe/H],,,,
Kepler-238,2.460653,Kepler-238,,,TIC 121460918,Gaia DR3 2100624562669914240,,5751,1.43,1.229,0.43048,0.41907,4.194,4.79,0.34,[Fe/H],,,,
Kepler-238,2.460653,Kepler-238,,,TIC 121460918,Gaia DR3 2100624562669914240,,5800,0.96,1.06,0.43048,0.41907,4.49,4.79,0.34,[Fe/H],,,,
Kepler-239,2.461347,Kepler-239,,,TIC 138641300,Gaia DR3 2077298148611950976,,4914,0.763,0.757,-0.47489,1.83,4.583,3.31,0.17,[Fe/H],,,,
Kepler-24,2.424906,Kepler-24,,,TIC 122376177,Gaia DR3 2052823535171095296,,6028,1.099,1.06,0.064,1.109533,4.33,3.02,-0.0708,[M/H],,,,
Kepler-24,2.424906,Kepler-24,,,TIC 122376177,Gaia DR3 2052823535171095296,,5897,1.289,1.046,0.064,0.01122,4.2,3.02,-0.0708,[M/H],,,,
Kepler-240,2.463288,Kepler-240,,,TIC 122712446,Gaia DR3 2101521042605000832,,4985,0.739,0.868,-0.52355,1.78,4.626,1.91,0.41,[Fe/H],,,,
Kepler-241,2.469300,Kepler-241,,,TIC 137899939,Gaia DR3 2053551068272937088,,4699,0.668,0.671,-0.60729,3.78452,4.627,13.9,0.031,[M/H],,,,
Kepler-242,2.484531,Kepler-242,,,TIC 120899945,Gaia DR3 2103934504985435904,,5020,0.85,0.748,-0.61267,2.17,4.492,2.69,-0.02,[Fe/H],,,,
Kepler-243,2.487911,Kepler-243,,,TIC 164886497,Gaia DR3 2104090257679181696,,5228,0.842,0.904,-0.37337,1.63,4.565,1.86,0.26,[Fe/H],,,,
Kepler-244,2.493164,Kepler-244,,,TIC 158426969,Gaia DR3 2102469921138142208,,5554,0.803,0.933,-0.25619,1.42,4.585,2.4,0.07,[Fe/H],,,,
Kepler-245,2.495459,Kepler-245,,,TIC 63004906,Gaia DR3 2101768089124657664,,5100,0.795,0.856,-0.39579,1.7,4.56,3.63,0.12,[Fe/H],,,,
Kepler-245,2.495459,Kepler-245,,,TIC 63004906,Gaia DR3 2101768089124657664,,5174,0.8,0.86,-0.39579,1.7,4.57,3.63,0.05,[Fe/H],,,,
Kepler-246,2.499451,Kepler-246,,,TIC 272484980,Gaia DR3 2077203728052488192,,5206,0.831,0.853,-0.41338,1.85,4.557,1.26,0.2,[Fe/H],,,,
Kepler-247,2.505264,Kepler-247,,,TIC 158792051,Gaia DR3 2102911581215700096,,5100,0.768,0.887,-0.42165,1.68,4.608,2.14,0.3,[Fe/H],,,,
Kepler-248,2.514181,Kepler-248,,,TIC 275493574,Gaia DR3 2126266823097360000,,5190,0.831,0.838,-0.41834,1.78,4.573,2.34,0.17,[Fe/H],,,,
Kepler-249,2.516560,Kepler-249,,,TIC 272942100,Gaia DR3 2078807228323035008,M2 V,3568,0.482,0.510238,-1.49485,5.344976,4.777,3.86,-0.34,[Fe/H],,,,
Kepler-25,2.439827,Kepler-25,,,TIC 120960812,Gaia DR3 2100451630105041152,F8,6354,1.316,1.165,0.4216,0.75,4.285,2.75,0.11,[Fe/H],-7.59435,,9.34,
Kepler-250,2.525493,Kepler-250,,,TIC 159098652,Gaia DR3 2126903680847794048,,5160,0.805,0.806,-0.45709,1.85,4.565,13.2,0.01,[Fe/H],,,,
Kepler-251,2.526326,Kepler-251,,,TIC 272489533,Gaia DR3 2078832551450444032,,5526,0.89,0.891,-0.17197,1.61,4.486,2,-0.06,[Fe/H],,,,
Kepler-252,2.533833,Kepler-252,,,TIC 271769940,Gaia DR3 2079662785806103936,M0 V,4208,0.549,0.61,-0.78566,3.83419,4.721,13.9,-0.13,[Fe/H],,,,
Kepler-253,2.538670,Kepler-253,,,TIC 63065911,Gaia DR3 2126576679217244160,,5208,0.786,0.86,-0.38741,1.66,4.595,3.72,0.15,[Fe/H],,,,
Kepler-254,2.552931,Kepler-254,,,TIC 158665380,Gaia DR3 2130250731680096384,,5957,0.91,0.849,-0.12491,1.25,4.524,0.3,-0.13,[Fe/H],,,,
Kepler-255,2.555196,Kepler-255,,,TIC 272083669,Gaia DR3 2080202611655694336,,5573,0.933,0.867,-0.18311,1.50018,4.516,2.4,0.3386,[M/H],,,,
Kepler-255,2.555196,Kepler-255,,,TIC 272083669,Gaia DR3 2080202611655694336,,5431,0.86,0.9,-0.18311,1.50018,4.53,4.37,0.02,[Fe/H],,,,
Kepler-256,2.556197,Kepler-256,,,TIC 63362772,Gaia DR3 2128250926189039488,,5551,1.301,1.037,-0.0591,1.15,4.223,1.82,0.26,[Fe/H],,,,
Kepler-257,2.557064,Kepler-257,,,TIC 273132699,Gaia DR3 2080246282881778048,,5180,1.037,0.916,-0.37756,1.63,4.36,1.48,0.4,[Fe/H],,,,
Kepler-258,2.566251,Kepler-258,,,TIC 270854411,Gaia DR3 2128150217796747520,,4942,0.915,0.82,-0.57541,3.0299,4.441,13.7,0.3031,[M/H],,,,
Kepler-259,2.567685,Kepler-259,,,TIC 158664318,Gaia DR3 2130405041264941184,,5938,0.898,0.867,-0.15271,1.22,4.532,0.4,-0.09,[Fe/H],,,,
Kepler-26,2.565410,Kepler-26,,,TIC 164833065,Gaia DR3 2107317358665730688,M0 V,3914,0.512,0.544,-1.06048,5.98262,4.68,2.95,-0.13,[Fe/H],,,1.9,
Kepler-26,2.565410,Kepler-26,,,TIC 164833065,Gaia DR3 2107317358665730688,M0 V,4486,0.571,0.593,-1.06048,5.98262,4.733,2.95,-0.21,[M/H],,,1.9,
Kepler-260,2.421883,Kepler-260,,,TIC 137348863,Gaia DR3 2051907813786770688,,5250,0.862,1.013,-0.09198,1.29,4.494,1.15,0.29,[Fe/H],,,,
Kepler-261,2.301946,Kepler-261,,,TIC 137148674,Gaia DR3 2052528625536778624,,5098,0.794,0.834,-0.471,1.91,4.561,0.87,0.1621,[M/H],,,,
Kepler-262,2.53297,Kepler-262,,,TIC 122673489,Gaia DR3 2051030231707057024,,5841,0.881,0.816,-0.13988,1.55,4.541,3.55,-0.3382,[M/H],,,,
Kepler-263,2.250749,Kepler-263,,,TIC 137637249,Gaia DR3 2051832634677771008,,5265,0.785,0.793,-0.45614,2,4.576,2.24,-0.0314,[M/H],,,,
Kepler-264,2.53714,Kepler-264,,,TIC 137347078,Gaia DR3 2051738798233021824,,6158,1.55,1.426,0.68915,0.2,4.147,2.45,0.0469,[M/H],,,,
Kepler-265,2.472366,Kepler-265,,,TIC 122445076,Gaia DR3 2101776885215761152,,5835,1.103,0.97,0.00548,1.16,4.326,0.28,-0.11,[Fe/H],,,,
Kepler-266,2.526007,Kepler-266,,,TIC 271046092,Gaia DR3 2078328287926130304,,5885,1.028,0.947,0.01163,1.11507,4.453,4.79,0.16,[Fe/H],,,,
Kepler-267,2.6183,Kepler-267,,,TIC 269357457,Gaia DR3 2085626983551485440,M1 V,4258,0.555,0.541571,-1.22915,4.69279,4.729,3.06,-0.18,[Fe/H],,,,
Kepler-268,2.421900,Kepler-268,,,TIC 137348987,Gaia DR3 2051908157384215296,,6081,1.274,1.109,0.31808,0.59,4.287,1.71,0.0009,[M/H],,,,
Kepler-269,2.483074,Kepler-269,,,TIC 122297877,Gaia DR3 2101854881822529024,,5847,0.959,0.92,0.36836,0.32,4.5,6.46,0.4,[Fe/H],,,,
Kepler-27,2.469156,Kepler-27,,,TIC 137556626,Gaia DR3 2053586321364864640,,5251,0.817,0.926,-0.32941,1.35056,4.581,1.62,0.21,[Fe/H],,,0.6,
Kepler-27,2.469156,Kepler-27,,,TIC 137556626,Gaia DR3 2053586321364864640,,5400,0.59,0.65,-0.32941,1.68,5.4,1.62,0.41,[M/H],,,0.6,
Kepler-270,2.531275,Kepler-270,,,TIC 123417308,Gaia DR3 2105415306628609024,,6067,1.461,1.17,0.31211,0.63,4.196,2.73,0.15,[Fe/H],,,,
Kepler-271,2.527378,Kepler-271,,,TIC 164414655,Gaia DR3 2105343799713595904,,5555,0.87,0.9,-0.25319,1.36,4.52,4.57,-0.13,[Fe/H],,,,
Kepler-272,2.12299,Kepler-272,,,TIC 268704766,Gaia DR3 2085701097508446464,,5297,0.929,0.91,0.06634,0.57,4.426,13.18,0.04,[Fe/H],,,,
Kepler-273,2.13013,Kepler-273,,,TIC 159726559,Gaia DR3 2129193070214982016,,5626,0.815,0.756,-0.34099,1.67,4.514,10.47,-0.28,[Fe/H],,,,
Kepler-274,2.426610,Kepler-274,,,TIC 137892978,Gaia DR3 2052307864222921088,,6023,1.007,0.883,0.2013,0.5,4.44,12.88,-0.2112,[M/H],,,,
Kepler-275,2.427638,Kepler-275,,,TIC 137634395,Gaia DR3 2051950454223150720,,6165,1.383,1.189,0.44934,0.47,4.229,3.39,0.08,[Fe/H],,,,
Kepler-276,2.434797,Kepler-276,,,TIC 138213510,Gaia DR3 2052304325169514880,,5693,1.03,1.1,-0.08948,1.27,4.46,0.4,-0.29,[Fe/H],,,,
Kepler-276,2.434797,Kepler-276,,,TIC 138213510,Gaia DR3 2052304325169514880,,6105,1.046,0.845,-0.08948,1.27,4.453,0.4,-0.29,[Fe/H],,,,
Kepler-277,2.434135,Kepler-277,,,TIC 120961424,Gaia DR3 2100389610777053056,,5946,1.69,1.12,0.56791,0.25,4.03,3.89,0.09,[Fe/H],,,,
Kepler-278,2.429967,Kepler-278,,,TIC 122225232,Gaia DR3 2052881912366613376,K2 III-IV,4965,2.861,1.227,0.64933,0.07237,3.58,5.761,0.22,[Fe/H],-46.98,,2.5,-5.31
Kepler-279,2.489892,Kepler-279,,,TIC 158428960,Gaia DR3 2102456726998624640,,6689.45,1.43,1.164,0.5188,0.0435,4.12,0.22,-0.1141,[M/H],,,,
Kepler-279,2.489892,Kepler-279,,,TIC 158428960,Gaia DR3 2102456726998624640,,6689.45,1.07,1.1,0.5188,0.0435,4.42,0.22,-0.1141,[M/H],,,,
Kepler-279,2.489892,Kepler-279,,,TIC 158428960,Gaia DR3 2102456726998624640,,6363,1.746,1.2,0.5188,0.0435,4.051,0.22,-0.1141,[M/H],,,,
Kepler-28,2.495531,Kepler-28,,,TIC 63122956,Gaia DR3 2125731464014361088,M0 V,4499.3,0.664,0.684,-0.74494,3.270797,4.62,1.91,0.1451,[M/H],,,,
Kepler-280,2.490197,Kepler-280,,,TIC 159716174,Gaia DR3 2101761079737564672,,5744,0.886,0.962,-0.06437,1.08,4.537,5.62,0.1213,[M/H],,,,
Kepler-281,2.537274,Kepler-281,,,TIC 270858032,Gaia DR3 2078404532186285568,,5723,0.899,0.95,0.14638,0.24809,4.531,0.6,0.02,[Fe/H],,,,
Kepler-281,2.537274,Kepler-281,,,TIC 270858032,Gaia DR3 2078404532186285568,,5717,0.884,0.984,0.14638,2.95931,4.538,0.6,0,[Fe/H],,,,
Kepler-282,2.536350,Kepler-282,,,TIC 164779321,Gaia DR3 2106739943262307200,,5602,0.904,0.86,0.10587,0.64,4.459,12.88,-0.2,[Fe/H],,,,
Kepler-282,2.536350,Kepler-282,,,TIC 164779321,Gaia DR3 2106739943262307200,,5656,0.89,0.97,0.10587,0.64,4.53,12.88,-0.2,[Fe/H],,,,
Kepler-283,2.16191,Kepler-283,,,TIC 270695184,Gaia DR3 2128811951996688768,,4351,0.566,0.596,-0.98297,0.06394,4.721,3.09,-0.17,[Fe/H],,,,
Kepler-284,2.14669,Kepler-284,,,TIC 275486985,Gaia DR3 2128818411627270528,,5615,0.814,0.766,-0.34097,1.84,4.58,0.5,-0.26,[Fe/H],,,,
Kepler-285,2.18829,Kepler-285,,,TIC 26416742,Gaia DR3 2129295427874937856,,5411,0.808,0.915,-0.27923,1.5,4.584,2.88,0.17,[Fe/H],,,,
Kepler-286,2.21440,Kepler-286,,,TIC 290035455,Gaia DR3 2129503716608032256,,5580,0.863,0.83,-0.11623,1.45,4.495,2.75,-0.25,[Fe/H],,,,
Kepler-287,2.24098,Kepler-287,,,TIC 417660580,Gaia DR3 2129509381668153984,K7 V,5806,1.032,0.963,-0.13438,1.29,4.402,2.88,0.117,[M/H],,,,
Kepler-288,2.441308,Kepler-288,,,TIC 121785939,Gaia DR3 2101215309651322880,,5918,1.091,0.842,0.05605,0.8,4.353,12.3,-0.24,[Fe/H],,,,
Kepler-289,2.502833,Kepler-289,,,TIC 273234825,Gaia DR3 2078515170549178880,,5990,1,1.08,0.061,1.58,4.47,0.65,0.05,[Fe/H],,,,
Kepler-289,2.502833,Kepler-289,,,TIC 273234825,Gaia DR3 2078515170549178880,,5990,0.985,1.061,0.061,1.91026,4.47,0.65,-0.0098,[M/H],,,,
Kepler-29,2.10808,Kepler-29,,,TIC 273875635,Gaia DR3 2086435189017387264,,5378,0.732,0.761,-0.29687,1.93,4.6,0.3,-0.44,[Fe/H],,,4,
Kepler-290,2.498270,Kepler-290,,,TIC 158218214,Gaia DR3 2105538623730974848,,5147,0.743,0.756,-0.58591,2.09,4.622,1.1,-0.1,[Fe/H],,,,
Kepler-290,2.498270,Kepler-290,,,TIC 158218214,Gaia DR3 2105538623730974848,,5142,0.755,0.84,-0.58591,3.7212,4.602,1.1,-0.06,[Fe/H],,,,
Kepler-291,2.495089,Kepler-291,,,TIC 158631683,Gaia DR3 2102509125599126144,,6002,1.016,1.023,0.07135,0.65,4.472,7.76,0.23,[Fe/H],,,,
Kepler-292,2.496020,Kepler-292,,,TIC 271960465,Gaia DR3 2077140987172577408,,5299,0.826,0.865,-0.33691,1.59,4.536,5.13,0.04,[Fe/H],,,,
Kepler-293,2.494905,Kepler-293,,,TIC 158216544,Gaia DR3 2105506119417943168,,5804,0.957,0.934,-0.23265,1.51,4.504,1.32,0.1,[Fe/H],,,,
Kepler-294,2.555818,Kepler-294,,,TIC 158487005,Gaia DR3 2130315224909221120,,5913,0.976,0.947,-0.14755,1.26,4.491,3.98,0.11,[Fe/H],,,,
Kepler-295,2.545424,Kepler-295,,,TIC 164890864,Gaia DR3 2106402496271967360,,5603,0.898,0.89,0.62949,0.1,4.444,6.46,-0.03,[Fe/H],,,,
Kepler-296,2.35180,Kepler-296,,,TIC 243271945,Gaia DR3 2132069633148965888,M2 V,3740,0.48,0.498,-1.50864,6.4,4.774,4.2,-0.08,[Fe/H],,,,
Kepler-297,2.27286,Kepler-297,,,TIC 48304302,Gaia DR3 2131748747552136960,,5618,0.897,0.846,-0.09608,1.42611,4.46,1.9,-0.22,[Fe/H],,,,
Kepler-297,2.27286,Kepler-297,,,TIC 48304302,Gaia DR3 2131748747552136960,,5619,0.915,0.927,-0.09608,1.39,4.468,1.9,-0.11,[Fe/H],,,,
Kepler-298,2.28458,Kepler-298,,,TIC 48217868,Gaia DR3 2143758128946411904,,4465,0.582,0.66,-0.73284,6.83183,4.709,2.4,-0.21,[Fe/H],,,,
Kepler-299,2.24922,Kepler-299,,,TIC 48304460,Gaia DR3 2131737340118958336,,5617,1.032,1.004,-0.04352,1.09,4.394,3.24,0.12,[Fe/H],,,,
Kepler-30,2.432366,Kepler-30,,,TIC 399794329,Gaia DR3 2100243616248608896,,5498,0.95,0.99,-0.23658,2,4.77,2,0.18,[Fe/H],,,1.94,
Kepler-300,2.25729,Kepler-300,,,TIC 27458633,Gaia DR3 2134730897967299968,,5986,0.9,1.07,0.33994,0.39973,4.532,3.63,0.04,[Fe/H],,,,
Kepler-301,2.32725,Kepler-301,,,TIC 48419097,Gaia DR3 2131867357368794624,,5815,0.9,1.022,-0.07963,1.22,4.525,1.45,0.187,[M/H],,,,
Kepler-302,2.516101,Kepler-302,,,TIC 270951852,Gaia DR3 2078195212660287616,,5740,1.22,1.021,0.04949,1.06975,4.286,4.47,0.16,[Fe/H],,,,
Kepler-303,2.515287,Kepler-303,,,TIC 164460208,Gaia DR3 2105113765565227648,M0 V,3944,0.485,0.575,-1.0655,5.28345,4.768,7.71,-0.4136,[M/H],,,,
Kepler-304,2.459342,Kepler-304,,,TIC 377909730,Gaia DR3 2076565805151925760,,4817,0.73,0.8,-0.6616,2.33,4.61,2.09,0.05,[Fe/H],,,,
Kepler-304,2.459342,Kepler-304,,,TIC 377909730,Gaia DR3 2076565805151925760,,4731,0.687,0.737,-0.6616,2.33,4.635,2.09,0.03,[Fe/H],,,,
Kepler-305,2.456250,Kepler-305,,,TIC 171879024,Gaia DR3 2073547954981763328,,4974,0.827279,0.82,-0.42318,2.041851,4.51658,4.37,0.09,[Fe/H],,,,
Kepler-305,2.456250,Kepler-305,,,TIC 171879024,Gaia DR3 2073547954981763328,,5080,0.8,0.76,-0.42318,1.74,4.51,4.37,0.09,[Fe/H],,,,
Kepler-305,2.456250,Kepler-305,,,TIC 171879024,Gaia DR3 2073547954981763328,,5090,0.792,0.827,-0.42318,2.326213,4.57,4.37,0.09,[Fe/H],,,,
Kepler-306,2.460750,Kepler-306,,,TIC 121660143,Gaia DR3 2102067396802935680,,4954,0.719,0.75,-0.4693,1.83,4.611,2.63,-0.13,[Fe/H],,,,
Kepler-307,2.457897,Kepler-307,,,TIC 169930145,Gaia DR3 2073691303802278784,,5367,0.814,0.907,-0.12151,1.33,4.46,0.95,0.19,[Fe/H],,,,
Kepler-308,2.457678,Kepler-308,,,TIC 184162776,Gaia DR3 2076400156855612416,,5895,0.941,0.92,-0.11567,2.26029,4.508,0.5,-0.04,[Fe/H],,,,
Kepler-309,2.2605,Kepler-309,,,TIC 273373488,Gaia DR3 2086315415269037696,M0 V,4713,0.721,0.816,-0.574,1.94,4.612,3.02,0.27,[Fe/H],,,,
Kepler-31,2.553386,Kepler-31,,,TIC 270788519,Gaia DR3 2128013019361703936,,6340,1.22,1.21,0.30134,0.61,4.696,0.28,-0.076,[Fe/H],,,,
Kepler-310,2.1824,Kepler-310,,,TIC 158840828,Gaia DR3 2127798442794047104,,5797,0.876,0.854,-0.23934,1.46,4.521,1.9,-0.12,[Fe/H],,,,
Kepler-311,2.2984,Kepler-311,,,TIC 351898154,Gaia DR3 2119534646538533888,,5905,1.188,0.994,0.19328,0.69,4.308,1.95,-0.03,[Fe/H],,,,
Kepler-311,2.2984,Kepler-311,,,TIC 351898154,Gaia DR3 2119534646538533888,,5903,1.156,0.974,0.19328,0.57442,4.3,1.95,-0.1,[Fe/H],,,,
Kepler-312,2.496236,Kepler-312,,,TIC 274030824,Gaia DR3 2078450436800904448,,6115,1.467,1.314,0.59751,0.3,4.191,2.88,0.15,[Fe/H],,,,
Kepler-313,2.28352,Kepler-313,,,TIC 28448998,Gaia DR3 2086932653608913024,,5727,1.536,1.114,0.31196,0.37,4.127,7.08,0.26,[Fe/H],,,,
Kepler-314,2.489026,Kepler-314,,,TIC 271052158,Gaia DR3 2077540827141811200,,5378,0.95,0.99,-0.22569,1.41,4.465,0.98,0.322,[M/H],-21.97649,,,
Kepler-315,2.511422,Kepler-315,,,TIC 273694712,Gaia DR3 2078635910668511872,,5796,1.037,0.831,0.00383,0.03981,4.377,12.3,-0.27,[Fe/H],,,,
Kepler-316,2.525654,Kepler-316,,,TIC 159522175,Gaia DR3 2126214287057239680,,4204,0.52,0.587,-0.93554,4.28989,4.743,3.31,-0.23,[Fe/H],,,,
Kepler-317,2.435076,Kepler-317,,,TIC 138890353,Gaia DR3 2052163518963966336,,5497,0.941,0.865,-0.2078,1.48079,4.493,3.72,0.13,[Fe/H],,,,
Kepler-318,2.570878,Kepler-318,,,TIC 274198407,Gaia DR3 2085559604106082688,,5746,1.189,1.073,0.00394,1.12,4.325,0.95,0.332,[M/H],,,,
Kepler-319,2.444121,Kepler-319,,,TIC 121786630,Gaia DR3 2101230049979183232,,5526,0.903,0.933,-0.18116,1.53,4.487,1.07,0.06,[Fe/H],,,,
Kepler-32,2.567049,Kepler-32,,,TIC 273590427,Gaia DR3 2080287892525359872,M1 V,3900,0.53,0.58,-1.29243,4.215113,4.64,5.6,0,[Fe/H],-32.5,,,
Kepler-320,2.558110,Kepler-320,,,TIC 275575525,Gaia DR3 2128079230577866880,,6435,1.108,1.072,0.37419,0.56,4.419,2.14,-0.1228,[M/H],,,,
Kepler-321,2.525996,Kepler-321,,,TIC 271046140,Gaia DR3 2078327974388092544,,5740,1.194,1.024,-0.00798,1.09,4.302,2.09,0.121,[M/H],-10.76686,,,
Kepler-322,2.527237,Kepler-322,,,TIC 123313142,Gaia DR3 2117317588719059968,,5388,0.89,0.908,-0.28786,1.64,4.501,1.1,0.12,[Fe/H],-22.96,,6.3,
Kepler-323,2.422765,Kepler-323,,,TIC 137150039,Gaia DR3 2052582432887909376,,6004,1.12,1.015,0.15091,0.74,4.38,5.4,-0.14,[Fe/H],,,,
Kepler-324,2.37283,Kepler-324,,,TIC 243271716,Gaia DR3 2132078120004385152,,5233,0.835,0.901,-0.30825,1.85161,4.54,3.39,0.18,[Fe/H],,,,
Kepler-324,2.37283,Kepler-324,,,TIC 243271716,Gaia DR3 2132078120004385152,,5191,0.826,0.844,-0.30825,5.19596,4.53,3.39,0.08,[Fe/H],,,,
Kepler-324,2.37283,Kepler-324,,,TIC 243271716,Gaia DR3 2132078120004385152,,5194,0.84,0.901,-0.30825,1.85161,4.53,3.39,0.18,[Fe/H],,,,
Kepler-325,2.39608,Kepler-325,,,TIC 267671250,Gaia DR3 2133021810218800384,,5752,1.003,0.914,-0.25468,1.6,4.411,0.93,0.02,[Fe/H],,,,
Kepler-326,2.556579,Kepler-326,,,TIC 270956861,Gaia DR3 2128098197152438144,,5105,0.801,0.91,-0.15657,0.81,4.556,13.18,0.2385,[M/H],,,,
Kepler-327,2.523765,Kepler-327,,,TIC 63366281,Gaia DR3 2126336710805475712,,3799,0.492,0.591913,-1.25964,3.773865,4.758,3.28,-0.2,[Fe/H],,,,
Kepler-328,2.449974,Kepler-328,,,TIC 184164097,Gaia DR3 2076373321899335808,,6064,1.06,1.15,0.44013,0.99346,4.44,2.57,0.08,[Fe/H],,,,
Kepler-329,2.545070,Kepler-329,,,TIC 268713285,Gaia DR3 2079224424266279936,,4257,0.523,0.602,-0.97062,2.46841,4.74,3.47,-0.44,[Fe/H],,,,
Kepler-33,2.556009,Kepler-33,,,TIC 158935283,Gaia DR3 2127355923723254272,,5904,1.82,1.291,0.556,0.3,4.027,4.27,0.025,[Fe/H],14.09,,3.4,
Kepler-330,2.538313,Kepler-330,,,TIC 158727691,Gaia DR3 2127181926007695744,,5117,0.722,0.848,-0.44191,1.73,4.636,3.47,0.16,[Fe/H],,,,
Kepler-331,2.438868,Kepler-331,,,TIC 351063265,Gaia DR3 2052794982231985664,,4347,0.492,0.653,-0.78358,6.72352,4.768,1.2,0.1179,[M/H],,,,
Kepler-332,2.9798,Kepler-332,,,TIC 158272257,Gaia DR3 2130683904901068800,,4955,0.72,0.743,-0.5837,2.21,4.611,2.82,-0.13,[Fe/H],,,,
Kepler-333,2.467267,Kepler-333,,,TIC 137556197,Gaia DR3 2053581167404822272,,4259,0.534,0.601,-0.92812,2.78337,4.732,3.24,0.0465,[M/H],,,,
Kepler-334,2.4910,Kepler-334,,,TIC 158394479,Gaia DR3 2130661880308812800,,5828,1.068,1.022,0.05556,1.02,4.385,2.75,-0.012,[M/H],-32.11942,,,
Kepler-335,2.547921,Kepler-335,,,TIC 272085033,Gaia DR3 2079810120364906880,,5877,1.854,1.367,0.57766,0.26,4.017,3.09,0.278,[M/H],,,,
Kepler-336,2.475921,Kepler-336,,,TIC 122298677,Gaia DR3 2101792175301394048,,5867,1.304,1.09,0.26,1.04528,4.264,4.9,0.337,[M/H],,,,
Kepler-337,2.5191,Kepler-337,,,TIC 159226052,Gaia DR3 2127851116271982848,,5684,1.761,1.081,0.48057,0.19,4.004,7.94,0.07,[Fe/H],-64.56964,,,
Kepler-338,2.462406,Kepler-338,,,TIC 258203303,Gaia DR3 2104344141784539264,,5923,1.735,1.105,0.5857,0.21,4.017,6.46,-0.029,[M/H],-15.36241,,,
Kepler-338,2.462406,Kepler-338,,,TIC 258203303,Gaia DR3 2104344141784539264,,5999,1.735,1.14,0.5857,0.21,4.02,6.46,-0.029,[M/H],-15.36241,,,
Kepler-339,2.24362,Kepler-339,,,TIC 26817284,Gaia DR3 2128911251641171200,,5631,0.802,0.87,-0.31322,1.77,4.586,0.98,0.033,[M/H],,,,
Kepler-34,2.535659,Kepler-34,,,TIC 272369124,Gaia DR3 2079692678777827712,,5913,1.1618,1.0479,0.173,0.2529,4.3284,,-0.07,[M/H],,,5,
Kepler-340,2.455768,Kepler-340,,,TIC 184247532,Gaia DR3 2076383625510685824,,6620,1.85,1.65,0.86749,0.62132,4.063,1.29,0.06,[Fe/H],,,,
Kepler-341,2.512180,Kepler-341,,,TIC 159179987,Gaia DR3 2102815683186036096,,6012,1.024,0.976,0.12721,0.6,4.437,9.12,0.07,[Fe/H],,,,
Kepler-342,2.569855,Kepler-342,,,TIC 63293562,Gaia DR3 2128298617506651904,,6366,1.34,1.26,0.45345,0.01292,4.28,2.04,0.12,[Fe/H],,,,
Kepler-342,2.569855,Kepler-342,,,TIC 63293562,Gaia DR3 2128298617506651904,,6175,1.472,1.213,0.45345,0.01292,4.187,2.82,-0.0006,[M/H],,,,
Kepler-343,2.495499,Kepler-343,,,TIC 63120970,Gaia DR3 2125773279815846656,,5807,1.433,1.055,0.2162,0.61,4.184,6.46,0.1445,[M/H],,,,
Kepler-344,2.561868,Kepler-344,,,TIC 63289452,Gaia DR3 2128263364414395136,,5774,0.976,0.931,-0.18481,1.44,4.451,2.51,0.0399,[M/H],,,,
Kepler-345,2.555051,Kepler-345,,,TIC 271546191,Gaia DR3 2080067749681845504,,4504,0.623,0.61,-0.49534,1.959659,4.683,2.75,0.1905,[M/H],,,,
Kepler-346,2.557714,Kepler-346,,,TIC 158660363,Gaia DR3 2130363259822710272,,6033,1.021,0.943,-0.15256,1.39,4.464,2.4,0.1,[Fe/H],,,,
Kepler-347,2.34182,Kepler-347,,,TIC 299158566,Gaia DR3 2132614922197436928,,6088,1.005,0.922,0.34232,0.32,4.472,11.75,-0.14,[Fe/H],,,,
Kepler-347,2.34182,Kepler-347,,,TIC 299158566,Gaia DR3 2132614922197436928,,5592,1.451,1,0.34232,0.05079,4.115,11.75,0.16,[Fe/H],,,,
Kepler-348,2.459744,Kepler-348,,,TIC 169180792,Gaia DR3 2073750986669231232,,6177,1.359,1.189,0.4331,0.55,4.244,2.29,-0.03,[Fe/H],-25.97353,,,
Kepler-349,2.535399,Kepler-349,,,TIC 270615037,Gaia DR3 2126415051008325376,,5956,0.927,1.083,-0.0073,1.1,4.518,0.55,0.1509,[M/H],,,,
Kepler-35,2.568478,Kepler-35,,,TIC 271040768,Gaia DR3 2128155371757730816,,5606,1.0284,0.8877,-0.027,2.80648,4.3623,,-0.34,[M/H],,,5,
Kepler-350,2.443826,Kepler-350,,,TIC 120498491,Gaia DR3 2100338792725538048,,6186,1.534,1.19,0.42842,0.68957,4.15,4,0.041,[M/H],,,,
Kepler-350,2.443826,Kepler-350,,,TIC 120498491,Gaia DR3 2100338792725538048,,6492.3,1.25,1,0.42842,0.68957,4.24,4,0.041,[M/H],,,,
Kepler-351,2.498275,Kepler-351,,,TIC 158218178,Gaia DR3 2105491997566014336,,5643,0.854,0.81,-0.38644,2.34785,4.556,2.9,-0.16,[Fe/H],,,,
Kepler-351,2.498275,Kepler-351,,,TIC 158218178,Gaia DR3 2105491997566014336,,5225,0.78,0.81,-0.38644,2.34785,4.58,4.9,-0.16,[Fe/H],,,,
Kepler-352,2.557232,Kepler-352,,,TIC 269271535,Gaia DR3 2085281530744134272,,5212,0.781,0.798,-0.43235,2.01,4.566,1.7,-0.11,[Fe/H],-5.8662,,,
Kepler-352,2.557232,Kepler-352,,,TIC 269271535,Gaia DR3 2085281530744134272,,5208,0.772,0.796,-0.43235,3.6804,4.563,1.7,-0.14,[Fe/H],-5.8662,,,
Kepler-353,2.483829,Kepler-353,,,TIC 239229234,Gaia DR3 2076953069455745920,,3903,0.504,0.553,-1.18709,3.40975,4.751,4.59,-0.12,[Fe/H],,,,
Kepler-354,2.475600,Kepler-354,,,TIC 120578185,Gaia DR3 2103860562828483712,,4648,0.674,0.652,-0.71394,1.91598,4.627,13.8,-0.03,[Fe/H],,,,
Kepler-355,2.501599,Kepler-355,,,TIC 279915745,Gaia DR3 2105535462635217792,,6184,1.066,0.933,0.19516,0.59,4.441,10,-0.06,[Fe/H],,,,
Kepler-356,2.302548,Kepler-356,,,TIC 137636895,Gaia DR3 2051842839520109568,,6133,1.335,1.163,0.46128,0.42,4.256,4.17,-0.0226,[M/H],,,,
Kepler-357,2.523560,Kepler-357,,,TIC 159649595,Gaia DR3 2126194667646233984,,5036,0.834,0.794,-0.55635,1.99,4.503,2.14,0.06,[Fe/H],,,,
Kepler-358,2.21692,Kepler-358,,,TIC 26815908,Gaia DR3 2128902558627267200,,5908,0.954,0.94,-0.13809,2.43432,4.504,0.4,0.035,[M/H],,,,
Kepler-359,2.490500,Kepler-359,,,TIC 275568400,Gaia DR3 2077683871034907648,,6248,1.086,0.827,-0.09657,0.16559,4.429,3.02,-0.29,[Fe/H],,,,
Kepler-36,2.33138,Kepler-36,,,TIC 350810590,Gaia DR3 2129931456691176576,,5979,1.634,1.034,0.51005,0.3508,4.1,7.41,-0.18,[Fe/H],9.39315,,4.9,
Kepler-360,2.536522,Kepler-360,,,TIC 158213532,Gaia DR3 2106316012810255104,,6053,1.058,0.994,-0.13236,1.31,4.423,1.41,0.15,[Fe/H],,,,
Kepler-361,2.570581,Kepler-361,,,TIC 272601590,Gaia DR3 2080340222407746816,,6169,1.343,1.191,0.45876,0.38,4.254,3.89,0.04,[Fe/H],,,,
Kepler-362,2.11665,Kepler-362,,,TIC 63069779,Gaia DR3 2129141083930129536,,5788,0.722,0.904,0.20872,0.35,4.639,12.88,-0.12,[Fe/H],,,,
Kepler-363,2.475375,Kepler-363,,,TIC 258349590,Gaia DR3 2104466153215402624,,5593,1.485,1.226,0.36465,0.31,4.152,5.5,0.3965,[M/H],,,,
Kepler-364,2.7871,Kepler-364,,,TIC 123358019,Gaia DR3 2119591206965104768,,6108,1.284,1.076,0.35128,0.5,4.273,0.63,-0.031,[M/H],,,,
Kepler-365,2.32527,Kepler-365,,,TIC 27530849,,,6012,1.048,1.02,0.112,2.00592,4.434,4,-0.218,[M/H],,,,
Kepler-366,2.31717,Kepler-366,,,TIC 27914560,Gaia DR3 2086824935828106496,,6209,1.048,1.088,0.57277,0.22,4.452,6.61,-0.06,[Fe/H],,,,
Kepler-367,2.41151,Kepler-367,,,TIC 28159518,Gaia DR3 2087250476887856256,,4710,0.695,0.768,-0.61671,2.15,4.631,2.29,0.1974,[M/H],-23.80509,,,
Kepler-368,2.545919,Kepler-368,,,TIC 63066763,Gaia DR3 2126660856277325696,,5502,2.019,1.165,0.56235,0.13,3.903,6.46,0.03,[M/H],0.20118,,,
Kepler-369,2.17597,Kepler-369,,,TIC 26961231,Gaia DR3 2128835935094128512,,3591,0.471,0.5,-1.42022,4.326912,4.785,4.17,-0.09,[Fe/H],,,,
Kepler-37,2.532999,Kepler-37,,,TIC 164652245,Gaia DR3 2106674071344722688,,5357,0.789,0.79,-0.32187,2.46,4.5667,7.6,-0.36,[Fe/H],-30.1,,1.1,
Kepler-37,2.532999,Kepler-37,,,TIC 164652245,Gaia DR3 2106674071344722688,,5288,0.772,0.8,-0.32187,2.46,4.5667,3.8,-0.25,[Fe/H],-30.1,,1.1,
Kepler-370,2.467240,Kepler-370,,,TIC 137411225,Gaia DR3 2053578521704124160,,5852,0.9,0.982,0.00609,0.93,4.531,6.03,0.1323,[M/H],,,,
Kepler-371,2.429010,Kepler-371,,,TIC 137550286,Gaia DR3 2052702348375966208,,5666,0.992,0.876,0.24392,0.45,4.39,12.88,-0.1975,[M/H],,,,
Kepler-372,2.33141,Kepler-372,,,TIC 350810559,Gaia DR3 2129931942027348608,,6509,1.137,1.202,0.32073,0.54,4.405,2.349,-0.13,[Fe/H],,,,
Kepler-373,2.45810,Kepler-373,,,TIC 299218776,Gaia DR3 2133124511477266176,,5787,0.845,0.981,0.21244,0.43,4.562,10.96,0.14,[Fe/H],,,,
Kepler-374,2.494040,Kepler-374,,,TIC 270863576,Gaia DR3 2077745168807120128,,5977,0.911,1.033,0.27435,0.45,4.479,8.51,0.1111,[M/H],,,,
Kepler-375,2.18622,Kepler-375,,,TIC 299032517,Gaia DR3 2130963696251416960,,5826,0.837,0.891,-0.16278,1.37,4.567,0.4,-0.04,[Fe/H],,,,
Kepler-376,2.426358,Kepler-376,,,TIC 137219378,Gaia DR3 2052681801254023808,,5900,1.175,0.968,0.35663,0.35,4.303,1.91,-0.1038,[M/H],,,,
Kepler-377,2.430849,Kepler-377,,,TIC 184015535,Gaia DR3 2073157456550947200,,5949,1.224,1.043,0.21756,0.66,4.303,5.5,0.05,[Fe/H],,,,
Kepler-378,2.564759,Kepler-378,,,TIC 271354634,Gaia DR3 2080095512350543744,,4661,0.671,0.78,-0.65539,3.003438,4.647,3.24,0.1369,[M/H],-61.87915,,,
Kepler-379,2.433750,Kepler-379,,,TIC 184167421,Gaia DR3 2073167180357401984,,6054,1.306,1.125,0.27953,0.55,4.273,2.24,0.09,[Fe/H],,,,
Kepler-38,2.491483,Kepler-38,,,TIC 158316612,Gaia DR3 2105448841733970432,G4 V,5623,1.752,0.941,0.49161,0.175,3.926,10,-0.11,[M/H],,,2.4,
Kepler-380,2.27231,Kepler-380,,,TIC 48132154,Gaia DR3 2143746515354698496,,6045,1.224,0.99,0.2776,0.51,4.293,4.43,-0.16,[Fe/H],,,,
Kepler-381,2.519160,Kepler-381,,,TIC 164884235,Gaia DR3 2105835281411929728,,6197,2.188,1.198,0.5139,1.68502,3.837,2.57,-0.32,[Fe/H],-2.02699,,,
Kepler-381,2.519160,Kepler-381,,,TIC 164884235,Gaia DR3 2105835281411929728,,6152,1.568,1.144,0.5139,0.37,4.12,2.57,-0.2016,[M/H],-2.02699,,,
Kepler-382,2.553748,Kepler-382,,,TIC 268612521,Gaia DR3 2085261705174452736,,5600,0.945,1.002,0.14553,0.74,4.401,7.08,0.082,[M/H],,,,
Kepler-383,2.425082,Kepler-383,,,TIC 137150599,,,4710,0.672,0.669,-0.698,3.24938,4.624,13.9,-0.1785,[M/H],,,,
Kepler-384,2.536487,Kepler-384,,,TIC 158114249,Gaia DR3 2106306495162679552,,5577,0.882,0.882,0.39588,0.21,4.475,12.88,-0.29,[Fe/H],,,,
Kepler-385,2.44370,Kepler-385,,,TIC 27082352,Gaia DR3 2135203000771400320,,5829,1.157,1.05,0.14374,0.955768,4.33259,3.31,0.01,[Fe/H],,,,
Kepler-385,2.44370,Kepler-385,,,TIC 27082352,Gaia DR3 2135203000771400320,,6326,1.126,0.992,0.14374,0.79,4.412,3.31,0.01,[Fe/H],,,,
Kepler-386,2.26479,Kepler-386,,,TIC 267669725,Gaia DR3 2129492824571882240,,5178,0.767,0.825,-0.40199,1.58,4.558,9.9,0.07,[Fe/H],,,,
Kepler-387,2.550128,Kepler-387,,,TIC 158559417,Gaia DR3 2130255885640736768,,5774,1.046,0.85,0.13738,0.61,4.353,1.01,-0.3,[Fe/H],,,,
Kepler-388,2.534614,Kepler-388,,,TIC 164786156,Gaia DR3 2106711424679833984,,4498,0.586,0.635,-0.43932,3.16904,4.69,13.9,0,[Fe/H],,,,
Kepler-389,2.540196,Kepler-389,,,TIC 63074796,Gaia DR3 2126597569938248064,,5376,0.792,0.765,-0.51588,2.14,4.57,1.86,-0.1,[Fe/H],,,,
Kepler-39,2.557005,Kepler-39,,,TIC 272836943,Gaia DR3 2080168561154800384,F7 V,6350,1.4,1.29,0.34593,0.66,4.4,2.1,0.1,[Fe/H],-0.063,4.5,16,
Kepler-390,2.472423,Kepler-390,,,TIC 137340986,Gaia DR3 2101638759069485568,,5166,0.776,0.787,-0.352,1.5,4.569,3.24,-0.0443,[M/H],,,,
Kepler-391,2.49661,Kepler-391,,,TIC 290032428,Gaia DR3 2133196151531241216,K2 III-IV,5038,2.879,1.27,0.66276,0.0822,3.62,4.365,0.04,[Fe/H],21.59,,2.6,-5.14
Kepler-392,2.510380,Kepler-392,,,TIC 158796434,Gaia DR3 2102948483573807616,,5938,1.129,0.874,0.19453,0.59,4.323,2.97,-0.4362,[M/H],,,,
Kepler-393,2.542965,Kepler-393,,,TIC 159580535,Gaia DR3 2127390970655877888,,6189,1.382,1.256,0.52394,0.38,4.233,2.82,0.0322,[M/H],,,,
Kepler-394,2.47277,Kepler-394,,,TIC 27777414,Gaia DR3 2135378231142791808,,6402,1.132,0.87,0.05347,0.91,4.408,0.25,-0.3,[Fe/H],,,,
Kepler-394,2.47277,Kepler-394,,,TIC 27777414,Gaia DR3 2135378231142791808,,6398,1.101,1.141,0.05347,1.9638,4.411,0.25,-0.14,[Fe/H],,,,
Kepler-395,2.543160,Kepler-395,,,TIC 270520765,Gaia DR3 2126465903421535744,,4262,0.556,0.622827,-1.194,3.283175,4.729,1.6,-0.02,[Fe/H],,19.92,,
Kepler-396,2.30529,Kepler-396,,,TIC 27769688,Gaia DR3 2134847343121798528,,5656,1.06,0.85,-0.13461,1.34,4.32,0.62,0.1558,[M/H],,,,
Kepler-397,2.494258,Kepler-397,,,TIC 271963778,,,5307,0.767,0.844,-0.376,1.317,4.572,5.25,-0.24,[Fe/H],,,,
Kepler-398,2.455132,Kepler-398,,,TIC 137155210,Gaia DR3 2053457644144430848,,4557,0.67,0.72,-0.81101,0.37842,4.64,2.34,-0.06,[Fe/H],,,,
Kepler-398,2.455132,Kepler-398,,,TIC 137155210,Gaia DR3 2053457644144430848,,4493,0.613,0.649,-0.81101,0.37842,4.689,2.34,0.0528,[M/H],,,,
Kepler-399,2.462281,Kepler-399,,,TIC 172373693,Gaia DR3 2075060264503601280,,5502,0.68,0.902,-0.418,3.03003,4.62,3.98,0.14,[Fe/H],,,,
Kepler-4,2.42198,Kepler-4,,,TIC 350814622,Gaia DR3 2132152916856093952,,5857,1.487,1.223,0.354,0.46728,4.17,4.5,0.17,[Fe/H],-61,,2.2,
Kepler-40,2.12006,Kepler-40,,,TIC 272840455,Gaia DR3 2086577373912703104,F5 IV,6510,2.13,1.48,0.81889,0.213,3.94,2.8,0.1,[Fe/H],6.565,,9,
Kepler-400,2.457077,Kepler-400,,,TIC 122707140,,,5886,1.145,1.08,0.152,2.38563,4.35,3.63,0.0844,[M/H],,,,
Kepler-401,2.48372,Kepler-401,,,TIC 267746315,Gaia DR3 2133178765503484160,,6184,1.29,1.17,0.56611,0.25,4.28,3.39,0.02,[Fe/H],,,,
Kepler-401,2.48372,Kepler-401,,,TIC 267746315,Gaia DR3 2133178765503484160,,6117,1.333,1.173,0.56611,0.25,4.254,3.55,0,[Fe/H],,,,
Kepler-402,2.510341,Kepler-402,,,TIC 158725491,Gaia DR3 2102954187290293120,,6090,1.264,1.072,0.2035,0.84,4.278,1.4,-0.08,[M/H],4.3363,,,
Kepler-403,2.569749,Kepler-403,,,TIC 159174926,Gaia DR3 2127815657021840128,,6209,1.45,1.25,0.64405,0.22,4.21,3.09,0.16,[Fe/H],-31.09074,,,
Kepler-403,2.569749,Kepler-403,,,TIC 159174926,Gaia DR3 2127815657021840128,,6090,1.329,1.299,0.64405,0.22,4.266,3.09,0.079,[M/H],-31.09074,,,
Kepler-404,2.545522,Kepler-404,,,TIC 158268972,Gaia DR3 2106431392811409536,,5654,0.884,0.86,-0.33704,1.78,4.543,1.35,-0.03,[Fe/H],,,,
Kepler-405,2.425101,Kepler-405,,,TIC 137150544,Gaia DR3 2052726984308676864,,5818,0.893,0.873,-0.33143,1.65,4.536,2.09,-0.06,[Fe/H],,,,
Kepler-406,2.540186,Kepler-406,,,TIC 63066101,Gaia DR3 2126601108991279872,,5538,1.07,1.07,0.0482,1.12,4.409,5.84,0.18,[Fe/H],-57.12883,,0.4,
Kepler-407,2.37237,Kepler-407,,,TIC 405688133,Gaia DR3 2132086400701217792,G,5476,1.01,1,-0.03934,1.38,4.426,7.47,0.33,[Fe/H],-24.12963,,2,
Kepler-407,2.37237,Kepler-407,,,TIC 405688133,Gaia DR3 2132086400701217792,G,5487,1.04,0.99,-0.10791,1,4.3,2.88,0.35,[Fe/H],-24.12963,,2,
Kepler-408,2.23719,Kepler-408,,,TIC 48450369,Gaia DR3 2131593785132997632,,6104,1.23,1.08,0.28298,0.82,4.294,6.68,-0.2,[Fe/H],-54.91661,,3.1,
Kepler-409,2.571741,Kepler-409,,,TIC 270619260,Gaia DR3 2128215909315876352,,5421,0.897,0.913,-0.20201,1.81,4.5,5.8,0.05,[Fe/H],-28.25637,,2,
Kepler-41,2.554912,Kepler-41,,,TIC 271042217,Gaia DR3 2080061942886335744,G2 V,5750,1.29,1.15,0.26161,0.754,4.278,4.4,0.38,[Fe/H],-27.066,,6,
Kepler-410 A,2.542358,Kepler-410,HD 175289,,TIC 164458714,Gaia DR3 2106904148451706752,,6273,1.352,1.214,0.435,0.693,4.261,2.76,0.01,[Fe/H],-40.995,,12.9,
Kepler-411,2.36345,Kepler-411,,,TIC 399954349,Gaia DR3 2132768956905956352,K2 V,4974,0.82,0.87,-0.57899,1.94,4.6,0.212,0.21,[Fe/H],-20.68659,10.4,,
Kepler-412,2.515413,Kepler-412,,,TIC 158170594,Gaia DR3 2105678089908733824,G3 V,5750,1.287,1.167,0.26854,0.97299,4.3,5.37,0.27,[Fe/H],-54.576,,5,
Kepler-413,2.50058,Kepler-413,,,TIC 298969838,Gaia DR3 2133352385261516928,,4700,0.7761,0.82,-0.42994,1.755,4.5721,,-0.2,[Fe/H],-27.784,,5,
Kepler-414,2.22025,Kepler-414,,,TIC 28357724,Gaia DR3 2086519821353411456,,5536,0.946,0.89,-0.16917,1.41,4.47,1.55,0.18,[Fe/H],-28.2,,6.1,
Kepler-415,2.429165,Kepler-415,,,TIC 138365520,Gaia DR3 2052280548230453760,,4362,0.643,0.67,-0.80504,2.40794,4.62,4.9,0.01,[Fe/H],,,,
Kepler-416,2.437462,Kepler-416,,,TIC 137217372,Gaia DR3 2052975370856687744,,5670,1.022,0.949,0.02791,0.55826,4.397,2.69,0.06,[Fe/H],,,,
Kepler-416,2.437462,Kepler-416,,,TIC 137217372,Gaia DR3 2052975370856687744,,5718,1.075,1,0.02791,1.08,4.42,2.69,0.1259,[M/H],,,,
Kepler-417,2.500811,Kepler-417,,,TIC 270705374,Gaia DR3 2077774099706867712,,5177,0.806,0.9,-0.41061,3.45158,4.57,4.9,-0.204,[M/H],,,,
Kepler-418,2.425532,Kepler-418,,,TIC 377871791,Gaia DR3 2052117923590073600,,5820,1.09,0.98,0.11114,1.51,4.35,7,-0.05,[M/H],-18.452,,3.5,
Kepler-418,2.425532,Kepler-418,,,TIC 377871791,Gaia DR3 2052117923590073600,,5822,1.081,0.957,0.11114,1.76732,4.351,2.1,-0.06,[Fe/H],-18.452,,3.5,
Kepler-419,2.50294,Kepler-419,,,TIC 27454084,Gaia DR3 2135604425595213440,,6430,1.74,1.39,0.7268,13.34,4.1,2.14,0.176,[Fe/H],,4.492,14.41,
Kepler-42,2.535290,Kepler-42,,,TIC 63126862,Gaia DR3 2126556132093765888,M,3068,0.17,0.13,-2.62,26.8,5.11,4.5,-0.33,[M/H],-84.48,,3.3,
Kepler-421,2.540862,Kepler-421,,,TIC 164522394,Gaia DR3 2106891671567353728,G9/K0,5308,0.757,0.794,-0.398,1.58,4.61,4,-0.25,[Fe/H],,,0,
Kepler-422,2.561160,Kepler-422,,,TIC 123495874,Gaia DR3 2107114704928577792,,5972,1.24,1.15,0.24,0.86,4.31,3.4,0.23,[Fe/H],-11.69,,2.2,
Kepler-423,2.561930,Kepler-423,,,TIC 63452790,Gaia DR3 2128273225659492608,G4 V,5560,0.95,0.85,-0.018,1.398,4.41,11,-0.1,[M/H],-3.041,22.05,2.5,
Kepler-424,2.26011,Kepler-424,,,TIC 264508014,Gaia DR3 2086877265710250496,,5460,0.94,1.01,-0.15,1.73,4.5,4.9,0.44,[Fe/H],,,0.5,
Kepler-425,2.458949,Kepler-425,,,TIC 122441491,Gaia DR3 2101184111011462144,K1 V,5170,0.86,0.93,-0.323,1.448,4.535,5,0.24,[Fe/H],-45.404,,3,
Kepler-426,2.35364,Kepler-426,,,TIC 299220166,Gaia DR3 2132623993168462464,G1 V,5725,0.92,0.91,-0.089,1.17,4.471,6,-0.21,[Fe/H],-78.835,,3,
Kepler-427,2.517477,Kepler-427,,,TIC 158668572,Gaia DR3 2103014626070505344,G2 V,5800,1.35,0.96,0.29,0.4,4.14,7,-0.19,[Fe/H],-23.938,,3,
Kepler-428,2.458997,Kepler-428,,,TIC 122596693,Gaia DR3 2101186168296277376,K1 V,5150,0.8,0.87,-0.39,1.704,4.571,5,0.09,[Fe/H],-21.302,,2,
Kepler-43,2.567478,Kepler-43,,,TIC 164892194,Gaia DR3 2107314266289095296,F8 V,6041,1.42,1.32,0.326,0.49,4.26,0.69,0.33,[Fe/H],-37.591,12.95,4.9,
Kepler-430,2.36623,Kepler-430,,,TIC 26748113,Gaia DR3 2129833810615727488,,5884,1.485,1.166,0.31207,0.48,4.15,4.68,0.2,[Fe/H],,,,
Kepler-431,2.508070,Kepler-431,,,TIC 123231081,Gaia DR3 2116862833283266432,,6004,1.092,1.071,0.49839,0.27,4.4,4.34,0.07,[Fe/H],-8.99744,,,
Kepler-432,2.21698,Kepler-432,,,TIC 26817004,Gaia DR3 2128901871432519936,,4995,4.06,1.32,0.92561,0.02794,3.345,4.2,-0.07,[M/H],-35.22,77,2.7,
Kepler-433,2.467853,Kepler-433,,,TIC 169556484,Gaia DR3 2073856917743350784,,6360,2.26,1.46,0.88,0.177,3.892,2.67,-0.01,[Fe/H],-1.284,,11,
Kepler-434,2.504008,Kepler-434,,,TIC 270611401,Gaia DR3 2077823440291891840,,5977,1.38,1.198,0.33,0.65,4.242,4,0.25,[Fe/H],-51.156,,3,
Kepler-435,2.507245,Kepler-435,,,TIC 63211674,Gaia DR3 2125913531966017408,,6161,3.21,1.538,1.129,0.066,3.613,2.25,-0.18,[Fe/H],-26.3665,,6,
Kepler-436,2.532823,Kepler-436,,,TIC 185408817,Gaia DR3 2081897989863673216,,4685,0.71,0.75,-0.701,2.34,4.62,4.07,0.02,[Fe/H],,,,
Kepler-436,2.532823,Kepler-436,,,TIC 185408817,Gaia DR3 2081897989863673216,,4651,0.697,0.729,-0.701,3.03,4.619,3,0.01,[Fe/H],,,,
Kepler-437,2.524355,Kepler-437,,,TIC 273138666,,,4551,0.68,0.707,-0.762,3.18,4.629,2.9,0,[Fe/H],,,,
Kepler-438,2.485874,Kepler-438,,,TIC 336266673,Gaia DR3 2104675781979819776,,3748,0.52,0.544,-1.357,5.52,4.74,4.4,0.16,[Fe/H],,,,
Kepler-439,2.522687,Kepler-439,,,TIC 123202589,Gaia DR3 2117331813650826624,,5431,0.866,0.884,-0.236,1.89,4.514,7.2,0.02,[Fe/H],-39.88,,1.9,
Kepler-44,2.552511,Kepler-44,,,TIC 239277658,Gaia DR3 2085222191474854656,G2 IV,5800,1.35,1.12,0.34743,0.63,4.22,5.8,0.15,[Fe/H],-35.892,,4,
Kepler-440,2.477370,Kepler-440,,,TIC 120495880,Gaia DR3 2103871317426712448,,4134,0.559,0.575,-1.102,4.76,4.706,1.3,-0.3,[Fe/H],,,,
Kepler-441,2.30728,Kepler-441,,,TIC 267667567,Gaia DR3 2131799084568477056,,4340,0.55,0.572,-1.051,4.94,4.715,1.9,-0.57,[Fe/H],,,,
Kepler-442,2.436989,Kepler-442,,,TIC 120499135,Gaia DR3 2100258047339711488,,4402,0.598,0.609,-0.932,4.01,4.673,2.9,-0.37,[Fe/H],,,,
Kepler-443,2.40441,Kepler-443,,,TIC 299030246,Gaia DR3 2132699137916968576,,4723,0.706,0.738,-0.664,2.96,4.614,3.2,-0.01,[Fe/H],,,,
Kepler-444,2.481175,Kepler-444,,HIP 94931,TIC 394172596,Gaia DR3 2101486923385239808,K,5046,0.752,0.758,-0.42455,2.493,4.5625,11.23,-0.55,[Fe/H],-121.9,,2,
Kepler-445,2.565239,Kepler-445,,,TIC 268060194,Gaia DR3 2085482775729637376,M4,3157,0.21,0.18,-2.09994,14.392635,4.92504,6.61,0.27,[Fe/H],-61,,,
Kepler-446,2.539392,Kepler-446,,,TIC 123417850,Gaia DR3 2106929849536047744,M4,3359,0.24,0.22,-2.24766,25.357136,5.03245,3.72,-0.3,[Fe/H],-118,,,
Kepler-447,2.25011,Kepler-447,,,TIC 48506505,Gaia DR3 2131587531660567296,G8 V,5493,1.05,1,-0.19007,1.46,4.4,1.62,0.07,[Fe/H],1.39,,,
Kepler-449,2.487023,Kepler-449,,,TIC 270779644,,,5649.18,1.467,1.02,0.296,0.3897,4.091,9.77,-0.1651,[M/H],14.62561,,,
Kepler-45,2.469291,Kepler-45,,,TIC 137899948,Gaia DR3 2053562475706063744,M,3820,0.55,0.59,-1.27572,4,4.7,0.5,0.28,[Fe/H],,15.8,,
Kepler-450,2.49803,Kepler-450,,,TIC 27534138,Gaia DR3 2135590578620605568,,6197.21,1.64162,1.19,0.55403,0.379222,4.08307,2.57,0.1278,[M/H],-16.40852,,,
Kepler-452,2.528354,Kepler-452,,,TIC 272174474,Gaia DR3 2079597124345617280,G2,5757,1.11,1.037,0.08448,0.84,4.32,6,0.21,[Fe/H],,,,
Kepler-453,2.561204,Kepler-453,,,TIC 164457525,Gaia DR3 2107434834610481920,,5527,0.833,0.944,-0.2205,2.34763,4.571,2.49,0.09,[M/H],,,1.9,
Kepler-454,2.423427,Kepler-454,,,TIC 121276638,Gaia DR3 2099541715513813504,,5687,1.066,1.03,0.05259,1.199,4.4,5.25,0.32,[Fe/H],-70.2557,,2.4,
Kepler-46,2.498623,Kepler-46,,,TIC 158992508,Gaia DR3 2102700131386216576,,5155,0.938,0.902,-0.255,1.53,4.447,9.7,0.41,[M/H],,,,
Kepler-46,2.498623,Kepler-46,,,TIC 158992508,Gaia DR3 2102700131386216576,,5309,0.79,0.883,-0.255,1.66,4.583,2.34,0.17,[Fe/H],,,,
Kepler-461,2.557961,Kepler-461,,,TIC 63206513,Gaia DR3 2126801563705846528,,5634,0.91,0.98,0.24622,0.44,4.51,2.51,0.04,[Fe/H],,,,
Kepler-462,2.520525,Kepler-462,,,TIC 269263577,Gaia DR3 2075998903831657472,,7500,1.57,1.59,0.92588,0.56,4.22,0.5,0.05,[Fe/H],,0.367,80,
Kepler-463,2.539165,Kepler-463,,,TIC 268481319,Gaia DR3 2079192121810035840,,5661,0.9,0.87,0.07904,0.75,4.47,7.41,-0.28,[Fe/H],-60.26142,,,
Kepler-464,2.30368,Kepler-464,,,TIC 27239696,Gaia DR3 2134798444914611712,,5933,1.59,1.21,0.48379,0.31,4.11,4.9,0.19,[Fe/H],-50.97831,,,
Kepler-465,2.555623,Kepler-465,,,TIC 164725204,Gaia DR3 2107236613280607104,,6310,1.29,1.23,0.33805,0.56,4.31,2.19,0.09,[Fe/H],-33.25051,,,
Kepler-466,2.24534,Kepler-466,,,TIC 27644083,Gaia DR3 2134719834131370496,,5927,1.05,1.04,-0.06719,1.79031,4.42,3.47,-0.01,[Fe/H],0.30163,,,
Kepler-467,2.428369,Kepler-467,,,TIC 121214078,Gaia DR3 2099605968225288960,,5809,1.37,1.05,0.32254,0.38,4.18,8.13,0.06,[Fe/H],,,,
Kepler-468,2.34148,Kepler-468,,,TIC 299087490,Gaia DR3 2132666633603904256,,5498,0.87,0.96,-0.28606,3.71454,4.54,2,0.1,[Fe/H],,,,
Kepler-47,2.2360,Kepler-47,,,TIC 271548206,Gaia DR3 2080506523540902912,,5636,0.936,0.957,-0.076,1.65,4.492,,-0.25,[M/H],,,4.1,
Kepler-471,2.513134,Kepler-471,,,TIC 268604331,Gaia DR3 2075972481191725696,,6733,1.8,1.49,0.71017,0.54081,4.1,1.58,0.07,[Fe/H],,,,
Kepler-472,2.438228,Kepler-472,,,TIC 184554925,Gaia DR3 2073277200237694464,,4996,0.78,0.85,-0.51255,1.8,4.59,2.69,0.16,[Fe/H],,,,
Kepler-473,2.432499,Kepler-473,,,TIC 120961632,Gaia DR3 2100009935669354240,,5816,1.34,1.06,0.5248,0.18,4.21,6.92,0.12,[Fe/H],,,,
Kepler-474,2.519781,Kepler-474,,,TIC 63210391,Gaia DR3 2125972321478224896,,5785,1.08,0.99,0.41682,0.24,4.36,6.76,-0.01,[Fe/H],,,,
Kepler-475,2.452585,Kepler-475,,,TIC 121108727,Gaia DR3 2100597143598879616,,5009,0.79,0.86,-0.46424,1.8,4.58,2.69,0.21,[Fe/H],-13.20667,,,
Kepler-476,2.521888,Kepler-476,,,TIC 271430806,,,5837,1.09,1.03,0.0949,0.82614,4.38,5.37,0.04,[Fe/H],,,,
Kepler-477,2.493252,Kepler-477,,,TIC 158633329,,,5240,0.79,0.87,-0.372,1.44556,4.58,2.09,-0.04,[Fe/H],,,,
Kepler-478,2.558007,Kepler-478,,,TIC 63289259,Gaia DR3 2128256492468364160,,5210,0.8,0.85,-0.371,4.04712,4.56,4.9,-0.03,[Fe/H],,,,
Kepler-479,2.311297,Kepler-479,,,TIC 122682249,Gaia DR3 2052548107508601216,,5247,0.81,0.86,-0.40903,1.76,4.56,4.27,-0.02,[Fe/H],,,,
Kepler-48,2.468099,Kepler-48,,,TIC 171882123,Gaia DR3 2075112109039378688,,5190,0.836,0.916,-0.28926,1.53,4.487,2.69,0.26,[Fe/H],-10.533,,0.5,
Kepler-48,2.468099,Kepler-48,,,TIC 171882123,Gaia DR3 2075112109039378688,,5194,0.89,0.88,-0.28926,1.98,4.487,3.14,0.17,[Fe/H],-10.533,,0.5,
Kepler-480,2.38898,Kepler-480,,,TIC 27187218,Gaia DR3 2135044568018500096,,6322,1.34,1.25,0.47779,0.43,4.28,2.34,0.11,[Fe/H],,,,
Kepler-481,2.33199,Kepler-481,,,TIC 26541093,Gaia DR3 2129753580626548736,,5802,1.09,1.01,0.20725,0.51,4.36,6.17,0.03,[Fe/H],,,,
Kepler-482,2.20618,Kepler-482,,,TIC 27987264,Gaia DR3 2086629463276947456,,4871,0.72,0.75,-0.53864,1.8,4.6,6.03,-0.13,[Fe/H],-99.51,,2.6,
Kepler-483,2.484983,Kepler-483,,,TIC 137342400,Gaia DR3 2101719263935952768,,6346,1.47,1.28,0.43879,0.46,4.21,2.63,0.09,[Fe/H],,,,
Kepler-484,2.559262,Kepler-484,,,TIC 164721759,Gaia DR3 2107243072911617024,,5668,0.87,0.96,-0.13505,1.39,4.54,1.48,-0.1,[Fe/H],0.24929,,,
Kepler-485,2.45342,Kepler-485,,,TIC 27318774,Gaia DR3 2135184068555793024,,5958,1.09,1.07,0.07908,1.38843,4.39,3.72,0.04,[Fe/H],,,,
Kepler-487,2.472860,Kepler-487,,,TIC 139158696,Gaia DR3 2076692386427776768,,5422,0.887,0.874,-0.17269,2.46233,4.484,4.68,0.02,[Fe/H],,,,
Kepler-487,2.472860,Kepler-487,,,TIC 139158696,Gaia DR3 2076692386427776768,,5444,0.88,0.91,-0.17269,1.78366,4.51,5.62,0,[Fe/H],,,,
Kepler-489,2.422670,Kepler-489,,,TIC 122607554,Gaia DR3 2052616586468670976,,5014,0.76,0.82,-0.51802,3.04681,4.59,3.31,0,[Fe/H],,,,
Kepler-49,2.459153,Kepler-49,,,TIC 137555411,Gaia DR3 2053523271244105216,M1 V,4252,0.559,0.549,-1.13077,0.38433,4.727,2.88,0.03,[Fe/H],,,,
Kepler-49,2.459153,Kepler-49,,,TIC 137555411,Gaia DR3 2053523271244105216,M1 V,4095.6,0.618,0.607,-1.13077,3.566861,4.68,2.88,0.03,[Fe/H],,,,
Kepler-490,2.2319,Kepler-490,,,TIC 271424111,Gaia DR3 2128525460498487424,,6045,1.12,1.08,0.36497,0.87558,4.37,3.47,-0.02,[Fe/H],,,,
Kepler-491,2.493148,Kepler-491,,,TIC 158388163,Gaia DR3 2102468134431912064,,5582,1.03,1.04,-0.05683,2.00967,4.42,4.47,0.37,[Fe/H],,,,
Kepler-493,2.432092,Kepler-493,,,TIC 139104940,Gaia DR3 2076166029596100224,,6457,1.54,1.36,0.43813,0.95308,4.19,2,0.11,[Fe/H],,,,
Kepler-495,2.434070,Kepler-495,,,TIC 120692092,Gaia DR3 2100073393808483328,,5346,0.83,0.86,-0.2375,1.90183,4.55,4.37,-0.07,[Fe/H],,,,
Kepler-495,2.434070,Kepler-495,,,TIC 120692092,Gaia DR3 2100073393808483328,,5392,1.087,0.888,-0.2375,1.63771,4.314,0.6,0.18,[Fe/H],,,,
Kepler-496,2.472425,Kepler-496,,,TIC 137341066,Gaia DR3 2101650647537529088,,5293,0.82,0.86,-0.41551,2.23847,4.55,4.57,-0.03,[Fe/H],,,,
Kepler-497,2.432804,Kepler-497,,,TIC 122605766,Gaia DR3 2052865419692829056,,5834,1.11,1.09,0.25216,1.43576,4.39,3.55,0.24,[Fe/H],,,,
Kepler-498,2.533443,Kepler-498,,,TIC 159384648,Gaia DR3 2126984220073270784,,5744,0.96,0.98,0.17242,0.46378,4.47,3.89,-0.04,[Fe/H],,,,
Kepler-499,2.521879,Kepler-499,,,TIC 271430916,Gaia DR3 2078125359313871488,,5312,0.83,0.87,-0.27919,3.71393,4.55,4.57,0,[Fe/H],,,,
Kepler-5,2.524532,Kepler-5,,,TIC 268823307,Gaia DR3 2079018300195390464,,6297,1.793,1.374,0.65242,0.39897,3.96,2.88,0.04,[Fe/H],-46.7,,4.8,
Kepler-50,2.41379,Kepler-50,,,TIC 298896336,Gaia DR3 2132885161540029952,,6225,1.58,1.24,0.53582,0.441,4.132,3.8,0.03,[Fe/H],-2.71492,,,
Kepler-500,2.520073,Kepler-500,,,TIC 271968263,Gaia DR3 2079563829758338432,,5813,1.03,1.02,0.11615,0.82,4.42,4.37,0.03,[Fe/H],,,,
Kepler-501,2.483875,Kepler-501,,,TIC 169176340,Gaia DR3 2076943796633684352,,5794,1.216,1.032,0.21635,1.47144,4.282,0.3,0.14,[Fe/H],,,,
Kepler-501,2.483875,Kepler-501,,,TIC 169176340,Gaia DR3 2076943796633684352,,5904,1.04,1.03,0.21635,1.47144,4.42,3.31,-0.03,[Fe/H],,,,
Kepler-502,2.519627,Kepler-502,,,TIC 159578156,Gaia DR3 2126099078855696256,,6125,1.22,1.15,0.34908,0.211,4.33,3.09,0.05,[Fe/H],,,,
Kepler-504,2.554053,Kepler-504,,,TIC 164832454,Gaia DR3 2107186134525176960,,3519,0.33,0.33,-1.57681,7.930231,4.94,4.17,-0.31,[Fe/H],,,,
Kepler-505,2.496825,Kepler-505,,,TIC 158631520,Gaia DR3 2102511874378223360,,3931,0.53,0.55,-1.07864,3.268851,4.73,3.16,-0.19,[Fe/H],,,,
Kepler-506,2.462577,Kepler-506,,,TIC 120317234,Gaia DR3 2103452266056715392,,6236,1.19,1.19,0.28755,0.69,4.36,1.74,0.09,[Fe/H],-10.91911,,,
Kepler-507,2.45555,Kepler-507,,,TIC 27992970,Gaia DR3 2135314184585149696,,6113,1.32,1.16,0.32648,0.56,4.26,3.8,0.06,[Fe/H],-5.43406,,,
Kepler-508,2.504174,Kepler-508,,,TIC 271671025,Gaia DR3 2078008703696509056,,6025,1.25,1.16,0.28949,0.62,4.3,3.55,0.18,[Fe/H],15.0631,,,
Kepler-509,2.27598,Kepler-509,,,TIC 416283848,Gaia DR3 2129495057954829952,,6060,1.2,1.1,0.23291,0.61,4.32,4.27,0.01,[Fe/H],-19.50971,,,
Kepler-51,2.41042,Kepler-51,,,TIC 27846348,Gaia DR3 2135275362382289280,,6018,0.94,1.04,-0.1417,2.16,4.51,0.3,0.05,[M/H],,8.222,,
Kepler-51,2.41042,Kepler-51,,,TIC 27846348,Gaia DR3 2135275362382289280,,5674,0.87,0.96,-0.1417,2.086543,4.7,0.7,0.047,[Fe/H],,8.222,,
Kepler-510,2.437194,Kepler-510,,,TIC 121327187,Gaia DR3 2099656472742686848,,5746,1.41,0.91,0.33243,0.29,4.09,10.47,-0.35,[Fe/H],-58.52812,,,
Kepler-511,2.11137,Kepler-511,,,TIC 164456037,Gaia DR3 2107644188496163200,,5770,1.2,1,0.49754,0.2,4.28,7.94,0.01,[Fe/H],2.62339,,,
Kepler-511,2.11137,Kepler-511,,,TIC 164456037,Gaia DR3 2107644188496163200,,5866,1.417,0.958,0.49754,0.48937,4.117,9.12,-0.2,[Fe/H],2.62339,,,
Kepler-512,2.30609,Kepler-512,,,TIC 28448711,Gaia DR3 2086940448965828992,,5997,1.3,1.17,0.21625,0.77,4.28,3.72,0.22,[Fe/H],-28.55051,,,
Kepler-513,2.41216,Kepler-513,,,TIC 48503953,Gaia DR3 2132325200882204544,,5849,1.06,1.02,0.07874,0.72,4.39,5.5,-0.01,[Fe/H],,,,
Kepler-514,2.43052,Kepler-514,,,TIC 405717552,Gaia DR3 2133611659549905024,,6106,1.44,1.28,0.35265,0.5,4.23,2.69,0.36,[Fe/H],-14.74003,,,
Kepler-515,2.52595,Kepler-515,,,TIC 406997913,,,5293,0.83,0.9,-0.312,1.64935,4.55,3.39,0.08,[Fe/H],,,,
Kepler-516,2.430895,Kepler-516,,,TIC 184085929,Gaia DR3 2073155184495069184,,7099,2.02,1.62,0.79832,0.18673,4.04,1.32,0.01,[Fe/H],-20.96002,,,
Kepler-517,2.472808,Kepler-517,,,TIC 138297129,Gaia DR3 2077409645964537472,,5690,0.98,0.95,-0.01857,0.84,4.43,6.31,-0.06,[Fe/H],-73.48398,,,
Kepler-518,2.475668,Kepler-518,,,TIC 121112251,Gaia DR3 2100906140725803392,,5842,0.88,0.96,-0.04002,1.21,4.53,1.35,-0.23,[Fe/H],27.71292,,,
Kepler-519,2.477069,Kepler-519,,,TIC 171971913,Gaia DR3 2075161655782111872,,5260,0.8,0.89,-0.33467,1.58,4.58,1.91,0.01,[Fe/H],-20.71755,,,
Kepler-52,2.40361,Kepler-52,,,TIC 399825554,Gaia DR3 2133589776693414016,M0 V,4075,0.52,0.54,-0.99568,3.439976,4.74,1.01,0,[Fe/H],,,,
Kepler-52,2.40361,Kepler-52,,,TIC 399825554,Gaia DR3 2133589776693414016,M0 V,4263,0.556,0.577,-0.99568,3.439976,4.729,1.01,0,[Fe/H],,,,
Kepler-520,2.481611,Kepler-520,,,TIC 138097531,Gaia DR3 2077598384004774912,,6112,1.09,1.1,0.51032,0.26,4.41,2.04,-0.03,[Fe/H],23.01337,,,
Kepler-521,2.522357,Kepler-521,,,TIC 268302011,Gaia DR3 2079005651508492032,,6406,1.46,1.34,0.67119,0.33,4.24,1.78,0.25,[Fe/H],14.64613,,,
Kepler-522,2.523235,Kepler-522,,,TIC 158657354,Gaia DR3 2103117666624517888,,6392,1.98,1.54,0.65452,0.32134,4.04,1.7,0.41,[Fe/H],-3.40343,,,
Kepler-523,2.548347,Kepler-523,,,TIC 164654277,Gaia DR3 2106821925598401152,,5515,0.86,0.93,-0.27953,1.64,4.54,2.45,-0.03,[Fe/H],6.37324,,,
Kepler-524,2.32648,Kepler-524,,,TIC 27914389,Gaia DR3 2086827237930612096,,6014,1.1,1.09,0.43947,0.28,4.39,3.02,0.02,[Fe/H],,,,
Kepler-525,2.8958,Kepler-525,,,TIC 272279290,Gaia DR3 2080580328258222208,,5573,1.15,0.95,0.525,0.15,4.29,10.47,0.11,[Fe/H],,,,
Kepler-526,2.9220,Kepler-526,,,TIC 273377282,Gaia DR3 2086398222240415616,,5894,1.14,1.15,0.35055,0.36,4.38,2.14,0.34,[Fe/H],-62.9451,,,
Kepler-527,2.10129,Kepler-527,,,TIC 159642269,Gaia DR3 2129162283888866688,,6388,1.45,1.28,0.32269,0.67,4.22,2.4,0.03,[Fe/H],,,,
Kepler-528,2.14745,Kepler-528,,,TIC 271877680,Gaia DR3 2080650559563974144,,5807,1.06,1.01,0.15784,0.62,4.39,5.5,0.02,[Fe/H],-60.39,,4.5,
Kepler-529,2.15665,Kepler-529,,,TIC 158108219,Gaia DR3 2131505514964760832,,6087,1.14,1.07,0.207,1.10938,4.35,3.98,-0.1,[Fe/H],,,,
Kepler-529,2.15665,Kepler-529,,,TIC 158108219,Gaia DR3 2131505514964760832,,6078,1.189,1.005,0.241,0.02164,4.29,0.2,-0.16,[Fe/H],,,,
Kepler-53,2.458975,Kepler-53,,,TIC 122446315,Gaia DR3 2101188990094347648,,6085,0.958,0.966,0.03558,0.85,4.498,0.3,0,[Fe/H],,,,
Kepler-53,2.458975,Kepler-53,,,TIC 122446315,Gaia DR3 2101188990094347648,,5858,0.89,0.98,0.03558,0.85,4.53,0.3,0,[Fe/H],,,,
Kepler-530,2.24936,Kepler-530,,,TIC 48305629,Gaia DR3 2131736137528127744,,5697,0.89,0.97,-0.13247,1.26,4.53,1.78,-0.08,[Fe/H],,,,
Kepler-531,2.26340,Kepler-531,,,TIC 243272677,Gaia DR3 2131181055955983232,,4893,0.75,0.78,-0.55216,1.96,4.58,7.76,-0.03,[Fe/H],,,,
Kepler-532,2.27196,Kepler-532,,,TIC 264507945,Gaia DR3 2086877368789994240,,5192,0.79,0.87,-0.45789,1.89,4.58,2,0,[Fe/H],,,,
Kepler-533,2.29133,Kepler-533,,,TIC 26962715,Gaia DR3 2128970419109836160,,4758,0.72,0.78,-0.62007,2.09,4.61,3.24,0.01,[Fe/H],,,,
Kepler-534,2.36907,Kepler-534,,,TIC 27847148,Gaia DR3 2134886100904948608,,5936,0.965,1.075,0.14739,1.09657,4.501,1.58,0.07,[Fe/H],,,,
Kepler-534,2.36907,Kepler-534,,,TIC 27847148,Gaia DR3 2134886100904948608,,5884,0.98,1.05,0.14739,1.7083,4.48,1.58,0.01,[Fe/H],,,,
Kepler-535,2.38036,Kepler-535,,,TIC 351192037,Gaia DR3 2134893660047959040,,6123,1.27,1.18,0.3406,0.58,4.3,3.24,0.13,[Fe/H],,,,
Kepler-536,2.38160,Kepler-536,,,TIC 28234096,Gaia DR3 2087191485516004224,,5524,0.89,0.92,-0.21446,2.27396,4.51,4.79,0,[Fe/H],,,,
Kepler-537,2.50651,Kepler-537,,,TIC 267673013,Gaia DR3 2133263737136893696,,5763,0.99,1.07,-0.03874,1.19,4.47,1.45,0.23,[Fe/H],,,,
Kepler-538,2.38142,Kepler-538,,,TIC 28227113,Gaia DR3 2087171453788422528,,5534,0.8717,0.892,-0.17887,1.39,4.51,5.3,-0.09,[Fe/H],-37.32207,25.2,1.1,
Kepler-539,2.485843,Kepler-539,,,TIC 171510762,Gaia DR3 2075377679763353984,G2 V,5820,0.952,1.048,-0.06048,1.713,4.502,0.91,-0.01,[Fe/H],9.959,11.769,4.4,
Kepler-54,2.505787,Kepler-54,,,TIC 271262203,Gaia DR3 2077974687557384704,M1 V,4252,0.554,0.518,-1.30103,0.18002,4.73,4.83,-0.27,[Fe/H],,,,
Kepler-54,2.505787,Kepler-54,,,TIC 271262203,Gaia DR3 2077974687557384704,M1 V,3705,0.5,0.51,-1.30103,0.18002,4.75,4.83,-0.27,[Fe/H],,,,
Kepler-540,2.538537,Kepler-540,,,TIC 159452015,Gaia DR3 2127008611187043456,,5946,1.08,1.02,0.20658,0.51,4.38,4.9,-0.1,[Fe/H],5.70671,,,
Kepler-541,2.426721,Kepler-541,,,TIC 138569175,Gaia DR3 2052168466766597120,,6166,2.06,1.41,0.75505,0.16,3.96,3.09,0.07,[Fe/H],,,,
Kepler-542,2.427625,Kepler-542,,,TIC 137484431,Gaia DR3 2052695678282371840,,5526,0.9,0.93,-0.12185,1.33,4.5,4.57,0.02,[Fe/H],,,,
Kepler-543,2.431149,Kepler-543,,,TIC 121123361,Gaia DR3 2099620777272914944,,4671,0.67,0.7,-0.64251,2.23,4.63,5.75,-0.19,[Fe/H],-22.4942,,,
Kepler-544,2.434898,Kepler-544,,,TIC 138571095,Gaia DR3 2052388643966743424,,6206,1.22,1.16,0.52864,0.36,4.33,2.63,0.02,[Fe/H],,,,
Kepler-545,2.461005,Kepler-545,,,TIC 122446089,Gaia DR3 2101191326556650368,,5882,1.07,1.04,0.10684,0.96,4.39,4.47,0.03,[Fe/H],,,,
Kepler-546,2.466394,Kepler-546,,,TIC 237158650,Gaia DR3 2104353590712705152,,5967,1.15,1.11,0.27057,1.70234,4.36,3.31,0.14,[Fe/H],,,,
Kepler-547,2.529647,Kepler-547,,,TIC 158171456,Gaia DR3 2106279179170588288,,4828,0.73,0.78,-0.55508,4.148,4.61,2.88,0.01,[Fe/H],,,,
Kepler-548,2.548144,Kepler-548,,,TIC 269269546,Gaia DR3 2085193569812098944,,5535,0.9,0.93,-0.2012,3.16564,4.5,4.37,0,[Fe/H],,,,
Kepler-549,2.6402,Kepler-549,,,TIC 164455792,Gaia DR3 2107622335702262400,,5360,0.84,0.88,-0.30618,1.62,4.54,4.57,-0.03,[Fe/H],4.33,,5,
Kepler-549,2.6402,Kepler-549,,,TIC 164455792,Gaia DR3 2107622335702262400,,5312,0.986,0.859,-0.30618,9.26987,4.384,1.66,0.16,[Fe/H],4.33,,5,
Kepler-55,2.523020,Kepler-55,,,TIC 164884002,Gaia DR3 2105930840143687680,,4503,0.619,0.631,-0.76324,0.02459,4.684,2.34,-0.01,[Fe/H],,,,
Kepler-55,2.523020,Kepler-55,,,TIC 164884002,Gaia DR3 2105930840143687680,,4362,0.58,0.62,-0.76324,0.02459,4.7,2.34,-0.01,[Fe/H],,,,
Kepler-550,2.16542,Kepler-550,,,TIC 273376082,Gaia DR3 2086414268238649984,,5322,0.83,0.87,-0.38383,1.28385,4.55,4.68,-0.02,[Fe/H],-13.78,,4.1,
Kepler-551,2.18452,Kepler-551,,,TIC 350812580,Gaia DR3 2131523553827356544,,4286,0.63,0.65,-0.89514,4.18804,4.66,3.8,-0.09,[Fe/H],,,,
Kepler-552,2.21455,Kepler-552,,,TIC 417659456,Gaia DR3 2129500383713365248,,5863,1.04,1.03,0.06292,0.78445,4.42,3.89,0.01,[Fe/H],,,,
Kepler-553,2.23503,Kepler-553,,,TIC 264508613,Gaia DR3 2086498312157538688,,5191,0.902,0.889,-0.27084,1.727,4.48,8.8,0.152,[Fe/H],,,,
Kepler-554,2.51261,Kepler-554,,,TIC 27843707,Gaia DR3 2135507634212719104,,5447,0.92,0.93,-0.11758,1.16,4.49,5.62,0.14,[Fe/H],,,,
Kepler-555,2.432384,Kepler-555,,,TIC 120572779,Gaia DR3 2100232689851871488,,5894,1.04,1.03,0.26392,1.04054,4.42,3.89,0,[Fe/H],,,,
Kepler-556,2.432740,Kepler-556,,,TIC 122449752,Gaia DR3 2052912492534229504,,5740,0.98,1,-0.04785,1.27,4.46,4.17,0.03,[Fe/H],,,,
Kepler-557,2.481726,Kepler-557,,,TIC 138222081,Gaia DR3 2077604981077075712,,6068,1.16,1.11,0.72814,0.1961,4.35,3.24,0.02,[Fe/H],,,,
Kepler-558,2.498156,Kepler-558,,,TIC 164730843,Gaia DR3 2104251370492901760,,5242,0.81,0.85,-0.38422,2.34352,4.56,4.47,-0.06,[Fe/H],,,,
Kepler-559,2.520193,Kepler-559,,,TIC 272488625,Gaia DR3 2078818944993952256,,5630,0.95,0.96,-0.12141,1.92199,4.47,4.37,0.03,[Fe/H],,,,
Kepler-56,2.485322,Kepler-56,,,TIC 138430034,Gaia DR3 2077617930392844800,,4819.44,4.21799,1.29,0.90455,0.03,3.31,4.37,0.3631,[M/H],-54.30305,,,
Kepler-56,2.485322,Kepler-56,,,TIC 138430034,Gaia DR3 2077617930392844800,,4840,4.23,1.32,0.90455,0.0246,3.31,3.5,0.2,[Fe/H],-54.30305,,,
Kepler-560,2.542238,Kepler-560,,,TIC 239275865,Gaia DR3 2082162147537254400,,3556,0.33,0.34,-1.717,8.386084,4.94,4.07,-0.39,[Fe/H],,50.47,,
Kepler-561,2.543189,Kepler-561,,,TIC 270700432,Gaia DR3 2126454633427425664,,5646,0.94,0.96,-0.17974,1.4,4.48,4.27,0.02,[Fe/H],,,,
Kepler-562,2.559785,Kepler-562,,,TIC 159301821,Gaia DR3 2127518891962700672,,5575,0.9,0.93,0.01578,0.90798,4.5,4.57,-0.04,[Fe/H],,,,
Kepler-563,2.559844,Kepler-563,,,TIC 63289401,Gaia DR3 2128258141734121600,,5066,0.77,0.8,-0.44389,7.39065,4.58,5.37,-0.08,[Fe/H],,,,
Kepler-564,2.568841,Kepler-564,,,TIC 272838324,Gaia DR3 2080326444152019456,,5626,0.92,0.95,-0.06437,4.7677,4.49,4.27,-0.01,[Fe/H],,,,
Kepler-565,2.4744,Kepler-565,,,TIC 164556745,,,5735,0.95,0.98,-0.0551,1.04438,4.47,4.07,-0.02,[Fe/H],,,,
Kepler-566,2.15981,Kepler-566,,,TIC 159727092,Gaia DR3 2129241586165440768,,5132,0.79,0.83,-0.52379,6.2581,4.57,4.57,-0.01,[Fe/H],,,,
Kepler-567,2.23369,Kepler-567,,,TIC 28231454,Gaia DR3 2086532122140235904,,5148,0.79,0.84,-0.40926,2.41679,4.57,4.68,0,[Fe/H],-16.46,,7.2,
Kepler-568,2.24707,Kepler-568,,,TIC 28361088,Gaia DR3 2086543048537237760,,3768,0.53,0.55,-1.33039,4.735155,4.73,5.89,0.11,[Fe/H],,,,
Kepler-569,2.24950,Kepler-569,,,TIC 48353203,Gaia DR3 2131729780976557952,,5616,0.93,0.95,-0.10661,1.13,4.48,4.9,0.01,[Fe/H],,,,
Kepler-57,2.535393,Kepler-57,,,TIC 270615136,Gaia DR3 2126418658780855296,,5187.9,0.826,0.859,-0.34241,2.128838,4.54,3.31,0.1166,[M/H],,,,
Kepler-570,2.27692,Kepler-570,,,TIC 407001624,Gaia DR3 2129531822874416640,,5496,0.9,0.93,-0.29611,4.21558,4.5,5.01,0.06,[Fe/H],,,,
Kepler-571,2.35182,Kepler-571,,,TIC 243271972,Gaia DR3 2132069598789224960,,5527,0.9,0.93,-0.22253,1.40966,4.51,4.68,0.01,[Fe/H],,,,
Kepler-572,2.45962,Kepler-572,,,TIC 350738817,Gaia DR3 2130168405747219072,,5212,0.79,0.83,-0.43426,3.33442,4.57,4.68,-0.1,[Fe/H],,,,
Kepler-573,2.50618,Kepler-573,,,TIC 416266820,Gaia DR3 2133242846415831936,,5746,1.02,0.99,0.0286,0.75,4.41,5.89,0.02,[Fe/H],,,,
Kepler-574,2.52661,Kepler-574,,,TIC 406952542,Gaia DR3 2139316308129355520,,5612,0.91,0.95,-0.21429,2.41976,4.5,4.17,-0.01,[Fe/H],,,,
Kepler-575,2.419756,Kepler-575,,,TIC 121022533,Gaia DR3 2099156817725596800,,5710,0.95,0.97,-0.08379,0.97711,4.47,3.98,0,[Fe/H],,,,
Kepler-576,2.429429,Kepler-576,,,TIC 139036554,Gaia DR3 2052140601018026496,,5672,0.97,0.99,-0.21068,0.93119,4.46,4.47,0.09,[Fe/H],,,,
Kepler-577,2.435039,Kepler-577,,,TIC 378085037,Gaia DR3 2052212996988534656,,4984,0.73,0.78,-0.555,2.56615,4.61,3.8,-0.14,[Fe/H],,,,
Kepler-578,2.441289,Kepler-578,,,TIC 121734474,Gaia DR3 2099714751157275264,,5334,0.83,0.87,-0.3369,0.98429,4.54,4.68,-0.03,[Fe/H],,,,
Kepler-579,2.447970,Kepler-579,,,TIC 138959504,Gaia DR3 2076477053946253952,,5636,0.96,0.99,-0.31094,6.07188,4.47,4.07,0.13,[Fe/H],,,,
Kepler-58,2.436792,Kepler-58,,,TIC 184471242,Gaia DR3 2073274618947678464,,6099,1.127,1.024,-0.00422,1.15,4.372,2.14,0.1,[Fe/H],,,,
Kepler-58,2.436792,Kepler-58,,,TIC 184471242,Gaia DR3 2073274618947678464,,5843,1.03,0.95,-0.00422,1.15,4.39,2.14,0.1,[Fe/H],,,,
Kepler-58,2.436792,Kepler-58,,,TIC 184471242,Gaia DR3 2073274618947678464,,6100,1.083,1.017,-0.00422,0.50387,4.376,2.14,-0.12,[Fe/H],,,,
Kepler-580,2.458401,Kepler-580,,,TIC 237188565,Gaia DR3 2103578400656053632,,4298,0.64,0.67,-0.89626,3.53227,4.66,3.47,-0.06,[Fe/H],,,,
Kepler-581,2.461585,Kepler-581,,,TIC 184009313,Gaia DR3 2076595869920511104,,5772,1,1,-0.16946,1.96293,4.44,4.07,0.03,[Fe/H],,,,
Kepler-582,2.469788,Kepler-582,,,TIC 169556162,Gaia DR3 2073861006552197120,,5564,0.91,0.93,-0.41418,3.67643,4.49,4.47,0.01,[Fe/H],,,,
Kepler-583,2.492823,Kepler-583,,,TIC 123415040,Gaia DR3 2104755256054840192,,5523,0.91,0.94,-0.10059,1.52585,4.5,4.47,0.07,[Fe/H],,,,
Kepler-584,2.495145,Kepler-584,,,TIC 158722119,Gaia DR3 2102518574527334016,,6195,1.24,1.17,0.52004,0.34474,4.31,2.88,0.02,[Fe/H],,,,
Kepler-585,2.519189,Kepler-585,,,TIC 158276273,Gaia DR3 2105694410784851072,,5593,0.93,0.96,-0.16334,1.35,4.49,3.63,0.03,[Fe/H],,,,
Kepler-586,2.548972,Kepler-586,,,TIC 275490218,Gaia DR3 2126537234238972544,,5575,0.92,0.94,-0.14099,3.58201,4.5,4.17,0,[Fe/H],,,,
Kepler-587,2.8391,Kepler-587,,,TIC 158838923,Gaia DR3 2130815021663398144,,5549,0.89,0.92,-0.23792,5.43604,4.51,4.79,-0.05,[Fe/H],,,,
Kepler-588,2.12651,Kepler-588,,,TIC 164723136,Gaia DR3 2131621272922307968,,5835,1,1.01,0.20713,1.5786,4.44,4.07,0,[Fe/H],,,,
Kepler-589,2.13851,Kepler-589,,,TIC 123129910,Gaia DR3 2119809116425132160,,5372,0.916,0.832,-0.34669,0.04765,4.434,14,-0.02,[Fe/H],-18.91,,3.9,
Kepler-589,2.13851,Kepler-589,,,TIC 123129910,Gaia DR3 2119809116425132160,,5296,0.83,0.88,-0.34669,2.33888,4.55,4.47,0.01,[Fe/H],-18.91,,3.9,
Kepler-59,2.567571,Kepler-59,,,TIC 158393923,Gaia DR3 2130625287187139072,,6074,0.94,1.04,0.32374,0.39,4.51,0.26,-0.2,[Fe/H],,,,
Kepler-590,2.21817,Kepler-590,,,TIC 27905500,Gaia DR3 2086681002884954240,,6000,1.15,1.1,0.47712,0.48383,4.35,3.55,0.07,[Fe/H],,,,
Kepler-591,2.23819,Kepler-591,,,TIC 405686888,Gaia DR3 2131901682747346432,,5677,0.94,0.97,-0.078,1.00312,4.48,4.17,0.01,[Fe/H],,,,
Kepler-592,2.26267,Kepler-592,,,TIC 377782184,Gaia DR3 2131920370147385472,,5913,1.04,1.04,0.18506,1.10793,4.42,3.89,-0.03,[Fe/H],,,,
Kepler-593,2.26941,Kepler-593,,,TIC 27391836,Gaia DR3 2128776252229952000,,5967,1.1,1.08,0.07929,1.07729,4.39,3.63,0.04,[Fe/H],,,,
Kepler-594,2.38563,Kepler-594,,,TIC 299087968,Gaia DR3 2132681339572129536,,5485,0.87,0.91,-0.19321,3.04887,4.52,4.27,-0.03,[Fe/H],,,,
Kepler-595,2.47049,Kepler-595,,,TIC 27231753,Gaia DR3 2135237601028549888,,5138.5,0.821,0.93,-0.34768,2.60841,4.54,2.7,0.406,[M/H],,,,
Kepler-596,2.51901,Kepler-596,,,TIC 416267321,Gaia DR3 2133285383772329344,,6267,1.32,1.21,0.31445,0.49,4.27,2.69,0.03,[Fe/H],,,,
Kepler-597,2.437676,Kepler-597,,,TIC 138214174,Gaia DR3 2052450079180319744,,5683,0.95,0.97,-0.0334,1.24,4.47,4.27,-0.01,[Fe/H],,,,
Kepler-598,2.467415,Kepler-598,,,TIC 137969066,Gaia DR3 2053546910744629504,,5307,0.86,0.87,-0.25753,1.5,4.51,7.59,0.02,[Fe/H],,,,
Kepler-598,2.467415,Kepler-598,,,TIC 137969066,Gaia DR3 2053546910744629504,,5245,0.900316,0.9,-0.25753,1.738697,4.48352,12.3,0.03,[M/H],,,,
Kepler-599,2.468523,Kepler-599,,,TIC 120686620,Gaia DR3 2103794420332069632,,5127,0.79,0.83,-0.52232,2.0611,4.57,5.01,-0.02,[Fe/H],,,,
Kepler-6,2.21890,Kepler-6,,,TIC 27916356,Gaia DR3 2086636884980514304,,5647,1.391,1.209,0.18916,0.77551,4.236,3.8,0.34,[Fe/H],-49.14,,3,
Kepler-60,2.491732,Kepler-60,,,TIC 158923465,Gaia DR3 2102316985943863424,,5905,1.257,1.041,0.36906,0.34,4.26,8.91,-0.09,[Fe/H],,,,
Kepler-600,2.485960,Kepler-600,,,TIC 164646661,Gaia DR3 2104875377699739648,,5279,0.81,0.84,-0.33922,0.52088,4.56,4.57,-0.09,[Fe/H],,,,
Kepler-601,2.489558,Kepler-601,,,TIC 351801933,Gaia DR3 2104705193915993216,,5160,0.79,0.85,-0.42817,1.74,4.57,4.07,-0.02,[Fe/H],-28.04,,0.9,
Kepler-602,2.490869,Kepler-602,,,TIC 272180918,Gaia DR3 2077119752853895552,,6062,1.13,1.08,0.32624,0.57261,4.37,3.16,-0.02,[Fe/H],,,,
Kepler-603,2.492297,Kepler-603,,,TIC 270948636,Gaia DR3 2077556465126659456,,5808,1.01,1.01,0.39156,0.35,4.43,4.37,0.03,[Fe/H],,,,
Kepler-604,2.498909,Kepler-604,,,TIC 63212809,Gaia DR3 2125758402049480704,,5890,1.03,1.02,0.09179,3.61833,4.42,3.72,-0.02,[Fe/H],,,,
Kepler-605,2.508517,Kepler-605,,,TIC 158423850,Gaia DR3 2105618029085927680,,5462,0.88,0.91,-0.24849,1.41,4.52,4.47,0.02,[Fe/H],,,,
Kepler-606,2.530207,Kepler-606,,,TIC 63286249,Gaia DR3 2126360831342941696,,6161,1.22,1.13,0.25434,1.56577,4.32,2.88,0.01,[Fe/H],,,,
Kepler-607,2.535123,Kepler-607,,,TIC 159579593,Gaia DR3 2126248505058677120,,5196,0.8,0.84,-0.38192,1.5,4.56,4.9,-0.02,[Fe/H],,,,
Kepler-607,2.535123,Kepler-607,,,TIC 159579593,Gaia DR3 2126248505058677120,,5244,0.888,0.808,-0.38192,1.335,4.449,7.76,0.02,[Fe/H],,,,
Kepler-608,2.535434,Kepler-608,,,TIC 270786157,Gaia DR3 2078399790542181376,,5820,1.01,1,0.04113,0.2483,4.43,3.8,-0.02,[Fe/H],,,,
Kepler-609,2.537115,Kepler-609,,,TIC 63126989,Gaia DR3 2126580149550929280,,5971,1.14,1.09,0.06548,1.76248,4.36,3.72,0.06,[Fe/H],,,,
Kepler-61,2.495933,Kepler-61,,,TIC 271537530,Gaia DR3 2077889892023816960,K7 V,4017,0.62,0.635,-0.97062,4.93239,4.67,1,0.03,[Fe/H],,,,
Kepler-610,2.541692,Kepler-610,,,TIC 275491028,Gaia DR3 2126509368492076928,,5943,1.13,1.1,-0.11034,1.52329,4.37,3.55,0.12,[Fe/H],,,,
Kepler-611,2.547015,Kepler-611,,,TIC 158113449,Gaia DR3 2106443453079518336,,5761,1.01,1.01,0.38338,0.66343,4.43,4.47,0.06,[Fe/H],,,,
Kepler-612,2.551757,Kepler-612,,,TIC 159723305,Gaia DR3 2126684019040772480,,5693,0.96,0.98,0.30512,2.08266,4.46,4.47,0.04,[Fe/H],,,,
Kepler-613,2.559211,Kepler-613,,,TIC 164407908,Gaia DR3 2107102988257870336,,5723,0.96,0.98,-0.05698,2.15415,4.47,4.27,-0.01,[Fe/H],,,,
Kepler-614,2.560952,Kepler-614,,,TIC 274017990,Gaia DR3 2085519781168726912,,5268,0.81,0.85,-0.41844,2.1702,4.55,4.79,-0.07,[Fe/H],,,,
Kepler-615,2.561147,Kepler-615,,,TIC 123492903,Gaia DR3 2107111749991684992,,4655,0.69,0.73,-0.695,3.99937,4.62,3.72,-0.07,[Fe/H],,,,
Kepler-616,2.572001,Kepler-616,,,TIC 271355361,Gaia DR3 2080484842545877120,,5753,0.97,0.98,-0.11149,2.44673,4.46,3.89,-0.02,[Fe/H],,,,
Kepler-616,2.572001,Kepler-616,,,TIC 271355361,Gaia DR3 2080484842545877120,,6004,0.977,1.061,-0.11149,3.77814,4.484,0.4,-0.02,[Fe/H],,,,
Kepler-617,2.11203,Kepler-617,,,TIC 164557035,Gaia DR3 2107607354856794880,M1 V,3712,0.48,0.51,-1.30507,4.722143,4.77,3.98,-0.07,[Fe/H],,,,
Kepler-618,2.18525,Kepler-618,,,TIC 405719849,Gaia DR3 2131136491375075328,,5860,1.08,1.05,0.1732,0.58,4.39,4.27,0.08,[Fe/H],,,,
Kepler-619,2.24095,Kepler-619,,,TIC 417659212,Gaia DR3 2129503235571760128,,5980,1.11,1.09,-0.04002,1.32,4.38,3.47,0.05,[Fe/H],,,,
Kepler-619,2.24095,Kepler-619,,,TIC 417659212,Gaia DR3 2129503235571760128,,6122,0.964,1.041,-0.04002,4.27728,4.487,0.78,-0.18,[Fe/H],,,,
Kepler-62,2.545248,Kepler-62,,,TIC 164458488,Gaia DR3 2107001283431633408,K2 V,4925,0.64,0.69,-0.678,3.8,4.68,7,-0.37,[Fe/H],,,0.4,
Kepler-620,2.51178,Kepler-620,,,TIC 350737935,Gaia DR3 2136210874976312192,,6155,1.22,1.15,0.34079,0.13675,4.33,3.02,0.03,[Fe/H],,,,
Kepler-621,2.447460,Kepler-621,,,TIC 122706051,Gaia DR3 2053067935992494848,,4521,0.68,0.72,-0.759,2.07457,4.63,3.63,-0.02,[Fe/H],,,,
Kepler-622,2.466492,Kepler-622,,,TIC 120254625,Gaia DR3 2103645814462282752,,4201,0.61,0.64,-0.86159,6.95973,4.67,3.47,-0.09,[Fe/H],,,,
Kepler-623,2.10631,Kepler-623,,,TIC 272842291,Gaia DR3 2086388807671765504,,5443,0.86,0.9,-0.31821,4.2829,4.53,4.47,-0.03,[Fe/H],,,,
Kepler-624,2.441988,Kepler-624,,,TIC 138972811,Gaia DR3 2076245950349844608,,6117,1.18,1.1,0.29097,0.59,4.33,3.72,-0.06,[Fe/H],,,,
Kepler-625,2.442972,Kepler-625,,,TIC 137414304,Gaia DR3 2053177406120368896,,5789,0.96,1.04,0.40647,0.46,4.49,1.51,0.1,[Fe/H],,,,
Kepler-626,2.444101,Kepler-626,,,TIC 121734202,Gaia DR3 2099728391973441920,,5813,1.05,1.01,-0.04194,0.93,4.4,5.37,0.01,[Fe/H],,,,
Kepler-627,2.444456,Kepler-627,,,TIC 137413972,Gaia DR3 2053183453434348672,,6424,1.49,1.3,0.38539,0.43,4.21,2.24,0.05,[Fe/H],,,,
Kepler-629,2.447196,Kepler-629,,,TIC 122063843,Gaia DR3 2101248088842146688,,5444,0.84,0.93,-0.28344,1.6,4.55,1.91,0.01,[Fe/H],,,,
Kepler-63,2.36405,Kepler-63,,,TIC 299158887,Gaia DR3 2132628489996257920,G5,5576,0.901,0.984,-0.157,1.895,4.52,0.21,0.05,[Fe/H],-21.72051,5.401,5.6,
Kepler-630,2.447652,Kepler-630,,,TIC 138216186,Gaia DR3 2053235577156249088,,5829,1.04,1.02,0.30233,0.4,4.42,4.47,0.03,[Fe/H],,,,
Kepler-631,2.453916,Kepler-631,,,TIC 168816237,Gaia DR3 2073719238270085504,,6185,1.33,1.24,0.38915,0.67,4.28,2.51,0.23,[Fe/H],,,,
Kepler-632,2.453966,Kepler-632,,,TIC 169181786,,,5322,0.84,0.91,-0.292,2.93386,4.55,3.02,0.11,[Fe/H],,,,
Kepler-633,2.459514,Kepler-633,,,TIC 138969239,,,5899,1.15,1.02,0.16,0.22,4.32,6.03,-0.05,[Fe/H],,,,
Kepler-633,2.459514,Kepler-633,,,TIC 138969239,,,5877,1.265,0.997,0.236,0.41904,4.233,8.13,-0.04,[Fe/H],,,,
Kepler-634,2.463296,Kepler-634,,,TIC 137089993,Gaia DR3 2101507470508342016,,6075,1.24,1.03,0.42075,0.32,4.26,5.37,-0.18,[Fe/H],,,,
Kepler-635,2.465140,Kepler-635,,,TIC 394174221,Gaia DR3 2101380545634324096,,6174,1.51,1.33,0.73514,0.18,4.2,2.34,0.41,[Fe/H],,,,
Kepler-636,2.469414,Kepler-636,,,TIC 138297607,,,5203,0.8,0.85,-0.374,6.61361,4.56,5.01,-0.02,[Fe/H],,,,
Kepler-637,2.477967,Kepler-637,,,TIC 137626872,Gaia DR3 2053626934575934464,,6096,2.56,1.64,0.38249,0.6,3.84,2.19,0.38,[Fe/H],,,,
Kepler-638,2.480827,Kepler-638,,,TIC 120420633,Gaia DR3 2104054832788419072,,5382,0.93,0.88,0.53162,0.11,4.43,11.75,0.04,[Fe/H],-57.01899,,,
Kepler-639,2.483289,Kepler-639,,,TIC 137409501,Gaia DR3 2101675661427506432,,5896,1.29,1.14,0.48255,0.26,4.27,4.37,0.23,[Fe/H],,,,
Kepler-640,2.490870,Kepler-640,,,TIC 272180958,Gaia DR3 2077119748545602304,,5653,0.94,1.01,-0.02367,1.1,4.5,2.09,0.15,[Fe/H],,,,
Kepler-641,2.497231,Kepler-641,,,TIC 63006978,Gaia DR3 2125777643502580864,,5713,1.13,1.02,0.39002,0.26,4.33,7.08,0.15,[Fe/H],,,,
Kepler-642,2.499180,Kepler-642,,,TIC 270705735,Gaia DR3 2077764169742391808,,6570,1.66,1.4,0.39758,0.6,4.14,1.95,0.06,[Fe/H],,,,
Kepler-643,2.502018,Kepler-643,,,TIC 159311390,Gaia DR3 2102038912581334656,,4908,2.52,1,0.47818,0.08,3.64,12.02,0.13,[Fe/H],,,,
Kepler-644,2.512738,Kepler-644,,,TIC 271669616,Gaia DR3 2078049767888231936,,6747,1.81,1.49,0.71041,0.29,4.09,1.62,0.08,[Fe/H],,,,
Kepler-645,2.523422,Kepler-645,,,TIC 159381747,Gaia DR3 2126865575897687168,,6170,1.21,1.13,0.45106,0.32,4.33,2.95,-0.01,[Fe/H],,,,
Kepler-646,2.529930,Kepler-646,,,TIC 159441621,Gaia DR3 2126970579257130112,,5634,0.91,0.93,-0.25878,1.42,4.49,4.57,-0.07,[Fe/H],,,,
Kepler-647,2.533081,Kepler-647,,,TIC 164786172,Gaia DR3 2106710978002603904,,6020,1.07,1.03,0.41834,0.31,4.39,4.27,-0.14,[Fe/H],,,,
Kepler-647,2.533081,Kepler-647,,,TIC 164786172,Gaia DR3 2106710978002603904,,5906.74,1.54571,1.07,0.41834,0.408473,4.08919,2.75,-0.4146,[M/H],,,,
Kepler-648,2.540915,Kepler-648,,,TIC 164560223,Gaia DR3 2106784610922074496,,5741,0.98,1.05,-0.05328,1.22,4.48,1.82,0.21,[Fe/H],,,,
Kepler-649,2.541087,Kepler-649,,,TIC 352012975,Gaia DR3 2106384010732717184,,5871,0.94,0.97,-0.0439,1.03,4.48,2.95,-0.17,[Fe/H],,,,
Kepler-65,2.470496,Kepler-65,,,TIC 121731834,Gaia DR3 2102119176929154304,,6220,1.437,1.248,0.4674,0.621,4.232,3.31,0.13,[Fe/H],-16.72015,,10.4,
Kepler-65,2.470496,Kepler-65,,,TIC 121731834,Gaia DR3 2102119176929154304,,6211,1.41,1.25,0.4674,0.621,4.232,2.9,0.17,[Fe/H],-16.72015,,10.4,
Kepler-650,2.542741,Kepler-650,,,TIC 158934047,,,5849,1.35,1.08,0.284,0.55261,4.21,6.46,0.13,[Fe/H],,,,
Kepler-651,2.559437,Kepler-651,,,TIC 158415898,Gaia DR3 2130322955850385280,,5522,0.87,0.92,-0.25322,1.34,4.53,3.55,-0.04,[Fe/H],,,,
Kepler-652,2.563603,Kepler-652,,,TIC 158660814,Gaia DR3 2130397585201614080,,5490,0.88,0.97,-0.27008,1.58,4.54,1.48,0.17,[Fe/H],,,,
Kepler-653,2.569262,Kepler-653,,,TIC 123445166,Gaia DR3 2119511080054847616,,5665,1.19,1.02,0.11872,0.63,4.29,7.76,0.23,[Fe/H],,,,
Kepler-654,2.572228,Kepler-654,,,TIC 272843763,Gaia DR3 2080353416547448320,,5865,1.11,1.04,0.4622,0.28,4.36,5.37,0.04,[Fe/H],,,,
Kepler-655,2.572274,Kepler-655,,,TIC 273044848,Gaia DR3 2080355615570219904,,6170,1.24,1.15,0.32385,0.64,4.31,3.39,0,[Fe/H],,,,
Kepler-656,2.8358,Kepler-656,,,TIC 158731243,Gaia DR3 2130825020347168512,,5550,0.954,1.05,-0.29864,0.29085,4.5,2.4,0.46,[Fe/H],,,,
Kepler-656,2.8358,Kepler-656,,,TIC 158731243,Gaia DR3 2130825020347168512,,5281,0.82,0.86,-0.29864,1.49,4.56,4.37,-0.04,[Fe/H],,,,
Kepler-657,2.8550,Kepler-657,,,TIC 159643991,Gaia DR3 2129158435598210816,,5808,1.01,1.01,0.27898,0.59382,4.44,4.17,0.03,[Fe/H],,,,
Kepler-658,2.11142,Kepler-658,,,TIC 164456041,Gaia DR3 2107644527795544832,,4103,0.6,0.63,-0.89922,3.41332,4.68,3.09,-0.04,[Fe/H],,,,
Kepler-659,2.11374,Kepler-659,,,TIC 158489787,Gaia DR3 2130866904868424320,,4870,0.74,0.79,-0.52596,2.08906,4.6,3.24,0.02,[Fe/H],,,,
Kepler-66,2.568240,Kepler-66,,,TIC 270790035,Gaia DR3 2128198836827103616,G0 V,5962,0.966,1.038,0.05113,1.62,4.484,1,-0.2,[M/H],,,,
Kepler-660,2.14284,Kepler-660,,,TIC 158662352,Gaia DR3 2130882023153533184,,4779,0.71,0.75,-0.62564,1.93557,4.61,4.57,-0.07,[Fe/H],,,,
Kepler-661,2.15540,Kepler-661,,,TIC 164557360,Gaia DR3 2131635154256753408,,4483,0.67,0.7,-0.81411,13.09803,4.64,4.27,-0.05,[Fe/H],,,,
Kepler-662,2.17263,Kepler-662,,,TIC 407002705,Gaia DR3 2129398988126072960,,4897,0.74,0.79,-0.35557,6.4784,4.6,3.63,-0.03,[Fe/H],,,,
Kepler-663,2.17990,Kepler-663,,,TIC 273681023,Gaia DR3 2086507280048687488,,5264,0.82,0.86,-0.31305,4.37918,4.55,4.57,0.03,[Fe/H],,,,
Kepler-664,2.21334,Kepler-664,,,TIC 299033092,Gaia DR3 2130969262529165184,,5754,1.02,1.01,-0.11113,5.45339,4.43,4.68,0.07,[Fe/H],,,,
Kepler-665,2.24550,Kepler-665,,,TIC 27988995,Gaia DR3 2086734157398583424,,4913,0.74,0.79,-0.59538,4.89776,4.6,4.68,-0.03,[Fe/H],,,,
Kepler-666,2.28377,Kepler-666,,,TIC 267989336,Gaia DR3 2086935024430952960,,5887,1.05,1.03,0.18164,0.72036,4.41,3.8,0.01,[Fe/H],,,,
Kepler-667,2.31557,Kepler-667,,,TIC 27530621,Gaia DR3 2134766460297292032,,5327,0.87,0.91,0.55691,0.26962,4.53,4.68,0.15,[Fe/H],,,,
Kepler-668,2.32832,Kepler-668,,,TIC 350813835,Gaia DR3 2132007888699166848,,5352,0.82,0.87,-0.39647,6.73215,4.55,3.89,-0.06,[Fe/H],,,,
Kepler-669,2.33205,Kepler-669,,,TIC 26541079,Gaia DR3 2129753610686818176,,6038,1.2,1.15,0.35828,0.99415,4.34,3.16,0.14,[Fe/H],,,,
Kepler-67,2.558308,Kepler-67,,,TIC 270855225,Gaia DR3 2128112181565948800,G9 V,5331,0.778,0.865,-0.37633,2.66,4.594,1,-0.2,[M/H],,,,
Kepler-670,2.33669,Kepler-670,,,TIC 27990610,Gaia DR3 2086830502105850240,,5709,0.99,0.99,-0.1003,2.14666,4.44,4.79,0.07,[Fe/H],,,,
Kepler-671,2.34515,Kepler-671,,,TIC 27084006,Gaia DR3 2135008387213331456,,5624,0.95,0.97,-0.08086,1.24482,4.47,4.47,0.08,[Fe/H],,,,
Kepler-672,2.35461,Kepler-672,,,TIC 26491504,Gaia DR3 2129776636010852224,,5627,0.92,0.95,-0.11219,1.40588,4.5,4.07,-0.01,[Fe/H],,,,
Kepler-673,2.41618,Kepler-673,,,TIC 417657148,Gaia DR3 2130040450081573376,,5355,0.84,0.88,-0.34402,1.41129,4.54,4.47,0,[Fe/H],,,,
Kepler-674,2.42170,Kepler-674,,,TIC 48528770,Gaia DR3 2132161785967577728,,4192,0.57,0.6,-0.90665,18.76826,4.69,3.31,-0.27,[Fe/H],,,,
Kepler-675,2.43468,Kepler-675,,,TIC 27006665,Gaia DR3 2135124213891990912,,4945,0.75,0.79,-0.50669,1.80464,4.6,4.68,-0.05,[Fe/H],,,,
Kepler-676,2.43705,Kepler-676,,,TIC 27776674,Gaia DR3 2135301441422463360,,3701,0.49,0.51,-1.29468,4.419693,4.77,4.27,-0.02,[Fe/H],,,,
Kepler-677,2.44125,Kepler-677,,,TIC 267746941,Gaia DR3 2133056376115838080,,5723,0.99,1,0.38964,0.81913,4.45,4.57,0.06,[Fe/H],,,,
Kepler-678,2.45371,Kepler-678,,,TIC 27533282,Gaia DR3 2135550652604184192,,5520,0.91,0.94,0.44927,0.1231,4.5,4.47,0.07,[Fe/H],,,,
Kepler-679,2.46337,Kepler-679,,,TIC 27766596,Gaia DR3 2135356142125982464,,5403,0.84,0.87,-0.34758,0.49933,4.54,4.47,-0.09,[Fe/H],,,,
Kepler-68,2.31119,Kepler-68,,,TIC 417676622,Gaia DR3 2129550445852902656,,5847,1.2564,1.057,0.23106,0.7903,4.281,6.84,0.11,[Fe/H],-20.9,,0.5,
Kepler-680,2.46939,Kepler-680,,,TIC 26473621,Gaia DR3 2130124528361197952,,5890,1.11,1.08,0.19729,1.70798,4.38,3.72,0.13,[Fe/H],,,,
Kepler-681,2.50606,Kepler-681,,,TIC 299217986,Gaia DR3 2133249099888182912,,5021,0.76,0.8,-0.45672,5.76639,4.58,5.01,-0.04,[Fe/H],,,,
Kepler-682,2.52083,Kepler-682,,,TIC 299161524,Gaia DR3 2133476080319167104,,5559,0.89,0.92,0.47994,0.62438,4.51,3.98,-0.05,[Fe/H],,,,
Kepler-683,2.420861,Kepler-683,,,TIC 137149476,Gaia DR3 2052559480582595456,,5703,0.95,0.96,-0.04054,1.68649,4.47,4.37,-0.03,[Fe/H],,,,
Kepler-684,2.423718,Kepler-684,,,TIC 122607324,Gaia DR3 2052643696302706944,,5493,0.86,0.89,0.20867,6.18467,4.53,4.37,-0.11,[Fe/H],,,,
Kepler-685,2.426679,Kepler-685,,,TIC 138364831,Gaia DR3 2052086072113643264,,5963,1.16,1.11,-0.05138,1.28198,4.36,3.39,0.15,[Fe/H],,,,
Kepler-686,2.433989,Kepler-686,,,TIC 399794420,Gaia DR3 2100247945575646336,,5649,0.92,0.94,0.10792,1.77544,4.49,4.47,-0.07,[Fe/H],,,,
Kepler-687,2.435860,Kepler-687,,,TIC 121988890,Gaia DR3 2101000836165429504,,4841,0.73,0.77,-0.56669,2.64998,4.6,5.5,-0.04,[Fe/H],,,,
Kepler-688,2.439249,Kepler-688,,,TIC 378085713,Gaia DR3 2052232410241029248,,5715,0.96,0.98,-0.02364,2.21218,4.47,4.27,0.02,[Fe/H],,,,
Kepler-689,2.441902,Kepler-689,,,TIC 378086390,Gaia DR3 2076253887449048320,,5518,0.88,0.91,-0.15327,1.49344,4.51,4.57,-0.01,[Fe/H],,,,
Kepler-69,2.538761,Kepler-69,,,TIC 275573429,Gaia DR3 2126436800722944000,G4 V,5638,0.93,0.81,-0.097,1.37,4.4,13.18,-0.29,[Fe/H],-38.7,,,
Kepler-690,2.444752,Kepler-690,,,TIC 377918545,Gaia DR3 2076459496119200000,,5913,1.16,1.11,0.14056,1.33649,4.35,3.55,0.19,[Fe/H],,,,
Kepler-691,2.448874,Kepler-691,,,TIC 121787669,Gaia DR3 2101242934881164416,,3715,0.5,0.53,-1.30464,4.378187,4.76,3.98,0.04,[Fe/H],,,,
Kepler-692,2.451589,Kepler-692,,,TIC 138728891,Gaia DR3 2076495402046502016,,5440,0.86,0.9,-0.23346,2.38978,4.53,4.68,-0.01,[Fe/H],,,,
Kepler-693,2.454302,Kepler-693,,,TIC 237159318,Gaia DR3 2103572731299093376,,4881,0.72,0.76,-0.42704,2.43887,4.61,4.47,-0.1,[Fe/H],,,,
Kepler-694,2.457124,Kepler-694,,,TIC 122713147,Gaia DR3 2101495685117920128,,5700,0.95,0.97,-0.07753,1.41102,4.47,4.07,0,[Fe/H],,,,
Kepler-695,2.466229,Kepler-695,,,TIC 171974763,Gaia DR3 2075107062469670272,,5181,0.8,0.84,-0.15936,2.4165,4.57,4.47,-0.01,[Fe/H],,,,
Kepler-696,2.471101,Kepler-696,,,TIC 138219428,Gaia DR3 2077383670001955968,,5903,1.08,1.06,0.15095,1.69443,4.39,3.98,0.07,[Fe/H],,,,
Kepler-697,2.475428,Kepler-697,,,TIC 120042965,Gaia DR3 2103728312194385792,,5513,0.88,0.92,-0.02543,1.17261,4.52,4.37,-0.01,[Fe/H],,,,
Kepler-698,2.475703,Kepler-698,,,TIC 121729607,Gaia DR3 2102170235500805376,,5612,0.91,0.94,0.38841,0.13928,4.5,4.27,-0.03,[Fe/H],,,,
Kepler-7,2.468711,Kepler-7,,,TIC 121660904,Gaia DR3 2102117871259036672,,5933,1.966,1.359,0.69639,0.32016,3.98,2.9,0.11,[Fe/H],0.4,,4.2,
Kepler-700,2.479294,Kepler-700,,,TIC 121114997,Gaia DR3 2102411578301719808,,5692,0.96,0.98,0.22961,0.37264,4.47,4.37,0.04,[Fe/H],,,,
Kepler-701,2.481061,Kepler-701,,,TIC 121795464,Gaia DR3 2102228887573941760,,5343,0.84,0.88,-0.27626,2.92779,4.54,4.47,0,[Fe/H],,,,
Kepler-702,2.481749,Kepler-702,,,TIC 138430864,Gaia DR3 2077424210192781440,,5419,0.86,0.9,-0.15908,3.85261,4.53,4.47,0,[Fe/H],,,,
Kepler-703,2.484220,Kepler-703,,,TIC 171968443,Gaia DR3 2075358472669256448,,6185,1.27,1.18,0.06672,2.29924,4.29,2.69,0.05,[Fe/H],,,,
Kepler-704,2.484311,Kepler-704,,,TIC 237157729,Gaia DR3 2104530027969874944,,5616,0.96,0.97,0.03582,0.12677,4.46,5.13,0.09,[Fe/H],,,,
Kepler-705,2.484735,Kepler-705,,,TIC 122066949,Gaia DR3 2102244967931917184,,3722,0.51,0.53,-1.385,4.558406,4.75,3.89,0.07,[Fe/H],,20.09,,
Kepler-707,2.490085,Kepler-707,,,TIC 159217349,Gaia DR3 2101898205154183296,,5099,0.76,0.8,-0.5014,3.2332,4.58,4.9,-0.12,[Fe/H],,,,
Kepler-708,2.492215,Kepler-708,,,TIC 270706782,Gaia DR3 2077722010342674944,,5692,0.96,0.97,0.03695,2.78453,4.47,4.37,0.01,[Fe/H],,,,
Kepler-709,2.493666,Kepler-709,,,TIC 63122858,Gaia DR3 2125730982977974016,,5071,0.77,0.8,-0.48148,3.27029,4.58,4.9,-0.08,[Fe/H],,,,
Kepler-710,2.498841,Kepler-710,,,TIC 63120475,Gaia DR3 2125785438864450048,,5611,0.91,0.94,0.26474,4.18264,4.5,4.17,-0.04,[Fe/H],,,,
Kepler-711,2.502832,Kepler-711,,,TIC 273234664,Gaia DR3 2078511803294780032,,5222,0.8,0.84,-0.49939,0.16337,4.56,4.37,-0.04,[Fe/H],,,,
Kepler-712,2.504110,Kepler-712,,,TIC 271347119,Gaia DR3 2077961463362645632,,5148,0.78,0.84,-0.48393,1.93,4.58,3.31,-0.03,[Fe/H],,,,
Kepler-713,2.505923,Kepler-713,,,TIC 271762145,Gaia DR3 2078003897636955008,,5785,0.99,0.98,0.08457,4.36629,4.44,3.8,-0.03,[Fe/H],,,,
Kepler-714,2.508180,Kepler-714,,,TIC 123499118,Gaia DR3 2105192999121723392,,5995,1.12,1.09,0.4599,1.14941,4.37,3.55,0.04,[Fe/H],,,,
Kepler-715,2.509960,Kepler-715,,,TIC 164552984,Gaia DR3 2105091878412164352,,5871,1.04,1.04,0.16457,0.1029,4.42,3.98,0.02,[Fe/H],,,,
Kepler-716,2.510508,Kepler-716,,,TIC 159377404,Gaia DR3 2126073961886389888,,5012,0.742183,0.83,-0.50424,2.862272,4.61612,2.75,-0.06,[Fe/H],,,,
Kepler-716,2.510508,Kepler-716,,,TIC 159377404,Gaia DR3 2126073961886389888,,5099,0.78,0.83,-0.50424,1.96,4.58,4.57,0,[Fe/H],,,,
Kepler-717,2.510714,Kepler-717,,,TIC 240183442,Gaia DR3 2125888419299436800,,5485,0.85,0.88,0.60439,0.03994,4.53,4.37,-0.12,[Fe/H],,,,
Kepler-718,2.514937,Kepler-718,,,TIC 268924036,Gaia DR3 2075964612812129792,,6191,1.3,1.18,0.13394,2.08526,4.28,2.57,0.06,[Fe/H],,,,
Kepler-719,2.520031,Kepler-719,,,TIC 271767300,Gaia DR3 2079608703576897024,,5777,0.98,0.99,0.44767,0.68424,4.45,3.98,-0.02,[Fe/H],,,,
Kepler-720,2.526505,Kepler-720,,,TIC 268159158,Gaia DR3 2079056714383865856,,5618,0.92,0.95,0.03222,1.58713,4.49,3.63,0,[Fe/H],,,,
Kepler-721,2.531399,Kepler-721,,,TIC 164726831,Gaia DR3 2106717678151463040,,5075,0.78,0.82,-0.3619,1.70108,4.58,4.9,-0.01,[Fe/H],,,,
Kepler-722,2.533424,Kepler-722,,,TIC 159304532,Gaia DR3 2126985280924750720,,5863,1.05,1.03,-0.03923,2.9936,4.41,4.37,0.02,[Fe/H],,,,
Kepler-723,2.534615,Kepler-723,,,TIC 164786087,Gaia DR3 2106735064179220480,,5539,0.89,0.92,-0.172,1.45056,4.51,4.57,0,[Fe/H],,,,
Kepler-724,2.537176,Kepler-724,,,TIC 270521439,Gaia DR3 2126432196518051200,,5437,0.86,0.9,-0.22344,6.24879,4.53,4.37,-0.02,[Fe/H],,,,
Kepler-725,2.538025,Kepler-725,,,TIC 164652841,Gaia DR3 2106775024555031936,,5395,0.88,0.95,-0.31304,1.973757,4.54,1.6,0.14,[Fe/H],,17.459,,
Kepler-726,2.538653,Kepler-726,,,TIC 63000832,Gaia DR3 2126577881808038016,,5452,0.85,0.88,-0.31868,1.66656,4.53,4.47,-0.09,[Fe/H],,,,
Kepler-727,2.541938,Kepler-727,,,TIC 271351820,Gaia DR3 2079877568529123328,,5441,0.86,0.89,-0.3172,0.5727,4.53,4.79,-0.01,[Fe/H],,,,
Kepler-728,2.542975,Kepler-728,,,TIC 159580427,Gaia DR3 2126639557538793088,,5660,0.93,0.95,0.22726,1.31116,4.49,4.07,-0.03,[Fe/H],,,,
Kepler-729,2.547053,Kepler-729,,,TIC 158269049,Gaia DR3 2106432870280171136,,5633,0.91,0.94,0.26135,0.8273,4.5,4.27,-0.05,[Fe/H],,,,
Kepler-730,2.548462,Kepler-730,,,TIC 352013543,Gaia DR3 2106412082639238400,,5620,1.411,1.047,0.23596,0.529,4.162,9.5,0.21,[Fe/H],,,,
Kepler-731,2.549444,Kepler-731,,,TIC 272366748,Gaia DR3 2080172576942778112,,5849,1.06,1.03,0.03524,1.3908,4.41,3.8,0.04,[Fe/H],,,,
Kepler-732,2.553965,Kepler-732,,,TIC 164555597,Gaia DR3 2107406178588473728,,3631,0.46,0.49,-1.375,5.140495,4.79,4.47,-0.01,[Fe/H],,,,
Kepler-733,2.554624,Kepler-733,,,TIC 240179452,Gaia DR3 2128047069862606208,,5418,0.86,0.9,-0.29785,2.62459,4.53,4.27,0.01,[Fe/H],,,,
Kepler-734,2.557014,Kepler-734,,,TIC 272845785,Gaia DR3 2080165846735990144,,5326,0.78,0.85,0.37395,0.57209,4.59,2.34,-0.17,[Fe/H],,,,
Kepler-735,2.557478,Kepler-735,,,TIC 164780824,Gaia DR3 2107285644626768640,,5107,0.8,0.85,-0.51697,11.97771,4.57,4.37,0.07,[Fe/H],,,,
Kepler-736,2.557537,Kepler-736,,,TIC 351909600,Gaia DR3 2106546978971754368,,5217,0.81,0.86,-0.34984,2.78265,4.56,4.27,0.03,[Fe/H],,,,
Kepler-737,2.563925,Kepler-737,,,TIC 63068329,Gaia DR3 2126820324123177472,,3813,0.48,0.51,-1.30149,5.238957,4.77,3.89,-0.24,[Fe/H],,,,
Kepler-738,2.565578,Kepler-738,,,TIC 158490928,Gaia DR3 2130427821771278976,,5327,0.82,0.86,-0.21263,3.83443,4.55,4.57,-0.09,[Fe/H],,,,
Kepler-739,2.565814,Kepler-739,,,TIC 159225155,Gaia DR3 2127717182012104960,,5601,0.9,0.93,0.01798,0.90987,4.51,4.27,-0.08,[Fe/H],,,,
Kepler-74,2.476345,Kepler-74,,,TIC 137903329,Gaia DR3 2077586873492185344,F8 V,6000,1.12,1.18,0.3321,1.3,4.44,0.8,0.42,[Fe/H],19.366,,5,
Kepler-740,2.567511,Kepler-740,,,TIC 158270511,Gaia DR3 2130544262626885120,,5438,0.87,0.91,-0.12268,1.68147,4.52,4.79,0.03,[Fe/H],,,,
Kepler-741,2.567813,Kepler-741,,,TIC 159050690,Gaia DR3 2127728520725956224,,6129,1.24,1.16,0.33161,1.09896,4.31,3.16,0.07,[Fe/H],,,,
Kepler-742,2.569383,Kepler-742,,,TIC 164558468,Gaia DR3 2107547603271136896,,4642,0.71,0.76,-0.69172,3.26173,4.62,2.57,0.07,[Fe/H],,,,
Kepler-743,2.502611,Kepler-743,,,TIC 271760755,Gaia DR3 2077994272606400512,,5486,0.85,0.94,-0.17633,1.27,4.55,1.86,0.01,[Fe/H],-3.45687,,,
Kepler-744,2.5690,Kepler-744,,,TIC 272597130,Gaia DR3 2080562667352233728,,5594,0.93,0.94,-0.22215,1.33,4.48,5.13,0,[Fe/H],,,,
Kepler-745,2.52986,Kepler-745,,,TIC 137307173,Gaia DR3 2051748659478657152,,5849,1.04,1.04,0.37557,0.48669,4.42,4.07,0.06,[Fe/H],,,,
Kepler-746,2.53582,Kepler-746,,,TIC 122515955,Gaia DR3 2051034251798891904,,5418,0.93,0.91,-0.172,5.1037,4.46,8.71,0.09,[Fe/H],,,,
Kepler-747,2.468692,Kepler-747,,,TIC 121602473,Gaia DR3 2102113267054010880,,5096,0.78,0.82,-0.432,0.59966,4.58,4.79,-0.03,[Fe/H],,,,
Kepler-748,2.53456,Kepler-748,,,TIC 137545963,Gaia DR3 2051722855314502400,,5934,1.1,1.07,0.36017,1.44884,4.38,3.72,0.08,[Fe/H],,,,
Kepler-749,2.522496,Kepler-749,,,TIC 269263934,Gaia DR3 2076090506891080704,,5009,0.75,0.79,-0.49432,3.54617,4.59,4.57,-0.11,[Fe/H],,,,
Kepler-75,2.507986,Kepler-75,,,TIC 122785299,Gaia DR3 2050231848829944320,K0 V,5200,0.89,0.91,-0.21487,1.85,4.5,6.2,0.3,[Fe/H],-64.18,19.18,3.5,
Kepler-750,2.523250,Kepler-750,,,TIC 158931258,Gaia DR3 2103078397743762432,,6160,1.23,1.15,0.34371,0.4,4.32,3.09,0.03,[Fe/H],,,,
Kepler-751,2.523954,Kepler-751,,,TIC 271259677,Gaia DR3 2078310008545447808,,5387,0.84,0.87,-0.26401,2.11123,4.54,4.47,-0.06,[Fe/H],,,,
Kepler-752,2.421033,Kepler-752,,,TIC 137548225,Gaia DR3 2051896440713570048,,5373,0.83,0.87,-0.12488,1.61544,4.54,4.07,-0.08,[Fe/H],,,,
Kepler-753,2.420956,Kepler-753,,,TIC 351056774,Gaia DR3 2051905030647886976,,4346,0.65,0.68,-0.86467,4.41767,4.65,3.63,-0.03,[Fe/H],,,,
Kepler-754,2.420352,Kepler-754,,,TIC 138036531,Gaia DR3 2051669906960994304,,5935,1.08,1.06,0.41554,0.72319,4.39,3.8,0.05,[Fe/H],,,,
Kepler-755,2.469695,Kepler-755,,,TIC 239227652,Gaia DR3 2076782889978499840,,5043,0.77,0.82,-0.45664,1.51,4.58,4.9,-0.01,[Fe/H],,,,
Kepler-756,2.472382,Kepler-756,,,TIC 122597885,Gaia DR3 2101594538086364032,,5282,0.79,0.82,-0.358,2.17012,4.57,4.47,-0.19,[Fe/H],,,,
Kepler-757,2.476702,Kepler-757,,,TIC 360022783,Gaia DR3 2076848310922066048,,6014,1.13,1.08,0.16044,3.5012,4.37,3.31,0.02,[Fe/H],,,,
Kepler-758,2.471015,Kepler-758,,,TIC 137968594,Gaia DR3 2053552270863859712,,6228,1.42,1.16,0.56281,0.33,4.19,3.8,-0.1,[Fe/H],,,,
Kepler-759,2.475900,Kepler-759,,,TIC 122298563,Gaia DR3 2101796092309354624,,5860,1.04,1.04,0.061,1.5122,4.42,3.89,0.06,[Fe/H],,,,
Kepler-76,2.443259,Kepler-76,,,TIC 138644215,Gaia DR3 2052441008208934144,F,6409,1.32,1.2,0.45116,0.96729,4.2,0.62,-0.1,[Fe/H],,,6.5,
Kepler-760,2.525364,Kepler-760,,,TIC 158494681,Gaia DR3 2106043093408840960,,5322,0.85,0.89,-0.27997,1.48,4.54,4.57,0.08,[Fe/H],,,,
Kepler-761,2.525624,Kepler-761,,,TIC 159442087,Gaia DR3 2126870661139070080,,5706,0.93,0.95,-0.11728,2.35867,4.48,4.07,-0.09,[Fe/H],,,,
Kepler-762,2.8557,Kepler-762,,,TIC 159725995,Gaia DR3 2129158710476149376,,5944,1.08,1.06,0.31816,0.77867,4.4,3.8,0.02,[Fe/H],,,,
Kepler-763,2.5361,Kepler-763,,,TIC 63130782,Gaia DR3 2128369501647063808,,5166,0.8,0.84,-0.3339,3.30276,4.57,4.79,0.01,[Fe/H],,,,
Kepler-763,2.5361,Kepler-763,,,TIC 63130782,Gaia DR3 2128369501647063808,,4999,0.843,0.8,-0.3339,3.35101,4.49,2.1,0.18,[Fe/H],,,,
Kepler-763,2.5361,Kepler-763,,,TIC 63130782,Gaia DR3 2128369501647063808,,4999,0.843,0.8,-0.3339,3.30276,4.49,2.1,0.18,[Fe/H],,,,
Kepler-764,2.5873,Kepler-764,,,TIC 273129679,Gaia DR3 2086366370762352640,,5557,0.89,0.92,-0.13604,1.4571,4.51,4.17,-0.06,[Fe/H],,,,
Kepler-765,2.4710,Kepler-765,,,TIC 164456891,Gaia DR3 2107617903296016768,,5901,1.06,1.05,0.14595,0.84868,4.41,3.72,0.04,[Fe/H],,,,
Kepler-766,2.421220,Kepler-766,,,TIC 138036952,Gaia DR3 2052234368740841600,,5992,1.15,1.1,0.45132,0.52073,4.36,3.63,0.09,[Fe/H],,,,
Kepler-767,2.421825,Kepler-767,,,TIC 137220387,Gaia DR3 2052567623840745216,,5694,0.94,0.96,0.47562,32.90527,4.48,4.07,-0.05,[Fe/H],,,,
Kepler-768,2.425477,Kepler-768,,,TIC 138568968,Gaia DR3 2052074389802779904,,5108,0.78,0.82,-0.46575,8.33869,4.58,4.57,-0.03,[Fe/H],,,,
Kepler-769,2.425299,Kepler-769,,,TIC 137815803,Gaia DR3 2051933343073295232,,6186,1.28,1.19,0.1791,1.36184,4.3,2.88,0.06,[Fe/H],,,,
Kepler-77,2.529837,Kepler-77,,,TIC 159098316,Gaia DR3 2126912305142208384,G5 V,5520,0.99,0.95,-0.046,1.365,4.42,7.5,0.2,[M/H],-24.7567,,1.5,
Kepler-770,2.424544,Kepler-770,,,TIC 120891972,Gaia DR3 2099980386293545216,,5598,0.92,0.94,0.05399,0.97772,4.49,4.57,-0.01,[Fe/H],,,,
Kepler-771,2.421538,Kepler-771,,,TIC 121276933,Gaia DR3 2099527421862552832,,5906,1.05,1.03,0.3549,0.77515,4.42,3.72,0.01,[Fe/H],,,,
Kepler-772,2.423830,Kepler-772,,,TIC 137150277,Gaia DR3 2052585044228107008,,5714,1.11,0.98,0.47515,0.2,4.33,8.13,0.03,[Fe/H],,,,
Kepler-773,2.421714,Kepler-773,,,TIC 122682991,Gaia DR3 2052603289249806976,,5850,1.01,1.04,0.09508,0.87,4.45,2.82,0.05,[Fe/H],,,,
Kepler-774,2.423745,Kepler-774,,,TIC 122780849,Gaia DR3 2052629162133190784,,6403,2.42,1.57,0.75268,0.23,3.87,2.14,0.04,[Fe/H],,,,
Kepler-775,2.483173,Kepler-775,,,TIC 137211068,Gaia DR3 2101711155037463040,,5468,0.84,0.92,-0.26699,1.5,4.56,1.86,-0.04,[Fe/H],,,,
Kepler-776,2.481010,Kepler-776,,,TIC 121114760,Gaia DR3 2102410719308323584,,5071,0.78,0.83,-0.43656,7.27284,4.58,4.37,0.05,[Fe/H],,,,
Kepler-777,2.529425,Kepler-777,,,TIC 123497954,Gaia DR3 2105358166383528192,,4043,0.56,0.58,-0.96766,5.77301,4.71,3.16,-0.17,[Fe/H],,,,
Kepler-778,2.527620,Kepler-778,,,TIC 158484518,Gaia DR3 2106046632461881856,,5102,0.77,0.81,-0.41318,2.7269,4.58,5.25,-0.09,[Fe/H],,,,
Kepler-779,2.529618,Kepler-779,,,TIC 352012126,Gaia DR3 2105915343901864832,,3804,0.44,0.46,-1.2339,4.62877,4.81,3.89,-0.43,[Fe/H],,,,
Kepler-78,2.532203,Kepler-78,,,TIC 270701667,Gaia DR3 2078373642776670080,G,5058,0.7475,0.779,-0.49785,2.63,4.61,0.625,-0.18,[Fe/H],-3.5084,12.92,2.6,
Kepler-780,2.527274,Kepler-780,,,TIC 123362050,Gaia DR3 2117396341239154560,,5769,1.02,1.01,0.0169,1.01394,4.42,4.9,0.05,[Fe/H],,,,
Kepler-781,2.9890,Kepler-781,,,TIC 158489897,Gaia DR3 2130857627739052928,,5162,0.78,0.81,-0.38375,1.84941,4.58,4.9,-0.1,[Fe/H],,,,
Kepler-782,2.14367,Kepler-782,,,TIC 158839841,Gaia DR3 2130920471701096576,,5867,1.01,0.98,0.10995,0.64,4.42,5.25,-0.14,[Fe/H],-67.61153,,,
Kepler-783,2.10141,Kepler-783,,,TIC 159642390,Gaia DR3 2129164173675031936,,5411.49,0.872088,0.94,-0.23092,1.998076,4.53007,9.7,-0.03,[M/H],,,,
Kepler-783,2.10141,Kepler-783,,,TIC 159642390,Gaia DR3 2129164173675031936,,5521,0.89,0.93,-0.23092,1.46,4.51,3.89,0.01,[Fe/H],,,,
Kepler-784,2.10457,Kepler-784,,,TIC 272078218,Gaia DR3 2080605823183999616,,5676,1.487,1.016,0.85693,0.09554,4.1,2.88,0.1,[Fe/H],-0.56,,4.8,
Kepler-784,2.10457,Kepler-784,,,TIC 272078218,Gaia DR3 2080605823183999616,,5674,1.32,1,0.85693,0.06,4.19,9.12,0.07,[Fe/H],-0.56,,4.8,
Kepler-785,2.431586,Kepler-785,,,TIC 137402055,Gaia DR3 2052722689341030656,,4739,0.71,0.77,-0.68251,3.97867,4.62,2.82,-0.02,[Fe/H],,,,
Kepler-786,2.433310,Kepler-786,,,TIC 138366498,Gaia DR3 2052392835854583936,,4838,0.74,0.81,-0.58348,2.07,4.61,2.51,0.09,[Fe/H],,,,
Kepler-787,2.427531,Kepler-787,,,TIC 137318289,Gaia DR3 2052736123999181824,,4248,0.62,0.65,-0.89537,3.24108,4.67,3.39,-0.09,[Fe/H],,,,
Kepler-788,2.427276,Kepler-788,,,TIC 122224871,Gaia DR3 2052874318864239616,,6159,1.23,1.16,0.33615,0.10251,4.32,3.02,0.05,[Fe/H],,,,
Kepler-789,2.433826,Kepler-789,,,TIC 184300256,Gaia DR3 2073176491847171840,,5870,1.02,1.01,0.49628,0.46008,4.42,3.72,-0.06,[Fe/H],,,,
Kepler-79,2.530868,Kepler-79,,,TIC 239306681,Gaia DR3 2076085318570299136,,6174,1.302,1.165,0.342,0.741,4.274,3.44,-0.0731,[M/H],,,,
Kepler-790,2.431117,Kepler-790,,,TIC 121020728,Gaia DR3 2100369888287148416,,5208,0.8,0.84,-0.42384,9.48847,4.56,4.9,-0.05,[Fe/H],,,,
Kepler-791,2.434801,Kepler-791,,,TIC 138303317,Gaia DR3 2052397886736075264,,6383,1.47,1.3,0.40273,0.01771,4.21,2.24,0.06,[Fe/H],,,,
Kepler-792,2.431573,Kepler-792,,,TIC 137401986,Gaia DR3 2052717466660745984,,5971,1.12,1.09,0.27379,1.52852,4.38,3.39,0.08,[Fe/H],,,,
Kepler-793,2.430785,Kepler-793,,,TIC 139036121,Gaia DR3 2052144621107902208,,5745,0.97,0.98,0.11018,0.95862,4.46,4.27,0,[Fe/H],,,,
Kepler-794,2.432665,Kepler-794,,,TIC 121467823,Gaia DR3 2099681216051775616,,5839,1.38,1.19,0.50637,0.26,4.23,4.07,0.34,[Fe/H],,,,
Kepler-795,2.427416,Kepler-795,,,TIC 122684233,Gaia DR3 2052653729346427136,,5631,0.96,0.94,-0.02178,0.81,4.45,6.46,-0.02,[Fe/H],,,,
Kepler-796,2.435713,Kepler-796,,,TIC 121214909,Gaia DR3 2099651529238509696,,5475,1.09,0.93,0.57234,0.1,4.33,11.75,0.09,[Fe/H],-32.69357,,,
Kepler-797,2.483877,Kepler-797,,,TIC 169176157,Gaia DR3 2076947266967292928,,5680,0.95,0.96,0.46974,0.72049,4.47,3.89,-0.02,[Fe/H],,,,
Kepler-798,2.490381,Kepler-798,,,TIC 63214717,Gaia DR3 2125709405062046976,,6224,1.29,1.19,0.22222,0.70442,4.29,2.82,0.03,[Fe/H],,,,
Kepler-799,2.538298,Kepler-799,,,TIC 158419284,,,5681,0.93,0.95,-0.09,0.82029,4.49,3.98,-0.07,[Fe/H],,,,
Kepler-799,2.538298,Kepler-799,,,TIC 158419284,,,5588,1.593,1.031,0.349,0.45024,4.047,0.5,0.14,[Fe/H],,,,
Kepler-8,2.494581,Kepler-8,,,TIC 123233041,Gaia DR3 2116730994965905280,,6213,1.486,1.213,0.605,0.65374,4.174,3.47,-0.055,[Fe/H],-52.72,,10.5,
Kepler-80,2.448208,Kepler-80,,,TIC 184296619,Gaia DR3 2076328963475704576,K5,4540,0.678,0.73,-0.76955,2.33,4.639,2,0.04,[Fe/H],,,,
Kepler-80,2.448208,Kepler-80,,,TIC 184296619,Gaia DR3 2076328963475704576,K5,4540,0.678,0.83,-0.76955,2.26,4.639,2,0.04,[M/H],,,,
Kepler-800,2.536563,Kepler-800,,,TIC 158275161,Gaia DR3 2106132875405444352,,5315,0.82,0.85,-0.35798,1.0156,4.55,4.68,-0.09,[Fe/H],,,,
Kepler-801,2.534724,Kepler-801,,,TIC 158171839,Gaia DR3 2106293816419205504,,4435,0.63,0.67,-0.79815,1.5102,4.66,3.55,-0.17,[Fe/H],,,,
Kepler-802,2.541124,Kepler-802,,,TIC 158114000,Gaia DR3 2106333879874204288,,5507,0.9,0.93,-0.22563,0.49325,4.5,4.68,0.06,[Fe/H],,,,
Kepler-803,2.535893,Kepler-803,,,TIC 268608781,Gaia DR3 2079139864948330752,,5919,1.12,1.05,0.24057,0.68,4.36,4.9,0.02,[Fe/H],,,,
Kepler-804,2.537167,Kepler-804,,,TIC 275573295,Gaia DR3 2126432677554353280,,5817,1.05,1.01,0.04956,0.81,4.4,5.25,0,[Fe/H],,,,
Kepler-805,2.541700,Kepler-805,,,TIC 275573748,Gaia DR3 2126508676995012352,,6112,1.65,1.19,0.5408,0.26,4.08,4.27,-0.06,[Fe/H],-9.07136,,,
Kepler-806,2.538954,Kepler-806,,,TIC 272172942,Gaia DR3 2079752464723012096,,5770,1.16,0.99,0.40655,0.24,4.3,7.76,0,[Fe/H],-64.49573,,,
Kepler-808,2.24165,Kepler-808,,,TIC 26417717,Gaia DR3 2129330577887487744,,4653,0.71,0.76,-0.6837,1.95,4.62,1.95,0.05,[Fe/H],,,,
Kepler-809,2.18682,Kepler-809,,,TIC 299156496,Gaia DR3 2130951464184187392,,5734,0.98,0.99,0.00145,0.88628,4.45,4.37,0.04,[Fe/H],,,,
Kepler-81,2.502402,Kepler-81,,,TIC 270611154,Gaia DR3 2077816087307845248,M0 V,4500,0.595,0.648,-0.88941,4.19265,4.696,3.63,-0.18,[M/H],,,,
Kepler-81,2.502402,Kepler-81,,,TIC 270611154,Gaia DR3 2077816087307845248,M0 V,4385,0.59,0.64,-0.88941,4.19265,4.7,3.63,-0.18,[M/H],,,,
Kepler-810,2.19306,Kepler-810,,,TIC 351188824,Gaia DR3 2086631456141614848,,5803,1.04,1.03,-0.03156,1.65508,4.42,4.17,0.1,[Fe/H],,,,
Kepler-811,2.15622,Kepler-811,,,TIC 351908051,Gaia DR3 2131496856310537984,,5747,1.24,1.01,0.32275,0.33,4.25,7.94,0.05,[Fe/H],,,,
Kepler-812,2.21343,Kepler-812,,,TIC 299033074,Gaia DR3 2130968334816264576,,6761,1.71,1.45,0.75193,0.77147,4.13,1.66,0.02,[Fe/H],,,,
Kepler-813,2.23789,Kepler-813,,,TIC 377782430,Gaia DR3 2131910341401451264,,5743,0.93,0.95,-0.0712,1.98618,4.48,3.98,-0.13,[Fe/H],,,,
Kepler-814,2.23727,Kepler-814,,,TIC 48450382,Gaia DR3 2131593269736776576,,6162,1.22,1.15,0.66937,1.47416,4.33,3.02,0.01,[Fe/H],,,,
Kepler-815,2.15605,Kepler-815,,,TIC 48505882,Gaia DR3 2131495378841740800,,5028,3.42,1.25,0.85698,0.04,3.46,4.9,-0.03,[Fe/H],,,,
Kepler-816,2.437659,Kepler-816,,,TIC 138105127,Gaia DR3 2052356964290178048,,5286,0.85,0.9,-0.37445,2.31041,4.54,4.17,0.16,[Fe/H],,,,
Kepler-817,2.436727,Kepler-817,,,TIC 184299435,Gaia DR3 2073195870740245504,,5861,1.03,1.03,0.08609,1.78404,4.42,3.55,0.02,[Fe/H],,,,
Kepler-818,2.439559,Kepler-818,,,TIC 184417625,Gaia DR3 2073292868280455936,,5638,0.92,0.94,-0.124,2.45874,4.49,3.98,-0.08,[Fe/H],,,,
Kepler-819,2.436568,Kepler-819,,,TIC 139106013,Gaia DR3 2076186611079704320,,5279,0.81,0.86,-0.39773,2.41873,4.55,4.47,-0.06,[Fe/H],,,,
Kepler-82,2.503870,Kepler-82,,,TIC 63372898,Gaia DR3 2125850623586710400,,5401,0.898,0.91,-0.18507,1.77,4.49,1.41,0.2107,[M/H],,,,
Kepler-82,2.503870,Kepler-82,,,TIC 63372898,Gaia DR3 2125850623586710400,,5428,0.945,0.946,-0.18507,1.49,4.466,1.41,0.2107,[M/H],,,,
Kepler-820,2.437383,Kepler-820,,,TIC 122685803,Gaia DR3 2052968773786517760,,6260,1.36,1.23,0.6895,0.25,4.25,2.63,0.09,[Fe/H],,,,
Kepler-821,2.438390,Kepler-821,,,TIC 120573482,Gaia DR3 2100279865772807424,,5191,0.8,0.84,-0.36439,2.35671,4.56,4.79,-0.03,[Fe/H],,,,
Kepler-822,2.441620,Kepler-822,,,TIC 137552781,Gaia DR3 2053165655089863808,,5928,1.08,1.06,-0.00495,1,4.4,3.55,0.04,[Fe/H],,,,
Kepler-823,2.436886,Kepler-823,,,TIC 120315151,Gaia DR3 2100216609495590912,,5643,0.96,0.98,0.33549,1.80327,4.47,4.47,0.06,[Fe/H],,,,
Kepler-824,2.444377,Kepler-824,,,TIC 122447994,Gaia DR3 2101074331646054656,,6035,1.22,1.15,0.12216,1.43366,4.32,3.31,0.14,[Fe/H],,,,
Kepler-825,2.439270,Kepler-825,,,TIC 378086008,Gaia DR3 2076249351963553152,,5976,1.08,1.03,0.11956,1.63287,4.39,3.55,-0.08,[Fe/H],,,,
Kepler-826,2.436923,Kepler-826,,,TIC 120355363,Gaia DR3 2100219392634493568,,6079,1.15,1.05,0.34865,0.36,4.34,4.37,-0.12,[Fe/H],,,,
Kepler-827,2.500882,Kepler-827,,,TIC 271346509,Gaia DR3 2077954724552784640,,5602,0.91,0.93,0.23172,3.32701,4.5,4.37,-0.06,[Fe/H],,,,
Kepler-828,2.494974,Kepler-828,,,TIC 158386765,Gaia DR3 2105474852056221824,,5039,0.77,0.81,-0.54299,2.04,4.58,4.57,-0.02,[Fe/H],,,,
Kepler-829,2.494685,Kepler-829,,,TIC 123451768,Gaia DR3 2104759585381348608,,5698,0.97,0.98,0.04004,5.22062,4.46,4.68,0.03,[Fe/H],,,,
Kepler-83,2.515179,Kepler-83,,,TIC 123416515,Gaia DR3 2105261134483173632,M0 V,4648,0.594,0.58,-1.10237,3.81596,4.718,3.09,-0.2,[Fe/H],,,,
Kepler-83,2.515179,Kepler-83,,,TIC 123416515,Gaia DR3 2105261134483173632,M0 V,4082,0.61,0.66,-1.10237,3.81596,4.69,3.09,-0.2,[Fe/H],,,,
Kepler-830,2.500908,Kepler-830,,,TIC 271433874,Gaia DR3 2077956171962729856,,6037,1.11,1.07,0.169,0.3999,4.38,3.47,-0.02,[Fe/H],,,,
Kepler-831,2.500890,Kepler-831,,,TIC 271346561,Gaia DR3 2077954866292643840,,5732,0.97,0.99,0.01191,0.91,4.46,4.17,0.02,[Fe/H],,,,
Kepler-832,2.546386,Kepler-832,,,TIC 272073383,Gaia DR3 2079804588446924672,,5596,0.9,0.92,0.07025,1.0168,4.5,4.37,-0.08,[Fe/H],,,,
Kepler-833,2.550281,Kepler-833,,,TIC 159397031,Gaia DR3 2127461236320786688,,4339,0.62,0.64,-0.79309,5.88599,4.67,3.72,-0.18,[Fe/H],,,,
Kepler-834,2.542727,Kepler-834,,,TIC 158392088,Gaia DR3 2106246984096567552,,4554,0.66,0.7,-0.7453,3.60222,4.64,2.69,-0.13,[Fe/H],,,,
Kepler-835,2.551181,Kepler-835,,,TIC 164527012,Gaia DR3 2107026778358609792,,5954,1.11,1.08,0.32995,0.87917,4.38,3.63,0.08,[Fe/H],,,,
Kepler-836,2.551490,Kepler-836,,,TIC 158486560,Gaia DR3 2130282789316404736,,5895,1.04,1.03,0.04883,0.47666,4.41,4.27,-0.01,[Fe/H],,,,
Kepler-837,2.554086,Kepler-837,,,TIC 164891482,Gaia DR3 2107265028783828736,,5403,0.81,0.85,-0.27122,1.46297,4.56,3.98,-0.18,[Fe/H],,,,
Kepler-838,2.554100,Kepler-838,,,TIC 351909828,Gaia DR3 2106520040936657536,,5770,0.96,0.98,-0.09867,0.69062,4.46,4.17,-0.06,[Fe/H],,,,
Kepler-839,2.544334,Kepler-839,,,TIC 159580625,Gaia DR3 2127396880530950272,,6058,1.31,1.22,0.43706,0.36,4.29,2.82,0.29,[Fe/H],,,,
Kepler-84,2.457982,Kepler-84,,,TIC 170646917,Gaia DR3 2073776859551124992,,6039,1.43,1,0.39,0.02901,4.13,3.98,-0.07,[Fe/H],,,,
Kepler-84,2.457982,Kepler-84,,,TIC 170646917,Gaia DR3 2073776859551124992,,6031,1.169,1.06,0.212,0.02901,4.323,3.98,-0.07,[Fe/H],,,,
Kepler-841,2.28484,Kepler-841,,,TIC 267569980,Gaia DR3 2131804165512770176,,5324,0.81,0.85,-0.36224,25.36857,4.56,4.47,-0.09,[Fe/H],,,,
Kepler-842,2.37615,Kepler-842,,,TIC 424815179,Gaia DR3 2129861435845006208,,4848,0.73,0.78,-0.61238,2.76789,4.6,4.37,-0.02,[Fe/H],,,,
Kepler-843,2.30552,Kepler-843,,,TIC 27774043,Gaia DR3 2086809645744257792,,5830,1.03,1.02,-0.04723,1.79475,4.42,4.17,0.05,[Fe/H],,,,
Kepler-844,2.27567,Kepler-844,,,TIC 298836607,Gaia DR3 2131232114526859520,,4128,0.57,0.59,-0.92083,0.5851,4.7,3.8,-0.24,[Fe/H],,,,
Kepler-845,2.33106,Kepler-845,,,TIC 417676802,Gaia DR3 2129939398090453504,,4913,0.75,0.79,-0.60474,2.21,4.59,4.79,0.01,[Fe/H],,,,
Kepler-846,2.30911,Kepler-846,,,TIC 399911496,Gaia DR3 2131294885469721984,,5579,0.91,0.94,-0.21715,3.89592,4.5,4.37,0,[Fe/H],,,,
Kepler-847,2.34966,Kepler-847,,,TIC 48352404,Gaia DR3 2131884640317332608,,4940,0.77,0.83,-0.5065,2.42571,4.58,3.89,0.15,[Fe/H],,,,
Kepler-848,2.29092,Kepler-848,,,TIC 26817863,Gaia DR3 2129014330855767040,,5695,1.2,1.01,0.59369,0.15,4.28,8.32,0.15,[Fe/H],,,,
Kepler-849,2.25321,Kepler-849,,,TIC 417659078,Gaia DR3 2129512821938786176,,5950,1.822,1.259,0.57287,0.292,4.016,4.7,0.145,[Fe/H],-28.53984,,,
Kepler-85,2.544326,Kepler-85,,,TIC 159580705,Gaia DR3 2127398083121764736,,5505.2,0.875,0.928,-0.2123,1.94556,4.51,1.38,0.12,[Fe/H],,,,
Kepler-85,2.544326,Kepler-85,,,TIC 159580705,Gaia DR3 2127398083121764736,,5436,0.893,0.947,-0.2123,1.46,4.494,1.38,0.12,[Fe/H],,,,
Kepler-850,2.25542,Kepler-850,,,TIC 26751527,Gaia DR3 2128927297638946176,,5932,1.09,1.06,0.17325,1.60453,4.39,3.89,0.03,[Fe/H],,,,
Kepler-851,2.32424,Kepler-851,,,TIC 27235573,Gaia DR3 2134808963293894912,,5455,0.85,0.89,-0.273,0.63776,4.53,4.47,-0.07,[Fe/H],,,,
Kepler-852,2.25838,Kepler-852,,,TIC 28089606,Gaia DR3 2086727319810829440,,6100,1.16,1.19,0.827,0.16,4.38,1.48,0.22,[Fe/H],,,,
Kepler-853,2.31774,Kepler-853,,,TIC 48419201,Gaia DR3 2131859244171951616,,6350,1.55,1.3,0.51032,0.44,4.17,2.69,0.07,[Fe/H],-17.80556,,,
Kepler-855,2.514380,Kepler-855,,,TIC 271431851,Gaia DR3 2078088005976092416,,5835,1.03,1.03,0.33305,0.58262,4.42,4.17,0.06,[Fe/H],,,,
Kepler-856,2.561686,Kepler-856,,,TIC 159054620,Gaia DR3 2127698215436676864,,5535,0.93,0.96,-0.02166,1.79327,4.49,4.27,0.12,[Fe/H],,,,
Kepler-857,2.512616,Kepler-857,,,TIC 271158887,Gaia DR3 2078176589682140160,,5773,0.99,0.99,-0.07143,2.7636,4.45,4.27,0.02,[Fe/H],,,,
Kepler-858,2.50557,Kepler-858,,,TIC 299089652,Gaia DR3 2133344791759137152,,5653,0.91,0.96,-0.1131,1.11,4.5,3.39,-0.04,[Fe/H],-24.76025,,,
Kepler-859,2.506797,Kepler-859,,,TIC 158317824,Gaia DR3 2105604800586437760,,5020,0.77,0.81,-0.55638,2.11,4.59,4.57,-0.02,[Fe/H],,,,
Kepler-860,2.560669,Kepler-860,,,TIC 271774166,Gaia DR3 2080406364902715776,,5836,1.06,1.04,-0.15726,2.67226,4.4,4.27,0.09,[Fe/H],,,,
Kepler-861,2.559836,Kepler-861,,,TIC 63206411,Gaia DR3 2128256286308183552,,5047,0.78,0.82,-0.42701,7.44905,4.58,4.47,0.01,[Fe/H],,,,
Kepler-862,2.565114,Kepler-862,,,TIC 273379660,Gaia DR3 2080286483776060544,,5333,0.84,0.88,-0.10252,1.23727,4.54,4.79,0.04,[Fe/H],,,,
Kepler-863,2.509558,Kepler-863,,,TIC 273500946,Gaia DR3 2078549908245590400,,5678,0.95,0.96,0.21514,0.99953,4.46,3.8,-0.03,[Fe/H],,,,
Kepler-864,2.561275,Kepler-864,,,TIC 164836049,Gaia DR3 2107279803471399168,,6213,1.195,1.27,0.2078,0.49521,4.387,0.3,0.36,[Fe/H],,,,
Kepler-864,2.561275,Kepler-864,,,TIC 164836049,Gaia DR3 2107279803471399168,,5754,1,1,0.2078,0.82595,4.44,4.68,0.04,[Fe/H],,,,
Kepler-865,2.514774,Kepler-865,,,TIC 273499989,Gaia DR3 2078648211455026432,,5570,0.92,0.93,-0.29754,1.51938,4.49,4.27,-0.01,[Fe/H],,,,
Kepler-865,2.514774,Kepler-865,,,TIC 273499989,Gaia DR3 2078648211455026432,,5440,0.885,0.782,-0.29754,2.62579,4.438,4.27,-0.24,[Fe/H],,,,
Kepler-866,2.505366,Kepler-866,,,TIC 159307214,Gaia DR3 2102794517586604288,,4751,0.71,0.75,-0.70483,2.66491,4.62,4.27,-0.07,[Fe/H],,,,
Kepler-867,2.50430,Kepler-867,,,TIC 399915645,Gaia DR3 2133767931937168512,,5541,0.91,0.92,0.11686,0.95103,4.49,5.89,-0.02,[Fe/H],,,,
Kepler-868,2.567317,Kepler-868,,,TIC 123447451,Gaia DR3 2119507506642066176,,5614,0.89,0.93,0.06838,0.85472,4.51,3.89,-0.08,[Fe/H],,,,
Kepler-869,2.48995,Kepler-869,,,TIC 299218299,Gaia DR3 2133140076439141376,,5664,0.95,0.97,-0.11047,0.08921,4.47,4.79,0.02,[Fe/H],,,,
Kepler-87,2.2677,Kepler-87,,,TIC 273592336,Gaia DR3 2086306584816171392,,5600,1.82,1.1,0.32604,0.38451,3.96,7.5,-0.17,[Fe/H],-9.35,,4.3,
Kepler-870,2.45366,Kepler-870,,,TIC 27455225,Gaia DR3 2135175478621290624,,5857,1.02,1.01,0.04289,0.85776,4.43,3.8,-0.01,[Fe/H],,,,
Kepler-871,2.510858,Kepler-871,,,TIC 271158815,Gaia DR3 2078175627609397376,,5993,1.14,1.11,0.30895,0.43784,4.37,3.47,0.09,[Fe/H],,,,
Kepler-872,2.516303,Kepler-872,,,TIC 271669275,Gaia DR3 2078097665364576384,,5902,1.08,1.05,-0.14573,1.78181,4.4,4.17,0.04,[Fe/H],,,,
Kepler-873,2.50846,Kepler-873,,,TIC 27843860,Gaia DR3 2135506706499750656,,6163,1.27,1.18,0.13449,0.31624,4.29,2.95,0.07,[Fe/H],,,,
Kepler-874,2.505810,Kepler-874,,,TIC 271347296,Gaia DR3 2077967888633787264,,6020,1.13,1.09,0.13758,1.80017,4.37,3.31,0.03,[Fe/H],,,,
Kepler-875,2.507872,Kepler-875,,,TIC 273141643,Gaia DR3 2078729609672614784,,5958,1.11,1.06,0.13542,0.91503,4.38,3.39,0.03,[Fe/H],,,,
Kepler-876,2.509945,Kepler-876,,,TIC 164529393,Gaia DR3 2105095348745153536,,5060,0.77,0.81,-0.33828,2.22584,4.58,5.25,-0.03,[Fe/H],,,,
Kepler-877,2.565784,Kepler-877,,,TIC 159175206,Gaia DR3 2127712955764258048,,5261,0.81,0.85,-0.343,1.19692,4.56,4.57,-0.06,[Fe/H],,,,
Kepler-878,2.567482,Kepler-878,,,TIC 164892142,Gaia DR3 2107313098057987712,,5044,0.77,0.81,-0.17433,3.45421,4.58,4.57,-0.03,[Fe/H],,,,
Kepler-879,2.49288,Kepler-879,,,TIC 27639443,Gaia DR3 2135398473324811392,G,5456.75,1.022,0.974,0.0334,1.6,4.42,4.27,0.05,[Fe/H],,,,
Kepler-879,2.49288,Kepler-879,,,TIC 27639443,Gaia DR3 2135398473324811392,G,5792,1.02,1.02,0.0334,1.37423,4.42,4.27,0.05,[Fe/H],,,,
Kepler-880,2.515150,Kepler-880,,,TIC 351803495,Gaia DR3 2105274977158196480,,6761,1.74,1.46,0.66603,0.564685,4.12,1.66,0.03,[Fe/H],-29.43584,,,
Kepler-880,2.515150,Kepler-880,,,TIC 351803495,Gaia DR3 2105274977158196480,,6900,2.599,1.714,0.66603,0.10161,3.843,1.41,0,[Fe/H],-29.43584,,,
Kepler-881,2.567763,Kepler-881,,,TIC 158936201,Gaia DR3 2127766969273092864,,5961,1.09,1.06,0.11975,0.04553,4.39,3.8,0,[Fe/H],,,,
Kepler-882,2.510886,Kepler-882,,,TIC 271158747,Gaia DR3 2077988401397704320,,5476,0.87,0.9,-0.27313,1.5,4.52,4.57,-0.03,[Fe/H],,,,
Kepler-883,2.43908,Kepler-883,,,TIC 243271051,Gaia DR3 2133609705341815680,,6116,1.09,1.06,0.29567,0.44,4.4,3.02,-0.13,[Fe/H],,,,
Kepler-884,2.40678,Kepler-884,,,TIC 26657091,Gaia DR3 2129894833511828864,,5715,0.94,1,-0.31335,1.39,4.49,2.45,0.05,[Fe/H],-33.12806,,,
Kepler-885,2.38528,Kepler-885,,,TIC 299030528,Gaia DR3 2132686356093801472,,6187,1.35,1.21,0.41686,0.45,4.26,3.16,0.11,[Fe/H],-25.05337,,,
Kepler-886,2.513577,Kepler-886,,,TIC 158215023,Gaia DR3 2105673726221976576,,6098,1.16,1.1,0.04165,0.98,4.35,3.39,-0.01,[Fe/H],,,,
Kepler-887,2.445692,Kepler-887,,,TIC 122293639,Gaia DR3 2101093092063293824,,6194,1.29,1.19,0.44617,0.47,4.29,3.09,0.08,[Fe/H],-5.4076,,,
Kepler-888,2.39017,Kepler-888,,,TIC 27531978,Gaia DR3 2134932314753757312,,5875,0.9,0.97,-0.04319,1.06,4.52,1.48,-0.21,[Fe/H],,,,
Kepler-889,2.47785,Kepler-889,,,TIC 26474039,Gaia DR3 2130131297229656832,,5961,1.25,1.14,0.38344,0.39,4.3,3.98,0.19,[Fe/H],,,,
Kepler-890,2.517503,Kepler-890,,,TIC 158726129,Gaia DR3 2103062523544455296,,5954,1.13,1.09,0.32651,1.88641,4.37,3.63,0.09,[Fe/H],,,,
Kepler-891,2.455054,Kepler-891,,,TIC 122713286,Gaia DR3 2101493898411455360,,5887,1.07,1.06,0.58754,3.49966,4.41,3.55,0.09,[Fe/H],,,,
Kepler-892,2.519044,Kepler-892,,,TIC 164459949,Gaia DR3 2105327723655307648,,4747,0.72,0.75,-0.73492,2.79666,4.61,5.01,-0.04,[Fe/H],,,,
Kepler-893,2.520922,Kepler-893,,,TIC 164830125,Gaia DR3 2105847174181385600,,5820,0.99,1,0.05966,0.3676,4.45,3.8,-0.03,[Fe/H],,,,
Kepler-894,2.1813,Kepler-894,,,TIC 158838278,Gaia DR3 2130777191591084032,,5603,0.85,0.87,-0.12306,0.45345,4.53,4.27,-0.25,[Fe/H],,,,
Kepler-895,2.51412,Kepler-895,,,TIC 299217801,Gaia DR3 2133259510888931456,,4315,0.61,0.65,-0.85369,5.02117,4.67,2.63,-0.16,[Fe/H],,,,
Kepler-896,2.517101,Kepler-896,,,TIC 123490277,Gaia DR3 2105221139747765504,,5510,0.803,0.877,0.48148,0.0058,4.572,7.59,-0.16,[Fe/H],,,,
Kepler-896,2.517101,Kepler-896,,,TIC 123490277,Gaia DR3 2105221139747765504,,5262,0.81,0.84,0.48148,0.0058,4.56,5.01,-0.1,[Fe/H],,,,
Kepler-897,2.51988,Kepler-897,,,TIC 290005350,Gaia DR3 2139225048663855872,,5839,1.04,1.03,0.28762,0.77522,4.41,4.37,0.04,[Fe/H],,,,
Kepler-898,2.571254,Kepler-898,,,TIC 158272820,Gaia DR3 2130552994298492288,,4223,0.62,0.65,-0.87506,1.46624,4.66,3.98,-0.06,[Fe/H],,,,
Kepler-899,2.461809,Kepler-899,,,TIC 169557750,Gaia DR3 2073746932220288256,,5595,0.91,0.93,0.04831,1.28042,4.49,4.07,-0.06,[Fe/H],,,,
Kepler-9,2.425688,Kepler-9,,,TIC 120571842,Gaia DR3 2099925719951103872,,5777,1.02,1.07,-0.038,1.15,4.49,1,0.12,[Fe/H],,16.49,1.9,
Kepler-9,2.425688,Kepler-9,,,TIC 120571842,Gaia DR3 2099925719951103872,,5774,0.958,1.022,-0.038,1.64,4.49,2,0.05,[Fe/H],,16.49,2.74,
Kepler-900,2.2370,Kepler-900,,,TIC 272278496,Gaia DR3 2080548957816447872,,4836,0.73,0.78,-0.6084,1.03464,4.6,4.57,-0.01,[Fe/H],-18.32,,5.2,
Kepler-901,2.465335,Kepler-901,,,TIC 122712179,Gaia DR3 2101525749889208576,,4184,0.57,0.59,-0.98404,9.67188,4.7,3.8,-0.3,[Fe/H],,,,
Kepler-902,2.1926,Kepler-902,,,TIC 159172027,Gaia DR3 2127832768171557632,,5647,0.93,0.95,0.10835,2.57107,4.49,4.37,0,[Fe/H],,,,
Kepler-903,2.460778,Kepler-903,,,TIC 121732589,Gaia DR3 2101340791416961664,,5682,0.97,0.98,0.36464,0.24,4.46,4.79,0.05,[Fe/H],,,,
Kepler-904,2.454732,Kepler-904,,,TIC 121789066,Gaia DR3 2101298357139960576,,6160,1.25,1.16,0.15444,0.97869,4.31,3.02,0.05,[Fe/H],,,,
Kepler-905,2.569766,Kepler-905,,,TIC 159225367,Gaia DR3 2127811705651952000,,5461,0.86,0.95,-0.21507,1.44,4.55,1.66,0.09,[Fe/H],,,,
Kepler-906,2.451203,Kepler-906,,,TIC 137154728,Gaia DR3 2053438127812903296,,6035,1.02,1.06,0.09641,0.81,4.45,1.86,-0.09,[Fe/H],,,,
Kepler-907,2.480898,Kepler-907,,,TIC 120576846,Gaia DR3 2103882548762598144,,6106,1.38,1.08,0.378,1.90798,4.19,5.37,-0.15,[Fe/H],12.2503,,,
Kepler-908,2.439383,Kepler-908,,,TIC 139106731,Gaia DR3 2076194101502797952,,5973,1.12,1.11,0.26406,0.56,4.38,3.02,0.15,[Fe/H],-24.8814,,,
Kepler-909,2.545650,Kepler-909,,,TIC 159096688,Gaia DR3 2127259505997243648,,6154,1.23,1.17,0.273,0.66,4.33,2.88,0.08,[Fe/H],-27.31203,,,
Kepler-91,2.525272,Kepler-91,,,TIC 352011875,Gaia DR3 2105909326647414400,K3,4550,6.3,1.31,1.225,0.0073,2.953,4.47,0.11,[Fe/H],-62.011,,6.8,
Kepler-910,2.501077,Kepler-910,,,TIC 272178989,Gaia DR3 2077243138673356928,,6230,1.5,1.26,0.49442,0.38,4.19,3.39,0.12,[Fe/H],-1.65892,,,
Kepler-911,2.464222,Kepler-911,,,TIC 171029578,Gaia DR3 2073804411752924288,,6112,1.99,1.34,0.70686,0.17,3.97,3.55,0.03,[Fe/H],-47.01822,,,
Kepler-912,2.484011,Kepler-912,,,TIC 170251516,Gaia DR3 2073907392200330112,,5998,1.11,1.07,0.55177,0.07146,4.37,3.16,0.02,[Fe/H],,,,
Kepler-913,2.487371,Kepler-913,,,TIC 169465273,Gaia DR3 2076924314661348736,,4687,0.61,0.63,-0.28163,4.307,4.67,5.62,-0.52,[Fe/H],,,,
Kepler-913,2.487371,Kepler-913,,,TIC 169465273,Gaia DR3 2076924314661348736,,6068,1.797,1.294,-0.28163,4.37512,4.04,5.62,0.16,[Fe/H],,,,
Kepler-914,2.538514,Kepler-914,,,TIC 159386728,Gaia DR3 2127019915540964224,,5877,1.15,1.1,0.24467,0.56,4.36,3.98,0.22,[Fe/H],,,,
Kepler-915,2.551675,Kepler-915,,,TIC 159396818,Gaia DR3 2127422890853328128,,6173,1.38,1.21,0.50553,0.38,4.24,3.39,0.08,[Fe/H],,,,
Kepler-916,2.554458,Kepler-916,,,TIC 159581842,Gaia DR3 2127452543307810432,,5248,0.81,0.85,-0.27846,2.61354,4.56,4.79,-0.05,[Fe/H],,,,
Kepler-917,2.18154,Kepler-917,,,TIC 268383727,Gaia DR3 2085724496490595584,,5418,0.76,0.8,0.76372,1.92074,4.58,4.17,-0.38,[Fe/H],,,,
Kepler-918,2.22051,Kepler-918,,,TIC 28450124,Gaia DR3 2086541158751075968,,6028,1.14,1.11,-0.01801,1.80765,4.37,3.24,0.06,[Fe/H],,,,
Kepler-919,2.24709,Kepler-919,,,TIC 28361491,Gaia DR3 2086552256947163392,,6113,1.21,1.15,0.16662,0.88069,4.33,3.02,0.07,[Fe/H],,,,
Kepler-92,2.479390,Kepler-92,,,TIC 121943724,Gaia DR3 2102224661326132864,,5904.34,1.81719,1.07,0.55818,0.25139,3.94865,3.98,0.1381,[M/H],-41.30767,,,
Kepler-92,2.479390,Kepler-92,,,TIC 121943724,Gaia DR3 2102224661326132864,,5883,1.7,1.21,0.55818,0.24,4.05,3.98,0.1381,[M/H],-41.30767,,,
Kepler-920,2.31789,Kepler-920,,,TIC 267570317,Gaia DR3 2131815577243101696,,5403,0.85,0.89,-0.18293,1.07983,4.54,4.37,0,[Fe/H],,,,
Kepler-921,2.31812,Kepler-921,,,TIC 48448706,Gaia DR3 2132177282208543872,,5663,0.91,0.93,-0.0296,2.98696,4.5,4.27,-0.12,[Fe/H],,,,
Kepler-922,2.36156,Kepler-922,,,TIC 48448415,Gaia DR3 2132214871762396160,,5671,0.93,0.95,-0.13328,1.18,4.48,4.37,-0.05,[Fe/H],,,,
Kepler-923,2.449651,Kepler-923,,,TIC 138574253,Gaia DR3 2076517323560360576,,5988,1.26,1.11,0.3325,0.59,4.28,4.68,0.07,[Fe/H],,,,
Kepler-924,2.454978,Kepler-924,,,TIC 122596334,Gaia DR3 2101136385334437632,,6167,1.23,1.14,0.31382,0.52,4.32,3.09,0.01,[Fe/H],,,,
Kepler-925,2.456930,Kepler-925,,,TIC 122294985,Gaia DR3 2101170951231556864,,4673,0.72,0.77,-0.68406,1.63128,4.62,2.57,0.12,[Fe/H],,,,
Kepler-926,2.463075,Kepler-926,,,TIC 394174412,Gaia DR3 2101378312251177472,,5806,1.01,1.01,0.17281,16.03701,4.43,4.37,0.03,[Fe/H],,,,
Kepler-927,2.475820,Kepler-927,,,TIC 122066280,Gaia DR3 2101480188876308480,,5743,0.99,0.99,-0.08583,0.89453,4.45,4.37,0.03,[Fe/H],,,,
Kepler-928,2.479517,Kepler-928,,,TIC 122136712,Gaia DR3 2101473385648356608,,4700,0.7,0.73,-0.71877,2.2407,4.62,4.37,-0.11,[Fe/H],,,,
Kepler-929,2.482313,Kepler-929,,,TIC 170733187,Gaia DR3 2075389018477664384,,5869,1.02,1.01,0.46075,0.34,4.42,3.47,-0.04,[Fe/H],,,,
Kepler-93,2.428793,Kepler-93,,,TIC 137151335,Gaia DR3 2052747119115620352,,5669,0.92,0.91,-0.10565,1.64,4.468,5.05,-0.18,[Fe/H],27.62941,,0.5,
Kepler-93,2.428793,Kepler-93,,,TIC 137151335,Gaia DR3 2052747119115620352,,5669,0.919,0.911,-0.10565,1.652,4.47,6.6,-0.18,[Fe/H],27.62941,,0.5,
Kepler-930,2.492645,Kepler-930,,,TIC 274031725,Gaia DR3 2078446691589261696,,6335,1.4,1.25,0.37758,0.46,4.24,2.34,0.04,[Fe/H],,,,
Kepler-931,2.501231,Kepler-931,,,TIC 272945038,Gaia DR3 2078696005850500608,,5241,0.81,0.86,-0.35,3.22363,4.55,4.68,-0.01,[Fe/H],,,,
Kepler-932,2.509473,Kepler-932,,,TIC 272715773,Gaia DR3 2078726238114989824,,5331,0.84,0.87,-0.32176,1.61,4.54,4.68,-0.01,[Fe/H],,,,
Kepler-933,2.513856,Kepler-933,,,TIC 159099716,Gaia DR3 2102865436087077632,,5346,0.84,0.87,-0.21081,2.01989,4.54,4.68,-0.02,[Fe/H],,,,
Kepler-934,2.517633,Kepler-934,,,TIC 159379942,Gaia DR3 2126835717285958912,,5001,0.77,0.81,-0.47799,9.15588,4.59,4.47,0.01,[Fe/H],,,,
Kepler-935,2.568674,Kepler-935,,,TIC 271424795,Gaia DR3 2080476321330727808,,4830,0.73,0.78,-0.63887,2.40036,4.61,3.8,-0.01,[Fe/H],,,,
Kepler-936,2.569963,Kepler-936,,,TIC 270619059,Gaia DR3 2128190453050802048,,5482,0.89,0.92,-0.19,4.40297,4.51,4.57,0.05,[Fe/H],,,,
Kepler-937,2.570129,Kepler-937,,,TIC 270854155,Gaia DR3 2128152897857003264,,6095,1.22,1.15,0.28097,0.65357,4.32,3.24,0.08,[Fe/H],,,,
Kepler-938,2.2284,Kepler-938,,,TIC 271253308,,,5533,0.89,0.92,-0.174,1.95244,4.51,4.27,-0.03,[Fe/H],,,,
Kepler-939,2.3786,Kepler-939,,,TIC 270790652,Gaia DR3 2128223747637518208,,5471,0.85,0.88,0.39065,0.10184,4.54,4.47,-0.12,[Fe/H],,,,
Kepler-94,2.9514,Kepler-94,,,TIC 123309556,Gaia DR3 2119602202081351168,M0 V,4781,0.76,0.81,-0.61348,2.9,4.59,1.41,0.34,[Fe/H],-50.47916,,0.5,
