sy_name,sy_snum,sy_pnum,sy_mnum,cb_flag,ra,dec,glon,glat,sy_dist,sy_plx,sy_pm,sy_pmra,sy_pmdec,sy_gaiamag,sy_tmag,sy_vmag,sy_jmag,sy_kmag,sy_w1mag,sy_w4mag
11 Com,2,1,0,0,185.1787793,17.7932516,264.13775,78.28058,93.1846,10.7104,140.3836266,-109.241,88.1701,4.44038,3.8379,4.72307,2.943,2.282,0.639,2.27
11 UMi,1,1,0,0,229.2745954,71.8239428,108.719,41.04437,125.321,7.95388,10.6790187,3.42996,10.1132,4.56216,3.82294,5.013,2.876,1.939,-0.29,1.787
14 And,1,1,0,0,352.82415,39.2358367,106.41269,-21.05141,75.4392,13.2289,299.2526179,287.292,-83.7582,4.91781,4.3214,5.23133,3.019,2.331,1.592,2.719
14 Her,1,2,0,0,242.6021014,43.8163621,69.16849,46.94447,17.9323,55.7363,324.5303062,132.019,-296.464,6.383,5.8631,6.61935,5.158,4.714,4.676,4.674
16 Cyg,3,1,0,0,295.4656422,50.5168243,83.33558,13.20446,21.1397,47.2754,211.1222128,-134.791,-162.493,6.06428,5.6281,6.215,4.993,4.651,4.773,4.713
17 Sco,1,1,0,0,243.4620874,-11.8377905,1.30262,27.34301,124.953,7.9805,10.6681995,-5.62983,-9.06176,4.75429,3.97655,5.22606,2.943,2.094,0.122,1.931
18 Del,2,1,0,0,314.6078375,10.8391378,58.69121,-21.9748,76.222,13.0922,60.6038527,-50.0335,-34.1976,5.27476,4.7181,5.51048,4.032,3.366,3.37,3.308
1RXS J160929.1-210524,1,1,0,0,242.3762343,-21.0831403,352.8905,22.03031,139.135,7.15949,25.3771704,-10.2743,-23.2043,12.0572,11.1941,12.618,9.82,8.916,8.794,8.531
24 Boo,1,1,0,0,217.1555242,49.8446488,90.16373,60.6447,95.9863,10.39,307.6469784,-304.064,-46.8161,5.3339,4.7812,5.59,3.845,3.159,,
24 Sex,1,2,0,0,155.8684866,-0.9023998,245.08569,44.7158,72.0691,13.8488,74.6277468,65.2199,-36.2721,6.20374,5.6416,6.4535,5.292,4.285,4.094,4.201
2MASS J01033563-5515561,2,1,0,1,15.8992489,-55.2658291,299.26888,-61.77586,47.2,,,,,,12.089,15.788,10.162,9.237001,9.047,7.817
2MASS J01225093-2439505,1,1,0,0,20.7128012,-24.6646128,195.45385,-82.5199,33.8281,29.5326,172.4426671,120.455,-123.398,12.9025,11.6243,14.244,10.084,9.198,9.022,8.298
2MASS J02192210-3925225,1,1,0,0,34.8427046,-39.4230767,252.45343,-67.98402,40.08964117,24.9440995,109.6,103.6,-35.9,15.0123,13.4304,,11.381,10.404,10.148,9.001
2MASS J0249-0557,2,1,0,1,42.4851627,-5.9599921,181.3869,-54.7665,66.0613,15.1097,60.6305959,48.657,-36.1741,15.6894,14.0996,18.3,11.963,11.055,10.844,8.919
2MASS J03590986+2009361,1,1,0,0,59.7911026,20.1599759,171.7948,-24.41615,117.435,8.49183,14.9790197,4.95139,-14.137,16.9967,15.4702,,13.479,12.533,12.222,8.977
2MASS J04372171+2651014,1,1,0,0,69.3405531,26.8502997,172.81975,-13.44593,128.484,7.75524,28.3362604,8.63445,-26.9887,14.3374,13.0123,16.186,11.298,10.386,10.284,7.992
2MASS J04414489+2301513,1,1,0,0,70.4371079,23.0308544,176.51065,-15.11435,120.42398696,8.3039935,23.2,9,-21.4,18.9668,17.1815,,14.419,13.161,,
2MASS J11011926-7732383,1,1,0,0,165.3295388,-77.5440912,296.98009,-15.96361,,,,,,18.3299,16.7448,,13.096,11.632,11.218,8.634
2MASS J11550485-7919108,1,1,0,0,178.7691634,-79.3197558,300.23137,-16.7447,100.862,9.88618,41.4066261,-41.179,-4.33574,14.818,13.344,16.957,11.216,10.079,9.89,7.155
2MASS J12073346-3932539,1,1,0,0,181.8890906,-39.5484399,293.79011,22.54309,64.308,15.5242,68.3315134,-64.0825,-23.7198,17.4076,15.662,20.15,12.995,11.945,11.574,8.121
2MASS J16262785-2625152,1,1,0,0,246.6160467,-26.4209954,351.50197,15.56434,145.434,6.84881,28.1695767,-5.62232,-27.6028,14.1017,12.9013,15.902,10.841,9.845,9.648,8.528
2MASS J19383260+4603591,2,3,0,1,294.6359173,46.0664076,79.01876,11.67426,396.332,2.49522,6.9650162,5.19637,-4.6378,12.1376,12.4561,12.651,12.757,12.955,12.862,9.203
2MASS J21252752-8138278,1,1,0,0,321.3662989,-81.6414894,310.65078,-32.11971,34.1154,29.2836,123.2290771,59.8428,-107.723,10.8133,9.71772,11.804,8.239,7.341,7.242,6.953
2MASS J22362452+4751425,1,1,0,0,339.1025931,47.861683,100.74846,-9.10923,69.5737,14.3444,69.8897974,62.8913,-30.4839,11.9484,11.1286,12.368,9.975,9.148,9.058,8.731
2MASS J22501512+2325342,1,1,0,0,342.5634097,23.4259058,90.0162,-31.58894,57.2309,17.4443,95.1764718,70.2294,-64.237,13.5759,12.3193,14.784,10.707,9.833,9.722,8.591
4 UMa,1,1,0,0,130.0528099,64.3280504,151.35882,35.95654,73.4603,13.5901,66.6571379,-61.2227,26.362,4.23773,3.5681,4.5801,2.619,1.734,-0.342,1.755
47 UMa,1,3,0,0,164.8647611,40.4304931,175.78305,63.3677,13.7967,72.4528,322.3708569,-317.642,55.0139,4.87837,4.4698,5.03352,3.96,3.75,3.556,3.553
51 Eri,3,1,0,0,69.4007424,-2.4738245,198.61297,-30.65764,29.7575,33.577,77.7287954,44.3523,-63.8329,5.15806,4.9574,5.21149,4.744,4.537,4.543,4.39
51 Peg,1,1,0,0,344.3675399,20.7690958,90.06374,-34.7275,15.4614,64.6488,216.4603396,207.363,62.094,5.28647,4.8576,5.45309,4.655,3.911,3.909,3.904
55 Cnc,2,7,0,0,133.167908,28.3152863,196.81868,37.71118,12.4773,80.1166,539.8833656,-481.204,-244.779,11.6798,10.3334,13.152,8.56,7.666,,
55 Cnc,2,7,0,0,133.1468373,28.3298154,196.79526,37.69663,12.5855,79.4274,539.1329986,-485.872,-233.651,5.72973,5.2058,5.95084,4.768,4.015,4.001,4.014
6 Lyn,1,1,0,0,97.6960311,58.1611753,156.97286,20.18918,54.6599,18.2668,340.0415405,-30.4214,-338.678,5.60686,5.0436,5.87307,4.272,3.701,3.662,3.589
61 Vir,1,3,0,0,199.596455,-18.3157745,311.85177,44.08875,8.50332,117.573,1508.8416272,-1070.81,-1063,4.54052,4.085,4.6955,3.334,2.956,2.144,2.986
7 CMa,1,2,0,0,99.171276,-19.2561808,228.68876,-11.79597,19.8101,50.4571,95.6229309,61.9916,-72.8065,3.67853,3.0677,3.95,2.173,1.564,-0.682,1.541
70 Vir,1,1,0,0,202.1064898,13.7763085,337.65749,74.0991,17.9011,55.8347,622.5685118,-235.562,-576.283,4.76178,4.2943,4.96808,3.798,3.5,2.49,3.186
75 Cet,2,2,0,0,38.0391598,-1.0350269,169.94418,-54.44177,82.9613,12.0264,38.5643962,-23.6193,-30.4851,5.09343,4.5054,5.3532,3.931,3.207,2.101,2.988
8 UMi,1,1,0,0,224.201685,74.9009379,112.79492,39.66099,162.552,6.12304,13.2836055,12.7947,3.57069,6.55896,5.96761,6.83295,5.069,4.515,4.468,4.415
81 Cet,1,1,0,0,39.4243555,-3.3963607,174.48697,-55.24995,101.26,9.84895,60.3912853,42.0657,-43.3311,5.37588,4.77853,5.64307,3.94,3.266,3.313,3.242
91 Aqr,3,1,0,0,348.9745031,-9.0878076,67.07416,-61.11327,44.0304,22.6884,368.7717896,368.372,-17.1669,3.95311,3.3221,4.23946,2.263,1.597,-0.368,1.698
AB Aur,1,1,0,0,73.9410446,30.5510888,172.49916,-7.98082,162.127,6.13996,24.429161,3.92615,-24.1116,7.07854,6.94321,7.076,5.936,4.23,3.289,-1.723
AB Pic,1,1,0,0,94.8039208,-58.0541184,266.94347,-26.93081,50.0475,19.9521,47.297973,14.3389,45.0721,8.8378,8.2763,9.13,7.576,6.981,6.897,6.829
AF Lep,1,1,0,0,81.7699216,-11.9011752,214.37435,-24.04116,26.8564,37.2061,52.1820484,17.0595,-49.3147,6.18644,5.7932,6.332,5.268,4.926,4.915,4.803
AT2021ueyL,1,1,0,0,324.5450417,26.4665694,77.91374,-19.06415,1040,,,,,,,,,,,
AU Mic,1,4,0,0,311.2911369,-31.34245,12.65304,-36.80401,9.7221,102.829,456.8630854,281.424,-359.895,7.84038,6.755,8.81,5.436,4.529,4.449,4.14
BD+03 2562,1,1,0,0,177.5647268,2.7601075,269.32522,61.57342,1070.63,0.903403,17.9285781,-17.5788,-3.52416,8.9977,8.2014,9.577,6.96,6.021,5.956,5.829
BD+05 4868,2,1,0,0,326.8614036,6.6053185,63.20153,-34.1737,43.5687,22.9235,231.4652001,205.457,106.6,9.84152,9.1886,10.158,8.113,7.448,7.225,7.247
BD+14 4559,1,1,0,0,318.4010002,14.6893834,64.41837,-22.63172,49.352,20.2337,233.993162,233.993,-0.27532,9.35108,8.7505,9.78,7.882,7.336,7.207,7.176
BD+15 2375,1,1,0,0,176.4820239,14.6163182,249.00212,70.27244,768.045,1.27327,30.7736087,-28.4698,-11.6827,9.9918,9.3605,10.41,8.372,7.718,7.649,7.425
BD+15 2940,1,1,0,0,240.09564,15.5467507,28.10432,44.78011,426.42,2.31689,44.5517499,15.1368,-41.9015,8.7178,8.1004,9.01,7.154,6.525,6.527,6.377
BD+20 2457,1,2,0,0,154.186782,19.8912626,216.04472,53.95226,1539.71,0.598497,46.8841645,-36.0773,-29.9425,9.22684,8.4752,9.743,7.299,6.42,6.38,6.191
BD+20 274,1,1,0,0,25.9203179,21.0052692,138.9742,-40.23345,1322.51,0.722619,3.7882796,0.191228,-3.78345,8.91613,8.1716,9.367,7.003,6.169,6.107,5.991
BD+20 594,1,1,0,0,53.6511231,20.5990205,166.7966,-28.05348,179.461,5.54366,63.0539428,36.5714,-51.3647,10.8644,10.4021,10.849,9.770001,9.368,9.31,8.976
BD+37 3172,1,1,0,0,278.8155071,38.1153886,66.66421,19.31948,454.251,2.17277,12.8423881,-1.14883,12.7909,8.84772,8.1867,9.162,7.149,6.496,6.439,6.39
BD+42 2315,1,1,0,0,187.5887597,41.2695674,138.62406,75.20995,610.715,1.60885,23.7280299,19.6474,-13.3041,9.43036,8.809,9.723,7.856,7.229,7.07,7.184
BD+45 564,1,1,0,0,32.9470485,45.9242187,137.23205,-14.70463,53.622,18.6205,278.1169411,278.024,-7.18946,9.41266,8.8588,9.67,8.063,7.557,,
BD+48 738,1,1,0,0,40.7102869,49.5869395,140.80848,-9.3787,871.493,1.12086,6.8809607,2.80708,-6.28235,8.65569,7.8885,9.139,6.704,5.904,5.887,5.746
BD+48 740,1,1,0,0,40.7425426,48.9300579,141.10904,-9.96534,666.589,1.47289,5.2489645,-5.12477,-1.13506,8.26449,7.5248,8.69,6.385,5.645,5.555,5.479
BD+49 828,1,1,0,0,45.6406187,49.7299481,143.61792,-7.80173,442.042,2.2342,12.3367029,7.65456,-9.67481,9.02851,8.32678,9.381,7.246,6.571,6.503,6.363
BD+55 362,1,1,0,0,23.9636676,56.6982282,129.03163,-5.64657,52.5697,18.9935,341.3577474,264.142,-216.227,9.15305,8.6036,9.38,7.826,7.331,,
BD+60 1417,1,1,0,0,190.8875453,60.0143636,124.74559,57.0861,44.9543,22.2159,141.8849865,-126.501,-64.2561,9.17439,8.6054,9.374,7.823,7.288,7.177,7.135
BD+63 1405,1,1,0,0,271.3979337,63.6700064,93.08126,29.1513,38.0473,26.2541,249.4112585,-26.4761,248.002,8.705,8.1519,8.96,7.303,6.78,6.711,6.67
BD-06 1339,1,2,0,0,88.2511811,-5.9963378,211.65797,-15.71602,20.2695,49.3062,346.7225761,-1.04543,-346.721,9.10677,8.2906,9.7,7.128,6.305,6.266,6.213
BD-08 2823,1,2,0,0,150.1971964,-9.5165689,248.49513,34.75486,41.3342,24.1641,376.3791094,-375.517,25.4601,9.50331,8.86,9.86,7.96,7.323,7.213,7.395
BD-10 3166,1,1,0,0,164.6191243,-10.7704227,263.28467,43.23793,84.4069,11.8187,185.0255981,-184.836,-8.37407,9.83981,9.3253,10.013,8.611,8.124,8.109,7.566
BD-11 4672,1,2,0,0,278.3688659,-11.6370481,20.54287,-1.35959,27.1665,36.7812,372.5220822,-288.59,-235.56,9.48511,8.7204,10.03,7.651,6.867,6.838,6.99
BD-13 2130,1,1,0,0,114.2884692,-13.9066703,230.52055,3.53127,925.214,1.05402,3.8647189,-0.693761,-3.80194,9.69971,8.999,10.038,7.94,7.151,7.051,6.983
BD-14 3065,3,1,0,0,153.6696689,-15.6428372,256.57364,32.77156,589.423,1.66848,9.0305658,-5.60772,7.07846,10.91,10.6311,11.1,10.143,9.932,9.842,9.062
BD-17 63,1,1,0,0,7.1413494,-16.2273254,95.83026,-77.87825,34.4603,28.9903,421.9214191,-355.181,-227.737,9.20112,8.5246,9.62,7.574,6.914,6.846,6.876
BD-210397,1,2,0,0,33.3024198,-21.1962147,199.69949,-70.45622,23.7324,42.1075,379.6005102,375.476,55.8061,9.25962,8.4502,9.84,7.296,6.504,,
BEBOP-3,2,1,0,1,110.902655,79.1323952,135.15193,28.11769,119.052,8.37084,32.3332358,-10.7175,-30.5053,9.1008,8.70912,9.259,8.157,7.86,7.805,7.724
BEBOP-4,2,1,0,1,192.5772651,26.1595358,288.27326,88.99898,234.294,4.23969,12.8596366,12.5817,2.65915,9.43326,9.0024,9.646,8.4,8.076,8.033,8.081
Barnard's star,1,4,0,0,269.4486144,4.7379808,31.04815,14.08585,1.82655,547.451,10393.5508325,-802.803,10362.5,8.19511,6.88269,9.54,5.244,4.524,,
CD Cet,1,1,0,0,48.3530155,4.7751881,175.42689,-43.1678,8.60715,116.154,1743.982574,1741.86,86.0172,12.1232,10.6701,13.95,8.775,7.833,,
CD-35 2722,1,1,0,0,92.3300147,-35.8255375,242.56023,-23.50087,22.3896,44.6346,56.3961472,-3.72339,-56.2731,10.2176,9.20446,11.041,7.92,7.046,6.933,6.636
CFBDSIR J145829+101343,1,1,0,0,224.6208333,10.2286111,9.59427,55.65506,23.1,43.3,,,,,,,,,,
CFHTWIR-Oph 98,1,1,0,0,246.934277,-23.98115,353.60499,16.96444,,,,,,,18.525,,16.775,14.593,13.99,8.056
CHXR 73,1,1,0,0,166.6193985,-77.6258725,297.2776,-15.92181,190.374,5.23435,22.1935378,-22.1925,0.214627,17.2934,15.6098,,12.674,10.703,10.275,9.406
CI Tau,1,1,0,0,68.4667685,22.8416192,175.46435,-16.63607,157.998,6.30079,19.2503713,8.90416,-17.0673,12.1454,11.1809,13.642,9.48,7.793,6.756,2.412
COCONUTS-2,1,1,0,0,117.300914,-76.702696,288.91588,-23.12313,10.8864,91.8291,218.5285982,-101.997,-193.265,10.146,8.94488,11.298,7.406,6.579,6.49,6.074
CT Cha,1,1,0,0,166.0375038,-76.4553693,296.65359,-14.90929,190.72,5.21444,22.2095894,-22.2089,-0.174998,11.7733,10.9363,12.335,9.715,8.661,7.898,2.729
CWISEP J193518.59-154620.3,1,1,0,0,293.8262172,-15.7725727,23.41213,-16.67132,14.43,,,,,,,,,,,
CoRoT-1,1,1,0,0,102.0798591,-3.1021394,215.33882,-2.10712,787.909,1.24176,6.039454,-6.01462,0.54713,13.457,13.0501,13.623,12.462,12.149,12.098,9.091
CoRoT-10,1,1,0,0,291.0636813,0.7460143,37.36069,-6.95299,338.386,2.92694,22.9585905,-3.19635,-22.735,14.6645,13.8215,15.293,12.527,11.782,11.64,8.923
CoRoT-11,1,1,0,0,280.6872998,5.9376586,37.24009,4.63005,655.037,1.50071,5.5818875,1.91873,-5.24175,12.841,12.419,12.897,11.589,11.248,11.173,9.198
CoRoT-12,1,1,0,0,100.7656871,-1.2964437,213.13155,-2.45441,1126.37,0.861234,3.8659215,1.69419,-3.47492,15.3453,14.7971,15.588,14.024,13.557,13.47,8.61
CoRoT-13,1,1,0,0,102.7211432,-5.0864557,217.3986,-2.43966,1148.93,0.843947,3.6450532,1.63671,-3.25693,14.9147,14.4266,15.005,13.71,13.376,13.17,8.946
CoRoT-14,1,1,0,0,103.4242023,-5.5360385,218.11787,-2.02059,1744.6,0.547358,3.6035031,-0.118627,-3.60155,15.8116,15.2135,15.932,14.321,13.806,13.679,9.14
CoRoT-16,1,1,0,0,278.5246658,-6.0026026,25.61433,1.1011,732.409,1.34056,8.0976105,0.936538,-8.04327,15.6507,14.7587,16.052,13.496,12.847,,
CoRoT-17,1,1,0,0,278.699236,-6.612288,25.15299,0.66631,1176.12,0.82338,9.2427444,-4.54107,-8.05028,15.4368,14.4756,16.29,13.174,12.472,,
CoRoT-18,1,1,0,0,98.1724172,-0.0316045,210.8191,-4.18491,764.889,1.28063,4.0100233,2.33468,-3.2603,14.8009,14.2465,14.868,13.441,13.014,12.955,8.771
CoRoT-19,1,1,0,0,97.0335983,-0.1707293,210.42057,-5.26125,790.663,1.23764,7.6938008,4.79937,-6.01337,13.7831,13.1861,14.135,12.324,11.837,11.763,9.147
CoRoT-2,2,1,0,0,291.7770457,1.3836634,38.26267,-7.29102,213.283,4.66076,11.4550454,-3.40878,-10.9361,12.2489,11.6659,12.516,10.783,10.31,10.064,9.035
CoRoT-20,1,2,0,0,97.7204249,0.2268931,210.38123,-4.4686,844.061,1.15699,2.8157236,-0.262189,-2.80349,14.4686,13.8786,14.63,12.991,12.513,12.446,8.493
CoRoT-21,1,1,0,0,101.0526207,-0.2991544,212.37415,-1.74447,1398.83419686,0.714881,11.7168394,-11.578,1.7984,15.8558,15.2756,16.058,14.34,13.813,13.674,9.006
CoRoT-22,1,1,0,0,280.6671392,6.2191669,37.48307,4.775,627.158,1.56624,2.3150628,2.02362,1.12449,13.7305,13.2006,13.82,12.414,11.988,11.889,8.87
CoRoT-23,1,1,0,0,279.7826586,4.3577516,35.41749,4.71959,1060.97,0.91542,8.6628393,-2.40647,-8.32188,15.0681,14.1956,15.675,12.944,12.364,12.14,8.354
CoRoT-24,1,2,0,0,101.922543,-3.7192892,215.81744,-2.52763,591.555,1.66329,3.0425443,-1.29402,2.75365,15.1801,14.5115,15.383,13.595,12.924,12.898,9.039
CoRoT-25,1,1,0,0,280.6296561,6.5138223,37.73014,4.94113,1103.48,0.878853,2.6431764,-2.48353,0.904688,14.711,14.1354,14.79,13.3,12.846,12.866,8.748
CoRoT-26,1,1,0,0,279.7504991,6.9697828,37.74453,5.926,1045.18,,10.1140368,-4.34333,-9.13396,15.4682,14.8162,15.861,13.813,13.261,13.158,8.807
CoRoT-27,1,1,0,0,278.4958319,5.5383811,35.89455,6.39649,1010.28,0.96604,9.7710073,0.326224,-9.76556,15.3902,14.6258,15.774,13.571,12.985,12.953,9.034
CoRoT-28,1,1,0,0,278.6883216,5.5736911,36.01305,6.24131,766.183,1.27685,8.9097951,-5.91899,-6.65958,13.4119,12.671,13.783,11.601,11.032,10.926,8.825
CoRoT-29,1,1,0,0,278.9020691,6.4795703,36.92336,6.45872,806.507,1.21562,14.8548187,-3.76681,-14.3693,15.2394,14.5448,15.408,13.565,13.048,11.961,9.113
CoRoT-3,1,1,0,0,292.0552827,0.1218359,37.26302,-8.12065,768.771,1.27472,3.5086162,3.49344,-0.325982,13.2188,12.7127,13.448,11.936,11.618,11.343,8.979
CoRoT-30,1,1,0,0,277.6011767,6.8359338,36.66096,7.77355,1032.23,0.942447,1.285261,-1.26248,-0.240915,15.413,14.8279,15.571,14.019,13.562,13.275,8.919
CoRoT-31,1,1,0,0,94.820735,-4.4222978,213.22491,-9.16321,2005.76,0.470026,7.7483816,2.97679,-7.15375,15.4655,14.8468,15.479,13.908,13.426,13.349,8.621
CoRoT-32,1,1,0,0,100.1951714,9.2573953,203.48237,1.86373,576.683,1.70589,4.6600247,0.981128,-4.55557,13.5867,13.1395,13.626,12.519,12.193,12.133,7.854
CoRoT-35,1,1,0,0,289.3143526,-2.7747085,33.40059,-7.00809,1123.21,0.863975,5.7929122,-2.32613,-5.30537,15.2625,14.539,15.635,13.43,12.935,12.781,8.895001
CoRoT-36,1,1,0,0,277.7510149,7.1833465,37.04172,7.79576,925.958,1.05227,4.0987041,0.986842,-3.97813,12.9515,12.5161,13.126,11.859,11.592,11.512,8.872
CoRoT-4,1,1,0,0,102.1946233,-0.6727861,213.22759,-0.89847,726.412,1.34844,5.3458377,-3.65873,-3.89765,13.5613,13.1573,13.652,12.619,12.288,12.194,8.832
CoRoT-5,1,1,0,0,101.2772396,0.8152163,211.48472,-1.0362,882.472,1.1054,8.8293871,-3.0708,-8.27818,13.9021,13.4831,14.043,12.871,12.546,12.479,8.701
CoRoT-6,1,1,0,0,281.0725563,6.6632062,38.06304,4.6158,645.294,1.52152,5.8112583,5.51211,1.84048,13.7459,13.2491,13.961,12.518,12.119,12.127,8.907
CoRoT-7,1,3,0,0,100.9561682,-1.0630076,213.01042,-2.17853,159.906,6.22504,10.9609274,10.9604,-0.10752,11.5239,10.9996,11.728,10.301,9.806,9.76,7.926
CoRoT-8,1,1,0,0,291.5885696,1.4262972,38.21286,-7.10426,322.037,3.07662,35.483344,13.5768,-32.7832,14.2195,13.4202,14.792,12.154,11.463,11.401,8.22
CoRoT-9,2,1,0,0,280.7866461,6.2040783,37.52335,4.66217,412.98,2.39295,20.7840672,-14.471,-14.9187,13.5008,12.9497,13.637,12.175,11.688,11.68,9.09
DE CVn,2,1,0,1,201.7207198,45.5455449,104.28761,70.27803,30.5225,32.7338,268.1544429,-202.464,-175.827,11.9752,10.857,12.956,9.392,8.555,8.447,8.146
DENIS-P J082303.1-491201,1,1,0,0,125.7620668,-49.2003008,265.61638,-6.82669,20.77,48.16,158.3,-157.9,11.8,18.5577,17.0963,,13.547,12.062,11.47,9.534
DH Tau,1,1,0,0,67.4231674,26.5493897,171.89958,-14.93888,134.846,7.38799,21.871659,7.06547,-20.699,12.4961,11.4555,13.98,9.767,8.178001,7.397,3.032
DMPP-1,1,4,0,0,86.7761233,-10.6303217,215.35863,-19.05301,62.5388,15.9613,21.4467413,2.72749,-21.2726,7.85032,7.4742,7.98,7.001,6.69,6.655,6.563
DMPP-2,1,3,0,0,27.407731,-34.4590985,246.92255,-75.5342,137.94,7.22084,28.4170444,-27.3803,7.60576,8.45824,8.1311,8.57,7.703,7.437,7.363,7.311
DMPP-3,2,1,0,0,91.6243532,-72.5143057,283.21153,-29.14459,46.8917,21.2977,383.6395992,-1.4122,-383.637,8.8543,8.311,9.1,7.588,7.061,6.999,6.948
DMPP-4,1,1,0,0,293.5826648,51.2358069,83.46183,14.58774,25.3284,39.4525,190.9793309,30.2026,-188.576,5.60037,5.2609,5.72936,4.7,4.494,4.509,4.467
DMPP-6,1,2,0,0,120.3857827,-70.0234291,282.68815,-19.6933,54.6303,18.2759,105.6939444,15.9469,104.484,7.56056,7.1647,7.71,6.66,6.33,6.314,6.29
DMPP-7,1,1,0,0,203.5284651,0.4988127,325.73495,61.46669,101.386,9.83482,67.3533897,-35.1442,-57.4575,8.65313,8.25428,8.79,7.706,7.386,7.31,7.185
DMPP-8,1,1,0,0,305.3083517,-81.6166664,311.88706,-30.04368,76.1335,13.106,203.2706032,107.554,-172.485,8.49441,8.073,8.65,7.48,7.191,7.136,7.154
DMPP-9,1,1,0,0,316.3060007,-66.9581622,327.31219,-37.70513,109.539,9.10029,86.6922466,51.4907,-69.7442,9.08087,8.69,9.22,8.192,7.906,7.821,8.225
DP Leo,2,1,0,1,169.3162193,17.9615717,230.89636,66.45634,305.684,3.27807,28.7362202,-28.6999,-1.44433,18.6333,18.417,18.6837,,,,
DS Tuc,2,1,0,0,354.9154673,-69.196043,312.10146,-46.63356,44.0622,22.6663,104.2238507,79.4639,-67.4396,8.31926,7.8541,8.17,7.122,6.676,6.767,6.589
EPIC 201170410,1,1,0,0,170.1408561,-4.8070039,264.99528,51.24569,134,,21.8630759,8.57776,-20.1101,16.4386,15.3176,17.6984,13.464,12.619,12.45,8.892
EPIC 201238110,1,1,0,0,179.7058532,-3.3894613,278.31843,56.94662,159.259,6.25088,28.0214205,-25.1078,-12.4418,15.2612,14.1497,16.014,12.759,11.933,11.8,8.891
EPIC 201427007,1,1,0,0,184.6021322,-0.5512886,285.58634,61.20318,706.391,1.38704,17.7833657,-17.3534,3.88685,14.147,13.6514,14.321,12.975,12.581,12.534,8.468
EPIC 201497682,1,1,0,0,168.9366786,0.4880606,258.19387,54.82399,253.026,3.92339,16.4083645,11.1495,-12.0384,13.7368,13.0708,13.948,12.086,11.438,11.376,8.878
EPIC 201595106,1,2,0,0,183.7203635,1.9681688,282.19917,63.35883,232.1,4.28034,25.0015387,6.09669,-24.2468,11.6477,11.2023,11.746,10.588,10.218,10.158,8.424
EPIC 201757695,1,1,0,0,173.9385102,4.6164303,260.8805,61.14782,577.6,,6.764151,-3.17074,-5.97496,,13.797,14.974,12.856,12.149,12.079,9.01
EPIC 201841433,1,1,0,0,175.206752,6.1348146,261.10589,63.11979,436.488,2.26274,7.9466943,-3.95843,-6.89063,14.5885,13.957,14.983,13.06,12.454,12.378,8.948
EPIC 206024342,1,3,0,0,331.2771441,-14.1218019,42.94366,-49.1871,369.888,2.67518,35.632147,-18.3674,-30.5334,12.9682,12.516,13.096,11.846,11.487,11.435,8.202
EPIC 206032309,1,1,0,0,341.2404563,-13.9011223,50.70238,-57.69594,161.365,6.1694,82.6469435,-66.1032,-49.6073,16.0689,14.8945,17.89,13.429,12.538,12.481,8.75
EPIC 206042996,1,2,0,0,337.5136198,-13.6101475,48.06541,-54.37586,451.769,2.18689,10.4145211,7.29814,-7.42963,15.9752,15.1373,16.59,13.964,13.071,13.04,8.615
EPIC 206215704,1,1,0,0,335.0949721,-9.5097112,51.97463,-50.28505,109.888,9.0727,45.9510152,16.1136,-43.0331,16.1722,14.9871,17.83,13.561,12.767,12.58,8.803001
EPIC 206317286,1,2,0,0,337.6178427,-7.972456,56.17023,-51.54478,314.35,3.15254,58.424872,57.0952,-12.3937,13.774,13.1461,14.005,12.258,11.635,11.591,8.892
EPIC 211822797,1,1,0,0,130.4102091,17.6399744,208.28299,32.03739,186.197,5.34209,37.9241885,-36.1698,-11.4013,14.5263,13.5357,15.133,12.277,11.429,11.341,8.436
EPIC 211945201,1,1,0,0,136.5741931,19.4020565,208.78206,38.12775,181.69,5.47529,61.7731533,45.4915,-41.7905,10.0512,9.66896,10.154,9.144,8.837,8.822,8.623
EPIC 212297394,1,2,0,0,207.2061241,-17.6098985,321.8192,43.14733,418.395,2.36212,23.1565785,-23.1553,-0.243326,14.1864,13.5896,14.611,12.735,12.186,12.116,9.254
EPIC 212424622,1,1,0,0,202.3313765,-14.3594358,316.58254,47.50561,611.804,1.606,12.7105535,-12.218,3.50409,13.2026,12.7615,13.441,12.101,11.775,11.75,9.263
EPIC 212499991,1,1,0,0,202.488752,-12.7347749,317.34866,49.05579,283.29,3.50124,8.7451107,-4.35884,-7.58139,13.3118,12.734,13.672,11.877,11.366,11.296,8.662
EPIC 212587672,1,2,0,0,205.4445125,-10.8625468,322.41694,50.09504,320.07,3.09713,28.5573676,-14.724,-24.4689,12.2038,11.7902,12.488,11.181,10.857,10.802,9.086
EPIC 212624936,1,2,0,0,210.6376171,-10.0236852,330.23401,49.04154,561.929,1.75111,34.5778436,-31.2449,14.8116,13.8326,13.3582,13.976,12.672,12.292,12.244,8.878
EPIC 212737443,1,2,0,0,204.2215065,-7.3180577,322.27085,53.83847,336.25,2.94582,51.2703122,-46.2331,22.1618,14.4776,13.803,14.81,12.824,12.16,12.093,9.074
EPIC 220492298,1,1,0,0,16.7615005,6.588798,129.88845,-56.07199,624.512,1.57248,16.0543809,14.5223,-6.84441,13.7756,13.2689,13.991,12.61,12.168,12.13,8.927
EPIC 220674823,1,2,0,0,13.0800239,10.7947051,123.28442,-52.07644,244.59,4.06029,61.004017,60.9629,2.2394,11.9535,11.4574,12.101,10.77,10.344,10.299,8.423
EPIC 228836835,1,1,0,0,189.5748998,-5.2446247,296.84098,57.47166,150.124,6.63375,108.7583778,-108.235,10.6569,15.4185,14.2591,16.77,12.831,12.02,11.877,8.871
EPIC 229004835,1,1,0,0,186.4860415,-1.4047214,289.77763,60.81426,121.971,8.17036,133.5434698,-129.128,-34.0561,10.0494,9.63123,10.23,9.061,8.725,8.653,8.231
EPIC 246851721,2,1,0,0,78.9198197,16.2786991,186.97531,-12.64088,372.632,2.66391,13.2641483,2.71745,-12.9828,11.2549,10.8243,11.237,10.199,9.893,9.813,8.609
EPIC 248847494,1,1,0,0,159.3890808,11.8427484,232.28858,55.10278,551.886,1.78346,38.7618964,-38.743,1.21019,12.1722,11.594,12.353,10.765,10.148,10.121,8.318
EPIC 249893012,1,3,0,0,228.2482353,-16.7246474,345.11043,34.30816,321.296,3.08429,36.8679057,13.5528,-34.2865,11.4019,10.8872,11.429,10.216,9.714,9.691,8.611
FU Tau,1,1,0,0,65.8974962,25.0506711,172.11406,-16.9613,133.4950466,7.4909146,25.1,12.4,-21.8,15.2412,13.7781,,10.781,9.324,8.595,4.596
G 192-15,1,2,0,0,90.6220931,49.861939,163.23791,13.11996,9.53114,104.89,852.7194205,67.2176,-850.066,12.6973,11.2273,14.64,9.35,8.435,,
G 196-3,1,1,0,0,151.0884754,50.3861806,165.11109,50.75922,21.7912,45.8611,246.767657,-141.177,-202.394,10.6123,9.47983,11.672,8.081,7.199,7,6.771
G 261-6,1,1,0,0,291.07432,75.5558405,107.22879,24.19546,10.6267,94.0738,698.2421958,369.642,592.374,13.4037,11.8694,15.75,9.908,8.963,,
G 264-012,1,2,0,0,326.6719598,66.803848,106.14833,10.16235,16.009,62.4358,443.8209602,392.71,206.775,11.7617,10.4626,13.078,8.837,7.986,,
G 268-110,1,1,0,0,16.223688,-18.124802,142.63372,-80.4777,,,,,,,11.267,14.7,9.387,8.453,,
G 9-40,1,1,0,0,134.7188514,21.0747961,206.06509,37.03563,27.9276,35.7781,363.6302602,175.512,-318.469,12.7331,11.5219,13.821,10.058,9.19,9.032,8.597
GJ 1002,1,2,0,0,1.6764641,-7.5462123,92.44529,-67.73033,4.84867,206.213,2059.5072713,-811.48,-1892.9,11.7804,10.2531,13.76,8.323,7.439,,
GJ 1061,1,3,0,0,54.0032486,-44.5143104,251.87109,-52.90138,3.67278,272.245,833.7162183,745.286,-373.673,10.9889,9.47068,12.7,7.523,6.61,6.387,5.855
GJ 1132,1,2,0,0,153.7090696,-47.1549358,277.25461,7.75911,12.613,79.2543,1132.4832583,-1053.98,414.3,12.138,10.8372,13.68,9.245,8.322,8.17,7.916
GJ 1148,1,2,0,0,175.4326081,42.7515862,160.61794,68.91636,11.0143,90.7623,582.6429082,-575.654,-89.9735,10.5769,9.29573,11.939,7.608,6.822,6.672,6.254
GJ 1151,1,1,0,0,177.7304866,48.3732334,147.86957,65.72032,8.03625,124.407,1821.0445189,-1545.7,-962.816,11.6938,10.2972,13.76,8.488,7.637,,
GJ 1214,1,1,0,0,258.8313991,4.9606795,26.16217,23.60704,14.6427,68.2653,948.0511007,580.447,-749.588,13.0089,11.581,15.1,9.75,8.782,8.598,8.084
GJ 1252,1,1,0,0,306.9286462,-56.4622865,341.21724,-35.49343,20.373,49.0558,1301.7499099,424.414,-1230.62,11.2364,10.1165,12.68,8.697,7.915,,
GJ 1265,1,1,0,0,333.4324675,-17.6870623,39.07968,-52.51355,10.2525,97.5087,909.990783,856.89,-306.305,12.0807,10.8472,14.01,8.955,8.115,,
GJ 1289,1,1,0,0,355.7813464,36.5363314,107.92271,-24.33642,8.35147,119.711,954.3494475,942.265,-151.392,11.1534,9.81379,12.48,8.11,7.226,,
GJ 143,1,2,0,0,51.7501882,-63.500166,279.23027,-45.82079,16.32,61.2455,432.8060751,355.084,-247.46,7.67906,6.9934,8.08,6.081,5.375,,
GJ 15,2,2,0,0,4.6126677,44.0247296,116.69017,-18.44687,3.56228,280.69,2920.710871,2891.52,411.903,7.2162,6.229,8.09,5.252,4.018,3.872,3.602
GJ 160.2,1,1,0,0,61.6454173,-20.8564724,215.8726,-45.26015,25.8557,38.6473,780.8232337,53.0942,-779.016,9.20154,8.4665,9.7,7.439,6.702,6.583,6.605
GJ 163,1,3,0,0,62.3228353,-53.3711768,262.77663,-45.32001,15.1285,66.0714,1198.1722566,1046.14,584.13,10.6771,9.47061,11.79,7.948,7.135,6.978,6.572
GJ 179,1,1,0,0,73.0245495,6.4752347,192.2274,-22.86269,12.356,80.9036,342.4034373,153.425,-306.106,10.7055,9.44636,11.963,7.814,6.942,6.804,6.539
GJ 180,1,3,0,0,73.460097,-17.776194,216.96953,-33.72746,11.9407,83.7182,763.0623234,408.571,-644.464,9.93395,8.8249,10.914,7.413,6.598,6.45,6.159
GJ 2030,1,2,0,0,50.8237604,-7.7950429,191.80875,-49.20245,37.0788,26.9407,219.5420718,1.76212,-219.535,6.02088,5.5464,6.20902,4.909,4.417,4.325,4.298
GJ 2056,1,1,0,0,108.0194945,-24.8921008,237.4367,-6.85292,28.4434,35.1286,114.4469629,-114.355,-4.58708,9.72281,8.8868,10.37,7.704,6.89,6.807,6.748
GJ 2126,1,1,0,0,257.3606793,-35.391719,350.37986,2.76532,38.129,26.1982,102.0643163,-46.6689,-90.7697,10.1496,9.3703,10.7,8.283,7.557,7.533,4.615
GJ 229,3,2,0,0,92.6435993,-21.8677233,228.61506,-18.44091,5.75624,173.696,731.8329536,-135.985,-719.088,7.30724,6.408,8.15,5.104,4.166,4.042,3.839
GJ 238,1,1,0,0,98.454881,-58.5250316,267.83346,-25.12418,15.2142,65.6992,892.6796479,-404.351,795.85,10.5294,9.36854,11.62,7.898,7.03,,
GJ 251,1,2,0,0,103.7002499,33.2664632,182.93672,15.13189,5.58057,179.164,828.3471043,-726.394,-398.134,8.85518,7.64819,9.89,6.104,5.275,5.119,4.786
GJ 27.1,1,1,0,0,9.9980016,-44.2541679,309.84569,-72.72011,23.6062,42.3328,530.5741627,482.467,-220.759,10.579,9.54228,11.45,8.225,7.394,7.195,6.898
GJ 273,1,2,0,0,111.852091,5.225807,212.34455,10.37353,5.921535,263.26,3737.8706505,571,-3694,,7.308,9.84,5.714,4.857,,
GJ 3021,2,1,0,0,4.0634323,-79.8514218,304.86901,-37.14415,17.5559,56.9319,437.5480518,433.908,-56.3218,6.39729,5.9121,6.59,5.366,4.859,4.845,4.781
GJ 3082,1,1,0,0,18.6432425,-53.9407751,295.46265,-62.85069,16.6186,60.1445,327.7180187,103.371,310.988,10.2011,9.14696,11.041,7.805,6.966,6.856,6.581
GJ 3090,1,2,0,0,20.4384281,-46.7147234,287.95198,-69.52189,22.4751,44.4649,136.8908631,-111.206,-79.8269,10.5521,9.49275,11.403,8.168,7.294,7.053,6.941
GJ 3138,1,3,0,0,32.2977385,-16.3392495,185.99827,-69.01004,28.4712,35.0943,522.3937499,516.324,79.4025,10.1924,11.075,10.8275,,7.246,7.055,7.094
GJ 317,1,2,0,0,130.2445254,-23.452809,246.79531,11.19034,15.1968,65.7744,928.2322049,-461.162,805.571,10.7539,9.51138,12.4,7.934,7.028,6.867,6.502
GJ 328,1,2,0,0,133.7819507,1.5420011,226.70991,27.99859,20.5266,48.6883,1046.9266282,44.7451,-1045.97,9.2861,8.35839,9.99,7.191,6.352,6.301,6.213
GJ 3293,1,4,0,0,67.1484425,-25.1713396,223.54147,-41.61299,20.1903,49.4999,492.2542799,-81.4263,-485.473,10.9788,9.82063,11.945,8.362001,7.486,7.207,6.932
GJ 3323,1,2,0,0,75.4868824,-6.9485133,206.43154,-27.47443,5.37484,186.023,767.7791462,-551.722,-533.936,10.6467,9.4284,12.57,7.617,6.736,6.548,6.091
GJ 3341,1,1,0,0,78.9471415,-31.2948458,234.21914,-33.03266,23.619,42.3099,553.7493806,494.228,249.754,11.1029,9.99373,12.062,8.592,7.733,7.644,7.354
GJ 3378,1,1,0,0,90.2951302,59.5931917,154.06787,17.17401,7.72274,129.459,934.6639788,-104.924,-928.756,10.4084,9.12867,12.37,7.465,6.639,,
GJ 338,2,1,0,0,138.5916722,52.6835211,164.94013,42.66615,6.33256,157.885,1706.0088713,-1573.12,-660.121,7.04775,6.046,7.7,4.779,4.136,,
GJ 341,1,1,0,0,140.3993759,-60.2811692,279.58436,-7.30635,10.454,95.6279,859.6210218,-840.114,182.09,8.67538,7.66874,9.49,6.442,5.587,,
GJ 3470,1,1,0,0,119.7735021,15.391209,206.23529,21.75667,29.4214,33.9601,194.3609859,-185.734,-57.2632,11.3537,10.2479,12.332,8.794,7.989,7.807,7.786
GJ 3473,2,2,0,0,120.5936065,3.3371629,218.15071,17.28798,27.3644,36.515,554.7223327,-403.168,-381.015,12.465,11.1972,13.74,9.627,8.829001,8.671,8.347
GJ 3512,1,2,0,0,130.3316616,59.4918364,157.24389,36.96199,9.48637,105.386,1305.8410506,-260.421,-1279.61,13.1117,11.576,15.18,9.615,8.668,,
GJ 357,1,3,0,0,144.0074644,-21.6650634,253.88843,22.08045,9.44181,105.883,999.9759509,138.694,-990.311,9.88036,8.74094,10.91,7.337,6.475,,
GJ 3634,1,1,0,0,164.6433493,-31.1443383,276.22112,25.8085,20.3779,49.044,574.1777508,-566.861,-91.3712,10.9233,9.79462,11.938,8.361,7.47,7.241,6.879
GJ 367,1,3,0,0,146.121464,-45.7790165,272.24323,5.6589,9.41263,106.211,744.05896,-462.549,-582.814,9.15159,8.031941,10.153,6.632,5.78,,
GJ 3779,1,1,0,0,200.7335358,24.4639425,14.08223,82.4285,13.743,72.7352,1061.9991011,-615.951,-865.128,11.6266,10.3381,13.04,8.728,7.957,,
GJ 3929,1,2,0,0,239.5775678,35.4081141,56.66419,49.59735,15.8095,63.224,348.9865767,-143.277,318.219,11.5109,10.2705,12.675,8.694,7.869,,
GJ 393,1,1,0,0,157.2288672,0.8378485,244.47566,46.88333,7.03149,142.188,948.4442122,-603.003,-732.075,8.67373,7.55839,9.65,6.176,5.311,,
GJ 3942,1,1,0,0,242.2645452,52.9441443,82.20459,45.46907,16.9287,59.0421,213.1474524,203.934,61.99,9.40765,8.42457,10.166,7.185,6.331,6.262,6.054
GJ 3988,1,1,0,0,255.8503747,51.4089795,78.48019,37.48188,9.9105,100.874,622.715912,124.575,610.128,11.9925,10.5929,13.627,8.768,7.921,,
GJ 3998,1,3,0,0,259.0020507,11.0561751,32.27249,26.15047,18.1459,55.0799,373.4729173,-137.311,-347.315,9.98337,8.93677,10.844,7.634,6.816,6.678,6.445
GJ 411,1,2,0,0,165.834471,35.972317,185.11257,65.43126,5.675773,392.4,4802.1546206,-580,-4767,,5.697,7.49,4.32,3.501,,
GJ 414,2,2,0,0,167.7745044,30.4451688,198.37152,67.81292,11.8893,84.0803,623.6368895,591.622,-197.247,7.72808,6.919,8.31,5.764,4.979,4.853,4.881
GJ 422,1,1,0,0,168.9810458,-57.5425629,290.36745,2.98047,12.6631,78.9409,2737.706412,-2468.48,1183.91,10.4771,9.28858,11.66,7.811,7.035,,
GJ 4274,1,2,0,0,335.7805478,-17.6104078,40.6105,-54.55938,7.23556,138.178,781.733033,308.434,-718.314,11.5542,10.2753,13.31,8.242,7.319,,
GJ 4276,1,1,0,0,336.3221454,59.412503,105.28992,1.64262,21.3362,46.8399,333.3662868,122.369,-310.095,11.6605,10.3854,12.903,8.745,7.887,7.736,7.583
GJ 433,1,3,0,0,173.8619194,-32.5436302,284.88498,27.65117,9.06456,110.291,853.6175037,-70.7678,-850.679,8.89138,7.80742,9.81,6.471,5.623,5.447,5.204
GJ 436,1,1,0,0,175.5505363,26.7030669,210.55638,74.57238,9.75321,102.501,1209.8576781,895.047,-814.031,9.57148,8.40346,10.67,6.9,6.073,6.017,5.58
GJ 463,1,1,0,0,185.7440496,64.0324311,128.07997,52.8104,18.3554,54.4509,769.8655567,-673.251,373.398,10.5462,9.39352,11.595,7.937,7.122,,
GJ 480,1,1,0,0,189.7134226,11.6950708,291.48636,74.2865,14.2358,70.2164,1182.6515022,-1155.7,-251.042,10.3249,9.10756,11.49,7.581,6.691,,
GJ 486,1,1,0,0,191.981531,9.7494181,300.0371,72.60142,8.07426,123.821,1108.4628997,-1008.6,-459.8,10.094,8.8223,11.39,7.195,6.362,,
GJ 504,1,1,0,0,199.192348,9.4249781,322.78669,71.31364,17.5299,57.0186,386.8630302,-336.664,190.579,5.04156,4.6552,5.18799,4.392,4.033,3.787,3.757
GJ 508.2,1,1,0,0,200.2443854,34.2776644,83.15516,80.44433,16.6374,60.0765,567.7300317,483.705,-297.232,9.76539,8.969,10.61,7.398,6.555,,
GJ 514,1,1,0,0,202.5040424,10.3725387,333.2377,70.9386,7.61778,131.243,1557.0796558,1127.51,-1073.88,8.20621,7.16738,9.05,5.902,5.036,,
GJ 536,1,2,0,0,210.2597264,-2.6522901,335.05211,55.81739,10.4092,96.0398,1019.3442717,-825.424,598.112,8.85881,7.81159,9.71,6.516,5.683,,
GJ 581,1,3,0,0,229.8564725,-7.7226935,354.07234,40.02208,6.2981,158.749,1225.3257121,-1221.47,-97.1295,9.411,8.20238,10.57,6.706,5.837,5.743,5.35
GJ 625,1,1,0,0,246.3557854,54.3033625,83.20997,42.78368,6.47249,154.471,464.926854,432.073,-171.668,9.13702,8.02476,10.066,6.608,5.833,5.707,5.325
GJ 649,1,1,0,0,254.5363221,25.7419719,46.52106,35.33721,10.3796,96.3141,520.8498864,-115.479,-507.887,8.81875,7.76978,9.7,6.448,5.624,5.559,5.235
GJ 667,3,5,0,0,259.7510609,-34.9977651,351.84167,1.41002,7.24396,138.017,1151.9552244,1131.61,-215.545,9.38033,8.3617,10.602,6.848,6.036,5.886,5.515
GJ 674,1,1,0,0,262.1700476,-46.8989826,343.00208,-6.78174,4.54896,219.801,1050.0914102,572.582,-880.251,8.33063,7.15787,9.38,5.711,4.855,4.763,4.362
GJ 676,2,4,0,0,262.5448903,-51.6377777,339.10272,-9.54226,16.0272,62.365,317.0836723,-257.873,-184.509,8.86517,7.90696,9.58,6.711,5.825,5.8,5.62
GJ 682,1,2,0,0,264.2610245,-44.3232519,345.9806,-6.63429,5.00671,199.703,1174.0017621,-706.117,-937.912,9.57025,8.24607,10.94,6.544,5.606,,
GJ 685,1,1,0,0,263.8960378,61.6793482,90.75762,32.5891,14.3155,69.8254,577.2316268,261.895,-514.4,9.1671,8.16639,9.98,6.884,6.066,,
GJ 687,1,2,0,0,264.1041731,68.3336741,98.59611,31.96608,4.54939,219.781,1309.3944652,-320.636,-1269.53,8.02754,6.848,9.15,5.335,4.548,4.398,4.061
GJ 720,2,1,0,0,278.8294172,45.7456038,74.39563,21.73083,15.5575,64.2488,580.2814772,452.186,363.668,9.10496,8.135181,9.84,6.881,6.082,,
GJ 724,1,1,0,0,280.238365,-13.3824997,19.82504,-3.78099,16.9658,58.9132,677.8415697,-94.3221,-671.247,9.76915,8.682,10.638,7.397,6.546,,
GJ 740,1,1,0,0,284.4997178,5.902867,38.93233,1.23509,11.1017,90.0477,1236.1557764,-196.301,-1220.47,8.45636,7.46819,9.22,6.239,5.357,,
GJ 806,1,2,0,0,311.2697002,44.5002351,84.07015,1.00774,12.0445,82.9968,511.8037756,434.079,271.143,9.82461,8.72762,10.79,7.329,6.533,,
GJ 832,1,1,0,0,323.3912616,-49.0125169,349.16814,-46.34872,4.96435,201.407,817.8892865,-45.8344,-816.604,7.73761,6.68,8.66,5.349,4.501,4.298,4.052
GJ 849,1,2,0,0,332.4229938,-4.6408317,55.89444,-45.40318,8.80058,113.6,1132.7461051,1132.53,-22.1255,9.2245,8.02198,10.41,6.51,5.594,5.57,5.177
GJ 86,2,1,0,0,32.6224785,-50.8209945,275.90766,-61.95722,10.7836,92.7042,2218.591653,2124.85,638.092,5.88516,5.3588,6.12,4.785,4.125,4.06,4.081
GJ 876,1,4,0,0,343.3239737,-14.2665958,52.00313,-59.63511,4.67517,213.867,1171.1009489,957.961,-673.638,8.8753,7.57703,10.16,5.934,5.01,4.863,4.523
GJ 887,1,4,0,0,346.5027573,-35.8473489,5.09735,-65.98674,3.28679,304.219,6895.5462606,6765.99,1330.39,6.52199,5.5664,7.56,4.338,3.465,,
GJ 896,2,1,0,0,352.9700384,19.9370011,98.57856,-39.14311,6.26022,159.71,580.6759005,577.605,-59.6403,9.03758,7.79421,10.05,6.162,5.326,,
GJ 900,3,1,0,0,353.7526177,1.6055211,87.24859,-55.87877,20.8065,48.0331,340.9917681,339.797,28.5199,9.02571,8.03,9.59,6.881,6.044,,
GJ 9066,1,1,0,0,30.0588307,13.0443172,147.66932,-46.49657,4.471,223.635,2084.5806325,1096.56,-1772.86,10.6711,9.29741,12.71,7.514,6.648,,
GJ 9404,1,1,0,0,184.8472095,28.3827126,201.04684,82.80097,23.8839,41.8403,652.5197868,-647.719,79.0074,9.87021,8.85,10.62,7.666,6.796,,
GJ 96,1,1,0,0,35.5624031,47.8802075,138.29282,-12.26466,11.9315,83.7829,219.8002602,215.926,41.0867,8.63186,7.64213,9.4,6.377,5.554,5.464,5.254
GJ 9689,1,1,0,0,303.467731,13.3888921,54.62427,-11.48747,30.6203,32.6292,422.35657,421.921,19.1766,10.5372,9.54885,11.297,8.309,7.468,,
GJ 9773,1,1,0,0,333.1502333,8.5503355,70.11203,-37.53603,15.9211,62.781,678.8734907,106.8,-670.42,10.9047,9.73363,12.033,8.277,7.472,,
GJ 9827,1,3,0,0,351.7717763,-1.2853435,81.34803,-57.18299,29.661,33.6855,433.6784124,376.019,216.071,9.83773,9.0684,10.37,7.984,7.193,6.99,6.957
GPX-1,1,1,0,0,38.3691648,56.025708,136.89331,-4.05517,655.013,1.49895,3.252516,-3.2521,0.052018,12.2228,11.9004,12.316,11.357,11.181,11.1,8.371
GQ Lup,1,1,0,0,237.3003643,-35.6515055,338.9253,14.51078,151.169,6.58678,27.5688043,-14.2572,-23.596,11.2608,10.3965,11.593,8.605,7.096,6.125,2.379
GSC 06214-00210,1,1,0,0,245.4776921,-20.7193398,355.26184,20.12464,108.5,9.18797,36.7688781,-19.3788,-31.2476,11.8633,11.0754,12.416,9.998,9.152,9.099,8.138
GU Psc,1,1,0,0,18.146485,17.0650029,130.15305,-45.51002,47.5501,21.0019,139.5744596,96.6423,-100.704,12.9656,11.7605,14.146,10.211,9.345,9.256,8.404
Gaia-1,1,1,0,0,90.6436658,-0.5771099,207.81493,-11.12207,363.66,2.72112,41.1104394,5.93345,-40.68,12.9988,12.4821,13.242,11.711,11.269,11.213,8.994
Gaia-2,1,1,0,0,110.7353308,67.2526565,148.61097,27.88329,209.229,4.75066,25.003903,6.90662,24.0311,11.1968,10.7447,11.277,10.128,9.742,9.716,9.006
Gaia-4,1,1,0,0,209.5063762,31.6954898,54.40658,74.81543,73.4829,13.5797,77.6711421,-75.5401,18.0693,11.9187,11.1045,12.405,9.945,9.135,9.056,8.86
Gaia-5,1,1,0,0,302.0408173,41.9415455,78.0844,5.00609,41.1813,24.2541,128.7006632,102.569,77.7397,13.2287,12.0628,14.61,10.603,9.754,9.58,8.444
Gaia22dkvL,1,1,0,0,151.769,-66.1808889,287.36784,-8.41018,1270,,,,,,,,,,,
Gl 378,1,1,0,0,150.5865513,48.0824515,168.74261,51.19188,14.9545,66.8407,1605.1016236,-633.076,-1474.98,9.26515,8.25157,10.03,6.949,6.16,,
Gl 410,1,1,0,0,165.6604212,21.9669164,218.75093,64.78003,11.9324,83.7765,152.0038802,142.849,-51.9552,8.807,7.80973,9.57,6.522,5.688,5.65,5.421
Gl 49,2,1,0,0,15.6687321,62.3454386,124.23545,-0.49786,9.8528,101.465,736.7380754,731.135,90.6896,8.66282,7.59661,9.56,6.23,5.371,5.302,5.086
Gl 686,1,1,0,0,264.4764878,18.5959509,42.24615,24.29465,8.15728,122.561,1352.2119149,926.741,984.697,8.73899,7.69224,9.62,6.36,5.572,,
Gl 725,2,1,0,0,280.6834312,59.638109,89.29524,24.23792,3.5214,283.949,2221.0396216,-1311.91,1792.18,7.84944,6.724,8.94,5.189,4.432,,
Gliese 12,1,1,0,0,3.9579137,13.5576175,109.835,-48.40659,12.21,81.8711,700.2704562,618.003,329.319,11.3963,10.1769,12.6,8.619,7.807,,
HAT-P-1,2,1,0,0,344.4453632,38.674919,99.79172,-19.03641,158.979,6.26153,52.8378021,32.3837,-41.7508,10.1786,9.76031,9.827,9.156,8.858,8.732,8.37
HAT-P-11,1,2,0,0,297.7101763,48.0818635,81.83486,10.77239,37.7647,26.4508,264.8686021,125.984,232.988,9.15098,8.5077,9.46,7.608,7.009,6.919,6.867
HAT-P-12,1,1,0,0,209.3886452,43.49331,87.99255,68.87632,142.751,6.97632,141.8823722,-134.791,-44.2944,12.4197,11.7551,12.665,10.794,10.108,10.077,8.49
HAT-P-13,1,2,0,0,129.8823772,47.3519076,172.49839,37.54198,246.81,4.02313,35.7342909,-24.1415,-26.3463,10.4168,9.9596,10.421,9.328,8.975,8.962,8.925
HAT-P-14,2,1,0,0,260.1161719,38.2421682,62.58916,33.53751,222.663,4.46233,7.0779684,2.24068,-6.71394,9.87283,9.54417,9.988,9.094,8.851,8.805,8.761
HAT-P-15,1,1,0,0,66.248142,39.460602,161.55863,-6.8916,192.516,5.16638,17.186859,14.4034,-9.37711,11.7232,11.0878,12.41,10.194,9.641,9.601,8.441
HAT-P-16,3,1,0,0,9.5730343,42.4630961,120.34675,-20.34266,226.637,4.38591,22.0468365,-21.5641,-4.58831,10.7568,10.374,10.911,9.85,9.553001,9.506,8.681
HAT-P-17,1,2,0,0,324.5359781,30.4881882,80.8515,-16.17689,92.3831,10.796,150.2840947,-80.3954,-126.972,10.2743,9.7525,10.375,9.017,8.544,8.506,8.065
HAT-P-18,1,1,0,0,256.346376,33.0123251,55.652,35.56176,161.4,6.16693,39.2955032,-14.0729,-36.6891,12.3682,11.733,12.597,10.822,10.234,10.195,8.915
HAT-P-19,1,1,0,0,9.5165832,34.7114025,119.8176,-28.07947,202.078,4.91998,42.0916998,-26.7753,-32.4776,12.5567,11.9475,12.826,11.095,10.546,10.495,8.691
HAT-P-2,1,2,0,0,245.1514324,41.0479601,65.02085,45.2323,127.774,7.79749,30.9650963,-10.312,-29.1976,8.59842,8.27468,8.72,7.796,7.603,7.571,7.567
HAT-P-20,1,1,0,0,111.9164295,24.3361185,194.41535,18.39436,71.0374,14.0483,96.3636397,-4.98526,-96.2346,10.9903,10.2832,11.231,9.276,8.601,8.559,8.063
HAT-P-21,1,1,0,0,171.2749348,41.0280207,169.32461,67.4636,277.278,3.57807,13.2872218,-1.08803,13.2426,11.5583,11.1065,11.459,10.503,10.111,10.073,9.158
HAT-P-22,2,1,0,0,155.6814593,50.1287115,163.64677,53.56645,81.7647,12.2014,87.7253495,-26.1816,83.7273,9.51936,9.007,9.763,8.293,7.837,7.59,7.705
HAT-P-23,1,1,0,0,306.1239076,16.7621462,58.93637,-11.83428,364.813,2.71289,14.3246506,13.263,-5.41188,12.1741,11.734,11.937,11.103,10.791,10.748,9.031
HAT-P-24,2,1,0,0,108.8251171,14.2626064,202.73799,11.65314,415.344,2.37947,8.330933,8.15226,-1.71613,11.6396,11.3072,11.762,10.797,10.543,10.5,8.736
HAT-P-25,1,1,0,0,48.4354731,25.1973548,159.31431,-27.44257,300.384,3.30091,19.1456731,13.4899,-13.586,12.8416,12.2192,13.146,11.319,10.815,10.756,8.495
HAT-P-26,1,1,0,0,213.1565508,4.0594175,346.51303,59.87255,141.837,7.02213,147.8161704,37.8389,-142.891,11.4641,10.9016,11.757,10.08,9.581,9.536,8.983
HAT-P-27,2,1,0,0,222.7673221,5.9473626,1.68335,54.544,199.173,4.9922,28.7532307,-28.6207,-2.7575,11.9562,11.4063,12.052,10.626,10.109,10.078,9.039
HAT-P-28,1,1,0,0,13.0009159,34.728402,123.06375,-28.1432,401.319,2.46327,25.6783419,25.5187,2.85888,12.8718,12.3396,13.098,11.561,11.104,11.058,9.39
HAT-P-29,2,1,0,0,33.1310921,51.7787754,135.4706,-9.10798,313.576,3.16099,9.9866415,-9.80455,1.89837,11.7336,11.2791,11.825,10.648,10.297,10.244,9.143
HAT-P-3,2,1,0,0,206.0940142,48.028565,100.16678,66.69255,134.554,7.40311,31.0851689,-19.7461,-24.0079,11.2795,10.7164,11.856,9.936,9.448,9.377,9.038
HAT-P-30,2,1,0,0,123.9498431,5.8368669,217.41185,21.40542,213.985,4.64498,29.536512,-17.5162,23.7821,10.2998,9.93908,10.352,9.442,9.151,9.039,8.394
HAT-P-31,1,1,0,0,271.5376722,26.4266061,52.72026,21.06338,344.05,2.87789,15.3265577,-7.43661,-13.4015,11.4501,11.0269,11.667,10.423,10.083,10.061,8.426
HAT-P-32,2,1,0,0,31.0427614,46.6878512,135.69851,-14.37306,289.205,3.43046,10.421795,-9.82484,3.47654,11.1335,10.7696,11.439,10.251,9.99,9.902,8.568
HAT-P-33,2,1,0,0,113.1842383,33.8350214,185.30741,22.73004,396.11,2.4966,2.6488627,0.0960682,-2.64712,11.0238,10.7131,11.032,10.263,10.004,9.998,8.931
HAT-P-34,1,1,0,0,303.1954355,18.1047776,58.54106,-8.75906,249.325,3.98272,20.8852185,16.3949,-12.9383,10.1944,9.87463,10.403,9.46,9.247,9.177,8.505
HAT-P-35,3,1,0,0,123.250703,4.7870288,218.07385,20.30811,506.965,1.94478,12.0659445,-9.57011,-7.34847,12.2802,11.8997,12.389,11.358,11.03,11.018,8.367
HAT-P-36,1,1,0,0,188.2662048,44.9153672,133.41389,71.83707,294.419,3.36776,14.1613865,-11.6408,8.06453,12.093,11.6281,12.146,11.046,10.603,10.594,8.642
HAT-P-37,1,1,0,0,284.2960393,51.2691212,81.20831,19.98353,390.594,2.53138,4.2015058,-4.11372,-0.854376,13.2615,12.7678,13.427,12.092,11.667,11.623,9.297
HAT-P-38,1,1,0,0,35.3834942,32.2460441,144.22935,-26.87267,255.206,3.88991,52.3566524,47.771,-21.4278,12.3021,11.7524,12.525,10.989,10.501,10.448,8.568
HAT-P-39,2,1,0,0,113.7582526,17.8300283,201.4173,17.44627,697.004,1.40636,8.6647019,1.12139,-8.59183,12.2269,11.8887,12.282,11.424,11.157,11.132,9.066
HAT-P-4,2,1,0,0,229.99122,36.229545,58.47975,57.3363,320.451,3.09194,32.5154393,-21.6606,-24.2502,11.0634,10.6506,11.118,10.1,9.770001,9.729,9.165
HAT-P-40,1,1,0,0,335.5129199,45.4573423,97.34365,-9.86299,464.469,2.12459,10.4684584,8.96222,-5.40992,11.4162,10.9726,11.34,10.367,10.009,9.975,8.31
HAT-P-41,2,1,0,0,297.3226523,4.6724124,43.84092,-10.62609,348.185,2.84386,7.1841239,-3.27913,-6.3921,10.939,10.5523,11.365,10.006,9.728,9.559,9.085
HAT-P-42,1,1,0,0,135.3443583,6.0970828,223.004,31.58211,405.238,2.43957,33.5158307,-2.91071,-33.3892,12.0031,11.5598,12.125,10.96,10.626,10.569,9.103
HAT-P-43,1,1,0,0,128.9256885,10.2065866,215.48946,27.75424,528.825,1.86227,16.4078168,-9.05086,-13.6857,13.2165,12.7656,13.279,12.146,11.764,11.732,8.768
HAT-P-44,1,2,0,0,213.1438604,47.0147826,89.60271,64.52011,347.85,2.84594,31.6808398,-29.6806,11.0787,12.9729,12.4474,13.225,11.729,11.275,11.242,9.218
HAT-P-45,1,1,0,0,274.3732697,-3.3810594,26.02156,5.98199,298.64,3.3218,8.5305185,7.06199,-4.78519,12.3977,11.6961,12.783,10.73,10.201,10.138,8.677
HAT-P-46,1,1,0,0,270.4441831,-2.97098,24.53129,9.63976,290.736,3.41237,6.3527086,-4.56886,-4.41389,11.6843,11.1323,11.997,10.33,9.924,9.842,8.958
HAT-P-49,1,1,0,0,305.4413294,26.6926759,66.92249,-5.76833,350.351,2.82576,9.3969117,-9.20254,1.90137,10.2071,9.93225,10.205,9.55,9.346,9.308,8.844
HAT-P-5,1,1,0,0,274.4055335,36.6214617,63.93673,22.14911,303.336,3.26786,13.3103836,11.8658,6.03068,11.8224,11.3998,11.954,10.844,10.481,10.432,9.131
HAT-P-50,1,1,0,0,118.0634379,12.1393474,208.67365,18.9095,515.458,1.91293,13.8705935,6.73576,-12.1253,11.6722,11.3155,11.703,10.816,10.5,10.443,8.304
HAT-P-51,1,1,0,0,21.0651251,32.8107,130.85829,-29.55538,440.089,2.24399,18.9952545,-9.17549,-16.6322,13.2846,12.7628,13.51,12.039,11.614,11.527,9.293
HAT-P-52,1,1,0,0,42.7217412,29.0222492,152.17845,-26.98024,361.155,2.74033,31.2235632,14.8654,-27.4578,13.787,13.1361,14.107,12.195,11.621,11.557,8.536
HAT-P-53,1,1,0,0,21.8711012,38.9681137,130.55561,-23.36944,666.802,1.47114,3.2409127,-0.175637,-3.23615,13.5142,13.0942,13.78,12.468,12.1,12.066,8.899
HAT-P-54,1,1,0,0,99.8979924,25.4824005,188.78409,8.89777,143.651,6.93252,33.2370806,-0.0732176,-33.237,13.0172,12.2341,13.398,11.145,10.326,10.282,8.677
HAT-P-55,1,1,0,0,264.2735096,25.7311468,49.58846,26.9685,511.388,1.9266,10.9778775,7.39262,-8.1156,13.0955,12.658,13.197,12.02,11.627,11.634,9.274
HAT-P-56,1,1,0,0,100.8480137,27.2521823,187.53757,10.42964,320.639,3.09123,24.3619558,-8.16147,-22.9542,10.8245,10.5136,10.92,10.068,9.83,9.799,8.516
HAT-P-57,3,1,0,0,274.743418,10.5971968,38.82228,11.96776,279.86,3.54505,14.8748682,-4.59948,-14.1459,10.4253,10.1154,10.639,9.67,9.433,9.274,8.596
HAT-P-58,1,1,0,0,68.8465093,56.8682691,150.04883,6.3006,515.59,1.9123,16.0977403,-10.883,11.8616,12.7202,12.1957,12.925,11.429,10.978,10.898,8.481
HAT-P-59,1,1,0,0,292.4588212,62.5291892,94.0548,19.63991,265.471,3.73805,21.8140942,20.9566,-6.05604,11.6787,11.2086,11.64,10.581,10.208,10.162,9.088
HAT-P-6,1,1,0,0,354.7740917,42.4659866,108.96346,-18.43512,275.358,3.60357,20.3165716,-20.0751,3.12305,10.3056,9.995771,10.469,9.558,9.313,9.288,8.631
HAT-P-60,1,1,0,0,28.2825719,52.0539209,132.48097,-9.67032,233.22,4.25972,27.218677,26.5112,6.16544,9.56355,9.17925,9.727,8.677,8.368,8.308,8.277
HAT-P-61,1,1,0,0,75.4801665,50.1311784,157.78135,5.02601,338.84,2.92298,24.1065905,-11.0214,-21.4396,12.9386,12.3824,13.096,11.598,11.141,11.093,8.332
HAT-P-62,1,1,0,0,74.5043816,48.3008551,158.83659,3.39851,348.815,2.83881,46.1882599,14.7318,-43.7759,12.4362,11.8889,12.539,11.144,10.701,10.239,8.933
HAT-P-63,1,1,0,0,269.5720695,5.7613709,32.04857,14.43563,403.458,2.44998,14.8739392,-14.8709,-0.300669,13.5106,12.8999,13.657,12.021,11.512,11.453,8.43
HAT-P-64,1,1,0,0,68.9743955,2.4312732,193.55233,-28.45082,651.897,1.50537,8.6899889,7.78409,-3.86314,12.6221,12.1569,12.855,11.485,11.123,11.058,8.555
HAT-P-65,1,1,0,0,315.9054895,11.9893675,60.50165,-22.3345,738.519,1.32608,7.4606907,4.21755,-6.1542,12.9952,12.5375,13.121,11.892,11.528,11.494,8.729
HAT-P-66,1,1,0,0,150.5726262,53.9508237,160.16347,49.12363,935.456,1.03958,17.9084728,-9.38107,-15.2548,12.8922,12.5119,13.014,12.001,11.675,11.655,8.861
HAT-P-67,2,1,0,0,256.6107279,44.7768849,70.15807,36.91147,371.686,2.66176,20.4868845,9.43591,-18.1845,9.97496,9.63331,10.106,9.145001,8.9,8.856,8.809
HAT-P-68,1,1,0,0,118.4831501,23.9382192,197.14414,23.83401,202.152,4.91793,23.700655,-23.6552,-1.46716,13.5442,12.8033,13.802,11.75,11.019,10.969,8.892
HAT-P-69,1,1,0,0,130.5056385,3.7105662,222.78554,26.20647,341.263,2.90206,3.0209652,-2.85623,0.983962,9.77332,9.6129,9.774,9.373,9.28,9.221,8.321
HAT-P-7,3,1,0,0,292.24719,47.9695429,80.03294,13.97537,341.079,2.9031,20.3369477,-18.2812,8.91006,10.3654,10.0274,10.481,9.555,9.334,9.275,8.928001
HAT-P-70,1,1,0,0,74.5523332,9.9979794,189.96459,-19.66114,330.739,2.99621,5.6591036,-2.65745,-4.99634,9.45174,9.3371,9.47,9.068,8.963,8.941,8.333
HAT-P-8,3,1,0,0,343.0414932,35.4471778,97.14496,-21.38256,211.553,4.69844,76.2465043,74.7468,15.0481,10.1489,9.7758,10.358,9.214,8.953,8.927,9.146
HAT-P-9,1,1,0,0,110.1685157,37.1405946,181.08665,21.4426,455.203,2.1687,16.2127474,-9.62995,-13.0429,12.1536,11.7946,12.344,11.274,11.015,10.991,8.693
HATS-1,1,1,0,0,175.5252399,-23.3548451,282.95386,36.8124,283.971,3.49336,20.3782793,-20.3573,-0.924448,11.9363,11.5122,12.155,10.924,10.58,10.509,8.452
HATS-10,1,1,0,0,294.3068385,-22.2044872,17.37913,-19.62467,534.889,1.84118,5.8870978,5.35139,-2.45368,12.9838,12.5192,13.202,11.866,11.511,11.486,8.664
HATS-11,1,1,0,0,289.4007603,-22.3900092,15.35571,-15.5115,944.603,1.03135,20.240376,2.13932,-20.127,13.8333,13.3735,14.06,12.647,12.243,12.183,8.971
HATS-12,1,1,0,0,289.202402,-19.3559227,18.14948,-14.11663,746.138,2.673493,18.0385851,12.248,13.243,12.6766,12.2994,12.831,11.725,11.391,11.392,8.799
HATS-13,1,1,0,0,316.9614798,-26.0967205,20.64911,-40.44359,421.855,2.34291,10.8841162,3.47937,-10.313,13.6799,13.163,13.911,12.439,11.983,11.944,8.864
HATS-14,1,1,0,0,313.2154754,-25.6873756,20.03137,-37.08329,513.011,1.92119,9.9372942,1.05306,-9.88134,13.7712,13.2366,14.052,12.518,12.037,11.928,8.9
HATS-15,1,1,0,0,311.0920041,-19.4375266,26.56133,-33.28171,1139.55,0.853805,18.3046061,18.2375,1.56595,14.6473,14.0739,14.909,13.261,12.724,12.658,8.903
HATS-16,1,1,0,0,358.5588439,-30.0130385,16.62766,-77.12348,757.044,1.2921,20.4258335,20.3207,-2.06974,13.6864,13.2576,13.957,12.652,12.28,12.252,8.924
HATS-17,1,1,0,0,192.1895676,-47.6136789,302.46383,15.25563,400.331,2.47137,32.1829891,-32.0582,2.83136,12.2179,11.7528,12.402,11.082,10.698,10.696,9.328
HATS-18,1,1,0,0,173.9574203,-29.1560639,283.68658,30.87451,624.368,1.57358,5.8443095,3.17931,-4.90387,13.8786,13.3898,14.188,12.736,12.289,12.29,8.855
HATS-2,1,1,0,0,176.7388264,-22.5630097,283.96382,37.9221,341.925,2.89606,46.4383031,-46.4235,-1.17245,13.3419,12.7492,13.565,11.906,11.386,11.285,8.812
HATS-22,1,1,0,0,174.0098693,-29.5433642,283.88751,30.52487,229.518,4.3283,26.8180485,24.9212,-9.90664,13.1225,12.4806,13.397,11.556,10.942,10.899,8.802
HATS-23,1,1,0,0,286.36675,-50.0673496,346.88498,-22.61865,639.004,1.53649,7.3650822,7.3145,-0.861699,13.752,13.2851,13.84,12.636,12.262,12.216,9.073
HATS-24,1,1,0,0,268.8907069,-61.7474,331.7177,-17.45562,494.182,1.99658,17.6067397,1.03147,-17.5765,12.6911,12.2851,12.915,11.678,11.382,11.327,8.422
HATS-25,1,1,0,0,207.9076746,-23.7812403,320.25244,37.0577,471.158,2.09452,23.7237002,-19.4826,-13.5367,12.9353,12.472,13.172,11.788,11.416,11.388,8.806
HATS-26,1,1,0,0,144.9268593,-28.5856004,259.72931,17.78428,861.843,1.13189,4.6501304,-2.20575,-4.0937,12.8431,12.4257,13.006,11.839,11.435,11.393,8.392
HATS-27,1,1,0,0,193.5524603,-46.5877159,303.42806,16.28136,816.988,1.19821,13.6042345,-13.5933,0.545336,12.6792,12.3335,12.782,11.831,11.55,11.528,9.374
HATS-28,1,1,0,0,284.3997616,-49.1385126,347.45078,-21.13143,535.383,1.83949,12.5038973,11.096,-5.76422,13.7929,13.2887,13.981,12.522,12.086,11.995,8.585
HATS-29,1,1,0,0,285.0965172,-54.8933408,341.6104,-23.142,353.891,2.79769,37.4031182,3.98992,-37.1897,12.4594,11.9707,12.62,11.286,10.877,10.848,9.243
HATS-3,1,1,0,0,312.4574879,-24.4286938,21.29696,-36.07191,411.211,2.40421,18.779572,10.4255,15.6199,11.8914,11.5232,12.433,10.98,10.694,10.66,8.679
HATS-30,2,1,0,0,5.618525,-59.9425892,309.55456,-56.81169,342.14,2.89407,22.839478,-22.3092,-4.89299,12.0815,11.6714,12.283,11.129,10.793,10.719,8.774
HATS-31,1,1,0,0,191.7028214,-24.4273897,301.5875,38.43228,773.974,1.26369,2.5021229,-1.15564,-2.21926,12.9613,12.5329,13.315,11.912,11.572,11.522,8.675
HATS-32,1,1,0,0,346.0750861,-21.2720168,40.58713,-64.93107,745.116,1.31348,20.1688334,-1.42542,-20.1184,14.2166,13.7426,14.386,13.09,12.699,12.684,8.912
HATS-33,1,1,0,0,294.6336944,-55.3302692,342.28699,-28.57624,248.46,3.99633,38.490164,5.38221,-38.112,11.7082,11.2474,11.91,10.659,10.287,10.22,8.542
HATS-34,1,1,0,0,0.7744866,-62.4693167,312.35473,-53.76568,508.842,1.93638,5.7005088,2.89427,4.91111,13.679,13.183,13.857,12.513,12.095,12.046,8.798
HATS-35,1,1,0,0,296.688442,-63.5656488,332.9417,-30.1993,514.555,1.91556,23.2444817,19.4055,-12.7958,12.4605,12.0457,12.609,11.439,11.118,11.079,8.885
HATS-36,1,1,0,0,291.4787013,-23.2028183,15.35677,-17.59239,856.436,1.13973,7.8836988,2.19878,-7.57087,14.233,13.7805,14.364,13.181,12.809,12.741,8.621
HATS-37,2,1,0,0,199.80183,-22.9868431,311.21577,39.43782,211.896,4.69166,22.6368983,-21.7843,6.15414,11.9978,11.3876,12.341,10.528,9.947,9.866,8.31
HATS-38,1,1,0,0,154.2710615,-25.2762982,264.16473,25.74431,343.525,2.88283,23.0213679,-21.7517,-7.53969,12.2781,11.8134,11.967,11.184,10.768,10.714,8.468
HATS-39,1,1,0,0,112.4192251,-29.9379163,243.75063,-5.70925,878.521,1.1208,5.6888303,2.66967,-5.02351,12.6539,12.3213,12.745,11.833,11.518,11.483,9.067
HATS-4,1,1,0,0,94.1120914,-22.5468824,229.82471,-17.44828,416.459,2.37234,2.497807,0.265654,2.48364,13.2862,12.7632,13.516,12.032,11.612,11.542,8.979
HATS-40,1,1,0,0,100.5712467,-29.77678,239.1018,-14.90957,1342.29,0.716118,7.0827908,-4.34357,5.59458,13.2842,12.941,13.478,12.439,12.147,12.133,8.37
HATS-41,1,1,0,0,103.5173558,-27.0504156,237.62132,-11.43574,737.668,1.32725,4.7600917,-0.139061,-4.75806,12.5892,12.2309,12.678,11.765,11.498,11.44,9.03
HATS-42,1,1,0,0,108.4523991,-33.4373462,245.353,-10.30432,800.377,1.2207,2.9773886,0.758928,-2.87904,13.5627,13.1472,13.682,12.543,12.245,12.17,9.19
HATS-43,1,1,0,0,80.5382418,-30.9708179,234.24754,-31.63293,362.273,2.73148,9.7201911,8.70402,4.32691,13.4014,12.8461,13.562,12.064,11.556,11.497,8.781
HATS-44,1,1,0,0,84.3267559,-27.9725758,232.00021,-27.62676,446.035,2.2131,2.1746878,-2.15966,0.255217,14.1595,13.5452,14.397,12.699,12.188,12.072,8.947
HATS-45,1,1,0,0,101.9942455,-21.9107112,232.27915,-10.52264,772.11,1.2665,4.8666324,-3.18139,3.68278,13.2385,12.8893,13.325,12.364,12.137,12.084,8.887
HATS-46,1,1,0,0,6.7026401,-56.3161021,309.86547,-60.47939,453.808,2.17475,22.6729912,21.4603,7.31574,13.527,13.0417,13.783,12.366,11.965,11.88,8.675
HATS-47,1,1,0,0,287.4844021,-49.6649424,347.51462,-23.20563,300.67,3.29787,6.2000423,3.82723,4.87779,14.3998,13.6699,14.602,12.653,11.926,11.867,8.635
HATS-48,2,1,0,0,288.6720048,-59.5793505,337.02981,-26.03035,263.609,3.76477,6.8951776,3.12486,6.14644,13.8951,13.1686,14.226,12.16,11.427,11.364,8.935
HATS-49,1,1,0,0,6.6135927,-56.3442798,309.95254,-60.44212,324.413,3.05372,43.3757032,42.5812,8.26396,14.5449,13.7813,14.988,12.692,11.938,11.903,9.293
HATS-5,1,1,0,0,67.2228465,-21.4820568,218.87313,-40.50457,246.384,4.02998,22.0481151,-0.0257827,-22.0481,12.4288,11.9012,12.598,11.199,10.703,10.652,9.047
HATS-50,1,1,0,0,300.4280761,-26.077564,15.57751,-26.21481,756.742,1.2934,8.3359411,7.32702,3.97526,13.8936,13.4041,14.045,12.643,12.289,12.143,8.799
HATS-51,1,1,0,0,102.8474248,-29.0586551,239.24083,-12.80521,389.57,2.53834,17.9204257,-16.3821,-7.26419,12.3293,11.8656,12.525,11.241,10.867,10.827,8.743
HATS-52,1,1,0,0,140.0875894,-31.2692116,258.64602,12.91685,555.134,1.77262,29.1925323,-20.0138,21.2521,13.6269,13.1758,13.844,12.523,12.114,11.979,8.874
HATS-53,1,1,0,0,176.628323,-33.8600764,287.81848,27.09909,585.77,1.67852,35.3234729,-35.0231,-4.59676,13.6564,13.1648,13.944,12.458,12.046,11.98,8.681
HATS-54,1,1,0,0,200.6348641,-44.6888393,308.7308,17.83244,748.585,1.30831,8.634623,-3.4506,-7.91518,13.7762,13.2755,13.937,12.611,12.17,12.157,8.906
HATS-55,1,1,0,0,114.2833819,-32.7554188,247.00209,-5.65081,609.838,1.61104,6.3053656,-6.283,0.53061,13.3498,12.9264,13.525,12.338,12.02,11.578,9.318
HATS-56,1,1,0,0,180.165072,-45.7994559,293.75341,16.1654,564.409,1.74371,9.0953519,-8.60362,-2.95011,11.4877,11.1138,11.477,10.514,10.251,10.074,9.266
HATS-57,1,1,0,0,60.9482779,-19.0568182,213.15118,-45.29945,279.485,3.54953,18.9634557,-12.6641,-14.115,12.1816,11.7076,12.333,11.071,10.707,10.608,8.804
HATS-58,2,1,0,0,186.7873036,-48.9784105,298.83397,13.69998,403.591,2.3480618,13.105,-12.699826,-3.232131,11.7679,11.4007,11.572,10.584,10.289,10.252,9.402
HATS-59,1,2,0,0,170.324325,-22.388177,276.98925,35.90172,642.884,1.527,24.183837,-24.166,0.928663,13.7854,13.2958,14.033,12.59,12.238,12.185,9.099
HATS-6,1,1,0,0,88.1468079,-19.0316268,224.11351,-21.24572,169.318,5.87742,7.7729164,-2.53255,7.34877,14.3601,13.3383,15.044,12.046,11.224,11.108,8.89
HATS-60,1,1,0,0,341.3640336,-14.9917747,48.99978,-58.32068,486.474,2.02727,4.4594312,3.48125,-2.78701,12.5004,12.0213,12.662,11.377,10.988,10.931,8.875
HATS-61,1,1,0,0,61.6578005,-25.3496674,222.08862,-46.47071,679.761,1.44214,10.6687361,3.99742,9.89154,13.0682,12.5757,13.352,11.875,11.478,11.378,8.868
HATS-62,1,1,0,0,312.4493079,-24.303506,21.4425,-36.02854,523.067,1.88389,8.0892581,0.489403,-8.07444,13.8321,13.3102,14.171,12.573,12.109,12.099,8.892
HATS-63,1,1,0,0,67.418582,-28.1972149,227.5666,-42.08891,623.232,1.5756,17.7745928,5.77698,16.8096,13.7213,13.2554,13.992,12.631,12.216,12.162,8.948
HATS-64,1,1,0,0,144.2876092,-29.800444,260.19288,16.52291,1080.15,0.897203,3.4795044,-3.12654,-1.52699,12.839,12.487,13.045,11.968,11.705,11.667,8.848
HATS-65,2,1,0,0,292.9397825,-26.7402021,12.40758,-20.13798,493.32,2.00024,3.4984277,-3.49486,-0.157955,12.3793,11.9801,12.679,11.405,11.095,10.984,8.279
HATS-66,1,1,0,0,101.3948048,-33.8816918,243.30951,-15.84807,1477.98,0.647617,4.2244222,-3.36901,2.54863,14.0086,13.6373,14.283,13.083,12.761,12.776,8.826
HATS-67,1,1,0,0,180.2087883,-46.1364201,293.85557,15.84163,960.109,1.0131,6.1349588,-6.08239,0.801406,13.5596,13.174,13.698,12.638,12.327,12.249,9.168
HATS-68,1,1,0,0,15.006077,-58.9047242,300.82877,-58.18845,603.955,1.62712,23.7676199,22.5217,7.59426,12.1631,11.7806,12.312,11.25,10.949,10.912,9.004
HATS-69,1,1,0,0,289.2974275,-60.8917599,335.64057,-26.54746,414.537,2.38362,19.8898058,8.69887,-17.8867,13.7643,13.191,14.074,12.413,11.875,11.807,8.961
HATS-7,1,1,0,0,208.8567465,-21.2078587,322.30706,39.24434,240.707,4.12576,56.6232037,-43.1251,-36.6935,13.0499,12.4284,13.347,11.528,10.976,10.911,9.21
HATS-70,1,1,0,0,109.1045212,-31.2443947,243.60243,-8.84384,1458.83,0.657918,3.4365539,-2.41999,2.43999,12.586,12.4539,12.227,12.139,12.04,12.049,8.947
HATS-71,1,1,0,0,15.5518893,-61.7561333,300.69263,-55.32527,140.225,7.10286,83.3831772,78.8583,-27.0947,15.3512,14.1266,16.437,12.605,11.727,11.561,8.54
HATS-72,1,1,0,0,339.0258401,-17.0003046,43.77685,-57.17082,127.589,7.809,137.5641937,-108.621,-84.412,12.0725,11.3875,12.324,10.424,9.764,9.683,8.985
HATS-74,2,1,0,0,171.0147921,-19.5569588,276.21878,38.74006,299.389,3.31365,55.5368026,-38.8574,39.6792,15.9837,14.7599,17.26,13.25,12.361,12.241,8.51
HATS-75,1,1,0,0,60.9493919,-25.4089214,221.9558,-47.10702,194.964,5.10038,12.9903746,12.8716,-1.75264,14.9033,13.8231,15.689,12.481,11.584,11.486,8.991
HATS-76,1,1,0,0,70.3397665,-32.3204175,233.59134,-40.39974,385.689,2.56435,38.9888697,-5.42928,-38.609,15.7942,14.857,16.68,13.69,12.812,12.758,8.646
HATS-77,1,1,0,0,149.8236672,-27.3928174,262.26931,21.57897,436.176,2.26534,25.9908662,-24.6346,-8.28623,15.7364,14.9181,16.195,13.779,12.934,12.847,9.145001
HATS-8,1,1,0,0,294.9416887,-25.7483655,14.08379,-21.46173,794.637,1.23054,9.4478082,-6.46853,-6.88616,14.337,13.8205,14.512,13.098,12.661,12.643,8.748
HATS-9,1,1,0,0,290.8101704,-20.1663771,18.0176,-15.82835,638.7,1.53764,11.0576718,8.56622,-6.99228,13.0983,12.5866,13.256,11.885,11.479,11.433,8.768
HD 100508,1,1,0,0,173.3014057,-67.0546386,295.40017,-5.33388,32.7548,30.501,284.3168187,-284.021,-12.9663,7.52487,7.0244,7.74,6.375,5.944,5.931,5.885
HD 100546,1,1,0,0,173.3555116,-70.1947897,296.36705,-8.32378,109.677,9.0892,38.5946354,-38.5939,-0.238247,6.65514,6.6634,6.69,6.425,5.418,4.203,-3.227
HD 100655,2,1,0,0,173.7653631,20.441541,229.79849,71.31893,137.178,7.2613,59.7043861,-59.6952,-1.04729,6.17883,5.59198,6.4421,5.039,4.129,4.069,4.054
HD 100777,1,1,0,0,173.9646303,-4.7555425,270.2851,53.25718,49.5336,20.1596,37.1356607,-11.3533,35.3576,8.2387,7.7645,8.42,7.152,6.735,6.73,6.701
HD 10180,1,6,0,0,24.4731133,-60.5114881,292.80544,-55.69407,38.9607,25.6379,16.5883695,-14.3774,8.27432,7.17261,6.7568,7.33,6.246,5.868,5.842,5.822
HD 101930,2,1,0,0,175.875608,-58.0053798,294.01002,3.68473,30.0274,33.274,349.3958196,16.6893,348.997,7.96664,7.4165,8.21,6.645,6.147,6.111,6.105
HD 102117,1,1,0,0,176.2097267,-58.7040134,294.36019,3.05495,39.5792,25.2369,94.8733286,-63.5549,-70.4395,7.28191,6.8219,7.47,6.224,5.833,5.82,5.784
HD 102195,1,1,0,0,176.4254063,2.8209912,267.21723,61.04918,29.3386,34.056,220.1843333,-188.735,-113.403,7.84665,7.3319,8.07,6.629,6.151,6.159,6.105
HD 102272,1,1,0,0,176.5980316,14.1240201,250.2936,70.02217,347.097,2.85708,10.6159064,-7.37148,7.63929,8.40499,7.8017,8.69,6.895,6.259,6.248,6.2
HD 102329,1,2,0,0,176.6941567,3.4742143,266.98341,61.74645,217.107,4.57842,49.5003757,-45.9074,-18.5148,7.58172,6.9588,7.88,6.049,5.402,5.344,5.293
HD 102843,1,1,0,0,177.5854673,-1.2522989,273.09687,58.03595,62.758,15.9056,406.3212531,-404.672,36.5723,9.04883,8.5594,9.26,7.896,7.495,7.355,7.402
HD 102888,1,1,0,0,177.6545263,-27.2779074,286.66699,33.66562,126.484,7.87827,82.8930558,-82.6224,6.69311,6.22053,5.64398,6.48,4.867,4.269,4.142,4.149
HD 102956,2,1,0,0,177.8436988,57.6406584,137.97253,57.69918,121.89,8.17528,21.3439043,-12.1073,-17.5777,7.60844,7.03923,7.86,6.214,5.663,5.613,5.616
HD 103197,1,1,0,0,178.2201971,-50.2927911,293.44815,11.49757,57.1463,17.47,81.2566557,-80.9381,7.18805,9.16421,8.6294,9.4,7.916,7.426,7.32,7.344
HD 103720,1,1,0,0,179.1713308,-2.7791393,276.98106,57.30785,45.5352,21.9322,77.0835008,-63.9782,-42.996,9.22376,8.6509,9.5,7.838,7.283,7.17,7.319
HD 103774,2,1,0,0,179.2310729,-12.1079951,282.54664,48.59416,56.4089,17.699,126.504473,-124.888,-20.1586,7.00938,6.6793,7.13463,6.269,6,5.929,5.943
HD 103891,1,1,0,0,179.4382907,-8.5486195,281.02942,52.0254,55.5213,17.9842,110.3621269,-108.227,21.6036,6.436,6.0485,6.59451,5.556,5.187,5.127,5.146
HD 103949,1,1,0,0,179.5479558,-23.9241221,287.57862,37.35505,26.4997,37.7076,181.1887549,-172.809,-54.4648,8.38479,7.7679,8.7,6.903,6.314,6.274,6.174
HD 104067,1,2,0,0,179.7923543,-20.3556058,286.65584,40.85838,20.3632,49.0793,447.0205242,141.869,-423.911,7.62029,7.0276,7.92,6.212,5.614,5.563,5.572
HD 10442,1,1,0,0,25.471524,2.7044193,147.08028,-57.78259,135.374,7.35906,23.876792,22.1526,8.90862,7.57742,7.00131,7.828,6.158,5.59,5.571,5.514
HD 104985,1,1,0,0,181.3157854,76.9053359,126.32086,39.91754,100.576,9.9146,173.5842549,147.071,-92.2042,5.49698,4.88679,5.79389,4.112,3.274,3.348,3.248
HD 105618,1,2,0,0,182.4021288,11.2115695,269.21713,71.29123,70.0837,14.24,104.6313648,-104.613,-1.96029,8.46692,8.0222,8.63,7.416,7.014,6.961,7.066
HD 105779,1,1,0,0,182.6612053,-16.9564908,289.119,44.81839,55.2411,18.0738,240.3320922,-235.788,-46.5138,8.49018,8.0699,8.65,7.498,7.111,7.023,7.008
HD 106252,1,1,0,0,183.3730583,10.0404302,273.5046,70.71215,38.185,26.1595,280.9408178,22.8627,-280.009,7.26281,6.8503,7.41,6.302,5.929,5.925,5.864
HD 106270,1,1,0,0,183.4049258,-9.5135645,287.59509,52.22842,93.808,10.6318,107.741879,-99.035,-42.4309,7.39531,6.922,7.58,6.249,5.862,5.814,5.774
HD 106315,1,2,0,0,183.4724742,-0.3934357,283.25037,61.03534,109.353,9.11629,12.2799626,-2.66228,11.9879,8.88841,8.56338,8.951,8.116,7.853,7.794,8.168
HD 10647,1,1,0,0,25.6233526,-53.7412852,286.89639,-61.7687,17.3357,57.6556,196.5544898,165.832,-105.515,5.38178,5.0067,5.52,4.791,4.34,4.171,3.954
HD 106515,2,1,0,0,183.7762699,-7.2575413,287.28411,54.50662,34.0915,29.3041,256.7719349,-251.577,-51.3891,7.7777,7.282,7.971,6.585,6.151,6.321,6.092
HD 106906,1,1,0,0,184.4713308,-55.9755805,298.21871,6.58881,103.029,9.67737,41.0824492,-39.0139,-12.8718,7.68639,7.3702,7.8,6.946,6.683,6.69,4.674
HD 10697,1,1,0,0,26.2324076,20.0826974,139.67128,-41.04386,33.1205,30.1639,113.3529363,-42.9789,-104.889,6.10286,5.6478,6.28262,5.386,4.601,4.581,4.578
HD 107148,2,2,0,0,184.8059773,-3.3199927,287.37149,58.57514,49.4156,20.2077,72.4419017,-54.7866,-47.3947,7.85111,7.4142,8.01,6.858,6.474,6.475,6.418
HD 108147,1,1,0,0,186.4409852,-64.0223492,300.12454,-1.29064,38.92,25.6648,192.3721742,-182.519,-60.7772,6.85345,6.4831,6.99,6.007,5.721,5.765,5.704
HD 108202,1,1,0,0,186.4613189,-1.1109233,289.6044,61.09684,38.6846,25.8212,319.5815419,-310.077,-77.3603,9.78272,9.0565,10.26,8.06,7.31,,
HD 108236,1,5,0,0,186.5740627,-51.3630519,298.93443,11.31345,64.5978,15.4517,86.2990183,-70.4341,-49.8654,9.08745,8.6522,9.25,8.046,7.637,7.613,7.51
HD 108341,2,1,0,0,186.8791724,-71.4224896,301.00794,-8.64016,48.9102,20.4167,166.1998384,-120.764,114.186,9.14337,8.5971,9.38,7.863,7.326,7.277,7.363
HD 108863,1,1,0,0,187.5826081,21.9480993,258.98417,82.93966,164.742,6.04172,82.6678226,-75.501,-33.6685,7.45422,6.86161,7.71,6.022,5.392,5.347,5.3
HD 108874,1,2,0,0,187.6126029,22.8794399,253.57668,83.62475,59.5175,16.773,156.0955141,127.453,-90.1196,8.57502,8.106,8.76,7.479,7.06,6.947,6.959
HD 109246,1,1,0,0,188.027184,74.4893379,124.68489,42.57306,67.8349,14.7128,178.692738,-171.944,-48.6452,8.5873,8.1627,8.751,7.57,7.216,7.119,7.188
HD 109271,1,2,0,0,188.397397,-11.6215204,295.97556,51.00899,55.8716,17.8697,187.9832255,-169.693,80.8825,7.87816,7.4446,8.04,6.855,6.495,6.496,6.451
HD 109286,1,1,0,0,188.3958418,7.2809064,290.07159,69.70561,55.4156,18.0167,12.2675653,12.1695,-1.54804,8.61599,8.1658,8.78,7.588,7.162,6.996,7.191
HD 109749,2,1,0,0,189.3173489,-40.8121458,300.04152,21.98007,63.0821,15.824,157.5073946,-157.374,-6.48101,8.02456,7.5993,8.08,7.057,6.678,6.729,6.652
HD 10975,1,1,0,0,27.1628025,37.9527542,135.20142,-23.55208,116.506,8.55527,115.6407874,112.462,-26.9275,5.67103,5.08672,5.94188,4.358,3.875,3.589,3.565
HD 109833,1,2,0,0,189.7758591,-74.5740205,302.09461,-11.72233,79.5561,12.5408,50.8254842,-50.3585,-6.87396,9.13657,8.7215,9.29,8.144,7.82,7.772,7.819
HD 109988,1,1,0,0,189.8154662,-32.7263607,299.97278,30.07542,42.5279,23.4851,77.7076374,-42.7915,-64.8642,8.6605,8.12,8.9,7.374,6.863,6.798,6.719
HD 110014,1,1,0,0,189.8111935,-7.9956702,297.69653,54.75208,100.758,9.90259,80.7669238,-77.1291,-23.9666,4.31048,3.64306,4.64597,2.674,2.011,-0.288,1.901
HD 110067,3,6,0,0,189.8392243,20.0273377,281.0126,82.37965,32.1585,31.0671,132.8761492,-81.9586,-104.589,8.17208,7.6621,8.419,6.952,6.492,6.453,6.396
HD 110082,2,1,0,0,192.5892855,-88.1211107,302.92213,-25.24938,105.096,9.48625,26.0700003,-18.7758,-18.0863,9.11523,8.7581,9.23,8.272,8.002,7.965,7.851
HD 110113,1,2,0,0,190.0365636,-44.3120777,300.80214,18.51297,106.307,9.37852,14.1817746,-3.72326,-13.6843,9.91036,9.4628,10.09,8.903,8.502,8.441,8.156
HD 11112,1,1,0,0,27.0881399,-41.4944106,267.48348,-71.49206,44.3804,22.5035,440.43742,413.296,152.222,6.96653,6.5476,7.13,6.011,5.648,,
HD 111232,1,2,0,0,192.2159553,-68.4246679,302.69417,-5.55411,28.9571,34.5049,115.6833576,27.2875,112.419,7.40535,6.9421,7.59,6.328,5.898,5.848,5.847
HD 111591,1,1,0,0,192.5725483,22.8631285,299.3813,85.72696,114.166,8.73071,122.6073145,103.616,-65.546,6.15212,5.55369,6.417,,,,
HD 111998,1,1,0,0,193.2953521,-3.5531133,303.78445,59.31575,33.2237,30.0702,262.666257,-262.638,-3.85273,5.99548,5.6643,6.11006,5.3,4.993,4.92,4.98
HD 112300,1,1,0,0,193.8988441,3.3972376,305.50863,66.24818,62.07324,16.11,471.3615569,-468.22,-54.33,2.36431,1.3982,3.39515,-0.113,-1.189,,
HD 112570,1,1,0,0,194.2824262,46.1765638,119.9169,70.91835,101.166,9.85613,53.7290734,-8.88106,-52.99,5.82375,5.21848,6.11055,4.168,3.486,3.6,3.569
HD 112640,1,1,0,0,194.2415171,67.2429122,122.10241,49.87644,323.335,3.06397,22.5339477,-19.4341,11.4059,6.07664,5.3159,6.53649,4.496,3.613,3.272,3.19
HD 113337,3,2,0,0,195.4438496,63.610328,121.00202,53.47917,36.18,27.6107,175.2556737,-173.487,24.8357,5.91168,5.6218,6.02078,5.187,5.005,4.983,4.914
HD 113538,1,2,0,0,196.233933,-52.4463502,305.02208,10.37061,16.2817,61.3899,1118.400991,-786.038,-795.591,8.4428,7.6132,9.05,6.438,5.637,5.6,5.523
HD 113996,2,1,0,0,196.794874,27.6244384,41.91496,86.47046,116.334,8.59521,78.9315005,35.4496,-70.5231,4.22274,3.41146,4.77044,2.372,1.493,-1.288,1.159
HD 114082,1,1,0,0,197.3171237,-60.3084347,305.14033,2.48683,95.3906,10.4547,44.4325687,-39.6103,-20.1315,8.09394,7.7897,8.2,7.403,7.163,7.12,3.921
HD 114386,1,2,0,0,197.6652124,-35.0561807,307.37226,27.64978,27.9243,35.7823,352.6224636,-137.097,-324.88,8.41823,7.8087,8.73,6.968,6.351,6.32,6.257
HD 114729,2,1,0,0,198.1833997,-31.8746756,308.19408,30.77939,37.8063,26.4217,367.3596313,-200.158,-308.042,6.51382,6.0903,6.68,5.559,5.136,4.987,5.076
HD 114783,1,2,0,0,198.1818436,-2.2649921,313.66815,60.16222,21.0628,47.4482,138.7804107,-138.403,10.228,7.31783,6.7671,7.56,6.025,5.475,5.459,5.468
HD 11505,1,1,0,0,28.2750265,-1.3284416,155.32706,-60.26284,38.9679,25.634,395.1420131,-186.34,-348.446,7.25765,6.8292,7.43,6.239,5.885,,
HD 11506,1,3,0,0,28.2106607,-19.507396,187.75857,-73.99475,51.261,19.4792,100.1591624,21.9067,-97.7341,7.37382,6.9834,7.51,6.508,6.168,6.147,6.045
HD 115954,1,1,0,0,199.9853694,38.3691383,96.73653,77.27192,87.6437,11.381,77.7926177,-74.7571,21.519,8.18736,7.768,8.34,7.168,6.87,6.824,6.756
HD 116029,2,2,0,0,200.1646905,24.6484725,13.88354,82.97723,123.245,8.08527,54.1682115,-14.4947,-52.1929,7.60909,7.01753,7.88,6.144,5.534,5.494,5.498
HD 117207,1,1,0,0,202.3368806,-35.5713041,311.55142,26.66515,32.3547,30.8785,218.0171086,-205.954,-71.5151,7.07737,6.6189,7.26,6.034,5.65,5.619,5.604
HD 11755,1,1,0,0,29.707836,73.1521372,127.83989,10.92581,235.045,4.22586,81.4679756,-57.7787,-57.4339,6.46378,5.74336,6.88269,4.667,3.76,3.804,3.707
HD 117618,1,1,0,0,203.1066418,-47.2719049,310.11149,15.02765,37.7781,26.4417,127.9447545,25.2473,-125.429,7.0216,6.6222,7.17,6.098,5.737,5.774,5.72
HD 118203,1,2,0,0,203.509956,53.7281876,109.34478,62.26188,92.2589,10.8102,116.6279708,-85.8766,-78.9132,7.89255,7.4556,8.05,6.861,6.543,6.472,6.438
HD 11964,2,2,0,0,29.2884252,-10.2434693,168.57627,-67.09225,33.5369,29.789,439.8070368,-366.957,-242.431,6.209,5.6847,6.41525,5.023,4.491,4.473,4.477
HD 11977,1,1,0,0,28.7347403,-67.6469871,293.92489,-48.35566,67.9331,14.6943,105.5736344,75.6802,73.6091,4.43863,3.8735,4.68,3.162,2.59,0.883,2.416
HD 120084,1,1,0,0,205.661989,78.0646376,119.56432,38.72676,103.044,9.67602,79.8171122,-65.0881,46.1986,5.65211,5.07121,5.90686,4.091,3.572,3.634,3.58
HD 121504,1,1,0,0,209.3199062,-56.0404085,312.08414,5.65692,41.6592,23.9754,263.2012165,-249.17,-84.7891,7.39023,6.9884,7.54,6.557,6.124,6.143,6.083
HD 12235,1,2,0,0,30.0391601,3.0959098,154.33809,-55.52893,31.7627,31.4552,345.2121908,230.905,-256.621,5.74089,5.3369,5.88051,5.204,4.494,,
HD 122562,1,1,0,0,210.5886904,20.8810286,15.63799,72.66307,53.2528,18.7496,129.0805753,110.226,-67.1716,7.4131,6.8366,7.659,5.996,5.51,5.469,5.395
HD 124330,1,1,0,0,212.8207093,54.4089731,100.20285,59.05418,60.1977,16.583,152.2965432,-147.5,-37.9208,7.71674,7.292,7.88,6.712,6.389,6.327,6.326
HD 12484,1,1,0,0,30.6115322,2.8158078,155.46172,-55.50619,48.3367,20.6595,37.941141,36.3682,-10.8113,8.04463,7.6209,8.18,7.074,6.706,6.646,6.544
HD 125271,1,1,0,0,216.6474037,-81.4542756,306.57222,-19.26305,39.3466,25.3863,227.6955822,-40.3991,-224.083,9.35594,8.709,9.68,7.724,7.069,6.986,6.949
HD 125390,1,1,0,0,214.5387463,38.9669132,71.64737,68.40106,153.647,6.47975,21.5237321,-14.3988,-15.9983,7.94061,7.35454,8.21,6.421,5.875,5.848,5.763
HD 125595,1,1,0,0,215.3434326,-40.3942443,320.90869,19.31718,28.1989,35.4337,565.7998343,-561.636,-68.5161,8.6555,8.0025,9.03,7.097,6.447,6.409,6.331
HD 125612,2,3,0,0,215.2227183,-17.4818147,331.38949,40.39538,57.6207,17.3261,90.3893674,-60.2583,-67.3734,8.1559,7.7347,8.31,7.179,6.838,6.809,6.817
HD 12648,1,1,0,0,34.7480718,85.7365329,124.65937,23.1617,182.192,5.45996,87.3308816,-9.67412,86.7934,6.7184,6.14342,6.98656,5.302,4.743,4.721,4.62
HD 126525,1,1,0,0,216.8852514,-51.9329118,317.62367,8.17624,37.6506,26.5312,307.8540197,-305.2,40.3368,7.66978,7.2231,7.85,6.634,6.215,6.249,6.177
HD 12661,1,2,0,0,31.1423525,25.4135632,143.06278,-34.58321,37.8478,26.3927,204.3236427,-108.181,-173.335,7.24746,6.7944,7.43,6.182,5.861,5.794,5.783
HD 126614,3,1,0,0,216.7005171,-5.1784093,342.01145,50.31505,73.0961,13.6519,209.178157,-149.881,-145.915,8.61907,8.1264,8.81,7.47,7.06,6.894,7.073
HD 128311,1,2,0,0,219.0032292,9.7454368,2.7292,59.83597,16.3292,61.2111,323.1998789,204.36,-250.39,7.16719,6.57,7.48,5.772,5.142,5.182,5.13
HD 128356,1,1,0,0,219.2702793,-25.8031728,330.87143,31.27473,26.1548,38.2052,140.796492,-18.3925,-139.59,7.97745,7.3809,8.2411,,5.997,5.959,5.937
HD 128717,1,1,0,0,219.0881687,57.5609512,98.90196,54.39709,73.636,13.5514,105.912251,-82.0369,66.9877,8.18929,7.8218,8.32,7.309,7.039,6.954,7.028
HD 129445,1,1,0,0,221.5104196,-68.7629901,313.03727,-8.17016,67.4386,14.7995,205.9080194,-197.786,-57.2609,8.6178,8.1495,8.8,7.531,7.167,7.096,7.212
HD 130322,1,1,0,0,221.8857975,-0.2820782,353.2136,50.89111,31.8766,31.3423,191.8604963,-130.798,-140.365,7.83448,7.3401,8.04,6.712,6.234,6.219,6.117
HD 131496,1,1,0,0,223.3461495,18.2352618,21.81161,60.58844,131.849,7.55647,55.4411361,43.7017,-34.1157,7.52124,6.92302,7.8,6.032,5.437,5.464,5.355
HD 13167,1,1,0,0,32.057635,-24.695575,209.21548,-72.57899,148.934,6.68592,58.0470631,43.7703,-38.1264,8.15997,7.70677,8.34,7.081,6.711,6.654,6.632
HD 13189,1,1,0,0,32.4173964,32.3164548,141.56782,-27.70854,497.823,1.98134,5.5152485,2.46491,4.93378,7.01743,6.2066,7.57,5.19,3.997,3.939,3.865
HD 132406,1,1,0,0,224.2276121,53.3809615,90.14771,55.01079,70.7832,14.0987,280.734294,-13.9798,-280.386,8.28075,7.8477,8.45,7.25,6.87,6.844,6.773
HD 132563,3,1,0,0,224.5892892,44.0428571,74.89413,59.44282,105.155,9.48093,92.4090915,-63.103,-67.5089,8.85821,8.50087,8.928001,8.003,7.431,6.998,7.159
HD 133131,2,3,0,0,225.8984524,-27.8431369,335.53726,26.53439,51.4736,19.3988,205.4595009,155.989,-133.72,8.27532,7.8562,7.66,7.256,6.895,6.731,6.537
HD 133131,2,3,0,0,225.8999745,-27.8415947,335.53946,26.53496,51.2993,19.4648,211.2217501,158.954,-139.098,8.25674,7.8398,8.413,7.255,6.896,,
HD 134060,1,2,0,0,227.6847587,-61.4223747,318.80629,-2.92076,24.0125,41.616,185.9811074,-185.588,-12.0858,6.13951,5.7308,6.29,5.214,4.836,4.83,4.826
HD 134606,1,5,0,0,228.8103897,-70.5203328,314.43361,-10.93111,26.7909,37.2972,242.3733124,-177.748,-164.774,6.67835,6.2133,6.86,5.591,5.177,5.216,5.17
HD 134987,1,2,0,0,228.3675397,-25.3096721,339.18433,27.3871,26.1804,38.1678,407.3027012,-400.308,-75.1598,6.28994,5.841,6.47,5.268,4.882,4.871,4.875
HD 135344,2,1,0,0,228.9538416,-37.1489176,332.39696,17.32856,141.595,7.03557,30.4143564,-18.3594,-24.248,7.73711,7.712,7.765,7.582,7.563,7.516,2.277
HD 135625,1,1,0,0,229.4511514,-45.9225871,327.81443,9.75878,56.518,17.6646,97.1951146,-88.6179,-39.9219,7.56578,7.1619,7.72,6.619,6.29,6.314,6.251
HD 135694,1,1,0,0,227.8678636,71.8412965,109.1566,41.33459,73.8713,13.5082,205.3954261,-189.064,80.2626,8.91307,8.4724,9.08,7.871,7.502,7.391,7.35
HD 135872,1,1,0,0,229.4213643,-5.2024735,356.03012,42.11025,82.4251,12.1035,82.0683818,-80.8732,-13.9551,7.02764,6.4631,7.28103,5.674,5.086,5.051,5
HD 136118,1,1,0,0,229.7306046,-1.5922913,359.94098,44.34952,51.4359,19.4132,125.780865,-123.748,22.5224,6.79664,6.4252,6.9456,5.935,5.599,5.618,5.602
HD 136352,1,3,0,0,230.4401147,-48.3188174,327.07069,7.38103,14.682,68.0818,1647.3395676,-1624.05,-276.024,5.48495,5.0494,5.65,4.308,4.159,,
HD 136418,1,1,0,0,229.7756438,41.732423,68.48574,56.56756,105.168,9.47978,183.0304034,-20.0582,-181.928,7.60946,7.03952,7.849,,,5.668,5.536
HD 136925,1,1,0,0,230.7157509,13.3663117,19.32438,52.09872,47.874,20.8602,272.4319594,-271.078,-27.1273,7.74447,7.3152,7.91433,6.751,6.359,6.301,6.294
HD 13724,1,1,0,0,33.0859626,-46.8166738,269.335,-64.68633,43.465,22.9781,75.4967351,-30.7138,-68.9668,7.73003,7.2967,7.89,6.728,6.378,6.302,6.255
HD 137388,1,1,0,0,233.915082,-80.2044169,309.74334,-19.58207,40.4841,24.6722,64.4146602,-49.57,41.1347,8.47996,7.9461,8.71,7.23,6.763,6.657,6.715
HD 137496,1,2,0,0,231.7420543,-16.5090014,348.34536,32.32096,155.317,6.41091,51.1671169,20.5385,-46.8641,9.77168,9.29961,9.899,8.646,8.244,8.186,8.173
HD 13808,1,2,0,0,33.1780708,-53.7437591,279.09436,-59.46088,28.2305,35.3938,112.2799785,-107.923,30.9745,8.11006,7.5613,8.36,6.776,6.25,6.2,6.207
HD 13908,1,2,0,0,34.5609102,65.5941901,131.74451,4.2186,79.5515,12.5417,45.3829883,22.9504,-39.1522,7.3845,7.0174,7.52,6.497,6.21,6.256,6.189
HD 13931,1,1,0,0,34.1979991,43.7722065,138.83237,-16.44854,47.3963,21.0701,208.516252,98.7972,-183.625,7.45464,7.0362,7.61,6.452,6.139,6.045,6.123
HD 139357,1,1,0,0,233.8173564,53.9221505,86.15965,49.84741,112.09,8.89299,18.8494579,-18.7671,1.76012,5.6303,4.97502,5.97272,4.18,3.406,3.343,3.257
HD 1397,1,1,0,0,4.4471631,-66.3589285,308.21517,-50.42274,79.5702,12.5386,64.9597291,64.7627,-5.0556,7.59336,7.1062,7.79,6.442,5.988,6.018,5.921
HD 14067,1,1,0,0,34.293348,23.7676546,147.04613,-35.05762,142.024,7.01247,52.0525535,-32.0792,-40.9926,6.23751,5.62574,6.53329,4.718,4.097,4.044,4.024
HD 141004,1,1,0,0,236.6099205,7.3527684,15.69566,44.10377,11.8148,84.6121,234.6018572,-224.107,-69.3836,4.27965,3.8709,4.4154,3.43,2.989,2.05,2.971
HD 141399,1,4,0,0,236.7235392,46.986288,74.98872,50.45641,37.0169,26.9857,108.5340895,-108.357,6.19751,7.00926,6.535,7.20856,5.89,5.499,5.467,5.47
HD 141937,1,1,0,0,238.0735585,-18.4359716,351.88911,26.78098,33.3622,29.9453,99.0912957,97.2306,19.1127,7.09149,6.675,7.25,6.127,5.764,6.017,5.695
HD 142,2,3,0,0,1.5836771,-49.0753625,321.5814,-66.38756,26.1853,38.1605,576.4678738,575.03,-40.6904,5.58442,5.2459,5.7,4.69,4.474,4.308,4.384
HD 142022,2,1,0,0,242.5481731,-84.2317494,307.71909,-23.31633,34.2802,29.1424,338.4961047,-337.055,-31.2016,7.51423,7.0311,7.7,6.384,5.964,5.837,5.853
HD 142245,3,1,0,0,238.2342443,15.4306118,26.94357,46.38366,97.2305,10.2562,61.4596966,-57.4773,-21.7636,7.18949,6.5905,7.46,5.689,5.11,5.125,5.007
HD 142415,1,1,0,0,239.418989,-60.2006948,324.17725,-5.25392,35.5318,28.1149,151.9685258,-112.801,-101.835,7.17789,6.7683,7.33,6.235,5.892,5.908,5.882
HD 143105,1,1,0,0,238.4023547,68.7199779,102.97517,40.62573,46.7789,21.3482,31.7710591,2.19564,-31.6951,6.62583,6.2659,6.77005,5.795,5.519,5.48,5.478
HD 143361,1,1,0,0,240.4588405,-44.4350575,334.96858,6.27404,68.5146,14.567,197.3479295,-156.502,-120.222,9.01602,8.5341,9.2,7.905,7.488,7.413,7.77
HD 143811,2,1,0,1,240.8891972,-30.1371574,345.0743,16.60586,136.608,7.29169,29.209014,-15.0858,-25.0117,8.78821,8.44545,8.91,7.973,7.702,7.655,7.436
HD 144899,1,1,0,0,242.5721002,-47.9146826,333.71817,2.71134,115.665,8.61696,131.0753033,-96.3308,-88.8882,8.81343,8.3937,8.97,7.855,7.499,7.447,7.44
HD 145377,1,1,0,0,242.9019658,-27.0781199,348.63857,17.53871,53.4884,18.6669,25.3899698,21.7863,13.0387,7.96999,7.5678,9.236,7.014,6.706,6.68,6.895
HD 145457,1,1,0,0,242.5162215,26.7429068,44.30174,46.03028,135.292,7.36251,41.1368197,-18.3362,36.8242,6.28309,5.66538,6.57226,5,4.122,4.141,4.046
HD 145934,1,1,0,0,243.2912249,13.2394527,26.92843,41.01691,227.881,4.36009,9.1821593,9.06392,-1.46881,8.24065,7.63368,8.495,6.758,6.145,6.187,6.038
HD 1461,1,2,0,0,4.6762645,-8.0536206,99.3068,-69.41004,23.4534,42.609,441.9148713,417.875,-143.768,6.29454,5.8575,6.47933,5.329,4.897,4.831,4.831
HD 147018,1,2,0,0,245.7490012,-61.6901291,325.41034,-8.44094,40.4256,24.7079,362.6510824,-177.498,-316.244,8.11145,7.6299,8.3,6.963,6.571,6.49,6.554
HD 147379,2,1,0,0,244.1725686,67.2392041,99.90191,39.47188,10.7643,92.8704,505.070775,-498.018,84.1104,7.90052,6.9707,8.61,5.779,4.953,,
HD 147513,2,1,0,0,246.0057894,-39.1929661,341.6211,7.21242,12.9032,77.4716,74.23686,74.1463,3.66573,5.22664,4.8119,5.37,4.405,3.933,3.918,3.852
HD 14787,1,1,0,0,35.8085099,10.8367972,156.37974,-45.98861,119.137,8.36526,16.2124844,-11.1048,11.8122,7.37839,6.80945,7.63,5.988,5.388,5.353,5.341
HD 147873,2,2,0,0,246.4380471,-33.5672217,345.98514,10.84575,109.055,9.14219,29.4904716,-18.708,-22.7969,7.81828,7.4327,7.96,6.908,6.581,6.246,6.529
HD 148156,1,1,0,0,247.0723035,-46.3175085,337.02287,1.70153,57.1289,17.4755,53.4645414,45.5907,27.9275,7.55508,7.1802,7.69,6.688,6.397,6.408,6.401
HD 148164,1,2,0,0,246.4351678,11.9190729,27.05066,37.67784,77.1971,12.9252,88.5238184,-88.5099,1.56972,8.0907,7.7098,8.23,7.229,6.906,6.867,6.842
HD 148427,1,1,0,0,247.1171311,-13.3996231,2.41734,23.58167,71.3499,13.9869,37.3153162,-37.2034,2.88788,6.63542,6.0672,6.90498,5.299,4.682,4.724,4.602
HD 149026,1,1,0,0,247.6229827,38.3475349,61.29711,43.28357,75.8643,13.1526,93.9751146,-77.8994,52.5643,8.01416,7.6262,8.15,7.118,6.819,6.786,6.846
HD 149143,1,1,0,0,248.2126715,2.0844547,17.5164,31.48148,73.2801,13.6179,87.2392449,-9.32815,-86.7391,7.74081,7.3185,7.89,6.759,6.434,6.43,6.417
HD 150010,1,1,0,0,247.8670682,72.6125804,105.31987,35.99152,144.49,6.89216,67.8247058,-37.8477,56.2827,5.86642,5.1389,6.2893,4.125,3.177,2.471,3.119
HD 1502,1,1,0,0,4.8214389,14.054683,111.21656,-48.08435,190.953,5.20951,76.0256276,74.1132,-16.9449,8.10417,7.53199,8.36,6.681,6.12,6.186,5.984
HD 150706,1,1,0,0,247.8255687,79.7894032,113.00653,32.63799,28.2697,35.3446,128.7128505,94.884,-86.9714,6.85038,6.44,7.03,5.89,5.565,5.555,5.447
HD 151450,1,2,0,0,252.0080127,-15.964345,3.2946,18.26324,43.6002,22.9071,119.5971622,76.705,-91.7596,7.28278,6.9013,7.43,6.425,6.099,6.115,6.06
HD 152079,1,1,0,0,253.3732313,-46.3333582,339.89168,-1.56882,87.8888,11.3494,142.2907224,-107.278,-93.4777,9.01051,8.5703,9.18,7.984,7.634,7.563,7.554
HD 152581,1,1,0,0,253.4316451,11.9736828,30.61159,31.49074,165.76,6.00438,19.0279889,11.5959,-15.0864,8.12746,7.56547,8.38,6.673,6.173,6.161,6.042
HD 152843,1,2,0,0,253.7848853,20.491524,40.17116,34.38475,107.898,9.23914,47.0623135,14.7553,44.6894,8.76412,8.40302,8.855,7.896,7.629,7.563,7.517
HD 15337,1,2,0,0,36.8678846,-27.6361171,219.86213,-68.70904,44.8155,22.2848,224.0446769,-73.5903,-211.614,8.85598,8.3157,9.1,7.553,7.044,6.918,6.916
HD 153950,1,1,0,0,256.1292826,-43.3103753,343.47641,-1.2319,48.4549,20.609,178.8958515,110.494,-140.694,7.23813,6.8472,7.39,6.313,6.006,6.001,5.907
HD 154088,1,1,0,0,256.1164214,-28.5838342,355.23654,7.67253,18.2692,54.708,281.2003086,83.2293,-268.601,6.36693,5.8611,6.59,5.225,4.758,,
HD 154345,1,1,0,0,255.6524619,47.0855544,73.02692,37.66299,18.284,54.6636,862.586012,123.204,853.742,6.56771,6.0913,6.76,5.411,5.003,4.985,4.978
HD 154391,1,1,0,0,255.3201345,60.6489226,90.05451,36.80887,100.947,9.87734,59.143643,-44.4833,38.977,5.89921,5.31961,6.1552,4.94,3.896,3.852,3.83
HD 154672,1,1,0,0,257.520697,-56.4498041,333.38496,-9.75953,63.0484,15.8321,127.6386669,30.3902,-123.968,8.03732,7.5864,8.21,7.013,6.612,6.561,6.269
HD 154857,1,2,0,0,257.816194,-56.681038,333.28825,-10.02581,63.4482,15.7321,103.8983825,87.5849,-55.8906,7.04837,6.5859,7.24,5.938,5.509,5.503,5.452
HD 155193,1,1,0,0,257.4208876,10.0381003,30.50173,27.12388,57.7995,17.2723,151.8308567,-67.4946,-136.004,6.86686,6.4965,7.0092,6.01,5.715,5.656,5.683
HD 155358,1,2,0,0,257.3930947,33.3549277,56.28261,34.77496,43.6197,22.8965,310.0068889,-222.459,-215.908,7.12074,6.7281,7.28,6.158,5.808,5.879,5.779
HD 156098,1,2,0,0,259.264687,-32.6630768,353.51966,3.08419,48.249,20.6993,112.595783,-98.2697,-54.9625,5.41159,5.0618,5.53,4.754,4.357,4.267,4.234
HD 156279,1,2,0,0,258.0966686,63.3527828,93.08627,35.08164,36.1945,27.5995,160.2198147,-2.02637,160.207,7.86569,7.3759,8.07,6.677,6.269,6.245,6.229
HD 156411,1,1,0,0,259.9639522,-48.5502313,340.79031,-6.46352,56.8655,17.5567,214.1357918,-33.1837,-211.549,6.5121,6.0976,6.67,5.563,5.17,5.202,5.15
HD 156668,1,2,0,0,259.4183491,29.228161,51.96923,32.1149,24.3323,41.0687,228.612106,-72.6271,216.769,8.10753,7.4911,8.43,6.593,6.004,5.985,5.962
HD 156846,2,1,0,0,260.1423366,-19.334365,5.03368,9.98244,47.7332,20.921,198.2532321,-137.102,-143.204,6.3623,5.9712,6.5,5.47,5.149,5.073,5.055
HD 158038,1,1,0,0,261.4395312,27.3030721,50.39671,29.86597,94.8625,10.5127,72.5460507,44.6156,-57.2047,7.2068,6.6166,7.47,5.758,5.156,5.151,5.093
HD 158259,1,5,0,0,261.3495847,52.7904721,80.13841,34.09023,27.0498,36.9399,103.6993176,-91.0469,-49.6388,6.30694,5.8961,6.47915,5.269,4.965,4.998,4.95
HD 158996,1,1,0,0,259.9051092,80.1364033,112.37477,30.5774,283.659,3.49765,18.6663408,18.6495,0.792735,5.18609,4.38512,5.72291,3.112,2.133,0.695,2.15
HD 15906,1,2,0,0,38.2712534,-10.352178,182.77821,-60.77779,45.5621,21.9192,196.0284571,-173.029,-92.131,9.47728,8.8723,9.78,8.035,7.459,7.345,7.341
HD 159243,1,2,0,0,263.3395365,5.7008254,29.07673,19.95,73.3055,13.6128,59.1031174,-54.9479,21.7694,8.51188,8.1282,8.65,7.581,7.297,7.253,7.151
HD 159868,1,2,0,0,264.7466665,-43.1462347,347.17359,-6.31279,55.8503,17.8763,285.096985,-230.51,-167.766,7.04579,6.5739,7.24,5.941,5.535,5.492,5.473
HD 1605,1,2,0,0,5.1317548,30.9750611,115.1667,-31.43019,88.8047,11.232,103.4844589,84.8357,59.2616,7.25688,6.6755,7.52,5.85,5.272,5.201,5.192
HD 160691,1,4,0,0,266.0361585,-51.8348751,340.05994,-11.4985,15.5981,64.0817,191.5319109,-15.3104,-190.919,4.94916,4.5071,5.12,4.158,3.683,3.592,3.568
HD 161178,1,1,0,0,264.2873565,72.455859,103.3849,31.347,107.188,9.30071,28.170433,23.798,15.0741,5.59958,5.00658,5.88375,4.301,3.657,3.523,3.44
HD 16141,2,1,0,0,38.8323674,-3.5624887,173.94139,-55.78037,37.7861,26.436,464.7992802,-155.582,-437.987,6.65773,6.2243,6.834,5.679,5.266,5.217,5.218
HD 16175,1,1,0,0,39.2577379,42.0624526,143.08388,-16.64016,59.859,16.6775,56.6953717,-38.8355,-41.3058,7.1291,6.7165,7.297,6.166,5.853,5.896,5.813
HD 162020,1,1,0,0,267.6599252,-40.3184646,350.73899,-6.72629,30.8248,32.4128,32.4378566,20.2764,-25.3196,8.75949,8.1181,9.1,7.175,6.539,6.47,6.502
HD 163607,1,2,0,0,268.4181383,56.3924701,84.6144,30.17327,67.7855,14.7236,141.596805,-75.8369,119.576,7.81298,7.3311,8,6.648,6.271,6.224,6.219
HD 16417,2,1,0,0,39.2441029,-34.5790905,237.69566,-66.2377,25.3936,39.3512,259.5297272,-18.5073,-258.869,5.61319,5.182,5.78,4.596,4.246,4.1,4.204
HD 164509,2,1,0,0,270.3800811,0.1044685,27.26359,11.13651,53.1119,18.7994,21.8448377,-7.86412,-20.3802,7.95594,7.536,8.1,6.938,6.586,6.594,6.593
HD 164595,2,1,0,0,270.1613723,29.5726698,55.46741,23.27765,28.254,35.3642,222.3752066,-139.13,173.475,6.89472,6.4618,7.08597,5.864,5.482,5.496,5.485
HD 164604,1,2,0,0,270.7787177,-28.5608343,2.26337,-3.1186,39.3633,25.3757,54.2721351,-34.7587,-41.6809,9.32786,8.6834,9.62,7.784,7.169,7.102,7.091
HD 164922,1,4,0,0,270.6304652,26.3104077,52.29591,21.78318,22.0016,45.4222,717.364353,389.653,-602.314,6.78614,6.2808,7.01227,5.553,5.113,5.118,5.108
HD 165131,1,1,0,0,271.3444007,-21.6737039,8.52065,-0.18908,57.4263,17.3851,138.8522705,-62.0571,-124.213,8.26134,7.8355,8.42,7.255,6.927,6.643,6.555
HD 165155,1,1,0,0,271.4893395,-29.9172536,1.3791,-4.32098,63.3574,15.7548,76.9538265,76.9395,-1.48484,9.21413,8.7177,9.36,8.027,7.584,7.524,7.936
HD 1666,1,1,0,0,5.2180424,-19.9314823,77.10962,-79.9618,117.908,8.45266,60.1675411,-8.50146,-59.5639,8.05121,7.70312,8.17,7.269,6.964,6.882,6.917
HD 166724,1,1,0,0,273.4988604,-42.5757218,350.82178,-11.64851,45.1342,22.1273,87.9063009,36.1095,-80.1475,9.06863,8.5228,9.33,7.752,7.246,7.186,7.215
HD 167042,1,1,0,0,272.6326268,54.2876184,82.549,27.54691,49.6633,20.1069,269.5376298,107.225,247.292,5.72384,5.1576,5.98796,3.933,3.55,3.772,3.702
HD 16760,1,1,0,0,40.5892123,38.6182163,145.59151,-19.32424,50.17561,19.93,127.7535135,73.19,-104.71,8.55541,8.094,8.7,7.431,7.033,6.649,6.766
HD 167677,1,1,0,0,274.2067844,-11.4067857,18.84069,2.35367,54.3258,18.3794,226.4631773,74.3223,-213.92,8.7114,8.2424,8.9,7.583,7.155,7.097,8.007
HD 167768,1,1,0,0,274.2213308,-3.0085807,26.28216,6.28959,107.214,9.29992,274.627813,18.05,-274.034,5.7545,5.19035,5.98894,4.471,3.895,,
HD 168009,1,1,0,0,273.8847918,45.2088229,72.81394,24.92402,23.3032,42.8836,138.3253235,-77.3311,-114.69,6.14052,5.7155,6.295,5.12,4.756,4.792,4.742
HD 168443,1,2,0,0,275.0159879,-9.5966905,20.81376,2.50674,39.6245,25.2084,242.3014111,-91.6854,-224.285,6.73166,6.2674,6.92122,5.641,5.211,5.153,5.169
HD 168746,1,1,0,0,275.4573269,-11.9229757,18.96358,1.03031,41.5681,24.0282,72.0994498,-23.0987,-68.2992,7.77169,7.3158,7.95,6.679,6.253,5.766,5.632
HD 168863,1,1,0,0,275.6642157,-18.0219726,13.67168,-2.00978,39.8979,25.0352,261.6089412,-134.321,-224.493,9.06821,8.4597,9.35,7.598,7.04,6.851,7.034
HD 1690,1,1,0,0,5.3055886,-8.2811442,100.75436,-69.84117,752.615,1.29976,13.8195055,13.4666,3.10313,8.74943,8.0115,9.19,6.877,6.018,5.912,5.875
HD 16905,1,1,0,0,40.0136203,-61.3550396,282.47686,-51.24171,39.7401,25.1346,188.2810822,36.5469,-184.7,9.11324,8.4981,9.44,7.65,7.086,6.901,6.955
HD 169142,1,1,0,0,276.1240717,-29.7805318,3.39212,-7.80957,113.6,8.77468,37.8669429,-2.3201,-37.7958,8.05449,7.83637,8.156,7.31,6.41,6.203,-0.632
HD 169830,1,2,0,0,276.9561859,-29.8167919,3.68683,-8.4711,37.6048,26.5642,16.4600597,-0.488811,16.4528,5.77641,5.4149,5.9,4.974,4.688,4.648,4.644
HD 170469,2,1,0,0,277.2955423,11.6954244,40.94007,10.19103,60.178,16.5886,51.4729191,-48.4176,-17.4699,8.04953,7.6151,8.21,7.047,6.707,6.675,6.554
HD 17092,1,1,0,0,41.5924261,49.6530375,141.30331,-9.07471,228.422,4.34989,41.6254578,40.328,-10.3117,7.33993,6.63292,7.732,5.53,4.807,4.782,4.721
HD 171028,1,1,0,0,278.0643694,6.9456827,36.96748,7.41135,111.659,8.92738,45.3213572,-42.8694,-14.7051,8.10233,7.64925,8.292,6.99,6.604,6.55,6.476
HD 171238,1,1,0,0,278.6818389,-28.0727849,5.94504,-9.05461,44.8113,22.2871,113.0479471,-29.5778,-109.11,8.41099,7.9202,8.61,7.244,6.831,6.781,6.618
HD 17156,1,1,0,0,42.4366123,71.7530882,131.99027,10.9937,78.0863,12.7776,96.8491965,90.9819,-33.1973,8.03298,7.6353,8.17,7.08,6.763,6.796,6.68
HD 173416,1,1,0,0,280.9005676,36.556857,65.74238,17.21933,132.184,7.53665,61.8894309,20.7842,58.2951,5.75681,5.14422,6.04188,4.58,3.814,3.612,3.524
HD 174205,1,1,0,0,280.7932014,70.7928237,101.44139,26.17781,234.027,4.24423,7.533829,4.98715,-5.64685,5.89765,5.1979,6.28209,4.585,3.574,3.349,3.257
HD 175167,1,1,0,0,285.0033888,-69.9450664,325.36189,-26.08807,71.0863,14.0386,191.6405164,-7.04446,-191.511,7.82424,7.3506,8.01,6.713,6.288,6.311,6.274
HD 175541,1,1,0,0,283.9203211,4.2649344,37.21115,1.00153,129.603,7.68775,90.4778855,-6.74393,-90.2262,7.75927,7.19976,8.020001,6.387,5.829,5.71,5.898
HD 175607,1,1,0,0,285.2742901,-66.1943379,329.49816,-25.61517,40.3303,24.7663,407.7485767,133.112,-385.409,8.40957,7.9396,8.6,7.28,6.881,6.801,6.678
HD 17674,1,1,0,0,42.7684964,30.2865981,151.51873,-25.86168,44.4264,22.4803,132.4775081,128.315,-32.9477,7.40113,6.9964,7.535,6.449,6.093,6.123,6.008
HD 176986,1,3,0,0,285.7739138,-11.044941,24.36018,-7.57187,27.7843,35.9627,267.8924859,-126.942,-235.907,8.14249,7.5672,8.42,6.797,6.22,,
HD 177565,1,1,0,0,286.7175787,-37.8122394,359.44857,-19.07842,16.9179,59.0802,412.2128476,-187.641,-367.029,5.9739,5.5252,6.15,5.256,4.539,4.523,4.535
HD 177830,2,2,0,0,286.3363574,25.9204327,57.68396,8.67193,62.7674,15.903,66.7665853,-41.3347,-52.433,6.8866,6.2779,7.18,5.367,4.809,4.785,4.732
HD 178911,3,1,0,0,287.2632091,34.6006972,65.99249,11.69384,40.9727,24.3775,204.0735915,57.1771,195.9,7.86705,7.3982,7.97,6.749,6.375,5.978,5.975
HD 179079,1,1,0,0,287.7903733,-2.6387703,32.82704,-5.59005,69.7116,14.3167,161.4496745,-134.422,-89.4244,7.77454,7.3186,7.95,6.734,6.311,6.301,6.311
HD 179949,1,1,0,0,288.8890182,-24.1797939,13.45534,-15.78659,27.4573,36.3915,156.5457503,118.552,-102.235,6.1106,5.7365,6.25,5.296,4.936,4.94,4.93
HD 180053,1,1,0,0,288.4008374,34.9146658,66.68904,10.98272,137.043,7.26823,30.57853,-10.135,28.8501,7.70327,7.15647,7.93,6.328,5.84,5.87,5.774
HD 18015,1,1,0,0,43.3636339,-8.8480392,186.31902,-55.8753,123.801,8.04905,63.2030945,63.0526,-4.35899,7.72194,7.26722,7.89,6.628,6.204,6.073,6.118
HD 180314,1,1,0,0,288.7094401,31.8604391,64.0106,9.41869,122.362,8.14366,51.1036408,46.7116,20.727,6.34583,5.75921,6.61519,4.892,4.312,4.327,4.268
HD 180617,2,1,0,0,289.2277322,5.1631615,40.44072,-3.28372,5.91059,169.159,1453.095559,-579.043,-1332.74,8.0976,6.94253,9.12,5.583,4.673,,
HD 180902,2,1,0,0,289.8239604,-23.5582432,14.39883,-16.32996,104.577,9.53385,42.8690335,37.8394,-20.1478,7.52132,6.95111,7.78,6.121,5.543,5.527,5.485
HD 181234,1,1,0,0,289.9998695,-9.32497,27.7801,-10.54743,47.7458,20.9155,341.1276253,-122.751,-318.277,8.36926,7.8552,8.59,7.152,6.689,,
HD 181342,1,1,0,0,290.2674078,-23.6196996,14.50487,-16.7282,120.391,8.27778,55.5049316,-46.597,-30.1582,7.28405,6.69734,7.55,5.853,5.251,5.244,5.153
HD 181433,1,3,0,0,291.2873731,-66.4677838,329.51487,-28.04356,26.8762,37.1787,330.0287524,-230.931,235.775,8.09228,7.4903,8.4,6.664,6.094,6.092,6.001
HD 181720,1,1,0,0,290.7212224,-32.9208401,5.51512,-20.48764,60.2046,16.5816,424.296759,88.1544,-415.038,7.67484,7.2562,7.84,6.652,6.294,6.268,6.201
HD 183263,1,2,0,0,292.1022982,8.3579183,44.60924,-4.30987,54.1955,18.4229,37.4192004,-19.1268,-32.1615,7.71818,7.3033,7.86,6.782,6.422,6.372,6.327
HD 183579,1,1,0,0,293.2866147,-54.5327284,343.06161,-27.69962,57.2651,17.434,136.334626,108.439,-82.6324,8.51549,8.0888,8.67,7.518,7.15,7.09,7.04
HD 184010,1,3,0,0,292.8401421,26.6172796,60.99426,3.8068,60.7993,16.4191,27.4168308,10.7089,25.2389,5.64508,5.0857,5.88639,4.581,3.98,3.708,3.654
HD 18438,1,1,0,0,46.5318358,79.41858,129.0842,18.19302,224.146,4.4433,36.8946366,-35.2905,10.7608,4.73199,3.77665,5.50474,2.47,1.325,-1.221,1.114
HD 185269,3,1,0,0,294.2987668,28.499514,63.27132,3.58055,51.9917,19.2049,86.7055997,-31.4986,-80.7818,6.51831,6.12,6.67973,5.518,5.26,5.133,5.175
HD 185283,1,1,0,0,295.3233609,-56.3221096,341.21374,-29.07595,31.395,31.8234,172.3780028,-163.827,-53.618,8.71311,8.0946,9.03,7.212,6.601,6.587,6.523
HD 18599,2,1,0,0,44.2620144,-56.1918694,273.92807,-53.27814,38.5653,25.9011,62.4931382,-36.6762,50.5989,8.73117,8.1796,8.99,7.428,6.883,6.812,6.849
HD 187085,1,1,0,0,297.3915731,-37.7809929,2.20149,-27.12011,45.8993,21.758,103.5954175,8.4649,-103.249,7.07508,6.6894,7.22,6.19,5.876,5.888,5.848
HD 187123,1,2,0,0,296.7428786,34.41899,69.46581,4.67926,45.9548,21.7316,188.6982861,142.581,-123.603,7.67284,7.2466,7.83,6.635,6.337,6.312,6.236
HD 18742,1,1,0,0,45.0443115,-20.8027024,207.80483,-60.00474,162.685,6.12112,30.1933542,-19.724,-22.8605,7.55464,6.98636,7.81,6.177,5.554,5.595,5.48
HD 188015,2,1,0,0,298.0191857,28.0999769,64.56026,0.54239,50.6706,19.7065,105.8899417,52.5442,-91.9336,8.06588,7.6166,8.24,7.008,6.632,6.533,6.688
HD 188641,1,1,0,0,299.4048303,-37.7448845,2.67804,-28.65534,64.3399,15.5137,40.0143693,7.20859,39.3597,7.17761,6.7494,7.34,6.161,5.8,5.849,5.763
HD 189567,1,2,0,0,301.3959616,-67.3237992,328.46185,-31.99284,17.9055,55.8197,1081.1677042,845.346,-674.028,5.9098,5.4781,6.074,5.108,4.511,,
HD 189733,2,1,0,0,300.1821223,22.7097759,60.96214,-3.92282,19.7638,50.5685,250.2466863,-3.29445,-250.225,7.41432,6.8481,7.67,6.073,5.541,5.289,5.427
HD 190007,1,1,0,0,300.6956339,3.3266992,44.30037,-14.22203,12.7141,78.6238,149.7799129,-90.2903,119.506,7.06341,6.3882,7.46,5.476,4.796,4.753,4.722
HD 190228,1,1,0,0,300.7537294,28.3065564,65.99346,-1.406,62.7146,15.9164,125.3766122,104.146,-69.8062,7.08482,6.5757,7.3,5.819,5.352,5.439,5.302
HD 190360,2,2,0,0,300.9092476,29.894541,67.41056,-0.67616,16.0069,62.4443,862.1421738,683.341,-525.675,5.55436,5.0823,5.738,4.554,4.076,4.007,4.05
HD 190647,1,1,0,0,301.8318167,-35.5395236,5.66045,-30.03255,54.4738,18.3287,208.5650293,-26.6219,-206.859,7.5942,7.1278,7.78,6.546,6.161,6.144,6.084
HD 190984,1,1,0,0,302.8779827,-64.6202728,331.57931,-32.85802,148.187,6.71978,45.4809756,0.282219,45.4801,8.61126,8.2184,8.76,7.671,7.319,7.251,7.459
HD 191806,1,1,0,0,302.368758,52.2767265,87.04635,10.30093,65.6668,15.1995,146.0268762,114.051,91.1933,7.93339,7.5211,8.09,6.966,6.639,6.624,6.616
HD 191939,1,6,0,0,302.0256247,66.8503014,99.98716,17.72195,53.6089,18.6247,163.2826562,150.256,-63.909,8.77476,8.2929,8.97,7.597,7.18,7.04,7.099
HD 192263,1,1,0,0,303.4990864,-0.8657574,41.87586,-18.69708,19.6359,50.8982,268.3808352,-62.6708,260.961,7.49558,6.9161,7.79,6.115,5.537,5.512,5.497
HD 192310,1,2,0,0,303.8284712,-27.0337556,15.62553,-29.40279,8.79687,113.648,1255.6503219,1242.53,-181.044,5.47661,4.9266,5.73,4.112,3.501,3.684,3.645
HD 192699,1,1,0,0,304.0248392,4.5805708,47.13028,-16.493,71.8627,13.8868,66.3950053,-41.2385,-52.0354,6.21085,5.6634,6.45591,4.903,4.366,4.275,4.265
HD 194490,1,1,0,0,306.9980087,-51.6644646,347.1134,-35.69138,80.2349,12.4346,142.9107381,-142.8,-5.62486,8.82731,8.4083,8.99,7.862,7.533,7.427,7.287
HD 195019,2,1,0,0,307.0792427,18.7692509,61.15665,-11.47701,37.6681,26.5188,354.1908518,349.644,-56.5706,6.72911,6.2978,6.87591,5.604,5.256,5.162,5.185
HD 196050,3,1,0,0,309.4637796,-60.6347649,335.91879,-36.35873,50.6742,19.7051,201.847549,-191.122,-64.9216,7.3407,6.9188,7.5,6.378,6.034,5.836,5.962
HD 196067,2,2,0,0,310.4364195,-75.3514992,318.44307,-33.04892,39.9346,25.012,225.3706047,156.596,-162.079,6.33009,5.9262,6.51,5.417,5.08,4.655,4.841
HD 19615,1,1,0,0,48.7813299,73.868015,132.59319,13.7552,265.155,3.74267,30.8557291,-6.79473,-30.0983,6.02012,5.17893,6.55594,4.208,3.062,2.168,2.895
HD 196885,2,1,0,0,309.9664609,11.2500236,56.30997,-17.98547,34.1692,29.2372,114.273673,71.4703,89.1654,6.26141,5.8952,6.39677,5.414,5.072,5.063,5.029
HD 197037,2,1,0,0,309.8869681,42.247593,81.67626,0.41247,33.1944,30.0966,230.6026329,-62.898,-221.859,6.67106,6.3113,6.82294,5.772,5.488,5.506,5.201
HD 19994,3,1,0,0,48.1943193,-1.1963955,181.50523,-47.34122,22.5242,44.3695,205.2976134,193.25,-69.2932,4.93038,4.5599,5.06345,4.174,3.748,3.719,3.647
HD 20003,1,2,0,0,46.9090081,-72.3219221,289.87654,-41.17624,41.8316,23.8764,72.3367105,71.8935,-7.99527,8.19184,7.7153,8.39,7.087,6.647,6.616,6.597
HD 200964,1,2,0,0,316.6664183,3.8033357,53.56524,-27.63577,72.5922,13.7469,107.2915421,94.6083,50.6038,6.23723,5.6824,6.48605,4.802,4.286,4.303,4.232
HD 202206,2,1,0,1,318.7405221,-20.7897284,27.94935,-40.5046,45.9665,21.7264,126.2020582,-39.0794,-119.999,7.91051,7.4589,8.08,6.85,6.485,6.395,6.372
HD 202696,1,2,0,0,319.2250346,27.2582799,75.08304,-15.08562,188.546,5.2754,59.7521927,47.1572,36.695,7.95929,7.36323,8.23,6.489,5.877,6.011,5.786
HD 202772,2,1,0,0,319.6995877,-26.6163743,20.76224,-42.95001,161.498,6.16554,62.0697438,23.2358,-57.5565,8.22688,7.87598,8.324,7.232,6.959,6.882,7.12
HD 203030,1,1,0,0,319.7432238,26.2305846,74.61404,-16.11822,39.2503,25.4488,133.9348194,133.593,9.56275,8.24663,7.7663,8.45,7.068,6.653,6.658,6.611
HD 20329,1,1,0,0,49.178124,15.6563542,166.76827,-34.57149,63.6796,15.6752,231.1242141,111.854,-202.255,8.59089,8.1359,8.76,7.492,7.116,7.054,7.111
HD 203387,1,2,0,0,320.561782,-16.8345229,33.62509,-40.76907,61.7477,16.1767,31.0631135,30.3775,6.49034,4.05534,3.5061,4.28,2.668,2.206,0.474,2.192
HD 2039,1,1,0,0,6.0851069,-56.649988,310.40299,-60.08347,85.6922,11.6408,79.7853427,78.4545,14.5118,8.85974,8.443,9,7.912,7.549,7.473,7.408
HD 204313,1,3,0,0,322.0510568,-21.7274194,28.02639,-43.7286,47.7945,20.8943,273.8814392,42.7592,-270.523,7.83246,7.3914,7.99,6.812,6.459,6.45,6.402
HD 204941,2,1,0,0,323.0966714,-20.957957,29.45803,-44.42343,28.7165,34.7945,305.4801525,-279.074,-124.241,8.19092,7.6389,8.45,6.895,6.357,6.293,6.352
HD 205158,1,1,0,0,323.9186227,-59.6933144,334.58509,-43.52429,86.6159,11.5167,35.2938404,-23.0611,-26.7178,7.71934,7.3253,7.84,6.797,6.457,6.411,6.317
HD 205739,1,1,0,0,324.5351273,-31.7378373,14.61325,-47.99934,92.5087,10.7826,85.0386141,21.9142,-82.1665,8.41991,8.0553,8.56,7.585,7.299,7.193,7.227
HD 206255,1,1,0,0,325.5917768,-50.0935884,347.15403,-47.49513,75.2363,13.2626,83.209229,83.0504,5.13876,7.44849,6.9928,7.62,6.379,5.979,6.018,5.982
HD 206610,1,1,0,0,325.8537599,-7.4082451,47.87662,-41.34818,147.192,6.76696,2.7564494,1.97939,1.91834,8.06506,7.46417,8.34,6.579,5.952,6.006,5.951
HD 206893,1,2,0,0,326.3416874,-12.7833522,41.69494,-44.278,40.7583,24.5062,93.7762014,93.7762,0.0161577,6.56783,6.2566,6.68804,5.869,5.593,5.573,5.481
HD 207496,1,1,0,0,328.7181708,-77.3388025,313.77934,-35.79483,23.606,42.3332,292.2203092,224.864,-186.625,7.97255,7.3661,8.23,6.57,5.967,,
HD 20782,2,5,0,0,50.0139757,-28.7841175,224.6733,-57.2719,35.9715,27.7709,355.1593046,348.847,-66.6626,8.2372,7.7242,8.48,7.045,6.553,,
HD 20782,2,5,0,0,50.0166232,-28.8543535,224.80293,-57.27708,35.9864,27.7593,355.1122675,349.057,-65.2988,7.19283,6.7634,7.36,6.229,5.827,5.823,5.761
HD 207832,3,2,0,0,328.1517893,-26.0271749,24.00289,-50.21556,58.9291,16.9408,192.6495672,129.088,-143.004,8.61176,8.1682,8.78,7.587,7.207,7.062,7.113
HD 207897,1,1,0,0,325.2016451,84.3337613,118.37663,23.23912,28.2938,35.3146,350.8880129,345.178,63.044,8.13037,7.5825,8.37,6.83,6.312,,
HD 20794,1,4,0,0,49.9997666,-43.0666533,250.73443,-56.06514,6.00278,166.561,3120.504737,3033.73,730.775,4.06635,3.5843,4.26,3.032,2.636,,
HD 208487,1,1,0,0,329.3332489,-37.7641354,5.41027,-52.1276,45.147,22.1214,155.9182946,101.138,-118.666,7.33164,6.9489,7.47,6.477,6.159,6.144,6.088
HD 208527,1,1,0,0,329.0999413,21.239922,77.24526,-25.71773,312.202,3.17981,15.0768457,1.20518,15.0286,5.61607,4.68171,6.38984,3.328,2.224,0.275,2.014
HD 20868,1,1,0,0,50.1794053,-33.72969,233.83834,-57.33374,47.7223,20.9257,307.8626685,292.467,96.1378,9.61323,8.9857,9.92,8.138,7.543,7.407,7.497
HD 208897,1,1,0,0,329.7490639,19.0201591,76.0392,-27.75212,67.4872,14.7889,83.470357,76.5586,-33.2578,6.23739,5.6514,6.50821,4.74,4.198,4.141,4.168
HD 209458,1,1,0,0,330.7950219,18.8842419,76.75338,-28.52705,48.3016,20.6745,34.5682789,29.5787,-17.8904,7.50866,7.1274,7.65,6.591,6.308,6.308,6.265
HD 210193,1,1,0,0,332.3951324,-41.225205,359.22654,-54.07399,42.2029,23.6662,175.0493765,159.435,-72.2687,7.6687,7.2405,7.83,6.674,6.31,6.288,6.221
HD 210277,1,1,0,0,332.3748117,-7.5505962,52.34827,-46.96648,21.2985,46.9229,458.5778739,85.4621,-450.544,6.34701,5.8686,6.54348,5.275,4.799,4.781,4.801
HD 210702,1,1,0,0,332.9638643,16.0404806,76.29345,-32.02111,54.1963,18.4231,17.4590557,-3.24099,-17.1556,5.6807,5.115,5.93022,4.508,3.984,3.713,3.61
HD 211403,1,1,0,0,333.8158177,58.2755601,103.58251,1.39727,83.0919,12.006,103.5208294,102.295,15.8838,8.34865,7.9844,8.48,7.538,7.244,7.122,7.405
HD 211810,1,1,0,0,334.5286724,61.1349912,105.47532,3.57209,64.6353,15.4425,205.2909212,159.797,128.877,8.417831,7.9634,8.59,7.339,6.969,6.891,7.203
HD 211970,1,1,0,0,335.5661579,-54.5596006,337.2469,-51.44875,13.1277,76.1461,298.649343,-184.148,235.119,8.40444,7.6014,10.24,6.462,5.663,5.618,5.461
HD 212301,2,1,0,0,336.8803957,-77.7183219,311.90842,-36.78034,54.2304,18.4109,120.0378927,76.8617,-92.2029,7.63495,7.2644,7.76,6.765,6.466,6.444,6.375
HD 212771,1,1,0,0,336.762413,-17.2641046,41.79357,-55.291,111.155,8.96785,135.0501619,-86.0527,-104.084,7.35208,6.79951,7.6,6.025,5.496,5.487,5.356
HD 213240,2,1,0,0,337.7506266,-49.4341037,343.71918,-55.07162,40.8707,24.4385,236.8762676,-136.026,-193.926,6.65761,6.2492,6.81,5.708,5.354,5.338,5.336
HD 213472,1,1,0,0,337.7069969,40.7222277,96.1144,-14.71496,64.4527,15.4864,219.7331087,-216.049,40.0683,8.01189,7.5694,8.17,6.935,6.609,6.549,6.548
HD 213519,1,1,0,0,337.7727845,45.1452472,98.53979,-10.97651,41.0014,24.3605,178.1094753,-174.727,34.5465,7.51625,7.091,7.68,6.47,6.14,6.125,6.117
HD 213885,1,2,0,0,338.9837166,-59.864829,328.70205,-49.93536,48.0883,20.7663,137.3844076,-108.388,-84.4187,7.80173,7.384,7.95,6.806,6.419,6.37,6.268
HD 21411,1,1,0,0,51.5474155,-30.6168403,228.21187,-56.10651,29.1328,34.2966,314.1254246,218.073,226.095,7.68183,7.2099,7.88,6.573,6.131,6.14,6.061
HD 214823,2,1,0,0,340.0832062,31.7875183,92.85957,-23.3194,101.368,9.8365,83.2025708,81.2204,-18.0531,7.91589,7.51442,8.06,6.952,6.64,6.479,6.53
HD 215152,1,4,0,0,340.8380941,-6.4020685,61.33593,-53.19847,21.5974,46.2733,328.1892902,-154.145,-289.737,7.80163,7.204,8.11,6.353,5.775,,
HD 21520,1,1,0,0,51.6403449,-43.6136649,251.10844,-54.76985,79.208,12.5961,22.933636,-2.35888,-22.812,9.01796,8.6022,9.17,8.048,7.707,7.63,7.593
HD 215497,1,2,0,0,341.652714,-56.5997984,331.29531,-53.10239,40.5468,24.6339,81.9277302,-54.6603,-61.0279,8.68605,8.1115,8.96,7.339,6.784,6.733,6.708
HD 216435,1,1,0,0,343.4094703,-48.5986332,341.69196,-58.71051,32.9834,30.2896,232.563273,218.016,-80.9611,5.88357,5.4746,6.03,5.008,4.612,4.589,4.566
HD 216437,1,1,0,0,343.6639631,-70.0733957,316.2728,-43.90561,26.6902,37.438,84.9908695,-43.4791,73.0275,5.89397,5.4684,6.04,5.044,4.518,4.525,4.527
HD 216520,1,2,0,0,341.8768719,83.6975307,119.4454,21.68276,19.552,51.1167,191.4334545,-151.637,116.846,7.27896,6.7382,7.53,5.951,5.449,5.471,5.403
HD 216536,1,1,0,0,343.2665641,44.4777303,101.68984,-13.45694,376.233,2.62931,3.7766589,2.29626,-2.99839,8.88324,8.2023,9.229,7.172,6.496,6.414,6.364
HD 216770,1,1,0,0,343.9748751,-26.6595286,27.30726,-64.29217,36.6625,27.2472,287.8677517,226.442,-177.741,7.91638,7.4176,8.11,6.752,6.311,6.236,6.267
HD 21693,1,2,0,0,51.8040469,-58.3232726,272.90839,-48.72408,33.255,30.0417,266.05844,248.654,94.6482,7.75701,7.2742,7.95,6.607,6.193,6.147,6.154
HD 217107,1,2,0,0,344.5647243,-2.3954489,70.47402,-53.32407,20.0619,49.817,16.3978436,-7.10779,-14.7773,5.96401,5.4989,6.155,4.949,4.536,4.243,4.51
HD 217786,2,2,0,0,345.7838088,-0.4303594,74.19297,-52.73594,55.4847,17.9946,191.2457437,-89.9328,-168.781,7.63573,7.2369,7.78,6.685,6.352,6.325,6.315
HD 217958,1,1,0,0,346.136577,-25.6917758,30.27288,-66.06766,61.7957,16.1537,174.5792456,-80.6975,-154.809,7.89501,7.4701,8.05,6.875,6.513,6.503,6.462
HD 218566,1,1,0,0,347.297417,-2.2611645,74.01673,-55.10884,28.8274,34.6603,638.9585993,631.52,-97.2141,8.27432,7.6635,8.6,6.824,6.223,6.215,6.235
HD 219077,1,1,0,0,348.5319387,-62.7018297,320.40161,-50.99819,29.1864,34.2337,639.1806475,478.174,-424.148,5.91597,5.4148,6.12,4.64,4.287,4.213,4.193
HD 219134,1,6,0,0,348.3372026,57.1696255,109.90724,-3.20073,6.53127,153.081,2095.3807469,2074.52,294.936,5.2402,4.6278,5.56911,3.981,3.261,,
HD 219139,1,1,0,0,348.3604055,11.0649832,87.78375,-45.01501,104.935,9.50261,8.0977076,-6.62507,-4.65632,5.57762,4.98165,5.84863,4.055,3.392,2.538,3.428
HD 219415,1,1,0,0,348.7243579,56.7303001,109.94232,-3.6869,165.184,6.02516,13.2231256,11.9278,-5.70777,8.59745,7.98045,8.909,7.023,6.421,6.36,6.288
HD 219666,1,1,0,0,349.5592665,-56.9039857,325.60907,-55.92883,94.1719,10.59,314.5657803,313.918,-20.1772,9.64956,9.179,9.809,8.557,8.158,8.08,8.25
HD 219828,1,2,0,0,349.6947029,18.6457524,94.26579,-39.01348,73.114,13.6489,7.8870329,-5.07509,6.03728,7.88338,7.4597,8.04,6.871,6.53,6.459,6.448
HD 220074,1,1,0,0,350.0599827,61.9701062,112.43817,0.97076,324.54,3.05427,9.4479097,7.8068,-5.32136,5.62737,4.68723,6.40607,3.182,2.006,0.399,2.03
HD 220197,1,1,0,0,350.4946927,16.6323305,93.97098,-41.15454,64.411,15.4965,410.0980433,407.248,-48.2646,8.74481,8.3161,8.92,7.698,7.349,7.194,7.209
HD 220689,1,1,0,0,351.4707282,-20.6167923,46.7585,-69.41947,46.8778,21.3033,178.1892852,-15.7371,-177.493,7.59438,7.1869,7.74,6.653,6.326,6.296,6.261
HD 220773,1,1,0,0,351.6144715,8.6428871,90.03921,-48.72579,50.5103,19.7694,223.9420602,27.1187,-222.294,6.94595,6.5391,7.10831,6.001,5.651,5.71,5.681
HD 220842,2,1,0,0,351.6534162,56.8871415,111.50544,-4.0909,64.6498,15.4391,168.6008408,-89.123,143.12,7.83398,7.4314,7.98,6.847,6.555,6.482,6.546
HD 221287,1,1,0,0,352.836223,-58.209754,321.7019,-55.90336,55.9231,17.8529,181.2374221,181.16,-5.29694,7.68153,7.3264,7.82,6.843,6.569,6.504,6.575
HD 221416,1,1,0,0,353.0331863,-21.8012007,45.07267,-71.20906,95.5483,10.438,109.5030074,-96.7749,51.2399,7.90776,7.3566,8.15,6.568,6.043,6.017,5.922
HD 221420,1,1,0,0,353.3319001,-77.3853286,308.31538,-38.91481,31.1415,32.0826,16.3249779,16.3037,0.833229,5.65862,5.2241,5.82,4.997,4.306,4.367,4.283
HD 221585,1,1,0,0,353.2293802,63.1556146,114.20277,1.62237,55.8535,17.8751,440.2242981,439.148,30.7647,7.28128,6.8058,7.457,6.157,5.781,,
HD 222076,1,1,0,0,354.531982,-70.9032461,311.29973,-45.01504,91.1538,10.9416,88.8381112,-85.079,25.569,7.18755,6.589,7.47,5.752,5.127,5.068,5.019
HD 222155,1,1,0,0,354.5025617,48.9960191,110.73044,-12.12835,50.6078,19.7309,227.8012396,195.3,-117.266,6.93563,6.4973,7.11716,5.885,5.51,5.46,5.463
HD 222237,1,1,0,0,354.9078642,-72.7253271,310.16617,-43.37999,11.4469,87.3306,750.6775437,143.793,-736.777,6.73988,6.1131,7.09,5.249,4.581,,
HD 222582,2,1,0,0,355.4640788,-5.9862379,81.75683,-63.15191,42.1586,23.6913,183.1072102,-145.401,-111.296,7.51889,7.0885,7.68,6.522,6.173,6.114,6.054
HD 224018,1,3,0,0,358.6390056,-4.7233362,89.24153,-63.8099,105.48,9.45209,112.876772,-112.579,-8.19356,9.52137,9.08781,9.715,8.496,8.145001,8.073,8.079001
HD 224538,1,1,0,0,359.7164302,-61.5868613,313.65223,-54.43363,79.0608,12.6196,85.3387125,82.7986,-20.6661,7.92192,7.5402,8.06,7.041,6.76,6.677,6.697
HD 224693,1,1,0,0,359.9749837,-22.4279999,52.02077,-77.40177,93.5015,10.6666,149.5555594,147.125,26.8533,8.08528,7.6726,8.23,7.136,6.808,6.712,6.567
HD 22496,1,1,0,0,53.7565398,-48.4178173,258.09213,-51.95852,13.5956,73.5244,507.9938676,404.449,307.374,8.01945,7.2243,8.57,6.122,5.338,,
HD 22532,1,1,0,0,53.8148478,-49.4172669,259.59339,-51.58774,161.183,6.17531,62.9686486,54.8889,30.8587,7.6043,7.0457,7.85,6.231,5.671,5.63,5.564
HD 22781,1,1,0,0,55.2065581,31.8258855,160.07235,-18.56736,32.6034,30.6433,102.61656,40.5763,-94.2535,8.52445,7.9707,8.78,7.149,6.607,6.57,6.583
HD 22946,1,3,0,0,54.819538,-42.7630276,248.83207,-52.70009,62.7792,15.8999,122.0961548,-51.6637,-110.627,8.1281,7.757,8.270001,7.25,6.981,6.913,6.827
HD 23079,1,2,0,0,54.9281897,-52.9162344,264.32032,-49.6531,33.4591,29.8583,213.7394128,-192.877,-92.1032,6.96235,6.5652,7.12,6.03,5.705,8.163,6.255
HD 23127,1,1,0,0,54.8491271,-60.077229,273.9419,-46.48356,93.8555,10.6258,160.7027565,73.6214,142.847,8.42019,7.983,8.58,7.423,7.087,6.917,6.99
HD 231701,1,1,0,0,293.017622,16.4743566,52.17526,-1.21527,108.877,9.15602,65.2671332,63.3631,15.6498,8.83051,8.45826,8.97,7.952,7.657,7.604,7.438
HD 233604,1,1,0,0,137.4535054,53.5682016,163.93545,41.83189,847.058,1.15123,19.8336919,18.6253,-6.81715,10.1054,9.4989,10.291,8.66,7.979,7.897,7.819
HD 233832,2,1,0,0,171.5196515,50.3763099,152.16702,61.62913,58.742,16.9952,489.9546157,-473.96,124.167,9.94557,9.3944,10.15,8.544,8.013,7.691,7.612
HD 23472,1,5,0,0,55.4590314,-62.7672667,277.0269,-44.84798,39.0341,25.5897,111.5773854,-102.571,-43.917,9.38476,8.7513,9.73,7.865,7.207,7.003,7.039
HD 235088,1,1,0,0,300.6154535,53.3774418,87.45784,11.77419,41.1706,24.2603,219.8333632,164.816,145.473,8.94271,8.3879,9.19,7.646,7.084,6.995,7.16
HD 23596,2,1,0,0,57.0018601,40.5307308,155.55181,-10.9002,52.0018,19.2012,57.130186,53.007,21.31,7.10356,6.706,7.26122,6.173,5.874,5.909,5.882
HD 238090,1,1,0,0,183.0886375,54.486153,134.94219,61.72135,15.2354,65.6078,249.9602569,232.38,92.0851,9.037911,8.08547,9.71,6.875,6.059,5.585,5.776
HD 238914,1,1,0,0,279.5842102,59.2538819,88.75118,24.70122,519.452,1.89666,6.4573886,-3.8936,5.15148,8.497,7.8841,8.770001,6.941,6.325,6.29,6.218
HD 240210,1,1,0,0,347.6219227,57.0294818,109.49387,-3.18494,372.405,2.65698,19.7316626,18.4923,6.88283,7.64476,6.73385,8.270001,5.306,4.388,4.258,4.187
HD 240237,1,1,0,0,348.9259334,58.0432233,110.52101,-2.50297,933.377,1.04366,4.29462,-0.202567,-4.28984,7.49317,6.5438,8.19,5.105,4.319,3.978,3.973
HD 24040,1,2,0,0,57.5962104,17.4752873,172.29324,-27.78104,46.6224,21.4203,275.3819226,113.215,-251.033,7.33476,6.9054,7.515,6.279,5.969,6.01,5.929
HD 24064,1,1,0,0,59.1510071,74.0800789,134.81493,15.65308,300.247,3.30181,17.86461,-14.568,10.3401,6.17839,5.3493,6.74616,4.317,3.13,3.089,2.966
HD 24085,1,1,0,0,56.2563447,-70.0245193,284.95295,-40.50147,54.9004,18.1859,97.7958018,-9.24857,-97.3575,7.42496,7.0252,7.57,6.483,6.172,6.138,6.137
HD 25015,1,1,0,0,59.4335463,-20.2673347,214.13004,-47.04317,37.433,26.6856,159.3723087,118.715,106.331,8.59876,8.0541,8.87,7.314,6.806,6.746,6.806
HD 25171,2,1,0,0,58.9574779,-65.1863239,278.80477,-42.28983,55.6146,17.952,165.4128576,143.943,81.4974,7.638,7.2693,7.77,6.765,6.489,6.426,6.442
HD 25463,1,2,0,0,60.7483361,9.2077676,181.68887,-31.07407,45.6181,21.8924,188.4124526,89.5668,-165.762,6.77613,6.4386,6.91134,5.945,5.706,5.726,5.642
HD 25723,1,1,0,0,61.0947182,-12.7922241,205.17175,-42.76917,114.816,8.68254,23.0586418,15.8073,16.7878,5.31947,4.7065,5.60075,3.686,3.044,,3.097
HD 25912,1,2,0,0,60.9074988,-51.9315058,261.12208,-46.53883,49.1661,20.3103,169.3481005,-68.6126,-154.826,8.02788,7.6042,8.2,7.022,6.71,6.622,6.605
HD 260655,1,2,0,0,99.2915429,17.5662696,195.67069,4.86549,10.0055,99.9164,835.8253883,-764.522,337.802,8.876041,7.89863,9.63,6.674,5.862,,
HD 26161,1,1,0,0,62.4122255,31.6524346,164.956,-14.60813,40.9128,24.4134,95.0383542,64.1748,70.0991,6.7427,6.3679,6.89333,5.831,5.524,5.273,5.515
HD 2638,3,1,0,0,7.4990038,-5.76496,108.54273,-68.03566,54.9621,18.1656,247.3852499,-107.019,-223.039,9.192761,8.639,9.44,7.858,7.308,7.154,7.102
HD 2685,1,1,0,0,7.3289156,-76.304032,304.65803,-40.74999,196.852,5.05109,7.5683276,-2.97004,6.96121,9.52025,9.2205,9.595,8.825,8.595,8.552,8.261
HD 27442,2,1,0,0,64.1205476,-59.3028771,270.20525,-42.56321,18.2704,54.7051,174.6127895,-48.3024,-167.799,4.14532,3.5302,4.44,2.374,1.745,,
HD 27631,1,1,0,0,64.9392168,-41.9606604,246.32433,-45.36507,50.2862,19.8573,100.8054119,-41.2292,-91.9885,8.08478,7.6438,8.26,7.023,6.646,6.638,6.614
HD 27894,1,3,0,0,65.1975693,-59.4096776,270.09987,-42.00943,43.8214,22.791,325.7145651,182.313,269.911,9.06573,8.4643,9.36,7.639,7.071,6.935,6.988
HD 27969,1,1,0,0,66.7068364,42.90872,159.30479,-4.25009,67.9328,14.692,222.639943,134.154,-177.683,7.5139,7.1001,7.66,6.516,6.202,6.207,6.184
HD 28109,1,3,0,0,65.2383065,-68.1026875,280.67988,-38.73361,139.611,7.13389,24.36023,22.0284,-10.4005,9.29976,8.9387,9.42,8.476,8.175,8.136,7.997
HD 28185,1,2,0,0,66.6100461,-10.5510754,205.59383,-36.93078,39.3809,25.3642,103.1407298,84.0713,-59.7497,7.62682,7.1706,7.8,6.578,6.185,6.193,6.136
HD 28192,1,1,0,0,66.7032517,-1.7244842,196.23222,-32.58617,49.8063,20.0491,51.1357627,-38.2408,33.9486,7.89874,7.4875,8.06,6.961,6.617,6.577,6.517
HD 28254,2,1,0,0,66.2108141,-50.6228081,258.28249,-43.59053,55.2884,18.0581,158.6237757,-67.3942,-143.595,7.49977,7.0333,7.69,6.395,6.006,5.899,5.919
HD 284149,2,1,0,1,61.6616887,20.3030344,173.01083,-23.0516,117.807,8.46001,16.0465447,6.55237,-14.6478,9.41967,9.01554,9.57,8.479,8.1,8.065,8.134
HD 28471,1,3,0,0,66.2875166,-64.0786861,275.68345,-39.93482,43.6455,22.8829,327.5470829,-62.2676,321.574,7.72751,7.2953,7.89,6.717,6.315,,
HD 285507,1,1,0,0,61.755663,15.3349441,177.11309,-26.33885,45.0293,22.18,126.3763886,124.789,-19.9674,10.0404,9.3371,10.49,8.365,7.665,7.614,7.508
HD 285968,1,1,0,0,70.7353853,18.953358,180.02116,-17.42723,9.47045,105.563,1295.1464507,656.378,-1116.5,8.99955,7.87811,9.95,6.462,5.607,5.486,5.227
HD 28678,1,1,0,0,67.8560643,4.5752495,190.82146,-28.19798,189.908,5.23791,10.5412442,1.21404,-10.4711,8.05469,7.39949,8.38,6.447,5.775,5.723,5.643
HD 29021,1,1,0,0,69.4681379,60.6762985,147.39342,9.07206,30.9939,32.2355,66.5400252,62.4333,23.0143,7.58565,7.1289,7.76,6.518,6.082,6.051,6.066
HD 290327,1,1,0,0,80.8399887,-2.2780391,204.61308,-20.58136,56.433,17.6913,102.4530933,32.3121,-97.2243,8.80364,8.3385,8.99,7.683,7.271,7.226,7.246
HD 29399,1,1,0,0,68.3903471,-62.8237576,273.73658,-39.47193,44.1518,22.6204,119.1088447,-117.636,-18.6732,5.50503,4.9095,5.79,4.418,3.777,2.601,3.38
HD 2952,1,1,0,0,8.2938367,54.8948177,120.28313,-7.88298,110.103,9.05398,80.331022,70.2934,-38.8833,5.64532,5.04322,5.9258,4.264,3.629,3.515,3.455
HD 29985,1,1,0,0,70.5216589,-33.9210696,235.69993,-40.50413,31.2707,31.9499,295.521308,-37.7445,-293.101,9.47227,8.7339,9.98,7.709,6.972,,
HD 30177,1,2,0,0,70.4770964,-58.0208085,267.36972,-39.73385,55.5867,17.9611,67.2822907,66.2053,-11.9902,8.21511,7.7421,8.41,7.15,6.715,6.66,6.687
HD 30562,1,1,0,0,72.1529519,-5.6751152,203.39812,-29.82337,26.1597,38.1981,398.7628439,311.42,-249.057,5.61828,5.2045,5.77466,4.984,4.31,4.348,4.305
HD 30669,1,1,0,0,72.1198522,-28.4190757,229.05935,-38.10438,58.0844,17.1874,243.0190592,237.622,50.9318,8.90667,8.4121,9.12,7.754,7.329,7.234,7.169
HD 307842,1,1,0,0,159.3412205,-63.6556923,288.70144,-4.55163,64.5997,15.451,154.9520584,3.56686,-154.911,9.23501,8.7537,9.412,8.071,7.64,7.569,7.738
HD 30856,2,1,0,0,72.5745099,-24.3689282,224.27222,-36.65384,131.199,7.59323,27.0626681,18.3918,-19.8527,7.65813,7.08498,7.91,6.255,5.657,5.643,5.544
HD 31253,1,1,0,0,73.6822877,12.3520103,187.3925,-19.04397,58.1438,17.1699,99.7963544,90.1765,-42.7494,6.98479,6.5991,7.13266,6.06,5.792,5.796,5.734
HD 31527,1,3,0,0,73.9096193,-23.2413163,223.38845,-35.15345,38.4473,25.9807,146.0512221,-65.8992,130.339,7.33222,6.9255,7.49,6.373,6.049,6.04,5.995
HD 3167,1,4,0,0,8.7401487,4.3807215,115.11108,-58.2406,47.2899,21.1175,203.8802519,107.409,-173.293,8.76221,8.2491,8.97,7.548,7.066,6.942,7.065
HD 32518,1,1,0,0,77.4037569,69.6391355,142.12315,17.12156,122.115,8.16009,87.3595495,61.1327,-62.4058,6.11933,5.49546,6.43005,4.531,3.911,,
HD 32963,1,1,0,0,76.9820146,26.3276805,177.53178,-8.39006,38.0786,26.2328,96.101767,-69.8361,-66.0187,7.42756,6.992,7.6,6.42,6.024,6.022,6.021
HD 330075,1,1,0,0,237.4054997,-49.9639199,329.80573,3.37645,45.2989,22.0467,250.4810904,-232.76,-92.5395,9.09159,8.5171,9.36,7.725,7.171,7.091,7.368
HD 331093,1,1,0,0,295.6200054,31.7395451,66.66394,4.16881,50.1928,19.8943,198.5538698,-16.0883,-197.901,8.19105,7.7152,8.38,7.043,6.649,6.612,6.681
HD 33142,1,3,0,0,76.8980559,-13.9863374,214.33741,-29.22647,121.375,8.21025,34.4756886,-7.5108,33.6476,7.71274,7.14982,7.96,6.345,5.792,5.781,5.718
HD 332231,1,1,0,0,306.741134,33.7443882,73.36636,-2.65449,80.6665,12.3678,39.6732222,-36.8687,-14.6514,8.41839,8.0417,8.558,7.509,7.242,7.114,7.326
HD 33283,2,1,0,0,77.0044889,-26.7976689,228.49712,-33.50524,89.8623,11.0993,72.649153,56.1836,-46.0576,7.89933,7.4915,8.05,6.983,6.646,6.636,6.6
HD 33564,1,1,0,0,80.6378979,79.2318488,133.73361,22.64801,20.9531,47.6977,180.0737299,-78.3856,162.118,4.97155,4.6542,5.10111,4.416,3.911,3.965,3.889
HD 33844,1,2,0,0,78.1505649,-14.9509775,215.89677,-28.49413,105.779,9.42487,45.1935021,32.832,31.0566,7.01153,6.418,7.29,5.574,4.945,4.937,4.87
HD 34445,1,6,0,0,79.4207483,7.3527156,195.0388,-17.02221,46.0907,21.6675,146.9992382,-0.811179,-146.997,7.14947,6.7209,7.31,6.122,5.79,5.79,5.76
HD 35759,1,1,0,0,82.8886636,64.3183753,148.03067,16.21302,71.2423,14.0078,97.3168248,-29.1592,-92.8456,7.59606,7.1975,7.74,6.606,6.319,6.312,6.247
HD 35843,1,2,0,0,81.3488924,-44.4312849,250.09761,-33.5212,69.6026,14.3384,118.8146035,-44.0981,-110.328,9.19551,8.7601,9.36,8.151,7.782,7.726,7.861
HD 360,1,1,0,0,2.072903,-8.8242618,91.79265,-69.04549,111.542,8.93758,48.8486369,-34.4089,-34.673,5.70895,5.10561,5.986,4.487,3.748,3.548,3.536
HD 36384,1,1,0,0,84.9319998,75.0439884,138.25643,21.70555,209.309,4.75074,27.2296245,-6.71208,26.3894,5.48147,4.58224,6.18839,3.316,2.288,0.117,2.08
HD 3651,1,1,0,0,9.8387218,21.2488844,119.16987,-41.53458,11.1336,89.7891,591.8261077,-462.056,-369.814,5.65255,5.1244,5.88437,4.549,3.999,3.786,3.901
HD 37124,1,3,0,0,84.2599947,20.7289784,185.96381,-5.97486,31.6634,31.5536,427.6360836,-79.6075,-420.161,7.47238,7.0203,7.68,6.359,5.952,5.98,5.956
HD 37605,1,2,0,0,85.0074276,6.0595116,199.1055,-12.89566,46.7864,21.345,252.7602573,52.4663,-247.255,8.46192,7.955,8.67,7.266,6.815,6.832,6.845
HD 3765,1,1,0,0,10.2072994,40.1842918,120.73677,-22.64223,17.926,55.7562,757.9521801,356.305,-668.983,7.07827,6.5043,7.36,5.694,5.164,,
HD 38283,1,1,0,0,84.2605324,-73.6998131,284.8222,-31.15296,38.0615,26.2443,176.1793657,138.785,-108.526,6.54392,6.1492,6.69,5.645,5.267,5.283,5.231
HD 38529,2,2,0,0,86.6451363,1.1675866,204.31771,-13.83753,42.3538,23.5819,161.8424176,-77.6702,-141.987,5.74796,5.2725,5.92848,4.905,4.211,4.22,4.181
HD 38801,1,1,0,0,86.9963141,-8.3280256,213.26791,-17.86346,91.4349,10.908,95.1686535,-57.7421,-75.65,8.03397,7.5043,8.26,6.8,6.279,6.279,6.27
HD 39091,1,3,0,0,84.2992798,-80.4646041,292.50808,-29.77608,18.2702,54.7052,1094.0304816,311.187,1048.84,5.5128,5.1054,5.65,4.869,4.241,4.269,4.219
HD 39194,1,3,0,0,86.129071,-70.1382377,280.60948,-31.0579,26.4131,37.8311,1276.8394966,-309.424,1238.78,7.85201,7.3472,8.09,6.598,6.094,,
HD 39855,1,1,0,0,88.6260731,-19.7044472,224.96554,-21.08506,23.2599,42.9636,96.0233904,92.8543,-24.4657,7.32113,6.8545,7.51,6.207,5.756,5.851,5.719
HD 40307,1,5,0,0,88.5172191,-60.0237289,268.81455,-30.34064,12.9363,77.2727,79.7896257,-52.4231,-60.1515,6.84367,6.2473,7.17,5.412,4.793,4.798,4.744
HD 40956,1,1,0,0,91.6628015,63.453875,150.61272,19.30989,116.593,8.54801,36.5421733,-35.5102,8.623,6.14049,5.53753,6.42794,4.851,4.143,4.038,3.981
HD 40979,3,1,0,0,91.1253346,44.2597855,168.49578,10.87165,34.0883,29.3067,180.1229873,95.2101,-152.903,6.59963,6.2219,6.75512,5.742,5.452,5.452,5.395
HD 41004,2,2,0,0,89.9565956,-48.2394114,255.48817,-28.19634,41.5504,24.0437,72.6789265,-41.5196,59.6519,8.37625,7.816,8.6078,,6.428,6.363,6.236
HD 41004,2,2,0,0,89.9566041,-48.2394189,255.48818,-28.19633,36.69117,27.2545,78.0072371,-42.6496,65.3157,,7.768,8.65,7.004,6.428,6.363,6.236
HD 4113,3,1,0,0,10.8027515,-37.9831248,311.46398,-79.00849,41.8727,23.8531,124.3823523,49.3438,-114.176,7.71051,7.2576,7.88,6.672,6.289,6.236,6.16
HD 42012,1,1,0,0,92.485473,34.1341722,178.06148,7.07762,36.7984,27.1464,263.85284,36.4286,-261.326,8.22949,7.735,8.44,7.045,6.584,6.568,6.516
HD 4203,1,2,0,0,11.1722288,20.4483925,120.79104,-42.3953,81.3795,12.2595,174.1399947,122.07,-124.192,8.51545,8.0455,8.7,7.389,7.047,6.929,6.981
HD 4208,1,1,0,0,11.1125532,-26.5150392,54.00797,-88.32478,34.1937,29.2163,347.3074549,313.484,149.5,7.61066,7.1646,7.783,6.57,6.163,6.123,6.164
HD 42618,1,1,0,0,93.0032173,6.7819742,202.35935,-5.59129,24.3358,41.0627,322.2991873,197.305,-254.848,6.68303,6.253,6.87,5.701,5.301,,
HD 4308,1,1,0,0,11.1652594,-65.6527159,304.05288,-51.46078,22.0158,45.393,758.1402158,157.504,-741.599,6.37578,5.9339,6.55,5.366,4.945,4.943,4.886
HD 4313,1,1,0,0,11.4181301,7.8450492,120.44208,-54.99882,136.308,7.30904,9.0943526,-6.07393,6.76865,7.57399,6.9988,7.83,6.159,5.595,5.535,5.535
HD 43197,1,2,0,0,93.3993231,-29.8971929,236.81489,-20.73806,62.4112,15.9938,148.516155,147.585,16.6047,8.77158,8.2808,8.98,7.658,7.203,7.127,7.179
HD 43691,3,1,0,0,94.8946124,41.0920773,172.64968,11.93271,85.6009,11.6535,57.9960814,22.7269,-53.3576,7.8972,7.5156,8.03,6.976,6.7,6.695,6.628
HD 44219,1,1,0,0,95.0599971,-10.7250799,219.07812,-11.74314,52.9051,18.8732,74.2218138,72.3491,-16.5676,7.52973,7.0945,7.69,6.509,6.115,6.116,6.289
HD 45184,1,2,0,0,96.1820205,-28.7806402,236.62565,-18.07374,21.9532,45.5224,205.3081838,-165.257,-121.826,6.21037,5.7911,6.383,5.219,4.871,4.934,4.78
HD 45350,1,1,0,0,97.1902262,38.9627315,175.38806,12.61321,46.8733,21.3056,68.5076102,-42.7738,-53.5135,7.7,7.2334,7.89,6.587,6.224,6.2,6.189
HD 45364,1,2,0,0,96.4105736,-31.4810037,239.35512,-18.86685,34.354,29.0797,53.5273638,52.182,-11.9255,7.88016,7.4027,8.08,6.748,6.316,6.334,6.216
HD 45652,1,1,0,0,97.3058709,10.9336212,200.68451,0.11002,34.8541,28.6622,215.6074822,206.328,-62.5727,7.9118,7.4002,8.1,6.703,6.263,6.206,6.217
HD 457,1,1,0,0,2.2492922,-39.7372401,335.19521,-74.61855,55.0375,18.1406,114.4880167,112.959,-18.6486,7.57794,7.1784,7.72,6.669,6.338,6.309,6.322
HD 46375,2,1,0,0,98.3030763,5.4625071,205.99222,-1.54562,29.5529,33.8088,147.7164267,111.477,-96.9176,7.69533,7.1695,7.91,6.452,6,4.786,5.669
HD 47186,1,2,0,0,99.0367212,-27.6234285,236.50396,-15.30712,37.4574,26.668,263.8325178,21.5858,-262.948,7.44897,6.9941,7.63,6.416,6.005,6.017,5.925
HD 4732,2,2,0,0,12.3085089,-24.1369079,113.38302,-86.96771,54.7841,18.2248,98.7301614,80.9693,-56.4944,5.6509,5.0838,5.9,4.338,3.691,3.634,3.635
HD 47366,1,2,0,0,99.4200181,-12.9856593,223.03598,-8.88729,84.3552,11.8263,126.1020656,9.8344,-125.718,5.83869,5.2545,6.11151,4.504,4.055,3.799,3.713
HD 47536,1,1,0,0,99.448958,-32.3394531,241.18153,-16.77741,122.536,8.13352,125.544935,107.609,64.6671,4.88004,4.1888,5.25,3.179,2.383,,
HD 4760,1,1,0,0,12.4161652,6.4071412,122.13453,-56.46186,537.873,1.83153,21.3378168,-21.3372,-0.162235,6.98504,6.1889,7.51,4.916,3.993,3.929,3.876
HD 48265,1,2,0,0,100.0073683,-48.5418284,257.52693,-21.78048,90.5446,11.0155,39.7813595,26.4261,29.7358,7.87925,7.4253,8.05,6.842,6.449,6.469,6.388
HD 48948,1,3,0,0,102.489811,60.3373133,155.49874,23.16543,16.9043,59.1275,482.4922225,253.252,410.685,8.11311,7.381,8.58,6.335,5.612,,
HD 4917,1,1,0,0,12.7762624,-12.9276648,122.60131,-75.7992,204.277,4.86736,28.0022145,24.0322,-14.3728,7.74877,7.14029,8.03,6.25,5.61,5.547,5.521
HD 49674,1,1,0,0,102.8773483,40.8672284,175.33928,17.37137,43.0399,23.2054,127.5748255,34.5866,-122.797,7.91841,7.4582,8.1,6.835,6.432,6.407,6.361
HD 50499,1,2,0,0,103.008075,-33.915267,243.87782,-14.62598,46.2845,21.5765,97.1708763,-69.3261,68.0887,7.0564,6.6563,7.21,6.152,5.836,5.844,5.773
HD 50554,1,1,0,0,103.678273,24.2451409,191.41044,11.46926,31.1664,32.057,103.324084,-35.9149,-96.8813,6.69786,6.3103,6.8561,5.776,5.467,5.467,5.406
HD 51608,1,2,0,0,103.7137102,-55.2600189,265.15647,-21.53947,35.0553,28.4974,162.8526489,-27.9513,-160.436,7.96058,7.4649,8.17,6.813,6.328,6.29,6.267
HD 52265,1,1,0,0,105.0746449,-5.3668142,218.71677,-0.48127,29.9803,33.3264,141.6078979,-116.524,80.4671,6.15257,5.7701,6.29351,5.242,4.953,4.981,4.919
HD 5278,1,2,0,0,12.5467785,-83.7437671,302.97274,-33.38439,57.5846,17.3368,142.7158932,139.424,30.4758,7.80375,7.4371,7.94,6.949,6.605,6.553,6.511
HD 5319,1,2,0,0,13.7558096,0.7893425,124.8456,-62.06908,121.405,8.20833,49.8568635,-5.39783,-49.5638,7.77238,7.18436,8.05,6.348,5.699,5.686,5.632
HD 5388,1,1,0,0,13.79903,-47.4067326,301.09815,-69.70814,53.0661,18.8155,195.4317311,-80.39,-178.132,6.59149,6.2364,6.73,5.795,5.441,5.4,5.365
HD 55696,1,1,0,0,108.0622029,-38.174639,249.5859,-12.614,77.9693,12.7967,39.0029766,-31.5173,-22.9759,7.81135,7.4193,7.95,6.9,6.591,6.569,6.684
HD 5583,1,1,0,0,14.486946,34.9853306,124.44019,-27.86735,219.216,4.53436,128.6367175,120.221,-45.7637,7.30769,6.7166,7.604,5.813,5.221,5.223,5.16
HD 5608,2,1,0,0,14.5594349,33.9505774,124.54264,-28.8999,58.1105,17.1801,80.0315175,36.419,-71.265,5.72695,5.1421,6.00272,4.478,3.826,3.655,3.633
HD 564,1,1,0,0,2.4694459,-50.2678998,319.09478,-65.53602,51.1659,19.5154,97.4780694,-95.9148,-17.3875,8.17077,7.767,8.32,7.218,6.893,6.827,6.851
HD 56414,1,1,0,0,107.8436846,-68.8333403,279.8541,-23.40952,272.217,3.64491,35.0449149,-0.917594,35.0329,9.20475,9.0963,9.217,8.887,8.823,8.784,9.064
HD 56957,1,1,0,0,109.3253986,-40.6560651,252.31433,-12.7706,61.4925,16.2332,124.8321356,50.1512,114.315,7.39841,6.9603,7.57,6.365,5.986,5.982,5.975
HD 5891,1,1,0,0,15.1383168,20.2923139,125.83275,-42.52809,283.502,3.49959,40.2413246,3.23479,-40.1111,7.79825,7.1888,8.09,6.239,5.621,5.593,5.49
HD 59686,2,1,0,0,112.9518629,17.0857195,201.80435,16.44195,89.2721,11.1741,85.8179533,39.7116,-76.077,5.13228,4.4987,5.44299,3.63,2.922,1.89,2.849
HD 60292,1,1,0,0,114.6201698,66.2350517,149.84929,29.36828,315.211,3.14387,27.2640659,5.63492,-26.6754,6.53238,5.81257,6.94657,4.898,3.926,3.864,3.799
HD 60532,1,2,0,0,113.5130656,-22.2958661,237.49768,-1.18976,25.9716,38.4773,61.2130787,-39.8357,46.4775,4.30793,3.943,4.44,3.703,3.355,3.177,3.131
HD 6061,2,1,0,0,15.5981441,37.1854394,125.35178,-25.63483,67.6203,14.7597,14.1470505,-9.87574,-10.1296,8.69933,8.297,8.844,7.711,7.392,7.33,7.359
HD 62364,1,2,0,0,113.9052658,-75.5442707,287.43448,-23.51453,53.112,18.7992,123.682891,-123.357,-8.97263,7.1814,6.8134,7.32,6.347,6.001,6.105,5.956
HD 62509,1,1,0,0,116.328824,28.026127,192.22932,23.40613,10.34,96.74,627.6878205,-626,-46,,0.443,1.12512,-0.315,-0.936,-0.908,-1.174
HD 62549,1,1,0,0,116.0821439,-5.0541223,223.57898,9.35843,49.3305,20.2426,193.3686841,-30.1673,191.001,7.56542,7.1573,7.72,6.604,6.258,6.215,6.197
HD 63433,1,3,0,0,117.4793699,27.3631342,193.28189,24.14746,22.4035,44.607,15.1178736,-10.0268,-11.3143,6.71831,6.2683,6.92035,5.624,5.258,5.246,5.163
HD 63454,1,1,0,0,114.8406393,-78.2791464,290.35446,-24.13856,37.6894,26.5037,44.5330074,-19.7095,-39.934,9.05402,8.439,9.37,7.596,6.998,6.932,6.965
HD 63765,1,1,0,0,116.9582617,-54.265345,267.19806,-14.09439,32.5376,30.7048,315.9028879,148.414,-278.869,7.90983,7.4301,8.1,6.768,6.316,6.233,6.297
HD 63935,1,2,0,0,117.9246417,9.3852412,211.23645,17.61294,48.9739,20.3902,204.496598,-78.7966,-188.706,8.39353,7.9259,8.58,7.304,6.881,6.805,6.786
HD 64114,1,1,0,0,117.982556,-11.0337221,229.78855,8.08434,31.5262,31.6907,186.8671584,-69.4527,-173.481,7.52581,7.0688,7.71,6.478,6.046,6.018,5.984
HD 64121,1,1,0,0,117.3651424,-54.8126136,267.81121,-14.13481,129.966,7.66551,75.3078168,-2.16117,-75.2768,7.17872,6.6238,7.43,5.863,5.244,5.18,5.159
HD 6434,1,1,0,0,16.1663441,-39.4904909,291.21692,-77.33534,42.358,23.5794,554.588905,-170.124,-527.851,7.5609,7.1462,7.72,6.577,6.187,6.166,6.16
HD 65216,3,2,0,0,118.4209646,-63.6466892,276.27361,-17.61436,35.1205,28.4445,191.7550039,-123.632,146.578,7.7943,7.3449,7.97,6.763,6.329,6.267,6.306
HD 66141,1,1,0,0,120.5662825,2.3350265,219.06694,16.80047,68.1509,14.6704,108.6190684,-26.5153,105.333,3.97926,3.2731,4.37821,2.199,1.447,-1.166,1.318
HD 66428,1,2,0,0,120.8691654,-1.1636019,222.42686,15.41735,53.2817,18.7398,217.1239644,-65.7259,-206.937,8.08142,7.6306,8.25,7.044,6.66,6.634,6.629
HD 67087,1,2,0,0,121.9155672,31.5511553,190.11761,29.09234,76.5217,13.0396,41.1484473,-16.5053,-37.6931,7.92235,7.5776,8.05,7.098,6.866,6.8,6.688
HD 6718,1,1,0,0,16.9536005,-8.2336165,135.28348,-70.71162,51.3444,19.4476,193.6807171,192.637,20.08,8.28147,7.8472,8.45,7.269,6.876,6.849,6.853
HD 68402,1,1,0,0,121.3474609,-74.4100732,287.05452,-21.30677,78.4293,12.7214,111.1026566,-78.1862,78.9349,8.95443,8.5288,9.11,7.984,7.697,7.567,7.504
HD 68475,1,1,0,0,122.7192621,-42.8128841,259.09233,-5.05403,33.4297,29.8846,342.6420907,21.6409,-341.958,8.51672,7.9591,8.78,7.131,6.6,,
HD 6860,1,1,0,0,17.432979,35.620499,127.10756,-27.10288,61.12469,16.36,208.614477,176,-112,,0.381,2.06763,-0.957,-1.846,3.882,-2.017
HD 68988,1,2,0,0,124.5935429,61.4608518,155.26292,33.91958,60.8447,16.4066,131.8506008,128.329,30.2696,8.04611,7.6263,8.2,7.06,6.743,6.715,6.708
HD 69123,1,1,0,0,123.55499,-35.4899246,253.3171,-0.49479,75.116,13.2843,51.1941186,-46.3985,21.6337,5.49555,4.8941,5.77,4.43,3.586,2.564,3.358
HD 69830,1,3,0,0,124.6010091,-12.6364246,234.56776,12.82251,12.5591,79.5945,1026.8551062,278.787,-988.286,5.75392,5.2656,5.96004,4.953,4.165,4.113,3.696
HD 70573,1,1,0,0,125.7079153,1.8591088,222.06599,21.11179,59.182,16.8683,71.1659372,-51.4339,-49.1848,8.54261,8.1213,8.667,7.558,7.191,7.087,7.161
HD 70642,1,1,0,0,125.3661079,-39.7044432,257.61105,-1.67291,29.276,34.1287,302.2287869,-201.989,224.817,6.99211,6.544,7.17,5.954,5.574,5.614,5.542
HD 7199,1,1,0,0,17.6979344,-66.1886947,299.84187,-50.82328,36.1531,27.6312,165.5651571,110.513,-123.283,7.83743,7.3303,8.06,6.664,6.229,6.187,6.155
HD 72490,1,1,0,0,128.4028287,13.5507189,211.79644,28.67982,126.339,7.88723,30.0398251,25.2392,-16.2903,7.57415,7.01034,7.82,6.162,5.614,5.585,5.487
HD 72659,1,2,0,0,128.5128072,-1.5686323,226.75388,21.88046,51.8949,19.241,148.3055502,-112.548,-96.5789,7.3107,6.9024,7.46,6.358,5.982,5.983,5.933
HD 72892,1,1,0,0,128.7195554,-14.4574311,238.38719,15.19213,69.7311,14.312,193.7653771,92.2361,-170.404,8.6469,8.2015,8.83,7.606,7.216,7.085,7.137
HD 73256,1,1,0,0,129.0949961,-30.0373339,251.53692,6.45039,36.708,27.2131,193.9823698,-182.015,67.0798,7.85676,7.3697,8.08,6.719,6.264,6.252,6.254
HD 73267,1,2,0,0,129.0735123,-34.4594469,255.08557,3.79235,50.4093,19.8087,162.7198154,-106.233,123.257,8.67835,8.1769,8.9,7.493,7.062,6.878,6.982
HD 73344,1,3,0,0,129.6894456,23.6852651,201.24412,33.43766,35.26,28.3319,156.1167168,-47.3026,-148.778,6.7468,6.3687,6.89351,5.836,5.567,5.582,5.536
HD 73526,1,2,0,0,129.318331,-41.3184231,260.68043,-0.18559,97.2396,10.2551,170.3177023,-61.097,158.982,8.79682,8.331801,8.99,7.708,7.302,7.187,6.904
HD 73534,1,1,0,0,129.8153421,12.9599703,213.05304,29.69759,83.3321,11.9716,147.7382851,-114.056,-93.9033,7.95707,7.3706,8.23,6.524,5.962,5.956,5.854
HD 73583,1,2,0,0,129.6883026,-13.2565267,237.89791,16.64313,31.5666,31.6501,74.5013693,-63.8583,38.3741,9.27033,8.5925,9.67,7.649,6.948,6.85,6.723
HD 74156,1,2,0,0,130.6047813,4.5772338,221.98588,26.70482,57.603,17.3315,201.7827476,24.4743,-200.293,7.46934,7.0773,7.61,6.56,6.209,6.167,6.164
HD 7449,2,1,0,0,18.621465,-5.0479716,137.91736,-67.24673,38.662,25.8363,212.3948367,-164.483,-134.376,7.34996,6.9601,7.5,6.425,6.084,6.076,6.102
HD 74698,1,2,0,0,130.0744755,-71.8768726,286.03584,-17.86379,52.0648,19.1779,122.5392979,106.122,61.2699,7.60959,7.1754,7.78,6.603,6.23,6.197,6.145
HD 75289,2,1,0,0,131.9181715,-41.7377748,262.21007,1.08882,29.1158,34.3167,228.8658,-20.5093,-227.945,6.21047,5.828,6.35,5.346,5.012,4.917,5.047
HD 75302,1,1,0,0,132.3015641,3.4850141,223.97369,27.66991,30.3288,32.9432,160.0722578,-148.388,60.0344,7.283,6.833,7.45,6.238,5.84,5.956,5.792
HD 75784,1,2,0,0,133.0992289,13.2330548,214.28167,32.73091,85.4321,11.677,148.6797633,-119.403,-88.5923,7.5599,6.9671,7.84,6.092,5.502,5.513,5.434
HD 75898,1,2,0,0,133.4611999,33.0566885,190.96998,38.93599,78.0505,12.7836,99.3528846,-95.1258,-28.6719,7.89597,7.4952,8.03,6.925,6.662,6.611,6.692
HD 76700,1,1,0,0,133.4782248,-66.8004747,282.48954,-13.91873,60.8831,16.396,307.3738581,-282.828,120.362,7.97348,7.5109,8.16,6.911,6.5,6.477,6.519
HD 76920,1,1,0,0,133.820353,-67.2653621,282.9518,-14.09976,184.031,5.40517,35.9577868,25.2839,25.5673,7.5144,6.874,7.83,5.946,5.253,5.187,5.134
HD 77338,1,1,0,0,135.3022475,-25.5282343,251.36393,13.55156,45.935,21.741,274.5266405,39.8701,-271.616,8.40992,7.9017,8.63,7.218,6.761,6.713,6.655
HD 77946,1,1,0,0,136.777644,46.6724251,173.22633,42.2578,99.451,10.0264,79.7858444,-68.5423,-40.8379,8.85184,8.4594,8.99,7.904,7.622,7.555,7.662
HD 79181,1,1,0,0,137.9944736,-19.7474341,248.36614,19.14777,103.335,9.6499,72.6797282,-56.6848,45.4882,5.45292,4.87319,5.72,4.216,3.54,2.625,3.351
HD 7924,1,3,0,0,20.4956562,76.7101475,124.73557,13.94549,16.9922,58.8216,47.6113429,-34.6432,-32.6602,6.92516,6.3929,7.17896,5.618,5.159,5.171,5.106
HD 79498,2,1,0,0,138.7885794,23.3748792,204.70286,41.32122,48.9489,20.401,201.0612307,-127.312,-155.619,7.8859,7.4502,8.05,6.851,6.53,6.472,6.445
HD 80606,2,1,0,0,140.6569501,50.6037764,167.42908,44.31146,66.4711,15.0153,56.8807437,55.9331,10.3396,8.82008,8.3446,9.06,7.702,7.316,7.203,7.196
HD 80653,1,2,0,0,140.3390845,14.3678691,216.49965,39.62439,109.86,9.07435,36.2761417,-33.4626,-14.0076,9.30733,8.89098,9.452,8.315,8.018,7.959,7.869
HD 80869,1,1,0,0,140.7912931,33.9048294,190.98319,45.10696,85.3951,11.6821,136.2539832,70.8809,-116.366,8.33173,7.9005,8.48,7.259,6.914,6.769,6.742
HD 80883,1,1,0,0,139.9331831,-59.4780815,278.8418,-6.91046,34.6011,28.872,116.2489748,-80.1886,-84.1642,8.3618,7.8248,8.6,7.021,6.469,6.412,6.376
HD 80913,1,1,0,0,138.1021548,-81.768451,295.67668,-22.19486,61.3603,16.2682,82.7319773,-79.3192,23.5169,7.33567,6.959,7.49,6.438,6.072,6.112,6.019
HD 81040,1,1,0,0,140.9455027,20.3646078,209.36326,42.32614,34.4341,29.0122,155.5120051,-151.258,36.1248,7.55543,7.1254,7.72,6.505,6.159,6.171,6.107
HD 81688,1,1,0,0,142.1665753,45.6009241,174.22741,46.07492,85.7183,11.6388,129.7872894,-7.29697,-129.582,5.12598,4.5458,5.39755,3.799,3.056,2.213,2.968
HD 81817,1,2,0,0,144.2715659,81.3263096,130.65188,32.65294,269.126,3.71783,24.3307324,-16.7943,-17.605,3.80122,3.0334,4.26489,1.698,0.779,-1.69,0.898
HD 82886,1,1,0,0,143.9383526,34.7805902,190.02773,47.76871,127.061,7.8422,38.9689523,16.3591,-35.3689,7.38096,6.83069,7.62,5.995,5.452,5.516,5.415
HD 82943,1,2,0,0,143.7114034,-12.1302976,245.84326,28.2507,27.5902,36.2158,174.7245488,1.51276,-174.718,6.38964,5.9844,6.54993,5.509,5.105,5.186,5.134
HD 8326,1,1,0,0,20.5314418,-26.8940678,212.71679,-83.16196,30.6862,32.5591,232.3637314,-58.47,-224.887,8.47487,7.8806,8.76,7.052,6.504,6.438,6.399
HD 83443,1,2,0,0,144.2994103,-43.272721,269.59585,6.67887,40.8991,24.4215,122.1338299,21.7421,-120.183,8.0265,7.5351,8.23,6.876,6.444,6.452,6.389
HD 8535,2,1,0,0,20.9054804,-41.2701007,279.92015,-74.38858,55.4401,18.0086,90.5536093,57.6416,-69.8384,7.56066,7.183,7.7,6.735,6.354,6.321,6.31
HD 85390,1,1,0,0,147.5105663,-49.7905254,275.54618,3.18529,33.5225,29.8018,64.9824484,24.3569,-60.245,8.29462,7.761,8.54,7.012,6.491,6.483,6.531
HD 8574,1,1,0,0,21.3033807,28.5660169,131.85171,-33.72006,44.8264,22.2795,296.6402261,251.399,-157.461,6.98345,6.5977,7.12,6.048,5.784,5.78,5.735
HD 86065,1,1,0,0,148.9256674,-18.1069385,254.68749,27.86969,40.3661,24.7443,343.7497904,-326.188,108.468,9.06059,8.4743,9.36,7.65,7.086,,
HD 86081,2,1,0,0,149.0243714,-3.8083543,242.20046,37.60951,103.936,9.5928,68.8849737,-67.0014,15.9985,8.58804,8.18436,8.73,7.628,7.299,7.191,7.14
HD 86226,1,2,0,0,149.1235154,-24.0991859,259.39432,23.62895,45.683,21.8612,183.2069957,-177.111,46.8668,7.7713,7.3635,7.93,6.839,6.463,6.446,6.392
HD 86264,1,1,0,0,149.2409308,-15.8953993,253.16,29.65549,67.8107,14.7184,66.970538,-14.1584,-65.4568,7.28372,6.9375,7.41,6.505,6.224,6.13,6.189
HD 86728,1,1,0,0,150.250054,31.9218216,195.01832,52.85093,14.9202,66.9958,681.3341342,-528.807,-429.627,5.2094,4.7727,5.37988,4.267,3.821,,
HD 8673,2,1,0,0,21.5378455,34.5793389,131.00143,-27.7479,37.8619,26.3829,250.9261399,236.277,-84.4814,6.2242,5.8978,6.331,5.44,5.169,5.262,5.171
HD 86950,1,1,0,0,150.4066612,-17.3330699,255.23272,29.40593,209.839,4.7372,14.2058167,-9.43531,-10.6198,7.17997,6.56941,7.47,5.692,5.038,4.961,4.95
HD 87646,3,1,0,0,151.6695435,17.8949795,217.77244,51.02802,73.58352,13.59,78.0535573,-72.87,-27.97,7.9295,7.5049,8.07,6.897,6.536,6.493,6.506
HD 87816,1,2,0,0,151.5296524,-52.1878679,279.01783,2.83645,133.233,7.47688,58.051059,-55.719,16.2886,6.24221,5.6581,6.5,4.865,4.283,4.144,4.148
HD 87883,1,1,0,0,152.1794175,34.2419984,191.18698,54.54018,18.2912,54.6421,89.224207,-64.5653,-61.5815,7.27194,6.6898,7.56,5.839,5.314,5.363,5.262
HD 88072,1,1,0,0,152.3467466,2.371054,238.42937,44.01996,35.9098,27.8187,203.0563384,-202.943,-6.78346,7.37665,6.9496,7.55,6.376,5.997,6.001,5.989
HD 88133,1,1,0,0,152.5319349,18.1857284,217.81208,51.89768,73.6123,13.5561,265.3912437,-11.0764,-265.16,7.80979,7.3119,8.01852,6.599,6.199,6.187,6.145
HD 88986,1,1,0,0,154.1166869,28.6820708,201.08807,55.8766,33.2673,30.0307,115.9235213,-65.6924,-95.5132,6.30259,5.8706,6.46974,5.247,4.884,4.895,4.873
HD 89307,1,1,0,0,154.5874958,12.6209392,227.30349,51.39451,32.0104,31.211,275.2171319,-272.38,-39.4158,6.86817,6.4738,7.02569,5.891,5.564,5.555,5.527
HD 89345,1,1,0,0,154.6710977,10.1288464,230.80783,50.24653,132.345,7.52747,42.7843106,5.34758,-42.4488,9.21702,8.74761,9.38,8.091,7.721,7.673,7.757
HD 89744,2,1,0,0,155.5433193,41.2289354,178.39109,56.39325,38.6364,25.8537,183.3619728,-120.573,-138.144,5.60551,5.2403,5.73469,4.855,4.454,4.437,4.446
HD 89839,1,1,0,0,155.168879,-53.6640291,281.66473,2.86438,57.3063,17.4212,16.2003764,-6.48448,14.846,7.51304,7.1534,7.64,6.669,6.362,6.301,6.261
HD 90156,1,1,0,0,155.9801144,-29.645103,268.37226,23.15232,21.9496,45.5299,106.5089329,-39.0904,99.0762,6.73951,6.2924,6.92,5.685,5.245,5.266,5.206
HD 9174,1,1,0,0,22.5043352,-19.6052945,174.58567,-78.39051,81.4893,12.2429,187.3236255,34.7617,-184.07,8.22923,7.7603,8.4,7.134,6.744,6.69,6.692
HD 92788,1,2,0,0,160.7021351,-2.1847173,251.20809,47.35154,34.6538,28.8281,223.7420083,-15.1279,-223.23,7.13929,6.6934,7.31637,6.131,5.721,5.7,5.73
HD 93083,1,2,0,0,161.0866672,-33.5776794,274.64523,22.22073,28.5159,35.0393,178.2516947,-92.7214,-152.238,8.04206,7.4721,8.3,6.694,6.132,6.1,6.051
HD 93351,1,2,0,0,161.6779279,-1.6885763,251.73609,48.38682,56.163,17.7765,167.5572061,88.0539,-142.555,8.94652,8.4648,9.12,7.727,7.29,7.107,7.208
HD 93385,1,3,0,0,161.5627065,-41.464604,279.10045,15.54215,43.3475,23.0405,72.9251512,-48.1974,-54.7274,7.33769,6.9359,7.49,6.405,6.065,5.993,6.033
HD 93963,2,2,0,0,162.7766969,25.641065,209.2072,63.07361,82.3432,12.1158,95.6975971,-92.8386,-23.2169,9.03376,8.6259,9.182,8.108,7.776,7.68,7.549
HD 9446,1,2,0,0,23.3350424,29.2649187,133.79881,-32.7211,50.3503,19.8336,197.6688722,190.249,-53.6498,8.2095,7.7764,8.35,7.207,6.851,6.831,6.745
HD 94771,1,1,0,0,163.9746776,-35.1145225,277.70079,22.03395,57.7807,17.278,48.355817,-26.0306,-40.7516,7.17929,6.71,7.37,6.073,5.632,5.648,5.6
HD 94834,1,1,0,0,164.3126363,24.1429374,213.12817,64.14605,98.1609,10.1591,80.5908192,-72.0557,36.0951,7.30241,6.7033,7.6,5.818,5.2,5.129,5.177
HD 94890,1,2,0,0,164.1797804,-37.1383035,278.85603,20.31268,61.7012,16.1823,145.5755299,74.3031,-125.185,4.32647,3.7334,4.6,2.821,2.228,,
HD 95086,1,1,0,0,164.2621032,-68.6672917,292.80268,-8.07541,86.2279,11.5684,43.0516439,-41.1358,12.7,7.30915,7.1448,7.36,6.906,6.789,6.717,5.475
HD 95089,1,2,0,0,164.698748,1.7290087,251.41253,52.9432,136.957,7.27501,59.7403853,-35.7317,-47.8765,7.66056,7.08001,7.92,6.24,5.626,5.607,5.552
HD 95127,1,1,0,0,164.8961152,43.8144094,169.03752,61.9958,676.579,1.4498,18.8492132,-14.104,-12.5048,7.72111,6.9896,8.15,5.855,5.022,4.922,4.909
HD 95338,1,1,0,0,164.8563364,-56.6235564,287.94231,2.95274,36.9941,27.0025,433.727355,-416.88,-119.71,8.38213,7.8436,8.62,7.099,6.591,6.553,6.601
HD 95544,1,1,0,0,166.3231784,81.0389868,127.80884,35.06048,87.8049,11.36,218.7142993,-213.861,-45.8194,8.210671,7.7629,8.39,7.139,6.771,6.745,6.733
HD 95872,1,1,0,0,165.8658796,-22.0943303,272.33533,34.28324,72.2195,13.8178,263.0130374,-250.469,-80.2567,9.65278,9.1218,9.955,8.406,7.956,7.845,8.171
HD 96063,1,1,0,0,166.1853484,-2.5132966,257.77864,50.76062,140.065,7.11161,33.3525129,27.9503,-18.1981,7.96991,7.42073,8.21,6.607,6.05,6.038,6.043
HD 96127,1,1,0,0,166.441502,44.30155,166.96554,62.73556,587.659,1.67387,8.2650277,8.02459,-1.97905,6.88245,6.0759,7.40521,4.887,3.911,3.853,3.762
HD 96167,2,1,0,0,166.3125657,-10.291345,264.80833,44.57834,85.3006,11.6947,51.3795694,-50.4944,-9.49609,7.92849,7.4865,8.09,6.926,6.554,6.491,6.547
HD 96700,1,3,0,0,166.9742616,-30.1751383,277.73064,27.58074,25.4111,39.3239,522.5063935,-505.444,-132.436,6.35547,5.9398,6.51,5.396,4.995,,
HD 96992,1,1,0,0,167.5966158,43.9189897,166.75662,63.64403,396.082,2.49896,39.2648414,-39.1981,2.28839,8.27377,7.6523,8.57,6.662,6.015,6.017,5.921
HD 97037,1,1,0,0,167.5545621,-7.3901483,263.92264,47.66804,32.413,30.823,294.911054,-238.512,-173.449,6.64346,6.2294,6.81828,5.65,5.271,,
HD 97048,1,1,0,0,167.0133422,-77.654853,297.36997,-15.91403,183.857,5.41052,22.4754068,-22.4375,1.3048,8.33867,8.0744,8.44,7.267,5.941,4.474,-1.32
HD 97658,1,1,0,0,168.6376584,25.7105962,211.16108,68.29493,21.5618,46.3494,118.0319107,-107.534,48.6618,7.5136,6.9859,7.76,6.203,5.734,5.812,5.642
HD 98219,1,1,0,0,169.4475218,-23.975488,276.91998,34.12242,113.704,8.76617,131.8558443,-130.77,-16.887,7.79079,7.21716,8.05,6.42,5.813,5.725,5.736
HD 98649,1,1,0,0,170.2147665,-23.2181063,277.3048,35.10611,42.1727,23.6832,267.5982585,-199.885,-177.918,7.82889,7.3901,8,6.811,6.419,6.39,6.288
HD 98736,2,1,0,0,170.4549045,18.1896082,231.64806,67.52286,32.4459,30.7918,177.9208865,-151.997,-92.4811,7.75446,7.2374,7.93,6.486,6.028,6.253,6.102
HD 99109,1,1,0,0,171.0715576,-1.529761,263.23816,54.48302,54.7901,18.2228,239.7552007,-178.777,-159.754,8.86823,8.345,9.1,7.626,7.162,6.989,7.236
HD 99283,1,1,0,0,171.4874082,55.8506653,145.25709,57.416,111.093,8.97309,86.4029026,-71.7585,48.1267,5.46403,4.8793,5.72916,4.247,3.568,2.647,3.317
HD 99492,2,2,0,0,171.689687,3.0071331,259.27385,58.5071,18.2038,54.9057,752.2828201,-728.277,188.526,7.26005,6.6584,7.56727,5.852,5.256,5.294,5.164
HD 99706,1,2,0,0,172.1261621,43.9662025,162.26717,66.29729,146.6,6.79293,98.5793788,45.4061,-87.4996,7.37747,6.79147,7.65,5.918,5.335,5.23,5.28
HIP 103768,1,1,0,0,315.4141767,-32.5250028,12.01411,-40.46332,20.5121,48.7229,274.8058078,246.31,-121.859,8.8377,8.0848,9.37,6.984,6.221,,
HIP 104436,1,1,0,0,317.3445632,-82.0274926,310.63182,-31.43071,24.3056,41.1139,269.7829853,264.004,-55.5405,6.817,6.3946,6.98,5.816,5.425,5.536,5.372
HIP 105854,1,1,0,0,321.5962275,-37.8294782,5.44967,-46.01534,78.6381,12.6896,168.619563,168.273,-10.8053,5.28614,4.6293,5.64,3.813,2.994,2.17,2.912
HIP 107772,1,1,0,0,327.4977057,-41.2440371,0.05347,-50.42638,23.6434,42.2662,337.8069155,-244.817,232.762,9.93207,9.0985,10.56,7.936,7.139,6.953,6.871
HIP 107773,1,1,0,0,327.5005089,-64.7126993,327.40195,-42.79818,105.18,9.47957,37.4498026,-0.703198,-37.4432,5.36073,4.7746,5.62,3.942,3.292,3.294,3.251
HIP 109384,1,1,0,0,332.408972,71.313956,110.64326,12.4137,58.9582,16.9323,249.4527161,233.675,-87.3078,9.387981,8.8726,9.61,8.157,7.652,7.594,7.555
HIP 109600,2,1,0,0,333.027079,29.0662082,85.7629,-22.07634,66.3361,15.046,228.1114695,208.654,92.1865,9.003861,8.539,9.18,7.881,7.499,7.407,7.461
HIP 111909,1,2,0,0,340.0304354,-49.5985391,342.22513,-56.29983,88.077,11.3254,100.2984119,77.6466,-63.4884,7.09697,6.5018,7.37,5.65,5.024,4.942,4.938
HIP 113103,1,2,0,0,343.5723794,-43.0102291,351.44971,-61.47915,46.2122,21.6104,27.6376021,2.01157,27.5643,9.61752,8.9988,9.95,8.195,7.557,7.398,7.395
HIP 114933,1,1,0,0,349.2071949,-21.2033101,43.16408,-67.66194,101.766,9.7979,53.8560873,19.7486,-50.1046,6.97658,6.38206,7.25,5.564,4.907,4.902,4.769
HIP 116454,2,1,0,0,353.9543517,0.4447043,86.45885,-56.97306,62.4491,15.9843,299.043235,-232.909,-187.564,9.93208,9.3742,10.19,8.604,8.029,7.996,7.878
HIP 12961,1,1,0,0,41.6800749,-23.0860048,210.53871,-63.65019,23.371,42.7591,326.883283,294.923,140.972,9.59893,8.7514,10.25,7.558,6.736,6.639,6.476
HIP 13642 A,1,2,0,0,43.9140248,26.8723829,154.43765,-28.29389,22.5243,44.3676,327.6550874,264.469,-193.427,7.33209,6.7799,7.518,5.95,5.427,,
HIP 14810,1,3,0,0,47.809275,21.0971302,161.55108,-31.09476,50.48,19.781,53.2887182,-3.78398,-53.1542,8.33307,7.8638,8.520001,7.202,6.828,6.852,6.755
HIP 15799,2,1,0,0,50.8972464,-40.0762325,245.24126,-56.09164,18.23817,54.8301,65.667873,52.6073,39.3032,,6.081,6.9,5.333,4.767,4.719,4.62
HIP 18606,1,1,0,0,59.7181058,-5.4706979,195.68213,-40.48693,47.0288,21.2353,180.5024042,-46.7396,-174.346,5.56374,4.9762,5.83308,4.248,3.604,3.551,3.491
HIP 19976,2,1,0,0,64.2597881,-40.7985198,244.68607,-45.91141,40.2707,24.803,257.5796446,243.884,82.8726,9.88841,9.1498,10.48,8.109,7.381,7.311,7.407
HIP 21152,2,1,0,0,68.0205209,5.4100745,190.1461,-27.59176,43.4073,23.009,112.7599195,112.505,7.57789,6.25568,5.9557,6.37009,5.593,5.333,5.355,5.338
HIP 34222,1,1,0,0,106.4257786,27.4704132,189.41356,15.03799,22.8386,43.7567,108.589223,-48.793,-97.0096,9.57701,8.7641,10.14,7.596,6.781,6.694,6.655
HIP 35173,1,1,0,0,109.0449329,-3.6661273,219.02671,3.81532,33.1562,30.1315,116.6710908,105.084,-50.6902,8.70829,8.1003,9.01,7.263,6.674,6.614,6.703
HIP 35965,1,1,0,0,111.2025182,-51.3257507,262.90636,-15.97961,50.1677,19.9042,433.4471211,183.627,392.629,9.88264,9.2756,10.18,8.371,7.71,,
HIP 38594,2,2,0,0,118.5439118,-25.3023073,242.4005,1.29682,17.7886,56.1868,361.8202191,-300.905,200.923,9.08528,8.17832,9.75,7.021,6.169,6.103,6.001
HIP 39017,1,1,0,0,119.7665756,-4.3326006,224.74088,12.92289,66.3217,15.0493,52.1902863,30.1022,-42.6343,6.90458,6.6877,6.96076,6.361,6.227,6.192,6.058
HIP 41378,1,6,0,0,126.6158279,10.0803708,214.5263,25.64577,106.289,9.37994,48.1425366,-48.1425,0.059352,8.80998,8.4642,8.93,7.982,7.722,7.662,7.86
HIP 4845,1,1,0,0,15.5881733,-10.4246208,132.20025,-73.09965,21.0974,47.3703,178.7226405,25.9614,-176.827,9.37826,8.547401,10.06,7.417,6.533,6.461,6.292
HIP 48714,1,1,0,0,149.0332672,62.7859505,149.22209,44.35805,10.5298,94.9397,658.0514896,-304.046,-583.599,8.22861,7.26012,8.99,6.03,5.2,5.119,4.96
HIP 5158,1,2,0,0,16.5094891,-22.4536134,159.04576,-84.27097,51.6026,19.35,230.1580182,203.899,-106.761,9.80235,9.1605,10.16,8.28,7.669,7.56,7.758
HIP 54373,1,2,0,0,166.8643532,-19.2916857,271.64987,37.18456,18.7168,53.3991,239.4759005,-235.019,-45.9867,9.64076,8.67362,10.38,7.449,6.62,6.515,6.259
HIP 54515,1,1,0,0,167.3066308,-1.3332838,257.98193,52.38305,82.8101,12.0472,65.7752607,-65.5217,-5.7699,6.76889,6.6653,6.807,6.51,6.422,6.403,6.443
HIP 54597,1,1,0,0,167.6082179,-29.4143018,277.9167,28.50517,39.7429,25.1329,75.57022,-9.94789,-74.9126,9.4828,8.8392,9.83,7.922,7.276,7.123,7.295
HIP 55507,1,1,0,0,170.5227246,46.907803,158.59822,63.55725,25.4893,39.2032,239.2054424,-197.555,-134.875,9.26803,8.4919,9.8,7.367,6.613,6.544,6.494
HIP 56640,1,1,0,0,174.2008941,-37.0391349,286.76567,23.47854,122.324,8.14632,27.9921051,23.8461,-14.6602,7.64993,7.0326,7.94,6.133,5.493,5.399,5.46
HIP 56998,1,2,0,0,175.2563039,-44.4041485,289.89696,16.67814,12.7781,78.2299,703.2913273,-660.418,241.799,7.38399,6.7213,7.77,5.792,5.101,,
HIP 57274,1,3,0,0,176.1705487,30.9576484,194.2528,74.93234,25.8618,38.6381,382.6666017,-27.069,-381.708,8.57069,7.9003,8.97,6.958,6.286,6.222,6.208
HIP 5763,1,1,0,0,18.495343,16.4942738,130.72775,-46.03596,31.9043,31.3148,59.3401652,14.4353,-57.5576,9.39022,8.6614,9.82,7.567,6.909,6.859,6.853
HIP 5957,1,2,0,0,19.1660378,25.3310358,130.09141,-37.18978,23.9718,41.6867,441.1912779,429.063,-102.736,9.47126,8.6452,10.1,7.464,6.656,,
HIP 62039,1,1,0,0,190.7462412,-4.0501059,298.86551,58.75489,45.0858,22.1511,283.5606185,-219.365,-179.682,7.66105,7.2196,7.83,6.58,6.2,,
HIP 63242,1,1,0,0,194.3824825,-65.6463263,303.56064,-2.78202,156.456,6.3628,72.568005,-65.4858,31.2686,6.56453,5.9463,6.86,5.045,4.406,4.29,4.281
HIP 64797 A,1,2,0,0,199.2155793,17.0160384,334.41024,78.30331,10.9816,91.0325,688.8917765,636.031,-264.644,6.28558,5.7168,6.50066,4.901,4.381,,
HIP 65,2,1,0,0,0.1856063,-54.8308228,317.9426,-60.79535,61.7856,16.156,215.0550558,-202.815,-71.5175,10.5895,9.9005,11,8.922,8.29,8.121,8.123
HIP 65407,1,2,0,0,201.087663,48.8847322,108.79873,67.33047,61.7804,16.1574,85.5763599,0.101217,-85.5763,9.15101,8.6487,9.38,7.963,7.578,7.425,7.439
HIP 65426,1,1,0,0,201.1501727,-51.5045384,308.1786,11.02906,108.875,9.15662,39.0721509,-34.2457,-18.8113,6.98273,6.9476,7.01,6.826,6.771,6.774,6.6
HIP 65891,1,1,0,0,202.6050857,-58.6643937,307.99356,3.82372,150.292,6.62493,27.4363052,-25.9387,-8.94062,6.48224,5.8906,6.75,5.115,4.453,4.409,4.36
HIP 66074,1,1,0,0,203.1635632,75.0071038,119.37115,41.83496,35.4438,28.1847,443.5102452,-440.744,49.4577,9.74727,8.989801,10.25,7.91,7.182,,
HIP 67522,1,2,0,0,207.526001,-40.8358961,314.74755,20.68599,127.28,7.8288,36.5344663,-28.8426,-22.4248,9.63261,9.1871,9.79,8.587,8.164,8.108,8.121
HIP 67537,1,1,0,0,207.5808445,-39.9008996,315.03364,21.58307,116.046,8.58881,10.9557596,4.96037,-9.76849,6.17087,5.5913,6.43,5.053,4.196,4.138,4.122
HIP 67851,1,2,0,0,208.465364,-35.3146536,317.04896,25.84003,64.1181,15.5674,303.0394384,-295.042,-69.1601,5.89329,5.2887,6.17,4.479,3.751,3.759,3.707
HIP 70849,2,1,0,0,217.3270762,-46.464684,319.96733,13.14448,24.0572,41.5387,206.4980686,-43.9813,-201.76,9.69796,8.77901,10.421,7.639,6.79,6.704,6.587
HIP 70950,1,1,0,0,217.6848544,35.4546059,60.57666,67.2894,22.5279,44.3605,522.2339597,-481.116,203.115,8.33201,7.6884,8.7,6.756,6.135,,
HIP 71135,1,1,0,0,218.2158073,-52.6464757,318.11482,7.20951,32.3311,30.9011,255.0438915,-250.339,-48.7624,9.95835,9.1603,10.53,8.039,7.242,7.161,7.081
HIP 74890,1,1,0,0,229.5714974,-41.4210961,330.38292,13.49299,78.6562,12.6848,173.761664,-123.921,-121.806,6.75234,6.1409,7.05,5.286,4.639,4.633,4.536
HIP 75092,1,1,0,0,230.1724206,-25.9910525,340.20225,25.87599,81.6696,12.2161,157.8214864,-32.4186,-154.456,6.82953,6.2292,7.11,5.358,4.738,4.733,4.679
HIP 77358,1,2,0,0,236.8689866,-37.9172333,337.16094,12.98895,15.2528,65.5328,467.152936,-415.238,-214.031,5.83135,5.3708,6.01,4.959,4.323,,
HIP 77900,1,1,0,0,238.6253901,-27.3387434,345.56761,20.00444,150.862,6.60371,28.5847079,-13.3567,-25.2722,6.11944,6.21296,6.15,6.234,6.3,6.357,6.423
HIP 78530,1,1,0,0,240.4810052,-21.980492,350.87055,22.68096,136.759,7.28477,26.9390125,-12.0126,-24.1124,7.14665,7.09022,7.1691,,6.903,6.864,6.718
HIP 79098,2,1,0,1,242.1821202,-23.6855244,350.73395,20.36823,145.798,6.83366,29.7854771,-9.82269,-28.1192,5.83871,5.84026,5.86,5.736,5.707,5.819,5.405
HIP 79431,1,1,0,0,243.1742467,-18.8764247,355.19966,22.96885,14.5324,68.7833,217.0077505,35.7066,-214.05,10.2351,9.04952,11.394,7.555,6.589,6.508,6.108
HIP 81208,3,1,0,0,248.8075,-35.7247583,345.70961,7.95099,147.533,6.75042,27.4365211,-9.60881,-25.6989,,,,,,,
HIP 81375,1,1,0,0,249.2855187,0.2546794,16.3427,29.61681,20.2727,49.2985,121.9984087,93.2422,78.6734,6.86807,6.3539,7.08308,5.693,5.183,4.923,5.025
HIP 8152,1,2,0,0,26.2092533,-18.4013844,180.34682,-74.92888,101.694,9.80469,140.8438618,-87.0674,-110.708,9.90726,9.45661,10.07,8.847,8.449,8.401,8.532
HIP 83020 A,1,3,0,0,254.4706516,47.3678558,73.37904,38.46731,17.9412,55.7086,308.7663785,-145.79,272.18,7.50548,6.9039,7.83,6.005,5.458,,
HIP 84988,1,2,0,0,260.5364025,-75.349239,317.42953,-20.83375,27.561,36.2541,990.6211832,-957.86,-252.655,6.8406,6.4247,7,5.828,5.459,,
HIP 8541,2,2,0,0,27.5271962,-54.4651633,285.47075,-60.62926,155.121,6.41777,119.9282946,110.475,-46.6698,7.56075,6.9172,7.88,6.012,5.29,5.213,5.183
HIP 86057,2,1,0,0,263.8072214,-48.6788427,342.07898,-8.6634,9.67315,103.35,476.1883734,74.4146,470.338,9.28322,8.17647,10.129,6.667,5.829,,
HIP 86221,1,1,0,0,264.294875,27.896391,51.90862,27.63035,29.4898,33.91,252.9708712,-82.21,239.24,,8.033,9.25,7.001,6.302,,
HIP 90988,1,1,0,0,278.3892816,-50.211692,345.01064,-17.81794,94.0349,10.6057,34.0355833,25.6205,-22.4056,7.46648,6.8641,7.75,5.995,5.383,5.361,5.298
HIP 91258,1,1,0,0,279.2211173,61.7015065,91.36113,25.35738,45.8846,21.7649,235.0873477,-39.4891,-231.747,8.45032,7.9605,8.65,7.31,6.893,6.818,6.823
HIP 94235,2,1,0,0,287.7411441,-60.2726358,336.18087,-25.69177,58.5146,17.0609,101.4100079,11.5685,-100.748,8.16034,7.7582,8.31,7.201,6.881,6.841,6.728
HIP 948,1,1,0,0,2.9276336,-39.2304879,334.79486,-75.33975,34.8523,28.6637,749.1131121,738.499,-125.657,9.55771,8.872,9.92,7.851,7.188,,
HIP 9618,1,2,0,0,30.9050061,21.2813274,144.58681,-38.53616,67.5478,14.7755,191.8826949,158.824,107.675,9.02543,8.5725,9.2,7.922,7.559,7.489,7.286
HIP 97166,1,2,0,0,296.2446203,74.0628577,106.13206,22.45053,65.9501,15.1341,33.6362505,18.6177,28.0139,9.68443,9.1416,9.92,8.386,7.923,7.826,7.758
HIP 97233,1,1,0,0,296.4221207,-0.6968794,38.57804,-12.37095,102.275,9.74888,63.5693214,33.1519,-54.2403,7.07025,6.4884,7.34,5.671,5.09,5.068,5.017
HIP 99770,1,1,0,0,303.6338344,36.8066046,74.44856,1.17139,40.0765,24.9257,98.1830486,68.3911,70.4455,4.9147,4.7906,4.94292,4.886,4.422,4.419,4.435
HN Lib,1,1,0,0,218.5684823,-12.5170062,338.42026,43.15722,6.24442,160.114,691.3474089,-355.037,593.22,9.87882,8.56822,11.311,6.838,5.939,,
HN Peg,1,1,0,0,326.1315705,14.7714524,69.85975,-28.27039,18.1186,55.1631,257.2932473,231.086,-113.133,5.82363,5.4198,5.97707,4.793,4.559,4.506,4.488
HR 2562,1,1,0,0,102.5042716,-60.2486775,270.17524,-23.49177,34.0071,29.3767,108.477275,4.66316,108.377,5.99741,5.6801,6.11,5.305,5.02,5.003,4.99
HR 5183,2,1,0,0,206.7357992,6.3498994,337.84348,65.38752,31.4607,31.7568,522.212304,-510.447,-110.225,6.17464,5.7558,6.33432,5.212,4.851,4.759,4.811
HR 810,1,1,0,0,40.6417178,-50.7993484,268.80649,-58.32307,17.3181,57.7143,399.5181853,333.826,219.488,5.25587,4.8754,5.4,4.75,4.138,4.045,4.023
HR 858,2,3,0,0,42.9849779,-30.8140609,228.14045,-63.46852,31.964,31.2565,162.4083969,123.229,105.788,6.25276,5.9053,6.38,5.473,5.149,5.098,5.1
HR 8799,1,4,0,0,346.8701486,21.1340376,92.7646,-35.57552,41.2441,24.2175,119.0689573,108.301,-49.4804,5.90914,5.7051,5.98,5.383,5.24,5.194,4.853
HS Psc,1,1,0,0,24.347379,26.9528036,135.41792,-34.80236,37.6604,26.5244,174.0383202,118.359,-127.595,10.2865,9.521401,10.769,8.429,7.642,7.515,7.599
HU Aqr,2,2,0,1,316.9921976,-5.2948694,44.76195,-32.63809,192.19807871,5.2029656,98.6768407,-68.58,-70.95,16.4718,16.06,16.183,14.177,13.634,13.769,8.967
IC 4651 9122,1,1,0,0,261.2086139,-49.9489317,340.07657,-7.91779,859.324,1.13717,5.2694058,-2.35052,-4.71611,10.5336,9.8344,10.909,8.801,8.054,7.975,8.199
ISO-Oph 96,1,1,0,0,246.7687845,-24.716683,352.9235,16.59294,140.563,7.08799,25.6004943,-6.08993,-24.8656,16.6016,14.9453,,12.021,9.837,9.459,8.375
ITG 15,2,1,0,0,69.9370379,26.0312128,173.81805,-13.5638,136.37,7.30702,23.3316379,7.45932,-22.1071,14.9979,13.5218,,10.64,8.95,8.456,4.064
K2-10,1,1,0,0,172.1216476,1.6906217,261.42793,57.71659,272.36,3.64323,72.6411481,-72.5977,-2.51204,12.2156,11.7442,12.429,11.059,10.645,10.638,8.92
K2-100,1,1,0,0,129.6010863,20.1060074,205.23994,32.19544,188.959,5.26448,38.415718,-36.1442,-13.014,10.4053,10.0121,10.651,9.463,9.182,9.175,7.632
K2-101,1,1,0,0,130.3439097,18.9338205,206.8287,32.44357,188.33,5.28182,38.6976148,-36.593,-12.588,12.6619,12.0339,12.892,11.162,10.536,10.482,8.403
K2-102,1,1,0,0,130.0558953,19.7787519,205.77785,32.48411,188.175,5.28616,37.3842118,-34.9591,-13.2454,12.8466,12.1854,13.083,11.282,10.64,10.58,8.514
K2-104,1,1,0,0,129.6366594,19.7737202,205.62196,32.11222,189.289,5.25733,36.7131006,-34.4021,-12.8198,15.3955,14.2749,15.989,12.878,12.014,11.905,8.149
K2-105,1,1,0,0,125.4202985,13.4975122,210.53336,26.00524,197.989,5.02224,8.5017779,6.96345,-4.87756,11.7124,11.2089,11.752,10.541,10.091,10.058,8.55
K2-107,1,1,0,0,284.985355,-22.2934206,13.73298,-11.7431,685.2,1.43244,7.6809039,-6.2457,-4.47074,12.7669,12.2834,13.012,11.564,11.21,11.165,8.123
K2-108,1,1,0,0,123.3818484,16.419516,206.69134,25.35171,477.295,2.06697,23.73957,-6.87424,-22.7225,12.1704,11.6736,12.339,10.986,10.561,10.538,8.802
K2-11,1,1,0,0,169.0418328,1.9866832,256.65955,56.04852,329.309,3.0079,54.1245269,-39.5436,-36.9563,13.1501,12.6097,13.409,11.865,11.347,11.302,8.824
K2-110,1,1,0,0,207.3497402,-12.2849182,324.42967,48.1527,116.474,8.5568,111.655564,45.1268,-102.13,11.6627,11.0552,11.985,10.184,9.607,9.521,8.695
K2-111,1,2,0,0,59.8903081,21.2985263,170.97857,-23.55083,200.394,4.96259,127.3664026,122.337,-35.4381,10.9294,10.4561,11.13,9.768,9.377,9.321,8.847
K2-113,1,1,0,0,19.4493823,6.8688469,134.5097,-55.40924,635.722,1.54414,23.918754,20.2673,-12.7021,13.5039,13.0121,13.744,12.347,11.949,11.894,9.114
K2-114,1,1,0,0,127.882912,11.922255,213.24587,27.55072,475.758,2.07344,13.3759285,-13.1493,-2.45181,14.2751,13.6674,14.55,12.835,12.304,12.23,8.728
K2-115,1,1,0,0,126.5535002,12.281851,212.27401,26.5165,413.591,2.38911,26.6771291,15.5645,-21.666,13.2,12.7462,13.444,12.108,11.724,11.658,8.567
K2-116,1,1,0,0,336.1523363,-11.5793181,49.97279,-52.23321,49.3855,20.2201,223.1556304,168.973,-145.762,10.3281,9.5966,10.8,8.597,7.875,7.767,7.701
K2-117,1,2,0,0,133.8557342,10.4692176,217.62487,32.24587,101.632,9.81066,21.435468,11.5489,18.0583,13.8012,12.7482,14.639,11.447,10.589,10.489,8.9
K2-118,1,1,0,0,132.1268608,15.6558964,211.19186,32.82069,321.722,3.07977,20.9760411,-7.56004,-19.5663,13.7484,13.1313,14,12.259,11.654,11.628,8.692
K2-119,1,1,0,0,132.0098683,16.9017663,209.76527,33.18605,365.581,2.70677,37.4882237,30.032,-22.4376,14.5103,13.8223,14.818,12.841,12.174,12.119,8.791
K2-12,1,1,0,0,173.1919022,2.2446794,262.46302,58.79109,326.381,3.0362,59.3715961,-35.1205,-47.87,12.0884,11.637,12.38,10.983,10.605,10.582,8.982
K2-121,1,1,0,0,126.9366624,17.5793267,206.93309,28.93705,169.398,5.87462,20.2195641,-13.8705,-14.7119,12.9247,12.244,13.229,11.309,10.616,10.549,8.299
K2-122,2,1,0,0,126.4762179,20.3593384,203.78125,29.53205,72.0444,13.8516,57.8847947,-21.9332,-53.5685,12.3708,11.3839,13.105,10.104,9.275,9.168,8.388
K2-123,1,1,0,0,134.4441404,21.4532748,205.51379,36.91396,161.555,6.16099,59.9782225,-11.4801,-58.8693,14.0916,13.1214,14.781,11.907,11.055,10.961,8.525
K2-124,1,1,0,0,133.6410515,23.1329509,203.23147,36.72574,140.385,7.09527,32.7273697,-30.2741,12.4322,15.4618,14.2787,16.692,12.838,11.975,11.846,8.916
K2-125,1,1,0,0,204.1418754,-14.9478195,318.87693,46.522,124.156,8.026,72.5742576,-53.0323,-49.5439,15.1508,14.027,16.4,12.609,11.802,11.668,9.056
K2-126,1,1,0,0,203.5467021,-13.5769705,318.5586,47.99348,102.953,9.68518,37.0500489,36.1295,-8.20764,12.4013,11.6297,12.759,10.508,9.712,9.678001,8.58
K2-127,1,1,0,0,207.0782895,-11.5889878,324.40165,48.89736,709.999,1.38055,23.8024081,-23.8023,-0.0717327,14.7871,14.1986,15.041,13.373,12.793,12.786,9.126
K2-128,1,1,0,0,204.4376666,-8.5970858,321.98145,52.55328,114.637,8.6952,4.5895303,1.41171,-4.36702,12.2204,11.5155,12.58,10.491,9.815,9.76,8.726
K2-129,1,1,0,0,289.1485491,-25.6463233,12.14366,-16.57351,27.7957,35.9483,316.2727299,51.4429,-312.061,12.4624,11.2323,13.639,9.697,8.852,,
K2-13,1,1,0,0,170.1554763,2.5027534,257.61692,57.15621,342.394,2.89216,18.2771424,-11.7544,13.996,12.739,12.2692,12.882,11.571,11.169,11.15,8.819
K2-130,1,1,0,0,290.2705419,-19.6908744,18.25721,-15.17249,118.011,8.44508,62.8997076,61.0059,-15.3184,12.3253,11.6011,12.676,10.562,9.858,9.789,8.824
K2-131,1,1,0,0,182.751404,-9.7652392,286.68054,51.82615,152.509,6.52851,39.848745,-39.4851,-5.37116,11.8999,11.3328,12.129,10.57,10.051,9.95,8.667
K2-132,1,1,0,0,182.1662666,-8.7472172,285.33405,52.65691,609.818,1.61184,29.6333376,-28.3179,-8.73105,11.64,11.0295,12.071,10.153,9.54,9.461,8.887
K2-133,1,4,0,0,70.1493775,25.0098135,174.75407,-14.0676,75.1703,13.2743,191.3593293,185.658,-46.3627,13.3245,12.3252,14.073,11.084,10.279,10.173,8.586
K2-136,2,3,0,0,67.4128615,22.8825674,174.77536,-17.35063,59.2474,16.8497,90.2037185,82.8742,-35.6171,10.8545,10.1192,11.101,9.096,8.368,8.273,8.112001
K2-137,1,1,0,0,186.870426,-6.1952168,292.19218,56.17618,98.8765,10.0853,79.5954471,-79.5329,3.15484,14.4345,13.2396,15.94,11.764,10.882,10.705,8.368
K2-138,1,6,0,0,348.9490311,-10.8497391,64.21591,-62.23886,202.585,4.90795,10.5710313,-1.018,-10.5219,12.0252,11.5018,12.246,10.756,10.305,10.274,8.84
K2-139,1,1,0,0,289.066707,-17.9107147,19.45003,-13.40289,153.856,6.47101,38.7241554,37.2813,-10.4721,11.4626,10.9139,11.652,10.177,9.66,9.604,8.242
K2-14,1,1,0,0,178.0568745,2.5941222,270.39884,61.66737,364.048,2.71943,46.8749859,-39.2368,-25.6464,15.5348,14.611,15.78,13.416,12.611,12.53,8.967
K2-140,1,1,0,0,188.1373172,-9.6076115,295.18424,52.97976,347.917,2.84731,9.1626225,-6.83111,6.10652,12.4814,12.0213,12.727,11.421,10.995,10.985,8.898
K2-141,1,2,0,0,350.9170464,-1.1891827,80.19878,-56.5953,61.8736,16.1332,118.9035436,116.168,25.3584,10.7217,10.0298,11.454,9.086,8.401,8.311,7.93
K2-146,1,2,0,0,130.0266951,19.0923416,206.52797,32.21884,79.3002,12.5821,129.9980836,-15.9167,-129.02,14.9834,13.7247,16.7,12.183,11.37,11.175,8.451
K2-147,1,1,0,0,293.8330329,-28.498475,10.94419,-21.497,90.5494,11.0149,150.8428345,-31.4257,-147.533,13.1913,12.1427,14.044,10.835,9.997,9.882,7.894
K2-148,2,3,0,0,14.5176494,-0.193258,126.58855,-63.0179,124.458,8.00615,45.3227041,-38.6993,-23.5905,13.0599,12.2481,13.627,11.082,10.292,10.214,8.435
K2-149,1,1,0,0,9.8217519,7.2769939,117.61097,-55.46917,123.676,8.0569,38.684391,-31.024,-23.1083,13.7795,12.7422,14.543,11.452,10.561,10.482,8.351
K2-15,1,1,0,0,178.1105741,4.2546649,268.74194,63.14101,493.992,1.9959,53.5821224,-49.1714,-21.2889,14.4237,13.8622,14.758,13.067,12.495,12.462,8.853
K2-150,1,1,0,0,18.3443908,8.9874328,132.06341,-53.49488,102.483,9.7297,53.2641114,46.6903,-25.6336,14.815,13.6157,15.784,12.107,11.249,11.117,9.221
K2-151,2,1,0,0,19.3047733,9.5012663,133.49358,-52.84098,69.4798,14.3638,62.5229431,55.3851,-29.0105,13.3119,12.2448,14.175,10.93,10.117,9.967,8.766
K2-152,1,1,0,0,181.6324078,-5.8274311,283.04022,55.30041,108.449,9.19214,92.9638901,-92.8537,-4.52496,13.0383,12.1016,13.728,10.956,10.096,10.016,8.581
K2-153,1,1,0,0,183.8088709,2.0208765,282.34972,63.43666,143.125,6.95835,76.9616178,-75.2591,-16.0984,14.2706,13.2766,14.96,12.023,11.207,11.101,8.689
K2-154,1,2,0,0,189.0015173,-2.6696217,295.2137,59.97066,129.356,7.70175,34.5756423,0.750321,-34.5675,13.3173,12.3813,13.861,11.219,10.368,10.284,8.114
K2-155,1,3,0,0,65.469614,21.3532633,174.74941,-19.71256,72.7998,13.7077,214.7913175,200.606,-76.7629,12.2528,11.4529,12.773,10.274,9.496,9.435,8.317
K2-156,1,1,0,0,182.699673,-6.2943552,285.05869,55.16088,150.21,6.6289,127.3340214,-122.825,-33.5853,12.9484,12.2048,13.4,11.139,10.391,10.35,8.608
K2-157,1,3,0,0,183.7514959,-5.7820178,286.60409,55.93047,298.373,3.32357,37.5106484,36.7222,-7.65041,12.6419,12.1305,12.942,11.398,10.98,10.919,9.057
K2-158,1,2,0,0,179.9397081,-5.7216879,280.19801,54.85278,197.299,5.0403,62.8591925,-62.5163,6.5567,11.6134,11.1171,11.774,10.432,9.974,9.949,8.856
K2-159,1,1,0,0,180.5408896,-3.5809053,279.87299,57.06838,170.998,5.81967,26.5429482,-1.36163,-26.508,11.6397,11.1353,11.995,10.462,9.978,9.947,8.378
K2-16,1,3,0,0,175.0972238,4.5574311,262.91176,61.77713,334.967,2.95691,22.5657914,-6.3773,21.6459,14.3234,13.6771,14.668,12.764,12.087,12.061,8.995
K2-160,1,1,0,0,184.0545174,-3.5530888,286.09667,58.16279,315.363,3.14279,16.0551861,-16.0511,0.362199,12.542,12.0799,12.838,11.427,11.037,10.943,8.562
K2-161,1,1,0,0,183.7938491,-3.4956913,285.59227,58.15001,916.319,1.0626,16.3978146,-0.384758,-16.3933,12.3574,11.751,12.718,10.852,10.261,10.188,8.618
K2-162,1,1,0,0,186.0383865,-1.111479,288.7508,61.0068,124.433,8.00776,70.0312553,-63.1682,-30.235,11.9662,11.3314,12.278,10.517,9.898,9.753,8.609
K2-163,1,1,0,0,182.3292517,-0.5393421,281.12173,60.53641,208.529,4.76941,69.7141965,-18.3226,-67.2633,12.8062,12.1703,13.078,11.31,10.627,10.604,8.382
K2-164,1,1,0,0,171.933659,-0.0628488,263.01395,56.17967,375.67,2.63409,1.8536765,-1.64064,0.862796,11.0942,10.6964,11.352,10.153,9.775,9.748,8.771
K2-165,1,3,0,0,184.9004881,0.968327,285.33397,62.74727,134.591,7.40188,32.6136779,29.1684,-14.5896,11.3272,10.7875,11.332,10.055,9.536,9.488,8.002
K2-166,1,2,0,0,185.1880932,2.2823788,285.15815,64.0901,476.882,2.06877,49.6479619,-47.365,-14.8821,11.9456,11.549,12.081,10.952,10.637,10.615,8.375
K2-167,1,1,0,0,336.5761233,-18.011665,40.459,-55.41212,80.8994,12.3328,136.1222528,73.6062,-114.505,8.103581,7.7275,8.24,7.202,6.887,6.81,6.917
K2-168,1,2,0,0,333.1100738,-16.3418863,40.91076,-51.71337,243.935,4.07235,47.271108,36.7977,-29.673,12.0976,11.6244,12.365,10.957,10.549,10.512,8.716
K2-169,1,1,0,0,337.0442461,-14.5993376,46.19654,-54.42267,235.867,4.21322,12.3031267,-3.12094,11.9007,12.0063,11.5022,12.23,10.791,10.371,10.343,9.069
K2-17,1,1,0,0,178.3296746,6.4123178,266.61925,65.10211,125.106,7.96463,28.5542158,-24.0956,15.3214,13.0023,12.2066,13.411,11.076,10.308,10.216,8.658
K2-170,1,2,0,0,335.4506923,-14.5933554,45.05421,-53.03644,392.872,2.51725,16.2918523,-5.8261,-15.2145,12.4959,12.0676,12.668,11.445,11.075,11.051,8.752
K2-171,1,1,0,0,332.3407712,-13.4288624,44.59738,-49.81476,606.128,1.62229,9.0632341,-8.946,1.45303,12.4386,11.8767,12.745,11.101,10.529,10.459,8.898
K2-172,1,2,0,0,335.3081368,-12.5569819,47.92889,-51.9848,249.742,3.97597,56.0911787,-52.9323,-18.5578,12.2809,11.792,12.5,11.098,10.661,10.631,8.495
K2-173,1,1,0,0,60.3752402,15.6251296,175.87462,-27.133,228.641,4.34511,67.7448693,64.8875,19.4674,12.1848,11.6182,12.523,10.778,10.299,10.214,8.909
K2-174,1,1,0,0,60.7929729,16.347166,175.58217,-26.34917,99.9293,9.9783,69.8701912,31.8453,-62.191,12.0082,11.2723,12.456,10.231,9.496,9.436,8.935
K2-175,1,1,0,0,52.5035514,17.5841081,168.1505,-31.03317,247.266,4.01591,22.1913971,3.3315,-21.9399,10.6251,10.1814,10.836,9.563,9.195,9.113,8.322
K2-176,1,1,0,0,58.2691796,17.9069486,172.45688,-27.02191,247.302,4.01586,30.8939386,4.19208,-30.6082,12.6504,12.0651,12.909,11.226,10.726,10.673,9.053001
K2-177,1,1,0,0,55.2296156,20.7360891,167.93593,-26.96767,492.167,2.00394,11.5647267,11.5245,0.963745,12.422,11.8427,12.681,11.009,10.593,10.533,8.821
K2-178,1,1,0,0,52.8888524,22.4348186,164.84079,-27.12163,214.753,4.62801,13.1765928,-7.58972,-10.7712,12.1562,11.584,12.382,10.786,10.292,10.262,8.793
K2-179,1,1,0,0,58.7967878,23.7567524,168.32281,-22.507,190.81,5.21281,25.7068866,-23.342,-10.7701,12.691,12.0556,12.939,11.138,10.555,10.5,8.519
K2-18,1,2,0,0,172.560141,7.5878315,254.63265,62.57509,38.0266,26.2686,155.5222618,-80.3765,-133.142,12.4154,11.2373,13.477,9.763,8.899,8.769,8.587
K2-180,1,1,0,0,126.4643579,10.246577,214.28896,25.58211,203.896,4.87598,131.9404907,97.0976,-89.3328,12.4039,11.8964,12.557,11.146,10.677,10.619,8.927
K2-181,1,1,0,0,127.5541103,10.9101444,214.12703,26.83381,360.911,2.74245,37.3382669,16.9173,-33.2859,12.5618,12.0873,12.669,11.438,11.026,10.999,8.319
K2-182,1,1,0,0,130.180046,10.9829509,215.28839,29.20051,154.83,6.43038,65.1770947,-65.1617,1.41652,11.7202,11.1704,11.833,10.408,9.913,9.845,9.044
K2-183,1,3,0,0,125.007177,14.0194586,209.82242,25.84832,329.041,3.01076,4.0098553,3.79434,-1.29689,12.6702,12.1741,12.867,11.485,11.021,10.997,8.356
K2-184,1,1,0,0,129.1405227,14.4618826,211.16645,29.69965,75.5857,13.2015,90.6855881,89.8316,-12.4161,10.13,9.6071,10.345,8.92,8.38,8.336,8.431
K2-185,1,2,0,0,130.2596625,14.6902225,211.41719,30.78517,268.357,3.69811,24.1994031,2.16681,-24.1022,12.0636,11.6325,12.235,11.066,10.68,10.628,8.29
K2-186,1,1,0,0,135.3350487,18.8252879,208.95981,36.83022,330.739,2.99542,37.5708768,15.5341,-34.2091,12.1713,11.7386,12.413,11.142,10.774,10.733,8.145001
K2-187,1,4,0,0,132.5235618,23.1924709,202.77723,35.76402,330.916,2.9939,32.9140281,-11.8636,-30.7016,12.8673,12.3562,13.102,11.687,11.196,11.169,8.362001
K2-188,1,2,0,0,129.8137008,23.3574367,201.65994,33.44489,446.821,2.20973,16.7652765,13.1762,-10.3664,12.4903,12.0789,12.657,11.502,11.149,11.121,8.797
K2-189,1,2,0,0,203.6214411,-15.0365158,318.13687,46.56042,242.113,4.10173,60.2307097,28.4205,-53.1038,12.2538,11.7537,12.398,11.038,10.589,10.55,9.344
K2-19,1,3,0,0,174.9602543,0.603596,267.02928,58.39355,289.827,3.42298,19.2996223,-18.7878,4.4152,12.8153,12.3049,13.024,11.596,11.161,11.105,8.978
K2-190,1,2,0,0,205.3630485,-13.1608686,321.26759,47.92235,160.679,6.19515,114.8713513,-114.255,11.8837,10.9586,10.4878,11.138,9.834,9.41,9.353,8.648
K2-191,1,1,0,0,201.6391407,-12.8066737,316.08925,49.16582,287.188,3.4534,26.579378,-6.25827,-25.8321,12.9948,12.4159,13.329,11.608,11.077,11.02,8.485
K2-192,1,1,0,0,206.5823122,-11.5563527,323.71825,49.0873,221.753,4.48101,24.7652981,10.3824,-22.4839,12.45,11.898,12.656,11.121,10.657,10.572,8.724
K2-193,1,1,0,0,205.2371043,-11.0093342,322.04583,50.016,411.923,2.39889,13.6227891,11.374,-7.4975,13.0947,12.5994,13.341,11.934,11.479,11.431,9.292
K2-194,1,1,0,0,204.6089755,-8.9271609,322.08712,52.18797,629.51,1.56091,11.3489587,11.1777,-1.96415,12.8383,12.4533,12.998,11.881,11.57,11.557,8.877
K2-195,1,2,0,0,199.8315191,-8.5095364,314.63917,53.72709,315.014,3.14627,12.6036521,1.00274,-12.5637,12.3238,11.8767,12.524,11.248,10.876,10.809,9.086
K2-196,1,1,0,0,200.4562487,-8.4717104,315.6756,53.64648,584.877,1.68326,14.481876,-14.4789,-0.293575,11.9274,11.5279,12.241,10.95,10.617,10.58,9.106
K2-197,1,1,0,0,202.3934779,-7.3739779,319.27444,54.28324,247.637,4.00976,46.8809182,-46.7639,3.31031,11.9937,11.5275,12.199,10.881,10.479,10.426,8.831
K2-198,1,3,0,0,198.8436817,-6.4649888,313.5829,55.91096,110.567,9.01629,42.7234233,-36.688,-21.8925,10.9955,10.4556,10.971,9.741,9.228,9.179,8.438
K2-199,1,2,0,0,208.9014508,-6.1360833,330.29727,53.29188,107.518,9.27232,61.1741013,-59.2561,15.1982,11.9053,11.2309,12.358,10.277,9.625,9.542,8.827
K2-200,1,1,0,0,202.251206,-4.6100532,320.3032,56.98927,184.131,5.40286,96.8441272,-88.5784,39.1491,12.2315,11.6759,12.428,10.877,10.375,10.321,9.048
K2-201,1,2,0,0,293.5607117,-23.1312775,16.19347,-19.33571,197.932,5.02389,40.9996292,-2.97158,-40.8918,11.9432,11.4107,12.168,10.653,10.198,10.152,8.771
K2-2016-BLG-0005L,1,1,0,0,269.8798333,-27.6074722,2.70141,-1.95829,5200,,,,,,,,,,,
K2-202,1,1,0,0,283.2643203,-22.4070553,12.94347,-10.34806,300.397,3.3004,11.8022463,11.1299,-3.92662,13.0435,12.4419,13.354,11.547,11.046,10.997,7.99
K2-203,1,1,0,0,12.7736909,-1.1958844,122.7358,-64.0675,166.147,5.99057,11.2473261,-11.2312,0.602072,12.1219,11.5474,12.391,10.773,10.206,10.145,8.659
K2-204,1,1,0,0,17.3825067,-0.5177539,132.94761,-63.03714,577.235,1.70396,30.6142833,-3.66013,-30.3947,12.8893,12.4611,12.985,11.839,11.478,11.468,8.683
K2-205,1,1,0,0,15.2175909,0.425966,128.01885,-62.35258,405.301,2.43932,25.3438946,23.9553,-8.27385,12.2509,11.8374,12.45,11.235,10.879,10.862,8.54
K2-206,1,1,0,0,11.2564264,0.5931866,119.48925,-62.23569,244.443,4.06279,31.4985495,25.8867,-17.9454,12.8274,12.2619,13.084,11.439,10.918,10.845,8.674
K2-207,1,1,0,0,11.6996481,0.6406182,120.44391,-62.20872,363.064,2.72597,45.2973446,-12.646,-43.4963,12.9687,12.4815,13.175,11.78,11.383,11.338,8.384
K2-208,1,1,0,0,20.7789809,0.8890076,139.4218,-60.96448,256.887,3.86451,47.3817757,-26.3462,-39.3816,12.3135,11.8333,12.577,11.164,10.746,10.697,8.617
K2-209,1,1,0,0,14.6903464,1.382807,126.76197,-61.43447,76.4986,13.0435,242.2871019,-75.3148,-230.284,10.7447,10.1095,11.061,9.263,8.613,8.555,8.172
K2-21,1,2,0,0,340.3037846,-14.4893256,48.93602,-57.17935,83.6448,11.9265,81.5844334,20.7358,-78.9053,12.2785,11.4644,12.851,10.251,9.417,9.407,9.031
K2-210,1,1,0,0,17.6412694,1.5784137,132.80593,-60.92611,176.51,5.6373,77.6140865,70.7469,31.919,11.5845,11.0759,11.535,10.354,9.915,9.877,8.599
K2-211,1,1,0,0,21.1061587,1.7049101,139.64299,-60.09222,272.297,3.64447,49.7001927,48.6553,-10.1376,12.9329,12.383,13.1547,11.624,11.104,11.074,9.086
K2-212,1,1,0,0,18.4241015,3.0970732,133.86499,-59.30136,109.218,9.12809,165.6720402,162.635,31.5766,12.55,11.7603,12.977,10.629,9.856,9.789,8.525
K2-213,1,1,0,0,13.1403998,3.5077702,123.48216,-59.36278,389.702,2.53777,18.4347509,18.2444,2.64233,12.0409,11.6049,11.803,11.034,10.656,10.622,8.545
K2-214,1,1,0,0,14.8759777,4.2277722,126.79207,-58.58351,300.64,3.29796,30.8225303,-25.3227,-17.5724,11.599,11.1651,11.806,10.576,10.223,10.163,8.51
K2-215,1,1,0,0,18.4700795,6.1238647,133.02426,-56.30748,403.964,2.44698,12.5748021,-6.44814,-10.7957,12.8302,12.3609,12.99,11.679,11.298,11.282,9.141
K2-216,1,1,0,0,11.4802354,6.3470302,120.44792,-56.49811,115.461,8.63246,10.7859024,-1.96984,10.6045,12.0576,11.375,12.403,10.394,9.721,9.65,7.809
K2-217,1,1,0,0,11.2983678,6.4815879,120.13142,-56.3562,381.878,2.59059,5.0971571,-4.16974,2.9316,12.0279,11.601,12.264,11.009,10.679,10.641,8.015
K2-218,1,1,0,0,12.809613,6.8464327,122.84333,-56.02528,394.083,2.50996,13.9946533,-11.4497,-8.04703,12.7137,12.2418,12.92,11.563,11.206,11.088,8.923
K2-219,1,3,0,0,12.8452963,8.8675474,122.90808,-54.0042,325.4,3.04486,22.4239582,6.96606,-21.3145,11.911,11.4427,12.09,10.849,10.424,10.364,8.989
K2-22,2,1,0,0,169.4827046,2.6190363,256.5319,56.81595,243.836,4.07286,27.5146256,-27.1082,-4.7117,14.9537,13.9558,15.565,12.726,11.924,11.723,9.028
K2-220,1,1,0,0,12.7700071,9.5167694,122.78408,-53.35488,233.514,4.25418,31.5139596,30.6326,-7.40091,11.7214,11.2429,11.873,10.582,10.161,10.118,9.091
K2-221,1,1,0,0,16.6550286,10.1897385,129.07585,-52.5008,318.81,3.10914,17.3704184,11.0513,13.4015,12.4149,11.9217,12.571,11.229,10.852,10.773,8.744
K2-222,1,1,0,0,16.4625203,11.7537171,128.53772,-50.96109,101.321,9.84127,86.9642815,55.2964,67.12,9.36072,8.97055,9.543,8.423,8.105,8.052,7.92
K2-223,1,2,0,0,185.306183,-10.2820915,290.83817,51.87879,198.604,5.00744,16.7520877,7.37793,-15.0399,11.2736,10.8242,11.443,10.177,9.835,9.8,8.472
K2-224,1,2,0,0,189.7041426,-10.0605942,297.80252,52.68541,275.255,3.60459,17.4424654,11.8419,12.8066,12.5216,12.0532,12.7,11.352,10.94,10.932,8.677
K2-225,1,1,0,0,186.5410958,-9.6248232,292.60786,52.73956,357.778,2.76698,38.9429518,-38.0437,-8.32048,11.5203,11.0277,11.836,10.362,9.954001,9.915,8.571
K2-226,1,1,0,0,183.6456643,-9.5626286,287.99069,52.2367,211.265,4.7062,22.382493,-22.2913,2.0184,12.0917,11.5473,12.337,10.697,10.223,10.166,8.755
K2-227,1,1,0,0,190.9484237,-8.4784159,299.6881,54.34518,187.234,5.31295,33.9546375,-17.3022,-29.2156,11.4954,11.0373,12.015,10.393,10.005,9.962,8.678001
K2-228,1,1,0,0,187.2947047,-6.8342028,293.11643,55.61276,129.46,7.7079,18.7947027,-12.7418,13.8162,12.6527,11.9808,13.028,10.978,10.324,10.237,8.971
K2-229,1,2,0,0,186.8729195,-6.7218474,292.35223,55.65723,102.564,9.72291,81.2268036,-80.8859,7.43403,10.7861,10.2496,10.985,9.518,9.05,8.969,8.616
K2-230,1,1,0,0,191.363117,-6.576051,300.25458,56.26458,540.773,1.82143,24.8067302,-20.5621,13.8771,12.5751,12.1641,12.789,11.575,11.257,11.221,8.908
K2-231,1,1,0,0,289.0918242,-15.7712178,21.45369,-12.52792,321.215,3.08511,26.0260755,-0.937081,-26.0092,12.5593,12.0386,12.768,11.294,10.859,10.766,8.343
K2-232,1,1,0,0,73.7667927,18.654323,182.07129,-15.31645,130.72,7.6214,78.6094677,62.0635,-48.2449,9.72626,9.31437,9.822,8.739,8.434,8.38,8.518
K2-233,1,3,0,0,230.4799011,-20.2317975,344.46401,30.24863,67.5062,14.7849,36.9808715,-19.8713,-31.1884,10.4191,9.8125,10.883,8.968,8.375,8.318,8.278
K2-237,1,1,0,0,253.7688479,-28.7105836,353.87129,9.23357,314.995,3.14858,10.2149825,-8.56827,-5.56153,11.4668,11.0657,11.602,10.508,10.217,10.105,8.496
K2-238,1,1,0,0,347.7043164,-7.8575592,67.22735,-59.35657,537.963,0.1475044,12.7,-9.2,-8.7,13.6635,13.1749,13.973,12.464,12.032,11.854,8.964
K2-239,1,3,0,0,160.5941265,4.4413751,243.59017,51.77727,31.0849,32.1414,42.4516694,-42.2651,3.97562,13.4367,12.2352,14.632,10.781,9.971,9.774,8.765
K2-24,1,2,0,0,242.5734559,-24.9906029,349.99931,19.20525,170.562,5.83465,83.9581623,-59.9189,-58.8107,10.9072,10.371,11.275,9.635,9.18,9.122,8.674
K2-240,1,2,0,0,227.849371,-17.8754464,343.8913,33.6394,72.9105,13.6878,75.0101501,-53.7479,-52.3229,12.6212,11.6392,13.372,10.394,9.56,9.469,8.551
K2-241,1,1,0,0,181.2386829,-6.8052985,282.91232,54.24973,149.464,6.66215,118.5480295,-102.72,-59.1797,11.7562,11.2209,11.97,10.442,9.933,9.879,8.564
K2-242,1,1,0,0,179.8358421,-6.5178542,280.50197,54.06962,109.237,9.12589,8.3136347,-6.9378,-4.58077,15.3818,14.145,16.414,12.621,11.777,11.632,8.155
K2-243,1,2,0,0,181.1211419,-4.8991358,281.66644,56.0218,266.864,3.71914,64.4472506,-61.8134,18.236,10.7424,10.3748,10.971,9.852,9.591,9.539,8.16
K2-244,1,1,0,0,183.4686492,-3.8318097,285.17361,57.739,212.902,4.66891,60.2007651,-56.8677,19.7534,11.6317,11.188,11.78,10.555,10.163,10.085,8.479
K2-245,1,1,0,0,185.181563,-1.5909138,287.27271,60.34375,456.064,2.16447,25.9845291,-25.759,-3.41609,12.5639,12.1485,12.755,11.499,11.158,11.137,8.861
K2-246,1,1,0,0,181.6296115,-1.1606,280.22006,59.71563,703.616,1.39318,24.2702425,-21.4944,-11.271,14.3512,13.8852,14.792,13.168,12.788,12.782,8.968
K2-247,1,2,0,0,188.8935189,-10.0692793,296.49384,52.60405,258.113,3.84563,38.4640839,-36.6433,-11.6942,14.3583,13.5498,14.857,12.38,11.556,11.461,8.423
K2-248,1,1,0,0,182.8173343,-9.4141696,286.63848,52.18224,406.254,2.43294,37.0105059,19.5566,-31.4216,13.2616,12.7652,13.497,12.079,11.643,11.57,8.988
K2-249,1,1,0,0,183.3667344,-8.9952309,287.33035,52.72248,521.716,1.88953,11.4541649,9.1584,-6.87907,12.4497,11.9675,12.646,11.27,10.883,10.845,8.858
K2-25,1,1,0,0,63.2739346,15.2477027,178.25572,-25.29268,44.9565,22.2153,123.5167322,122.148,-18.3371,14.3817,13.0275,16.21,11.303,10.444,10.275,8.301
K2-250,1,1,0,0,185.0315429,-8.9757427,289.98214,53.10691,414.708,2.38297,51.2570081,-50.3042,9.83709,13.9725,13.3793,14.314,12.539,12.016,11.878,8.988
K2-251,1,1,0,0,190.6892403,-8.5359826,299.25474,54.27377,147.03,6.77291,21.0818139,10.9579,-18.0102,14.7702,13.6875,15.66,12.341,11.515,11.365,8.601
K2-252,1,1,0,0,182.3663818,-8.3096141,285.45308,53.13179,228.839,4.34143,22.9167594,3.29667,-22.6784,12.6201,12.0482,12.93,11.236,10.683,10.655,8.771
K2-253,1,1,0,0,186.0853062,-6.3789537,290.87617,55.85724,876.565,1.11213,23.2994939,-18.5921,-14.0428,14.7042,14.1768,15.002,13.492,12.947,12.904,9.029
K2-254,1,2,0,0,185.5507926,-4.7172908,289.32884,57.38029,227.775,4.3615,13.8643151,6.59462,-12.1955,13.7427,13.018,14.238,11.986,11.296,11.219,8.741
K2-255,1,1,0,0,189.9128532,-3.3705631,297.15142,59.36883,191.608,5.19052,29.8386365,-29.5578,-4.0842,13.3087,12.5851,13.662,11.556,10.827,10.78,8.949
K2-257,1,1,0,0,188.278284,-1.9532879,293.57789,60.58522,64.0065,15.5949,55.2841438,-47.1526,-28.8612,12.8602,11.808,13.716,10.477,9.661,9.529,8.533
K2-258,1,1,0,0,187.6314027,-1.1609171,292.00804,61.2665,661.873,1.48213,15.4463167,14.9616,-3.83917,13.1388,12.7187,13.361,12.124,11.782,11.733,8.837
K2-259,1,1,0,0,186.8026947,1.5668631,289.11701,63.78688,416.457,2.37321,3.4941665,1.83802,2.97168,12.375,11.9718,12.511,11.425,11.115,11.062,8.877
K2-26,1,1,0,0,94.2064312,24.5958335,187.22234,3.90125,99.0504,10.0674,118.9910362,-28.0444,-115.639,13.7519,12.7079,14.528,11.35,10.53,10.422,8.915
K2-260,1,1,0,0,76.8673317,16.8676948,185.34317,-13.94236,663.834,1.47859,6.0818641,0.667257,-6.04515,12.4667,12.0364,12.624,11.4,11.093,11.039,9.006
K2-261,1,1,0,0,163.0323119,0.493167,250.88317,50.89463,213.283,4.66018,50.1099578,-23.6636,-44.1706,10.4594,9.9623,10.612,9.337,8.89,8.828,8.281
K2-263,1,1,0,0,129.6821253,15.6806039,210.10377,30.65614,162.481,6.12624,55.6001025,-55.3881,-4.85075,11.4055,10.9027,11.568,10.216,9.748,9.709,8.112001
K2-264,1,2,0,0,131.3583524,19.698401,206.37173,33.6073,185.605,5.35982,40.0931162,-37.8997,-13.0794,15.6625,14.4893,16.701,13.047,12.183,12.048,8.173
K2-265,2,1,0,0,342.0316493,-14.4947789,50.42179,-58.65451,138.671,7.1829,38.1635607,30.1961,-23.3378,10.9277,10.4222,11.187,9.726,9.259,9.178001,8.502
K2-266,2,4,0,0,157.9356855,0.9372782,245.04538,47.48286,77.5586,12.865,89.2844676,56.8715,-68.8284,11.3527,10.6269,11.625,9.611,8.897,8.815,8.292
K2-268,1,5,0,0,133.7094899,11.8482712,216.0731,32.70262,327.783,3.02214,8.1952795,-8.19438,0.121418,13.5627,12.986,13.848,12.158,11.639,11.584,8.817
K2-269,1,1,0,0,130.1551381,13.0146799,213.15088,30.02227,360.76,2.74836,23.6102019,-23.3805,-3.2854,11.377,11.014,11.784,10.541,10.212,10.17,8.282
K2-27,3,1,0,0,171.5151874,1.2306237,261.02749,56.98688,249.645,3.97723,27.1949799,3.43398,-26.9773,12.4528,11.9186,12.689,11.157,10.704,10.606,8.311
K2-270,1,2,0,0,131.2665588,13.5497322,213.091,31.22796,280.518,3.53616,25.669643,-11.8205,-22.7861,13.4701,12.8344,13.847,11.968,11.368,11.292,8.731
K2-271,1,1,0,0,125.2239144,16.0907958,207.78938,26.8561,564.454,1.74335,35.900347,9.73834,-34.5543,13.6582,13.2027,13.845,12.555,12.154,12.101,8.423
K2-272,1,1,0,0,132.6211743,17.5423852,209.30743,33.9644,423.065,2.33505,17.4633816,12.0232,-12.6654,13.6668,13.1736,13.872,12.486,12,11.985,8.563
K2-273,1,1,0,0,129.7768928,19.0100046,206.52056,31.96885,308.105,3.217,32.8612984,-32.4197,-5.36917,13.1461,12.5831,13.246,11.811,11.3,11.232,8.291
K2-274,1,1,0,0,129.2823699,20.3992512,204.79384,32.01486,228.327,4.35333,30.4691288,-15.6625,-26.1353,12.8852,12.3198,13.181,11.507,10.986,10.916,8.232
K2-275,1,2,0,0,132.1698795,20.4550162,205.82396,34.58078,123.438,8.07267,16.3822333,-4.87171,-15.6411,11.8139,11.1983,11.974,10.364,9.749,9.642,7.99
K2-276,1,1,0,0,125.9528309,22.6339399,201.1281,29.84642,488.152,2.01993,23.3626822,14.6104,-18.2305,14.3792,13.756,14.654,12.871,12.26,12.174,8.748
K2-277,1,1,0,0,202.0161895,-15.9379749,315.66347,46.02638,113.123,8.81151,105.0691656,-98.6744,-36.0956,10.1214,9.66562,10.364,9.081,8.687,8.63,8.418
K2-278,1,1,0,0,203.3018653,-14.5041057,317.88455,47.15133,786.439,1.24301,21.5555489,18.2581,-11.4579,13.2538,12.7702,13.446,12.097,11.701,11.657,8.499
K2-279,1,1,0,0,204.7792935,-6.0417592,323.85074,54.88181,182.983,5.43668,102.2951419,-87.0289,-53.7612,11.5907,11.1224,11.491,10.431,9.994,9.971,8.886
K2-28,1,1,0,0,335.6233145,-7.9563525,54.4554,-49.89439,62.9969,15.8456,320.4672536,-254.655,-194.551,14.6799,13.3455,16.526,11.695,10.746,10.591,8.636
K2-280,1,1,0,0,291.5953596,-22.2477071,16.32379,-17.32247,391.537,2.52663,13.2692359,4.44214,-12.5036,12.3604,11.8657,12.524,11.141,10.765,10.726,8.579001
K2-281,1,1,0,0,16.2274724,7.2692169,128.82965,-55.44818,458.139,2.15419,22.7232054,22.7022,0.976821,14.7677,14.0978,15.048,13.195,12.523,12.459,8.761
K2-282,1,2,0,0,13.4321524,7.9952914,123.91754,-54.87207,496.289,1.98627,32.432431,31.9004,-5.85039,13.8183,13.2667,14.21,12.437,12.002,11.959,8.806
K2-283,1,1,0,0,13.1943679,9.6929181,123.48272,-53.1774,402.915,2.45325,11.1101761,-10.9734,-1.73796,14.1316,13.4901,14.364,12.579,11.983,11.936,8.785
K2-284,1,1,0,0,79.1407971,20.2549034,183.72406,-10.25307,107.272,9.29346,52.300501,25.0003,-45.9383,12.8598,12.0394,13.265,10.868,10.058,9.975,8.961
K2-285,1,4,0,0,349.3843458,1.3001522,80.67491,-53.68469,154.961,6.42482,37.0557502,15.0229,-33.8739,11.804,11.2451,12.075,10.477,9.971,9.891,8.743
K2-286,1,1,0,0,233.3698192,-16.7737113,349.50145,31.08201,76.1486,13.1035,120.4262454,57.8067,-105.645,12.1652,11.3428,12.881,10.127,9.317,9.258,8.935
K2-287,1,1,0,0,233.0743401,-22.3583447,345.04347,27.06963,158.335,6.2875,18.4786025,-4.59374,-17.8985,11.067,10.4838,11.41,9.677,9.188,9.114,8.152
K2-288,2,1,0,0,55.4442857,18.2684913,169.99958,-28.64052,65.6138,15.2166,199.7191927,185.476,-74.0703,14.5451,14.1151,13.868,,9.724,,
K2-289,1,1,0,0,246.6429443,-15.7925384,0.07234,22.45095,274.3,3.61703,42.902841,-21.7089,-37.0051,13.7943,12.8575,14.81,11.435,10.641,10.527,8.707
K2-29,2,1,0,0,62.670422,24.4016558,170.51373,-19.5504,178.475,5.57452,27.4614777,16.4519,-21.9879,12.2008,11.5476,12.532,10.622,10.062,10.095,7.549
K2-290,3,2,0,0,234.8578846,-20.1988975,348.05236,27.59946,272.909,3.63648,32.0401184,27.2246,-16.8935,10.8204,10.3985,11.114,9.771,9.42,9.396,8.948
K2-291,1,1,0,0,76.44594,21.548199,181.1789,-11.58155,90.0562,11.0758,101.823826,30.7115,-97.0819,9.86639,9.3928,10.014,8.765,8.353,8.291,8.304
K2-292,1,1,0,0,205.3758786,-9.9460704,322.75465,50.98859,114.293,8.72122,88.2152953,-88.1995,1.66929,9.75597,9.31975,9.885,8.73,8.407,8.325,8.07
K2-293,1,1,0,0,351.6064952,-6.0279068,75.33161,-60.78063,392.251,2.52119,33.1908207,31.8313,-9.40207,13.1611,12.6577,13.44,11.959,11.544,11.49,9.044
K2-294,1,1,0,0,352.0516724,-7.6037856,73.80612,-62.24683,373.078,2.65222,22.1495306,5.48049,-21.4608,12.37,11.905,12.649,11.268,10.859,10.825,8.845
K2-295,1,1,0,0,19.6101417,6.8167277,134.80295,-55.43141,232.801,4.26686,65.1585109,54.9828,-34.9646,13.5184,12.813,13.8941,,11.135,11.063,8.565
K2-3,1,3,0,0,172.3353708,-1.4551364,264.98752,55.25008,44.0727,22.661,122.2623054,94.0337,-78.1392,11.4785,10.5459,12.168,9.421,8.561,8.443,8.251
K2-30,1,1,0,0,52.3420548,22.2993491,164.50146,-27.54962,333.042,2.97391,21.7167955,16.5794,-14.0265,13.2056,12.5489,13.547,11.632,11.088,11.016,9.003
K2-308,1,1,0,0,78.3391194,16.4141986,186.5429,-13.02961,1314.53,,2.077954,1.47705,1.46158,14.8949,14.4087,15.072,13.657,13.206,13.162,8.705
K2-31,2,1,0,0,245.4405531,-23.548273,352.99471,18.27513,110.527,9.01931,104.3947343,-40.2299,-96.3318,10.5371,10.0198,10.802,9.318,8.866,8.817,8.215
K2-315,1,1,0,0,228.0210932,-20.1081634,342.43152,31.76781,56.9686,17.5252,141.5462321,-120.255,74.6597,15.6791,14.3273,17.67,12.665,11.838,11.631,8.969
K2-316,1,2,0,0,233.6247336,-23.2594663,344.82551,26.05405,112.486,8.86222,64.4738758,-0.389385,-64.4727,15.514,14.2731,17.14,12.717,11.911,11.776,8.944
K2-317,1,1,0,0,228.6188638,-21.0227209,342.3074,30.70086,176.291,5.64718,60.9320963,-48.3983,-37.0179,16.6387,15.3938,17.74,13.928,12.99,12.781,8.906
K2-318,1,1,0,0,232.4461375,-17.557463,348.12324,31.08939,147.866,6.73446,70.6241072,-55.0804,-44.2031,14.3967,13.3545,15.8,12.042,11.152,11.019,8.796
K2-319,1,1,0,0,166.8010058,3.0399357,252.451,55.3433,209.071,4.75461,22.9166813,-2.85775,-22.7378,11.9397,11.4131,12.213,10.705,10.223,10.097,8.797
K2-32,2,4,0,0,252.426008,-19.5430504,0.54581,15.80164,157.682,6.31369,56.1485729,-16.5975,-53.6394,12.0036,11.3692,12.304,10.404,9.821,9.754,8.412
K2-320,1,1,0,0,163.2519122,5.3064776,245.35216,54.35434,108.74,9.16867,68.8267189,-58.4369,-36.3627,16.3554,15.0356,17.81,13.411,12.508,12.343,8.918
K2-321,1,1,0,0,156.4054989,2.5138829,241.80874,47.32067,77.6888,12.8433,120.4876494,50.9222,-109.198,12.8241,11.758,13.677,10.462,9.567,9.437,8.783
K2-322,1,1,0,0,156.6226981,4.7640203,239.34592,48.87164,123.415,8.07382,16.5163291,-16.3044,-2.63736,13.3108,12.3882,13.963,11.194,10.413,10.318,8.558
K2-323,1,1,0,0,159.4209874,6.2858689,240.07252,52.01163,118.318,8.42309,20.5899921,-11.1627,-17.3015,14.0693,12.9946,14.935,11.648,10.789,10.693,8.753
K2-324,1,1,0,0,157.6222171,6.8636732,237.62638,50.91389,136.667,7.28967,17.9915696,-17.142,-5.46337,14.5172,13.4415,15.223,12.092,11.237,11.117,8.627
K2-325,1,1,0,0,353.9169507,-7.6867213,76.71995,-63.53633,111.638,8.92982,42.2232918,-1.86914,-42.1819,16.137,14.8139,17.77,13.177,12.352,12.17,8.353
K2-326,1,1,0,0,351.612262,1.3375909,83.82219,-54.94703,282.308,3.5139,22.6698856,22.3221,3.9557,15.0082,14.1516,15.982,12.977,12.091,11.984,8.255
K2-329,1,1,0,0,351.1353785,-5.1641451,75.76637,-59.8217,233.237,4.25907,18.8212481,14.1687,-12.389,12.4462,11.9039,12.697,11.174,10.668,10.615,9.089
K2-33,1,1,0,0,242.5613635,-19.3193831,354.42038,23.10048,139.268,7.153,25.8767082,-9.70908,-23.9862,14.157,12.9895,15.838,11.095,10.026,9.89,8.412
K2-330,1,1,0,0,126.8968265,11.6674131,213.0547,26.567,160.125,6.217,28.5672002,-24.8867,-14.0263,9.51275,9.15722,9.608,8.668,8.412,8.351,8.143
K2-331,1,2,0,0,132.7376431,13.170269,214.18022,32.3837,211.43,4.70117,20.9050377,-5.8935,-20.0571,11.1945,10.7578,11.305,10.159,9.804,9.775,8.833
K2-332,1,1,0,0,135.8832666,14.2504994,214.46699,35.6162,123.202,8.08949,18.7823576,-15.4171,-10.728,16.4791,15.155,,13.501,12.638,12.436,8.759
K2-333,1,1,0,0,136.7892752,15.2056765,213.80335,36.79663,343.99,2.87877,12.4283066,-5.99612,-10.8862,11.9866,11.5559,12.073,10.941,10.596,10.574,8.509
K2-334,1,1,0,0,136.4894259,16.3255146,212.37147,36.95589,371.823,2.66126,13.2781203,-9.23781,-9.53789,11.3479,10.999,11.842,10.501,10.234,10.229,8.941
K2-335,1,1,0,0,129.3896679,16.5220648,209.07458,30.71655,557.993,1.7642,11.1451596,-7.19136,-8.51463,12.4741,12.1033,12.556,11.586,11.281,11.261,7.952
K2-336,1,1,0,0,133.8382032,16.7940663,210.66771,34.7715,239.289,4.15077,41.5810549,31.7323,-26.8709,12.5114,12.004,12.803,11.291,10.796,10.759,8.946
K2-337,1,1,0,0,127.761137,16.9004702,207.9912,29.41388,421.636,2.34416,24.9723271,-6.97314,-23.979,12.2299,11.8104,12.385,11.186,10.804,10.787,8.563
K2-338,1,1,0,0,124.3609294,17.0241557,206.47017,26.44954,156.951,6.34256,59.0822143,-33.7363,-48.5033,13.0455,12.3552,13.322,11.336,10.613,10.582,8.885
K2-339,1,1,0,0,130.082542,18.6929046,206.9914,32.12682,360.36,2.74664,3.3156414,-2.0465,-2.6087,14.3436,13.7069,14.487,12.796,12.173,12.114,8.848
K2-34,1,1,0,0,127.5787231,22.2359194,202.13873,31.13427,348.646,2.84026,14.2341494,-14.1957,1.04552,11.4357,11.0514,11.447,10.528,10.193,10.174,8.342
K2-340,1,1,0,0,127.9373409,19.0745863,205.72851,30.36616,738.136,1.326,19.1974116,-2.29614,-19.0596,14.1327,13.6324,14.428,12.927,12.435,12.371,8.624
K2-341,1,1,0,0,130.4971951,19.9166357,205.79387,32.92129,421.408,2.34466,15.0962096,-14.2496,4.98442,12.5585,12.1346,12.725,11.516,11.17,11.17,8.496
K2-342,1,1,0,0,133.1218996,21.2386816,205.27646,35.67859,208.357,4.77093,86.9020459,41.99,-76.0842,11.0702,10.6535,11.338,10.084,9.71,9.498,8.318
K2-343,1,2,0,0,134.2021746,21.5026882,205.36595,36.71614,166.169,5.98933,11.4245832,-10.9033,3.41162,15.1312,14.0431,16.01,12.692,11.855,11.727,8.493
K2-344,1,1,0,0,136.3614923,21.6685886,205.9637,38.67456,75.1691,13.2747,29.7043118,14.473,-25.9399,12.7423,11.7538,13.423,10.496,9.662,9.563,8.379
K2-345,1,1,0,0,132.7075876,21.7890367,204.48349,35.48996,162.408,6.12862,59.5287316,-56.2295,-19.5426,14.6951,13.6347,15.72,12.344,11.46,11.341,8.703
K2-346,1,1,0,0,125.9864854,22.663226,201.10805,29.88541,105.58,9.4428,133.5300878,-126.231,43.5433,11.6828,11.0384,11.903,10.128,9.501,9.439,8.782
K2-347,1,1,0,0,126.3726821,23.2974061,200.54899,30.42848,320.336,3.09328,52.5481274,-52.1126,6.75149,14.8131,14.0838,15.15,13.052,12.3,12.232,8.287
K2-348,1,2,0,0,130.8783479,24.4229559,200.78923,34.69497,201.856,4.92543,34.6136033,1.17953,-34.5935,12.3271,11.7421,12.572,10.958,10.381,10.348,8.506
K2-349,1,1,0,0,199.0996546,-14.4447454,311.98055,47.98798,453.567,2.17642,30.6424703,-13.8026,-27.3578,14.1826,13.6069,14.585,12.743,12.204,12.188,8.878
K2-35,1,2,0,0,170.1031027,1.2858679,258.9287,56.17437,252.596,3.9304,19.9655474,4.41316,-19.4717,13.9152,13.1872,14.166,12.144,11.423,11.383,8.966
K2-350,1,2,0,0,204.0355092,-14.0092516,319.0805,47.45593,489.368,2.01484,19.6445439,-18.768,-5.80261,13.3115,12.8469,13.449,12.191,11.776,11.746,9.169
K2-351,1,1,0,0,206.6522408,-11.8049588,323.69493,48.82989,694.734,1.41109,16.7482938,-16.711,1.11706,13.9854,13.5118,14.195,12.869,12.497,12.409,8.701
K2-352,1,3,0,0,140.4451478,18.469628,211.54865,41.24964,176.051,5.65212,21.492825,-7.24167,20.2361,11.1147,10.6699,11.125,10.044,9.691,9.659,8.916
K2-353,1,1,0,0,201.6168564,-2.2819018,320.32185,59.40196,268.515,3.69625,39.018249,-38.8041,-4.08235,12.0988,11.6271,12.337,10.951,10.547,10.486,9.031
K2-354,1,1,0,0,129.1299193,10.1472175,215.64764,27.91033,91.722,10.8741,16.6789855,0.19029,-16.6779,14.3753,13.2202,15.296,11.776,10.964,10.814,8.517
K2-355,1,1,0,0,124.6426189,13.5027816,210.18832,25.31595,500.497,1.96925,10.6420569,-4.7637,-9.51633,13.5297,13.0561,13.707,12.404,12.016,11.951,8.811
K2-356,1,1,0,0,128.3219134,13.6613758,211.64492,28.65234,355.54,2.78398,24.819961,11.5279,-21.9804,13.148,12.6649,13.268,11.957,11.508,11.497,8.623
K2-357,1,1,0,0,131.9386628,16.3289144,210.36881,32.90877,517.687,1.90308,9.2716104,-8.58292,-3.5066,13.4792,13.0172,13.748,12.366,11.952,11.908,8.972
K2-358,1,1,0,0,133.8081054,18.9497263,208.19438,35.51836,480.307,2.05332,24.1567555,-21.0139,-11.9149,13.5733,13.0892,13.699,12.422,11.989,11.946,8.633
K2-36,1,2,0,0,169.4490102,3.8665038,254.97594,57.73789,109.749,9.08318,33.2746722,-20.5207,26.1936,11.527,10.9128,11.726,10.034,9.454001,9.402,8.84
K2-365,1,1,0,0,238.8197061,-21.0269691,350.41528,24.44846,187.222,5.31289,23.5162843,-11.0326,-20.7677,11.5285,10.9591,11.372,10.109,9.623,9.559,8.725
K2-366,1,1,0,0,243.6800912,-19.3468837,355.16562,22.29893,185.947,5.35665,67.3063882,-3.95309,-67.1902,12.1351,11.4955,12.636,10.488,9.875,9.76,8.212
K2-367,1,1,0,0,337.8588454,-13.2644554,48.86201,-54.50874,176.965,5.6221,43.2579663,-13.9726,40.9392,13.3983,12.6884,13.794,11.666,10.957,10.873,8.916
K2-368,1,3,0,0,332.6357627,-11.1661157,47.88612,-49.02284,206.608,4.81138,25.4815399,18.9566,17.0281,13.2207,12.5832,13.581,11.613,11.042,10.99,8.173
K2-369,1,1,0,0,329.7262534,-10.8750666,46.24456,-46.37314,185.55,5.36125,37.4561629,37.4299,1.4024,11.3732,10.9307,11.789,10.357,9.934,9.905,8.665
K2-37,1,3,0,0,243.4509662,-24.7870527,350.73677,18.77075,179.943,5.52913,11.3447279,-11.074,2.46361,12.2573,11.6368,12.573,10.692,10.142,10.053,8.733
K2-370,1,1,0,0,67.8205302,19.8316901,177.48995,-19.02443,144.202,6.90652,43.4217143,-33.9839,-27.0285,10.8824,10.3729,11.109,9.667,9.237001,9.177,8.069
K2-371,1,1,0,0,128.0670932,11.6307099,213.62961,27.59317,442.813,2.22979,9.8071724,-9.5689,-2.14867,14.3938,13.7988,14.492,12.974,12.391,12.358,8.769
K2-372,1,1,0,0,130.7988719,13.0094226,213.45214,30.59304,463.88,2.12698,39.8634677,5.73964,-39.4481,13.4436,12.9673,13.589,12.302,11.87,11.806,8.939
K2-373,1,1,0,0,123.1361518,13.6884986,209.34849,24.05251,229.567,4.32756,9.0683493,3.2149,8.47935,10.4244,10.031,10.47,9.486,9.163,9.145001,8.299
K2-374,1,2,0,0,137.3794986,16.3558324,212.73798,37.75937,359.439,2.75372,15.5744596,-1.20981,-15.5274,12.6473,12.229,12.783,11.644,11.287,11.226,8.089
K2-375,1,1,0,0,130.5013137,20.3593003,205.29926,33.07586,696.1,1.40791,5.7561787,-5.50549,-1.68023,12.9572,12.522,13.164,11.899,11.557,11.508,8.707
K2-376,1,1,0,0,132.7193327,25.0380824,200.65632,36.47336,161.61,6.15937,71.3224153,-70.8828,-7.90668,10.2998,9.89519,10.415,9.329001,9.007,8.962,8.111
K2-377,1,1,0,0,202.897887,-12.0951142,318.17362,49.58463,195.149,5.09575,97.3624008,-97.3187,-2.9168,13.5859,12.8351,14.107,11.739,10.994,10.939,9.23
K2-378,1,1,0,0,205.1596569,-11.1172332,321.88332,49.93541,687.973,1.42567,31.2840403,-4.11969,-31.0116,15.5122,14.8943,16.029,13.958,13.392,13.317,8.591
K2-379,1,1,0,0,283.0317641,-27.1807287,8.43581,-12.16182,182.207,5.45983,42.9391174,-2.33835,-42.8754,12.8995,12.2054,13.265,11.151,10.514,10.41,8.926
K2-38,1,2,0,0,240.0333095,-23.1894196,349.62852,22.1208,192.69,5.16248,68.2729691,-56.9694,-37.6256,11.184,10.6554,11.344,9.911,9.47,9.42,8.528
K2-380,1,1,0,0,283.4346389,-26.5387308,9.18589,-12.2236,249.303,3.9832,30.0368169,-4.37289,-29.7168,11.4419,10.9139,11.688,10.12,9.681,9.589,8.149
K2-381,1,3,0,0,288.0267612,-21.0075789,16.13135,-13.78589,145.701,6.83508,37.6436184,-34.8004,14.3518,12.6373,11.9607,12.883,10.97,10.302,10.241,7.741
K2-382,1,1,0,0,287.4125267,-19.6269336,17.17948,-12.69181,278.412,3.56412,8.3120936,-8.28109,0.717251,12.7667,12.2416,12.977,11.481,11.046,10.996,
K2-383,1,1,0,0,282.008765,-18.3795798,16.10079,-7.54107,203.788,4.87931,64.9504026,12.6732,-63.702,12.4429,11.8437,12.689,10.994,10.456,10.294,8.761
K2-384,1,5,0,0,20.4998403,0.7509701,138.93411,-61.16767,82.6603,12.0702,119.1985204,103.228,-59.6009,15.0276,13.7658,16.12,12.118,11.294,11.19,9.11
K2-385,1,1,0,0,12.6140752,5.8712567,122.48371,-56.99964,420.819,2.34786,69.7779236,65.5023,-24.0501,14.3355,13.7196,14.645,12.816,12.237,12.178,8.794
K2-386,1,1,0,0,18.2999964,7.0130302,132.4843,-55.45458,428.785,2.30381,11.8878037,-8.15091,-8.65347,12.9931,12.5343,13.241,11.864,11.525,11.49,8.51
K2-387,1,1,0,0,19.4418282,11.3684915,133.21362,-50.97688,266.318,3.72681,20.0672612,2.09313,-19.9578,15.4948,14.4498,16.147,13.15,12.286,12.183,9.087
K2-388,1,1,0,0,352.7139342,-11.0773564,69.3239,-65.17333,290.495,3.41439,23.2335777,0.39025,-23.2303,12.6357,12.1093,12.861,11.401,10.931,10.881,8.859
K2-389,1,2,0,0,355.6304152,-9.7135814,76.64503,-66.17747,259.208,3.82959,76.0914368,75.5418,-9.12925,11.5697,11.1312,11.827,10.512,10.184,10.118,8.758
K2-39,1,1,0,0,338.3682095,-9.0229405,55.42682,-52.74736,307.47,3.2244,56.7377939,-40.9478,-39.2741,10.5959,9.9735,10.831,9.082,8.516,8.419,8.338
K2-390,1,1,0,0,355.702386,-9.5887124,76.97927,-66.12882,456.122,2.16371,40.4321139,26.6741,-30.385,13.3434,12.8466,13.611,12.128,11.718,11.678,9.014
K2-391,1,1,0,0,356.2260152,-7.7015151,80.80955,-64.9803,507.94,1.94134,9.0963236,6.58334,6.27716,12.3302,11.8194,12.527,11.134,10.705,10.649,8.295
K2-392,1,1,0,0,354.6499065,-7.4788816,78.2799,-63.84131,406.985,2.42975,28.8997693,28.4782,-4.91821,12.6795,12.2338,12.922,11.603,11.238,11.159,8.997
K2-393,1,1,0,0,348.5159113,-0.0821031,78.0678,-54.24391,265.914,3.7322,21.7518329,6.18658,20.8535,11.7768,11.3202,11.84,10.694,10.284,10.25,8.47
K2-394,1,1,0,0,71.110002,16.5185817,182.28292,-18.62304,98.0152,10.1739,45.280104,39.1437,-22.7609,12.2095,11.4398,12.768,10.345,9.568,9.507,8.695
K2-395,1,2,0,0,70.4438684,16.6743415,181.74418,-19.03751,286.727,3.45921,23.3107537,2.04135,-23.2212,14.1559,13.3168,15.131,12.094,11.365,11.265,8.852
K2-396,1,2,0,0,74.6928607,17.2690562,183.77072,-15.41489,274.864,3.60976,39.7230437,-0.187753,-39.7226,12.9345,12.2978,13.32,11.356,10.811,10.739,9.084
K2-397,1,1,0,0,79.9516586,21.2591617,183.30951,-9.06294,199.354,4.98777,25.9731672,24.4956,-8.63545,11.6421,11.1344,11.865,10.402,9.95,9.897,8.489
K2-398,1,2,0,0,161.7349738,1.9367044,247.80615,50.97268,606.992,1.61879,22.935317,-22.9353,-0.0279032,13.0091,12.6036,13.287,12.034,11.717,11.627,8.796
K2-4,1,1,0,0,174.7455392,-3.9055746,270.75455,54.37609,231.828,4.28506,23.9979074,-23.9542,-1.44771,14.3403,13.533,14.855,12.367,11.571,11.525,8.577
K2-400,1,1,0,0,154.5110307,3.6969271,238.74447,46.54575,62.3804,16.0021,76.7375222,-69.346,32.86,13.9899,12.7763,15.108,11.262,10.405,10.265,8.514
K2-401,1,1,0,0,154.987604,3.9548275,238.85649,47.08124,200.727,4.9533,79.7182415,18.8071,-77.468,13.6941,12.9442,14.014,11.867,11.106,11.042,7.98
K2-402,1,1,0,0,161.451913,6.419318,241.94699,53.68828,523.055,1.88423,18.5983516,0.984051,-18.5723,12.836,12.3928,13.032,11.746,11.377,11.344,8.736
K2-403,1,1,0,0,164.1893864,9.6739464,240.30179,57.82145,246.599,4.02673,34.8555029,-34.6477,-3.80039,12.152,11.6575,12.305,10.977,10.581,10.516,8.892
K2-404,1,1,0,0,160.3249517,12.1911149,232.59266,56.067,121.63,8.193,31.7989918,-11.2768,-29.7323,13.8429,12.8475,14.622,11.581,10.75,10.692,8.604
K2-405,1,1,0,0,164.3759959,12.535614,235.97962,59.6076,197.234,5.04191,43.0283854,-42.7817,-4.60088,12.5911,11.9783,12.816,11.096,10.547,10.483,8.942
K2-406,1,1,0,0,230.8872242,-25.3706149,341.18993,25.98051,85.3751,11.6852,36.4306736,-21.4169,29.4705,9.49379,9.046,9.465,8.431,8.033,8.016,7.955
K2-407,1,2,0,0,232.5552584,-23.0067371,344.16455,26.87929,218.376,4.55074,42.7532165,-42.4199,5.32819,11.9956,11.4565,11.969,10.686,10.213,10.17,8.635
K2-408,1,1,0,0,227.9168555,-17.6842698,344.09333,33.75085,162.306,6.13296,96.211542,-90.9122,-31.4902,11.7345,11.2181,12.056,10.427,9.978,9.922,8.924
K2-409,1,1,0,0,228.4551125,-16.3512966,345.58112,34.47507,431.031,2.2923,25.7210493,21.966,-13.3816,12.6144,12.1186,12.902,11.425,11.038,10.977,8.923
K2-411,1,1,0,0,58.003631,19.3909877,171.0844,-26.15051,298.219,3.32542,62.4258829,39.4981,-48.3414,11.9872,11.4618,12.27,10.704,10.271,10.249,8.949
K2-412,1,1,0,0,76.2621295,21.580162,181.05077,-11.70195,654.085,1.50108,3.4900823,-2.24904,2.6688,15.1491,14.3376,15.746,13.154,12.542,12.472,8.72
K2-413,1,2,0,0,353.4175668,-7.6120272,75.99216,-63.15691,285.162,3.47849,23.154787,-7.07162,-22.0485,14.5773,13.7731,15.013,12.644,11.86,11.777,8.661
K2-414,1,2,0,0,351.6361913,-4.6066569,77.2386,-59.71963,260.036,3.81706,18.3916889,-5.40285,-17.5802,13.9384,13.2051,14.289,12.184,11.438,11.391,8.727
K2-415,1,1,0,0,137.2015437,11.8622503,217.79828,35.80871,21.8182,45.8044,497.3173169,-458.496,192.629,13.7957,12.4289,15.33,10.739,9.899,,
K2-416,1,1,0,0,349.2211822,-5.2015032,72.95364,-58.57188,120.311,8.28313,107.2485579,91.366,-56.165,13.9468,12.8964,14.794,11.585,10.734,10.63,8.31
K2-417,1,1,0,0,350.1417675,-10.0365901,67.1966,-62.60382,94.0424,10.6047,196.5622902,133.632,-144.15,13.1533,12.1559,13.909,10.908,10.06,9.974,8.313
K2-419,2,1,0,0,135.0194934,13.2737056,215.14807,34.45558,268.685,3.69372,76.6689623,-71.7357,-27.0577,15.7336,14.6831,16.52,13.358,12.555,12.418,8.57
K2-42,1,1,0,0,176.6657559,-5.1720463,274.65511,54.10491,396.913,2.49154,33.6273033,10.4395,-31.9658,14.6336,13.9576,15.006,12.982,12.284,12.27,8.632
K2-43,1,2,0,0,169.117028,-3.9754405,262.89727,51.36053,182.536,5.4503,29.1485944,-29.0875,-1.88624,14.8215,13.7701,15.748,12.422,11.577,11.46,9.033
K2-44,1,1,0,0,174.011661,-2.5209338,268.46993,55.22474,476.703,2.06958,14.0778353,6.48463,-12.4954,12.0238,11.5968,12.27,11.018,10.693,10.635,8.453
K2-45,1,1,0,0,169.6327547,-1.7740582,261.48531,53.45096,495.317,1.99067,35.522177,-28.15,21.6657,15.3442,14.6026,15.746,13.536,12.756,12.725,8.896
K2-46,1,1,0,0,174.2662454,-0.90721,267.38763,56.74212,449.237,2.19812,25.8153868,-21.8421,13.7607,11.9153,11.5642,12.144,11.046,10.781,10.693,8.364
K2-47,1,1,0,0,168.5825696,2.7805614,255.10364,56.3513,349.881,2.82984,33.4010728,-8.49475,-32.3028,13.7404,13.1612,14.065,12.295,11.735,11.7,8.902
K2-48,1,1,0,0,176.1233077,3.2723812,266.19266,61.27399,313.764,3.15843,51.1772287,-50.0824,-10.5291,13.9677,13.3379,14.345,12.43,11.838,11.742,8.318
K2-49,1,1,0,0,177.3202331,3.4755183,268.1186,62.0702,457.125,2.15954,10.9932611,0.393953,-10.9862,15.2444,14.5115,15.668,13.463,12.729,12.704,8.895001
K2-5,1,2,0,0,169.3034598,-1.8778254,261.1438,53.17264,202.943,4.89899,35.1105297,-11.0734,33.3186,14.339,13.5383,14.974,12.449,11.595,11.496,8.447
K2-50,1,2,0,0,169.483654,5.988289,252.27127,59.32248,257.443,3.85616,25.7102817,8.74731,-24.1765,14.2575,13.5014,14.705,12.41,11.664,11.568,8.489
K2-52,1,1,0,0,246.6114157,-24.9699462,352.62682,16.53234,1038.41,0.939381,7.6766936,7.63464,0.802432,15.2553,14.2904,15.93,12.729,11.853,11.674,7.918
K2-53,1,1,0,0,244.1419684,-20.4005984,354.63158,21.27273,138.018,7.21733,38.4408569,33.489,-18.8729,12.1478,11.4608,12.634,10.306,9.664,9.579001,8.474
K2-54,1,1,0,0,338.0541631,-17.5440636,42.19002,-56.53533,174.955,5.68706,10.9202407,-5.00452,-9.706,13.9449,13.0367,14.542,11.85,11.075,,
K2-55,1,1,0,0,333.7518786,-17.2508002,39.9332,-52.6322,159.522,6.23997,25.4305141,-12.5895,-22.0956,13.0624,12.3071,13.519,11.23,10.471,10.424,8.372
K2-57,1,1,0,0,342.6918241,-14.0700007,51.7416,-59.00541,264.213,3.75615,35.0495298,24.2881,-25.2697,14.1038,13.3833,14.414,12.35,11.645,11.586,8.579001
K2-58,1,3,0,0,333.8218395,-14.049857,44.72122,-51.37977,181.746,5.47374,11.9689497,4.79816,-10.9651,12.1319,11.5544,12.415,10.765,10.215,10.19,9.11
K2-59,1,2,0,0,338.94255,-14.027727,48.55544,-55.79751,311.313,3.18378,44.7434987,44.503,4.63289,13.9395,13.3397,14.266,12.454,11.838,11.799,8.895001
K2-6,1,1,0,0,178.1921152,-1.1984418,274.0878,58.34897,316.819,3.12897,33.0265187,-32.2425,7.15347,12.5018,12.0593,12.66,11.44,11.069,11.017,8.251
K2-60,1,1,0,0,338.6062312,-13.7318044,48.74576,-55.37019,491.87,2.00523,23.2061916,8.479281,-21.6016,12.6108,12.1112,12.857,11.41,10.993,10.983,8.972
K2-61,1,1,0,0,339.6748444,-13.5600447,49.89609,-56.20059,405.732,2.43694,23.1430641,22.0267,-7.10112,12.8575,12.3951,13.173,11.758,11.385,11.328,8.608
K2-62,1,2,0,0,334.3645089,-12.1874776,47.74962,-50.99807,112.467,8.86281,75.6893615,75.4528,5.9795,12.0433,11.3633,12.391,10.374,9.688,9.652,8.394
K2-63,1,2,0,0,333.4267738,-12.0663429,47.23492,-50.13301,517.534,1.90689,23.4896353,22.5763,6.48642,12.7269,12.2886,12.98,11.606,11.274,11.266,8.647
K2-64,1,1,0,0,332.4138478,-11.4286687,47.37604,-48.95754,499.891,1.97291,51.5106154,49.5751,13.9876,13.9146,13.392,14.132,12.665,12.201,12.148,8.63
K2-65,1,1,0,0,333.2125206,-10.9261373,48.62762,-49.40152,72.2,15.5932,256.9777066,180.402,-183.01,,9.74862,10.71,8.967,8.344,,
K2-66,1,1,0,0,331.5266563,-10.7115362,47.69523,-47.84963,513.877,1.92148,8.0843165,-4.32192,-6.83207,11.9961,11.5706,11.71,10.948,10.609,10.586,8.909
K2-68,1,1,0,0,334.0195539,-10.5673649,49.71413,-49.91405,168.652,5.90092,53.3750511,-52.5253,-9.48625,12.6573,12.0287,12.987,11.139,10.53,10.459,8.558
K2-69,1,1,0,0,335.7596816,-10.4886817,51.1829,-51.35123,180.697,5.50581,39.1324129,26.6608,-28.6452,15.0572,13.9796,16.024,12.608,11.766,11.64,9.054
K2-7,1,1,0,0,167.0937488,-1.065855,257.43436,52.45583,738.553,1.32514,24.1333259,-4.64495,-23.6821,13.0573,12.6109,13.453,11.952,11.564,11.527,8.838
K2-70,1,1,0,0,338.4759328,-10.0849917,54.0417,-53.41599,232.964,4.26498,33.7954927,31.5305,-12.164,12.7782,12.2003,13.074,11.355,10.853,10.815,8.904
K2-71,1,1,0,0,341.7248656,-9.8816109,57.39839,-55.9696,153.192,6.49946,103.5566826,103.555,0.590321,15.1887,14.0224,16.14,12.598,11.732,11.566,8.78
K2-72,1,4,0,0,334.6227504,-9.6120084,51.46106,-49.94032,66.4321,15.0242,209.4886222,195.855,74.3391,14.2789,13.1201,15.37,11.685,10.962,10.799,8.517
K2-73,1,2,0,0,335.025662,-9.0560881,52.5209,-49.98864,269.183,3.68643,50.2007714,49.272,9.61184,11.7146,11.2821,11.345,10.695,10.322,10.293,8.891
K2-74,1,1,0,0,339.9192984,-8.7145697,57.29683,-53.84042,377.822,2.6188,18.2027715,-12.5283,-13.2054,12.4364,12.0167,12.715,11.427,11.068,11.039,8.392
K2-75,1,2,0,0,338.844896,-7.469895,57.96683,-52.25345,561.93,1.75175,13.6845553,10.2409,-9.07695,12.5886,12.1492,12.803,11.564,11.178,11.157,8.792
K2-77,1,1,0,0,55.228521,12.572448,174.46686,-32.85522,141.731,7.02703,44.1100491,22.5578,-37.9057,11.9202,11.2867,12.224,10.384,9.799,9.733,8.736
K2-79,1,1,0,0,55.2559307,13.5191871,173.69037,-32.1709,256.011,3.8775,42.000715,7.92326,-41.2466,11.8031,11.2235,12.152,10.358,9.907,9.83,8.897
K2-8,1,2,0,0,169.7935178,-0.2844389,260.18944,54.74227,403.513,2.45137,39.3839143,-36.0233,-15.919,14.3358,13.7067,14.801,12.829,12.245,12.159,8.796
K2-80,1,3,0,0,59.037486,13.5590288,176.61237,-29.48306,200.802,4.95159,60.4217183,-2.9266,-60.3508,12.377,11.7617,12.694,10.874,10.313,10.26,8.251
K2-81,1,1,0,0,57.4854562,14.5020556,174.63465,-29.93683,252.318,3.93486,36.8620026,-8.0949,-35.9622,13.9043,13.139,14.314,12.048,11.316,11.219,8.739
K2-83,1,2,0,0,59.9013782,15.5587994,175.58174,-27.51381,125.529,7.9375,44.5828466,-40.43,-18.7895,13.8042,12.8328,14.522,11.599,10.765,10.651,8.853
K2-84,1,2,0,0,55.8093566,16.6344396,171.58123,-29.57966,284.876,3.48158,33.1174107,21.5052,-25.1851,13.1474,12.5186,13.386,11.613,11.059,10.987,9.048
K2-85,1,1,0,0,59.464829,18.4649505,172.89825,-25.81964,97.2179,10.2574,116.4278937,94.0268,-68.6616,12.06,11.2967,12.416,10.229,9.466,9.394,8.35
K2-86,1,1,0,0,51.5531053,18.6355718,166.55171,-30.831,258.699,3.83717,68.3770971,67.7483,-9.25177,12.7978,12.2517,13.041,11.44,10.927,10.899,9.039
K2-87,1,1,0,0,66.2363638,18.8273617,177.29046,-20.81553,491.242,2.00706,29.3310226,25.9654,-13.6421,13.7078,12.9285,14.136,11.811,11.197,11.121,8.389
K2-88,1,1,0,0,54.7514566,19.1199667,168.79229,-28.46409,110.561,9.01663,53.9398654,-24.6108,-47.9981,14.5451,13.4274,15.523,12.037,11.24,11.082,8.509
K2-89,1,1,0,0,57.0671234,20.4594885,169.55248,-25.99734,86.0386,11.594,96.3600937,90.2269,-33.8286,13.3216,12.2653,14.162,10.933,10.106,9.988,8.399
K2-9,1,1,0,0,176.263724,0.0054085,269.75814,58.53482,82.9631,12.025,172.8159555,-170.752,26.6291,14.8665,13.7256,15.86,12.451,11.495,11.348,8.812
K2-90,1,2,0,0,59.1527391,22.4724517,169.54805,-23.20116,134.188,7.42337,85.794238,72.8097,-45.3806,13.2292,12.4067,13.707,11.168,10.36,10.291,8.396
K2-91,1,1,0,0,63.2182348,24.2047218,171.03018,-19.32486,62.5785,15.9515,99.2504492,43.0051,-89.4495,14.3219,13.0496,15.622,11.433,10.571,10.416,8.923
K2-95,1,1,0,0,129.3625717,18.9766197,206.39412,31.59064,179.854,5.53519,37.8515337,-35.7678,-12.3856,16.0836,14.8549,17.236,13.312,12.474,12.331,7.435
K2-97,1,1,0,0,127.762837,10.8475571,214.2879,26.99304,878.43,1.10927,6.897851,-1.27814,-6.7784,12.3059,11.6522,12.486,10.694,10.035,9.99,8.037
K2-98,1,1,0,0,126.4882114,11.5110933,213.02652,26.13802,518.625,1.89991,18.5925353,-15.9682,-9.5236,12.0398,11.6718,12.216,11.124,10.869,10.823,8.258
K2-99,1,2,0,0,208.7737624,-5.4424943,330.5855,53.97598,519.229,1.89836,2.0139273,-0.322918,-1.98787,10.9485,10.5593,11.149,10.024,9.72,9.685,8.85
KELT-1,1,1,0,0,0.3620995,39.3837953,112.50389,-22.47358,268.43,3.69704,12.427844,-9.77144,-7.67921,10.5905,10.2242,10.632,9.682,9.437,9.414,8.851
KELT-10,1,1,0,0,284.5483823,-47.0033072,349.65854,-20.57244,188.404,5.28004,15.6467924,1.44312,-15.5801,10.7009,10.2748,10.617,9.693,9.338,9.305,8.717
KELT-11,1,1,0,0,161.7069053,-9.3993646,259.03088,42.6058,99.1596,10.0562,111.4877177,-79.091,-78.5756,7.83112,7.3212,8.04,6.616,6.122,6.152,6.088
KELT-12,1,1,0,0,267.6404906,36.5701761,62.18909,27.34278,368.03,2.68846,10.9629476,-0.136321,-10.9621,10.4842,10.1213,10.585,9.631,9.362001,9.322,8.766
KELT-14,1,1,0,0,108.301409,-42.4097623,253.62974,-14.19423,250.121,3.96931,11.438099,-11.2866,-1.85547,10.8384,10.3887,11.001,9.808,9.424,9.384,8.718
KELT-15,2,1,0,0,117.4149764,-52.1204471,265.3722,-12.86035,324.683,3.05121,5.0605882,-4.51634,-2.28303,11.0694,10.6815,11.39,10.205,9.854,9.787,9.238
KELT-16,2,1,0,0,314.2685227,31.6610186,75.59227,-8.9423,444.586,2.22084,6.0789081,5.58139,2.40857,11.7959,11.4373,11.717,10.928,10.642,10.594,9.104
KELT-17,1,1,0,0,125.617407,13.7353093,210.37718,26.27651,226.5,4.38678,25.5071645,-25.4275,-2.01437,9.20887,9.02097,9.234,8.745,8.646,8.62,8.315
KELT-18,2,1,0,0,216.5238248,59.4442735,102.71473,53.81036,321.376,3.08284,20.4082171,-19.4503,6.17909,10.1036,9.823,10.16,9.454001,9.21,9.135,9.085
KELT-19,2,1,0,0,111.5095293,7.6157759,210.01238,11.13398,300.276,3.30249,3.1629968,-2.85023,-1.3714,9.86331,9.654,9.857,9.343,9.196,9.138,8.089
KELT-2,2,1,0,0,92.6640226,30.9571333,180.95024,5.70825,134.058,7.43094,16.9122278,16.7403,-2.40537,8.58393,8.22398,8.68,7.669,7.346,7.269,7.272
KELT-20,1,1,0,0,294.6614126,31.2192001,65.80767,4.62728,136.426,7.30148,6.8917079,3.09563,-6.15733,7.57492,7.55216,7.59,7.424,7.415,7.363,7.399
KELT-21,1,1,0,0,304.8000322,32.5810446,71.48138,-1.9865,470.878,2.0953,2.2420265,2.2392,-0.112545,10.5415,10.4219,10.484,10.149,10.09,10.064,9.158
KELT-23,2,1,0,0,232.1466406,66.3587097,102.28211,43.94313,126.261,7.89124,12.2248073,0.43403,-12.2171,10.182,9.76703,10.308,9.208,8.904,8.754,8.564
KELT-23,2,1,0,0,232.1466406,66.3587097,102.28211,43.94313,126.261,7.89124,12.2248073,0.43403,-12.2171,10.182,9.76703,10.308,9.208,8.904,8.754,8.564
KELT-24,2,1,0,0,161.9090273,71.655727,135.57326,42.30144,96.5173,10.332,66.0921869,-56.1837,-34.8076,8.23752,7.9179,8.34,7.408,7.154,7.058,7.152
KELT-3,2,1,0,0,148.6431193,40.3879446,181.25553,51.38017,210.252,4.73153,37.3943413,-28.3278,-24.4105,9.76324,9.43351,9.816,8.963,8.662,8.574,8.08
KELT-24,2,1,0,0,161.9090273,71.655727,135.57326,42.30144,96.5173,10.332,66.0921869,-56.1837,-34.8076,8.23752,7.9179,8.34,7.408,7.154,7.058,7.152
KELT-4,3,1,0,0,157.06262,25.5731366,207.45808,57.99257,218.05,4.55767,18.6442754,14.0982,-12.2004,9.95702,9.6022,9.98,9.017,8.689,8.604,8.6
KELT-3,2,1,0,0,148.6431193,40.3879446,181.25553,51.38017,210.252,4.73153,37.3943413,-28.3278,-24.4105,9.76324,9.43351,9.816,8.963,8.662,8.574,8.08
KELT-6,1,2,0,0,195.9818362,30.640145,85.77535,85.54996,240.726,4.1255,16.4524553,-5.10624,15.64,10.1934,9.8469,10.371,9.302,9.083,9.039,8.415
KELT-4,3,1,0,0,157.06262,25.5731366,207.45808,57.99257,218.05,4.55767,18.6442754,14.0982,-12.2004,9.95702,9.6022,9.98,9.017,8.689,8.604,8.6
KELT-7,1,1,0,0,78.2955912,33.3179532,172.51277,-3.36514,136.681,7.28791,50.8996424,10.6219,-49.779,8.45173,8.14847,8.56,7.739,7.543,7.496,7.137
KELT-6,1,2,0,0,195.9818362,30.640145,85.77535,85.54996,240.726,4.1255,16.4524553,-5.10624,15.64,10.1934,9.8469,10.371,9.302,9.083,9.039,8.415
KELT-8,1,1,0,0,283.3054489,24.1272483,54.84095,10.37371,197.572,5.03267,34.4369719,-14.5826,-31.197,10.6699,10.2025,10.845,9.586,9.177,8.981,8.533
KELT-7,1,1,0,0,78.2955912,33.3179532,172.51277,-3.36514,136.681,7.28791,50.8996424,10.6219,-49.779,8.45173,8.14847,8.56,7.739,7.543,7.496,7.137
KELT-8,1,1,0,0,283.3054489,24.1272483,54.84095,10.37371,197.572,5.03267,34.4369719,-14.5826,-31.197,10.6699,10.2025,10.845,9.586,9.177,8.981,8.533
KELT-9,2,1,0,0,307.8598998,39.9389161,78.91292,0.24852,204.455,4.86254,27.2235097,16.7278,21.4779,7.57675,7.58204,7.55,7.458,7.482,7.399,7.704
KELT-9,2,1,0,0,307.8598998,39.9389161,78.91292,0.24852,204.455,4.86254,27.2235097,16.7278,21.4779,7.57675,7.58204,7.55,7.458,7.482,7.399,7.704
KIC 10001893,1,3,0,0,287.3892308,46.9844491,77.7304,16.58578,1672.94,0.568678,6.0109694,1.32157,-5.86389,15.7109,16.029,15.829,16.363,16.612,,
KIC 10001893,1,3,0,0,287.3892308,46.9844491,77.7304,16.58578,1672.94,0.568678,6.0109694,1.32157,-5.86389,15.7109,16.029,15.829,16.363,16.612,,
KIC 10068024,1,1,0,0,288.8470423,47.0228607,78.16657,15.68342,721.105,,33.0788588,-32.7282,-4.80373,13.1059,12.7028,13.144,12.11,11.83,11.755,8.642
KIC 10525077,1,1,0,0,287.3781164,47.7711541,78.48854,16.88885,1461.15,0.655604,4.2994345,4.2987,0.0794711,15.3043,14.8256,15.592,14.143,13.754,13.751,9.318
KIC 10068024,1,1,0,0,288.8470423,47.0228607,78.16657,15.68342,721.105,,33.0788588,-32.7282,-4.80373,13.1059,12.7028,13.144,12.11,11.83,11.755,8.642
KIC 3526061,1,1,0,0,285.1863974,38.6111112,69.05636,14.85137,401.229,2.46389,10.2840113,7.63572,6.88888,9.99106,9.3534,10.372,8.423,7.776,7.688,7.559
KIC 10525077,1,1,0,0,287.3781164,47.7711541,78.48854,16.88885,1461.15,0.655604,4.2994345,4.2987,0.0794711,15.3043,14.8256,15.592,14.143,13.754,13.751,9.318
KIC 3526061,1,1,0,0,285.1863974,38.6111112,69.05636,14.85137,401.229,2.46389,10.2840113,7.63572,6.88888,9.99106,9.3534,10.372,8.423,7.776,7.688,7.559
KIC 3558849,1,1,0,0,294.9498381,38.6051867,72.43389,7.98057,1215.7,0.794438,3.3739262,-1.72992,2.89668,14.1674,13.7204,14.32,13.093,12.767,12.646,9.269
KIC 3558849,1,1,0,0,294.9498381,38.6051867,72.43389,7.98057,1215.7,0.794438,3.3739262,-1.72992,2.89668,14.1674,13.7204,14.32,13.093,12.767,12.646,9.269
KIC 5437945,1,2,0,0,288.4749028,40.6512848,72.03315,13.35484,1274.01,0.756155,15.0168298,8.32227,-12.4998,13.7506,13.3308,13.834,12.667,12.367,12.212,9.267
KIC 5437945,1,2,0,0,288.4749028,40.6512848,72.03315,13.35484,1274.01,0.756155,15.0168298,8.32227,-12.4998,13.7506,13.3308,13.834,12.667,12.367,12.212,9.267
KIC 5479689,1,1,0,0,299.3254983,40.6381229,75.89407,6.05858,454.95,2.16944,23.9597635,-13.4099,-19.8556,13.7459,13.1834,13.929,12.396,11.937,11.846,9.461
KIC 5479689,1,1,0,0,299.3254983,40.6381229,75.89407,6.05858,454.95,2.16944,23.9597635,-13.4099,-19.8556,13.7459,13.1834,13.929,12.396,11.937,11.846,9.461
KIC 7917485,1,1,0,0,299.4346094,43.6326069,78.52715,7.52066,1382.89,0.694777,6.5164074,2.40823,-6.05508,13.1092,12.8057,13.166,12.303,12.111,12.077,9.248
KIC 7917485,1,1,0,0,299.4346094,43.6326069,78.52715,7.52066,1382.89,0.694777,6.5164074,2.40823,-6.05508,13.1092,12.8057,13.166,12.303,12.111,12.077,9.248
KIC 8121913,1,1,0,0,298.9677981,43.909378,78.59537,7.95154,707.303,1.38538,7.3708257,-6.02722,-4.24284,12.3034,11.8254,12.38,11.173,10.763,10.669,8.913
KIC 8121913,1,1,0,0,298.9677981,43.909378,78.59537,7.95154,707.303,1.38538,7.3708257,-6.02722,-4.24284,12.3034,11.8254,12.38,11.173,10.763,10.669,8.913
KIC 9663113,1,2,0,0,297.0454037,46.3286653,80.05076,10.32377,1594.74,0.598486,9.0880462,-2.92021,-8.6061,13.9075,13.4618,14.027,12.823,12.502,12.433,9.37
KIC 9663113,1,2,0,0,297.0454037,46.3286653,80.05076,10.32377,1594.74,0.598486,9.0880462,-2.92021,-8.6061,13.9075,13.4618,14.027,12.823,12.502,12.433,9.37
KMT-2016-BLG-0212L,1,1,0,0,268.43925,-29.0868889,0.78471,-1.60371,6300,,,,,,,,,,,
KMT-2016-BLG-0212L,1,1,0,0,268.43925,-29.0868889,0.78471,-1.60371,6300,,,,,,,,,,,
KMT-2016-BLG-1105L,1,1,0,0,266.44725,-26.2663694,2.29896,1.35832,5080,,,,,,,,,,,
KMT-2016-BLG-1105L,1,1,0,0,266.44725,-26.2663694,2.29896,1.35832,5080,,,,,,,,,,,
KMT-2016-BLG-1107L,1,1,0,0,266.41775,-26.0318,2.48555,1.503,6651,,,,,,,,,,,
KMT-2016-BLG-1107L,1,1,0,0,266.41775,-26.0318,2.48555,1.503,6651,,,,,,,,,,,
KMT-2016-BLG-1337L,2,1,0,1,269.1300417,-33.0341889,357.66598,-4.09976,6920,,,,,,,,,,,
KMT-2016-BLG-1337L,2,1,0,1,269.1300417,-33.0341889,357.66598,-4.09976,6920,,,,,,,,,,,
KMT-2016-BLG-1397L,1,1,0,0,272.664612,-24.8577385,6.32391,-2.79425,6600,,,,,,,,,,,
KMT-2016-BLG-1820L,1,1,0,0,268.76474,-29.5169201,0.55685,-2.06591,6260,,,,,,,,,,,
KMT-2016-BLG-1397L,1,1,0,0,272.664612,-24.8577385,6.32391,-2.79425,6600,,,,,,,,,,,
KMT-2016-BLG-1836L,1,1,0,0,268.250333,-30.04075,359.87875,-1.94559,7100,,,,,,,,,,,
KMT-2016-BLG-1820L,1,1,0,0,268.76474,-29.5169201,0.55685,-2.06591,6260,,,,,,,,,,,
KMT-2016-BLG-2142L,1,1,0,0,268.112,-29.3845615,0.38314,-1.50874,7010,,,,,,,,,,,
KMT-2016-BLG-1836L,1,1,0,0,268.250333,-30.04075,359.87875,-1.94559,7100,,,,,,,,,,,
KMT-2016-BLG-2142L,1,1,0,0,268.112,-29.3845615,0.38314,-1.50874,7010,,,,,,,,,,,
KMT-2016-BLG-2321L,1,1,0,0,264.0579167,-25.5248806,1.79259,3.57501,3580,,,,,,,,,,,
KMT-2016-BLG-2321L,1,1,0,0,264.0579167,-25.5248806,1.79259,3.57501,3580,,,,,,,,,,,
KMT-2016-BLG-2364L,1,1,0,0,265.715667,-27.4355611,0.96071,1.30314,6440,,,,,,,,,,,
KMT-2016-BLG-2397L,1,1,0,0,266.212542,-23.2013806,4.80724,3.13548,4880,,,,,,,,,,,
KMT-2016-BLG-2364L,1,1,0,0,265.715667,-27.4355611,0.96071,1.30314,6440,,,,,,,,,,,
KMT-2016-BLG-2605L,1,1,0,0,269.8230833,-26.982,3.21922,-1.60348,6421,,,,,,,,,,,
KMT-2016-BLG-2397L,1,1,0,0,266.212542,-23.2013806,4.80724,3.13548,4880,,,,,,,,,,,
KMT-2017-BLG-0165L,1,1,0,0,269.6496667,-28.1336694,2.1434,-2.04368,4530,,,,,,,,,,,
KMT-2016-BLG-2605L,1,1,0,0,269.8230833,-26.982,3.21922,-1.60348,6421,,,,,,,,,,,
KMT-2017-BLG-0428L,1,1,0,0,271.38525,-28.4902806,2.58566,-3.54923,5400,,,,,,,,,,,
KMT-2017-BLG-0165L,1,1,0,0,269.6496667,-28.1336694,2.1434,-2.04368,4530,,,,,,,,,,,
KMT-2017-BLG-0428L,1,1,0,0,271.38525,-28.4902806,2.58566,-3.54923,5400,,,,,,,,,,,
KMT-2017-BLG-0673L,1,1,0,0,264.7570417,-33.8080278,355.11792,-1.37183,5080,,,,,,,,,,,
KMT-2017-BLG-0673L,1,1,0,0,264.7570417,-33.8080278,355.11792,-1.37183,5080,,,,,,,,,,,
KMT-2017-BLG-0849L,1,1,0,0,265.3594583,-25.2812194,2.62527,2.70877,7220,,,,,,,,,,,
KMT-2017-BLG-0849L,1,1,0,0,265.3594583,-25.2812194,2.62527,2.70877,7220,,,,,,,,,,,
KMT-2017-BLG-1003L,1,1,0,0,265.4115,-24.3739389,3.42241,3.14652,7090,,,,,,,,,,,
KMT-2017-BLG-1003L,1,1,0,0,265.4115,-24.3739389,3.42241,3.14652,7090,,,,,,,,,,,
KMT-2017-BLG-1038L,1,1,0,0,266.170917,-25.1430306,3.12842,2.15616,6000,,,,,,,,,,,
KMT-2017-BLG-1038L,1,1,0,0,266.170917,-25.1430306,3.12842,2.15616,6000,,,,,,,,,,,
KMT-2017-BLG-1057L,1,1,0,0,265.486,-22.3351111,5.19691,4.15919,6500,,,,,,,,,,,
KMT-2017-BLG-1057L,1,1,0,0,265.486,-22.3351111,5.19691,4.15919,6500,,,,,,,,,,,
KMT-2017-BLG-1146L,1,1,0,0,269.105833,-33.1424694,357.56175,-4.13618,6500,,,,,,,,,,,
KMT-2017-BLG-1146L,1,1,0,0,269.105833,-33.1424694,357.56175,-4.13618,6500,,,,,,,,,,,
KMT-2017-BLG-1194L,1,1,0,0,274.322125,-25.3239389,6.62779,-4.33653,4240,,,,,,,,,,,
KMT-2017-BLG-1194L,1,1,0,0,274.322125,-25.3239389,6.62779,-4.33653,4240,,,,,,,,,,,
KMT-2017-BLG-2197L,1,1,0,0,262.6113333,-30.1593111,357.20042,2.13355,7800,,,,,,,,,,,
KMT-2017-BLG-2197L,1,1,0,0,262.6113333,-30.1593111,357.20042,2.13355,7800,,,,,,,,,,,
KMT-2017-BLG-2331L,1,1,0,0,264.4072083,-29.4612111,358.6328,1.20327,8030,,,,,,,,,,,
KMT-2017-BLG-2331L,1,1,0,0,264.4072083,-29.4612111,358.6328,1.20327,8030,,,,,,,,,,,
KMT-2017-BLG-2509L,1,1,0,0,265.589875,-26.31715,1.85329,1.9868,7040,,,,,,,,,,,
KMT-2017-BLG-2509L,1,1,0,0,265.589875,-26.31715,1.85329,1.9868,7040,,,,,,,,,,,
KMT-2018-BLG-0029L,1,1,0,0,264.469458,-27.9847,359.90973,1.94743,3380,,,,,,,,,,,
KMT-2018-BLG-0029L,1,1,0,0,264.469458,-27.9847,359.90973,1.94743,3380,,,,,,,,,,,
KMT-2018-BLG-0030L,1,1,0,0,264.5166667,-28.041625,359.88389,1.88177,6480,,,,,,,,,,,
KMT-2018-BLG-0030L,1,1,0,0,264.5166667,-28.041625,359.88389,1.88177,6480,,,,,,,,,,,
KMT-2018-BLG-0087L,1,1,0,0,264.327,-27.8320611,359.97133,2.13546,7020,,,,,,,,,,,
KMT-2018-BLG-0087L,1,1,0,0,264.327,-27.8320611,359.97133,2.13546,7020,,,,,,,,,,,
KMT-2018-BLG-0247L,1,1,0,0,264.5600417,-27.1504111,0.65841,2.32524,6760,,,,,,,,,,,
KMT-2018-BLG-0247L,1,1,0,0,264.5600417,-27.1504111,0.65841,2.32524,6760,,,,,,,,,,,
KMT-2018-BLG-0748L,1,1,0,0,267.8745,-30.6463889,359.19193,-1.9744,7300,,,,,,,,,,,
KMT-2018-BLG-0748L,1,1,0,0,267.8745,-30.6463889,359.19193,-1.9744,7300,,,,,,,,,,,
KMT-2018-BLG-0885L,1,1,0,0,268.9663333,-28.5133611,1.51324,-1.71303,6890,,,,,,,,,,,
KMT-2018-BLG-0885L,1,1,0,0,268.9663333,-28.5133611,1.51324,-1.71303,6890,,,,,,,,,,,
KMT-2018-BLG-1025L,1,1,0,0,269.8664167,-27.8780611,2.46055,-2.08247,6705,,,,,,,,,,,
KMT-2018-BLG-1025L,1,1,0,0,269.8664167,-27.8780611,2.46055,-2.08247,6705,,,,,,,,,,,
KMT-2018-BLG-1292L,1,1,0,0,263.427583,-33.5206694,354.76443,-0.28464,3460,,,,,,,,,,,
KMT-2018-BLG-1292L,1,1,0,0,263.427583,-33.5206694,354.76443,-0.28464,3460,,,,,,,,,,,
KMT-2018-BLG-1743L,1,1,0,0,274.283375,-26.3596389,5.69405,-4.7921,6483,,,,,,,,,,,
KMT-2018-BLG-1743L,1,1,0,0,274.283375,-26.3596389,5.69405,-4.7921,6483,,,,,,,,,,,
KMT-2018-BLG-1976L,1,1,0,0,266.3546667,-35.7003306,354.19802,-3.48341,5840,,,,,,,,,,,
KMT-2018-BLG-1988L,1,1,0,0,265.2825417,-35.5947,353.83159,-2.68573,4150,,,,,,,,,,,
KMT-2018-BLG-1976L,1,1,0,0,266.3546667,-35.7003306,354.19802,-3.48341,5840,,,,,,,,,,,
KMT-2018-BLG-1990L,1,1,0,0,268.435375,-22.1525389,6.76186,1.91343,967,,,,,,,,,,,
KMT-2018-BLG-1988L,1,1,0,0,265.2825417,-35.5947,353.83159,-2.68573,4150,,,,,,,,,,,
KMT-2018-BLG-1990L,1,1,0,0,268.435375,-22.1525389,6.76186,1.91343,967,,,,,,,,,,,
KMT-2018-BLG-1996L,1,1,0,0,268.6785,-22.8204111,6.29904,1.38194,5910,,,,,,,,,,,
KMT-2018-BLG-2602L,1,1,0,0,267.3970417,-21.9762,6.4233,2.8314,4310,,,,,,,,,,,
KMT-2018-BLG-1996L,1,1,0,0,268.6785,-22.8204111,6.29904,1.38194,5910,,,,,,,,,,,
KMT-2019-BLG-0253L,1,1,0,0,267.8825833,-29.5654722,0.12563,-1.42905,4900,,,,,,,,,,,
KMT-2018-BLG-2602L,1,1,0,0,267.3970417,-21.9762,6.4233,2.8314,4310,,,,,,,,,,,
KMT-2019-BLG-0297L,1,1,0,0,270.0632917,-28.9652806,1.60158,-2.77206,3090,,,,,,,,,,,
KMT-2019-BLG-0253L,1,1,0,0,267.8825833,-29.5654722,0.12563,-1.42905,4900,,,,,,,,,,,
KMT-2019-BLG-0298L,1,1,0,0,264.878,-27.6381389,0.39585,1.82651,6710,,,,,,,,,,,
KMT-2019-BLG-0297L,1,1,0,0,270.0632917,-28.9652806,1.60158,-2.77206,3090,,,,,,,,,,,
KMT-2019-BLG-0335L,1,1,0,0,262.840125,-29.5906889,357.78514,2.27948,7710,,,,,,,,,,,
KMT-2019-BLG-0298L,1,1,0,0,264.878,-27.6381389,0.39585,1.82651,6710,,,,,,,,,,,
KMT-2019-BLG-0371L,1,1,0,0,268.3839167,-31.5550222,358.63014,-2.81154,7010,,,,,,,,,,,
KMT-2019-BLG-0335L,1,1,0,0,262.840125,-29.5906889,357.78514,2.27948,7710,,,,,,,,,,,
KMT-2019-BLG-0414L,1,1,0,0,268.8529167,-21.8955389,7.17935,1.70909,4410,,,,,,,,,,,
KMT-2019-BLG-0371L,1,1,0,0,268.3839167,-31.5550222,358.63014,-2.81154,7010,,,,,,,,,,,
KMT-2019-BLG-0578L,1,1,0,0,269.4846667,-27.7948611,2.36442,-1.74833,7300,,,,,,,,,,,
KMT-2019-BLG-0414L,1,1,0,0,268.8529167,-21.8955389,7.17935,1.70909,4410,,,,,,,,,,,
KMT-2019-BLG-0842L,1,1,0,0,268.458458,-29.8774389,0.11105,-2.01831,3320,,,,,,,,,,,
KMT-2019-BLG-0578L,1,1,0,0,269.4846667,-27.7948611,2.36442,-1.74833,7300,,,,,,,,,,,
KMT-2019-BLG-0953L,1,1,0,0,269.3385833,-28.6746389,1.53767,-2.07668,7200,,,,,,,,,,,
KMT-2019-BLG-0842L,1,1,0,0,268.458458,-29.8774389,0.11105,-2.01831,3320,,,,,,,,,,,
KMT-2019-BLG-1042L,1,1,0,0,270.5440417,-27.5806694,3.01617,-2.4566,6600,,,,,,,,,,,
KMT-2019-BLG-0953L,1,1,0,0,269.3385833,-28.6746389,1.53767,-2.07668,7200,,,,,,,,,,,
KMT-2019-BLG-1216L,1,1,0,0,268.480625,-35.1366389,355.5703,-4.68579,2740,,,,,,,,,,,
KMT-2019-BLG-1042L,1,1,0,0,270.5440417,-27.5806694,3.01617,-2.4566,6600,,,,,,,,,,,
KMT-2019-BLG-1216L,1,1,0,0,268.480625,-35.1366389,355.5703,-4.68579,2740,,,,,,,,,,,
KMT-2019-BLG-1339L,1,1,0,0,265.743417,-25.5739167,2.55867,2.25989,6120,,,,,,,,,,,
KMT-2019-BLG-1367L,1,1,0,0,272.4713333,-29.7622111,1.92632,-4.99338,4670,,,,,,,,,,,
KMT-2019-BLG-1339L,1,1,0,0,265.743417,-25.5739167,2.55867,2.25989,6120,,,,,,,,,,,
KMT-2019-BLG-1367L,1,1,0,0,272.4713333,-29.7622111,1.92632,-4.99338,4670,,,,,,,,,,,
KMT-2019-BLG-1552L,1,1,0,0,269.5957917,-27.5669389,2.61115,-1.71979,4600,,,,,,,,,,,
KMT-2019-BLG-1552L,1,1,0,0,269.5957917,-27.5669389,2.61115,-1.71979,4600,,,,,,,,,,,
KMT-2019-BLG-1715L,1,1,0,0,270.3717083,-28.7771389,1.89895,-2.91396,3860,,,,,,,,,,,
KMT-2019-BLG-1806L,1,1,0,0,270.5375417,-29.4148889,1.41436,-3.35396,6640,,,,,,,,,,,
KMT-2019-BLG-1715L,1,1,0,0,270.3717083,-28.7771389,1.89895,-2.91396,3860,,,,,,,,,,,
KMT-2019-BLG-1806L,1,1,0,0,270.5375417,-29.4148889,1.41436,-3.35396,6640,,,,,,,,,,,
KMT-2019-BLG-1953L,1,1,0,0,269.11625,-28.2011111,1.84965,-1.67021,7040,,,,,,,,,,,
KMT-2019-BLG-1953L,1,1,0,0,269.11625,-28.2011111,1.84965,-1.67021,7040,,,,,,,,,,,
KMT-2019-BLG-2783L,1,1,0,0,269.2919167,-33.7885194,357.07727,-4.59238,5910,,,,,,,,,,,
KMT-2019-BLG-2783L,1,1,0,0,269.2919167,-33.7885194,357.07727,-4.59238,5910,,,,,,,,,,,
KMT-2019-BLG-2974L,1,1,0,0,267.8520833,-29.4231611,0.23449,-1.33358,6100,,,,,,,,,,,
KMT-2019-BLG-2974L,1,1,0,0,267.8520833,-29.4231611,0.23449,-1.33358,6100,,,,,,,,,,,
KMT-2020-BLG-0202L,1,1,0,0,267.0404583,-24.47445,4.11004,1.82819,3840,,,,,,,,,,,
KMT-2020-BLG-0202L,1,1,0,0,267.0404583,-24.47445,4.11004,1.82819,3840,,,,,,,,,,,
KMT-2020-BLG-0414L,1,2,0,0,271.915,-28.4852222,2.81609,-3.95413,1220,,,,,,,,,,,
KMT-2021-BLG-0119L,1,1,0,0,274.0005417,-29.7438889,2.5721,-6.15518,3130,,,,,,,,,,,
KMT-2020-BLG-0414L,1,2,0,0,271.915,-28.4852222,2.81609,-3.95413,1220,,,,,,,,,,,
KMT-2021-BLG-0119L,1,1,0,0,274.0005417,-29.7438889,2.5721,-6.15518,3130,,,,,,,,,,,
KMT-2021-BLG-0171L,1,1,0,0,269.2416667,-30.0930556,0.2661,-2.71306,4600,,,,,,,,,,,
KMT-2021-BLG-0171L,1,1,0,0,269.2416667,-30.0930556,0.2661,-2.71306,4600,,,,,,,,,,,
KMT-2021-BLG-0192L,1,1,0,0,268.1049583,-30.0086889,359.84241,-1.82089,5120,,,,,,,,,,,
KMT-2021-BLG-0192L,1,1,0,0,268.1049583,-30.0086889,359.84241,-1.82089,5120,,,,,,,,,,,
KMT-2021-BLG-0240L,1,1,0,0,267.5772917,-30.0049694,359.6123,-1.42605,6600,,,,,,,,,,,
KMT-2021-BLG-0240L,1,1,0,0,267.5772917,-30.0049694,359.6123,-1.42605,6600,,,,,,,,,,,
KMT-2021-BLG-0320L,1,1,0,0,269.388125,-30.5039389,359.97293,-3.02784,6950,,,,,,,,,,,
KMT-2021-BLG-0322L,2,1,0,0,270.9116667,-29.6043889,1.40867,-3.73064,6600,,,,,,,,,,,
KMT-2021-BLG-0320L,1,1,0,0,269.388125,-30.5039389,359.97293,-3.02784,6950,,,,,,,,,,,
KMT-2021-BLG-0322L,2,1,0,0,270.9116667,-29.6043889,1.40867,-3.73064,6600,,,,,,,,,,,
KMT-2021-BLG-0712L,1,1,0,0,269.2856667,-31.1844694,359.33831,-3.29115,3090,,,,,,,,,,,
KMT-2021-BLG-0712L,1,1,0,0,269.2856667,-31.1844694,359.33831,-3.29115,3090,,,,,,,,,,,
KMT-2021-BLG-0736L,1,1,0,0,268.3225833,-29.7124194,0.19366,-1.83305,7000,,,,,,,,,,,
KMT-2021-BLG-0748L,1,1,0,0,272.4213333,-25.7465806,5.4377,-3.02894,6090,,,,,,,,,,,
KMT-2021-BLG-0736L,1,1,0,0,268.3225833,-29.7124194,0.19366,-1.83305,7000,,,,,,,,,,,
KMT-2021-BLG-0852L,1,1,0,0,265.8311667,-33.8918389,355.51847,-2.1734,7230,,,,,,,,,,,
KMT-2021-BLG-0748L,1,1,0,0,272.4213333,-25.7465806,5.4377,-3.02894,6090,,,,,,,,,,,
KMT-2021-BLG-0852L,1,1,0,0,265.8311667,-33.8918389,355.51847,-2.1734,7230,,,,,,,,,,,
KMT-2021-BLG-0909L,1,1,0,0,265.6202083,-27.6391389,0.74299,1.26803,6480,,,,,,,,,,,
KMT-2021-BLG-0912L,1,1,0,0,269.8211667,-31.9976389,358.85814,-4.09097,5560,,,,,,,,,,,
KMT-2021-BLG-0909L,1,1,0,0,265.6202083,-27.6391389,0.74299,1.26803,6480,,,,,,,,,,,
KMT-2021-BLG-1077L,1,2,0,0,266.489125,-33.8428111,355.84555,-2.61394,8240,,,,,,,,,,,
KMT-2021-BLG-0912L,1,1,0,0,269.8211667,-31.9976389,358.85814,-4.09097,5560,,,,,,,,,,,
KMT-2021-BLG-1105L,1,1,0,0,265.73225,-25.5089111,2.60875,2.30259,4540,,,,,,,,,,,
KMT-2021-BLG-1077L,1,2,0,0,266.489125,-33.8428111,355.84555,-2.61394,8240,,,,,,,,,,,
KMT-2021-BLG-1150L,1,1,0,0,268.790125,-31.3133306,359.01409,-2.98902,3800,,,,,,,,,,,
KMT-2021-BLG-1105L,1,1,0,0,265.73225,-25.5089111,2.60875,2.30259,4540,,,,,,,,,,,
KMT-2021-BLG-1150L,1,1,0,0,268.790125,-31.3133306,359.01409,-2.98902,3800,,,,,,,,,,,
KMT-2021-BLG-1253L,1,1,0,0,267.6172083,-29.2792806,0.25345,-1.08408,6640,,,,,,,,,,,
KMT-2021-BLG-1253L,1,1,0,0,267.6172083,-29.2792806,0.25345,-1.08408,6640,,,,,,,,,,,
KMT-2021-BLG-1303L,1,1,0,0,271.863875,-29.2815806,2.09502,-4.29901,6280,,,,,,,,,,,
KMT-2021-BLG-1372L,1,1,0,0,264.4885417,-28.1483889,359.78034,1.84567,5970,,,,,,,,,,,
KMT-2021-BLG-1303L,1,1,0,0,271.863875,-29.2815806,2.09502,-4.29901,6280,,,,,,,,,,,
KMT-2021-BLG-1391L,1,1,0,0,270.6835833,-28.0605,2.65873,-2.80007,5720,,,,,,,,,,,
KMT-2021-BLG-1372L,1,1,0,0,264.4885417,-28.1483889,359.78034,1.84567,5970,,,,,,,,,,,
KMT-2021-BLG-1547L,1,1,0,0,272.3995833,-29.0839389,2.49423,-4.6143,5070,,,,,,,,,,,
KMT-2021-BLG-1391L,1,1,0,0,270.6835833,-28.0605,2.65873,-2.80007,5720,,,,,,,,,,,
KMT-2021-BLG-1554L,1,1,0,0,267.8034167,-31.8643611,358.11234,-2.54313,7680,,,,,,,,,,,
KMT-2021-BLG-1547L,1,1,0,0,272.3995833,-29.0839389,2.49423,-4.6143,5070,,,,,,,,,,,
KMT-2021-BLG-1689L,1,1,0,0,269.5791667,-30.1452778,0.36661,-2.99212,7200,,,,,,,,,,,
KMT-2021-BLG-1554L,1,1,0,0,267.8034167,-31.8643611,358.11234,-2.54313,7680,,,,,,,,,,,
KMT-2021-BLG-1770L,1,1,0,0,270.4399583,-27.4186694,3.1117,-2.29642,6920,,,,,,,,,,,
KMT-2021-BLG-1689L,1,1,0,0,269.5791667,-30.1452778,0.36661,-2.99212,7200,,,,,,,,,,,
KMT-2021-BLG-1898L,1,1,0,0,265.691875,-27.3758389,1.00041,1.3525,6900,,,,,,,,,,,
KMT-2021-BLG-1770L,1,1,0,0,270.4399583,-27.4186694,3.1117,-2.29642,6920,,,,,,,,,,,
KMT-2021-BLG-2010L,1,1,0,0,268.0085,-32.26975,357.85153,-2.89904,7090,,,,,,,,,,,
KMT-2021-BLG-1898L,1,1,0,0,265.691875,-27.3758389,1.00041,1.3525,6900,,,,,,,,,,,
KMT-2021-BLG-2294L,1,1,0,0,270.0624167,-28.6124389,1.9081,-2.5967,6800,,,,,,,,,,,
KMT-2021-BLG-2010L,1,1,0,0,268.0085,-32.26975,357.85153,-2.89904,7090,,,,,,,,,,,
KMT-2021-BLG-2478L,1,1,0,0,269.3092083,-29.1019694,1.15451,-2.26818,2970,,,,,,,,,,,
KMT-2021-BLG-2294L,1,1,0,0,270.0624167,-28.6124389,1.9081,-2.5967,6800,,,,,,,,,,,
KMT-2021-BLG-2478L,1,1,0,0,269.3092083,-29.1019694,1.15451,-2.26818,2970,,,,,,,,,,,
KMT-2021-BLG-2609L,1,1,0,0,263.518875,-27.5969389,359.78402,2.8649,7480,,,,,,,,,,,
KMT-2021-BLG-2609L,1,1,0,0,263.518875,-27.5969389,359.78402,2.8649,7480,,,,,,,,,,,
KMT-2022-BLG-0303L,1,1,0,0,268.033125,-22.6890806,6.11047,1.96152,6570,,,,,,,,,,,
KMT-2022-BLG-0303L,1,1,0,0,268.033125,-22.6890806,6.11047,1.96152,6570,,,,,,,,,,,
KMT-2022-BLG-0371L,1,1,0,0,265.3619167,-34.6986694,354.62769,-2.268,7140,,,,,,,,,,,
KMT-2022-BLG-0440L,1,1,0,0,269.5835833,-32.2953056,358.49901,-4.06358,3500,,,,,,,,,,,
KMT-2022-BLG-0371L,1,1,0,0,265.3619167,-34.6986694,354.62769,-2.268,7140,,,,,,,,,,,
KMT-2022-BLG-0440L,1,1,0,0,269.5835833,-32.2953056,358.49901,-4.06358,3500,,,,,,,,,,,
KMT-2022-BLG-1013L,1,1,0,0,264.70925,-28.3556694,359.70884,1.57062,7710,,,,,,,,,,,
KMT-2022-BLG-1551L,1,1,0,0,265.25375,-27.5518806,0.6457,1.58994,6900,,,,,,,,,,,
KMT-2022-BLG-1013L,1,1,0,0,264.70925,-28.3556694,359.70884,1.57062,7710,,,,,,,,,,,
KMT-2022-BLG-1790L,1,1,0,0,271.05625,-27.03475,3.71589,-2.58508,6480,,,,,,,,,,,
KMT-2022-BLG-1551L,1,1,0,0,265.25375,-27.5518806,0.6457,1.58994,6900,,,,,,,,,,,
KMT-2022-BLG-1818L,1,2,0,0,270.798625,-27.4811111,3.21405,-2.60423,5300,,,,,,,,,,,
KMT-2022-BLG-1790L,1,1,0,0,271.05625,-27.03475,3.71589,-2.58508,6480,,,,,,,,,,,
KMT-2022-BLG-2076L,1,1,0,0,268.051125,-29.0279306,0.66317,-1.2815,5570,,,,,,,,,,,
KMT-2022-BLG-1818L,1,2,0,0,270.798625,-27.4811111,3.21405,-2.60423,5300,,,,,,,,,,,
KMT-2022-BLG-2286L,1,1,0,0,269.16525,-28.8549194,1.30538,-2.03545,7320,,,,,,,,,,,
KMT-2022-BLG-2076L,1,1,0,0,268.051125,-29.0279306,0.66317,-1.2815,5570,,,,,,,,,,,
KMT-2023-BLG-0119L,1,1,0,0,266.8150417,-34.5721889,355.36023,-3.22199,5410,,,,,,,,,,,
KMT-2022-BLG-2286L,1,1,0,0,269.16525,-28.8549194,1.30538,-2.03545,7320,,,,,,,,,,,
KMT-2023-BLG-0119L,1,1,0,0,266.8150417,-34.5721889,355.36023,-3.22199,5410,,,,,,,,,,,
KMT-2023-BLG-0416L,1,1,0,0,266.3240417,-25.0794889,3.255,2.07095,5900,,,,,,,,,,,
KMT-2023-BLG-0416L,1,1,0,0,266.3240417,-25.0794889,3.255,2.07095,5900,,,,,,,,,,,
KMT-2023-BLG-0466L,1,1,0,0,270.61,-33.0029694,358.30698,-5.16404,6800,,,,,,,,,,,
KMT-2023-BLG-0466L,1,1,0,0,270.61,-33.0029694,358.30698,-5.16404,6800,,,,,,,,,,,
KMT-2023-BLG-0469L,1,1,0,0,269.4067917,-28.7150611,1.53257,-2.14871,7070,,,,,,,,,,,
KMT-2023-BLG-0469L,1,1,0,0,269.4067917,-28.7150611,1.53257,-2.14871,7070,,,,,,,,,,,
KMT-2023-BLG-0548L,1,1,0,0,270.347625,-27.10675,3.3426,-2.07105,6830,,,,,,,,,,,
KMT-2023-BLG-0548L,1,1,0,0,270.347625,-27.10675,3.3426,-2.07105,6830,,,,,,,,,,,
KMT-2023-BLG-0735L,1,1,0,0,267.5759583,-29.2029194,0.30059,-1.01404,6390,,,,,,,,,,,
KMT-2023-BLG-0735L,1,1,0,0,267.5759583,-29.2029194,0.30059,-1.01404,6390,,,,,,,,,,,
KMT-2023-BLG-0830L,1,1,0,0,271.6579583,-28.3323111,2.84069,-3.6823,7250,,,,,,,,,,,
KMT-2023-BLG-0830L,1,1,0,0,271.6579583,-28.3323111,2.84069,-3.6823,7250,,,,,,,,,,,
KMT-2023-BLG-0949L,1,1,0,0,263.4194167,-28.0914611,359.32019,2.67086,6060,,,,,,,,,,,
KMT-2023-BLG-0949L,1,1,0,0,263.4194167,-28.0914611,359.32019,2.67086,6060,,,,,,,,,,,
KMT-2023-BLG-1431L,1,1,0,0,271.1835417,-29.7439194,1.40198,-4.00491,6800,,,,,,,,,,,
KMT-2023-BLG-1431L,1,1,0,0,271.1835417,-29.7439194,1.40198,-4.00491,6800,,,,,,,,,,,
KMT-2023-BLG-1454L,1,1,0,0,267.6200833,-29.62275,359.95968,-1.26215,7220,,,,,,,,,,,
KMT-2023-BLG-1454L,1,1,0,0,267.6200833,-29.62275,359.95968,-1.26215,7220,,,,,,,,,,,
KMT-2023-BLG-1642L,1,1,0,0,261.366,-29.0584694,357.51786,3.64468,6980,,,,,,,,,,,
KMT-2023-BLG-1642L,1,1,0,0,261.366,-29.0584694,357.51786,3.64468,6980,,,,,,,,,,,
KMT-2023-BLG-1743L,1,1,0,0,269.16525,-28.8549194,1.30538,-2.03545,7130,,,,,,,,,,,
KMT-2023-BLG-1743L,1,1,0,0,269.16525,-28.8549194,1.30538,-2.03545,7130,,,,,,,,,,,
KMT-2023-BLG-1866L,1,1,0,0,273.48225,-28.4473889,3.509,-5.14684,6210,,,,,,,,,,,
KMT-2023-BLG-1866L,1,1,0,0,273.48225,-28.4473889,3.509,-5.14684,6210,,,,,,,,,,,
KMT-2023-BLG-1896L,1,1,0,0,271.03175,-26.9589194,3.77138,-2.52892,5490,,,,,,,,,,,
KMT-2023-BLG-1896L,1,1,0,0,271.03175,-26.9589194,3.77138,-2.52892,5490,,,,,,,,,,,
KMT-2023-BLG-2209L,1,1,0,0,268.9942083,-29.3056694,0.84018,-2.13238,5570,,,,,,,,,,,
KMT-2023-BLG-2209L,1,1,0,0,268.9942083,-29.3056694,0.84018,-2.13238,5570,,,,,,,,,,,
KMT-2024-BLG-0176L,1,1,0,0,266.5324583,-34.2105806,355.54941,-2.8354,8340,,,,,,,,,,,
KMT-2024-BLG-0176L,1,1,0,0,266.5324583,-34.2105806,355.54941,-2.8354,8340,,,,,,,,,,,
KMT-2024-BLG-0349L,1,1,0,0,261.3715417,-30.2470194,356.533,2.97688,5750,,,,,,,,,,,
KMT-2024-BLG-0349L,1,1,0,0,261.3715417,-30.2470194,356.533,2.97688,5750,,,,,,,,,,,
KMT-2024-BLG-0404L,1,2,0,0,271.1470833,-27.9535,2.95282,-3.10446,7210,,,,,,,,,,,
KMT-2024-BLG-0404L,1,2,0,0,271.1470833,-27.9535,2.95282,-3.10446,7210,,,,,,,,,,,
KMT-2024-BLG-1005L,1,1,0,0,269.8055833,-28.7557806,1.67164,-2.47217,6950,,,,,,,,,,,
KMT-2024-BLG-1005L,1,1,0,0,269.8055833,-28.7557806,1.67164,-2.47217,6950,,,,,,,,,,,
KMT-2024-BLG-1044L,1,1,0,0,271.564,-27.5925806,3.44844,-3.25093,7140,,,,,,,,,,,
KMT-2024-BLG-1044L,1,1,0,0,271.564,-27.5925806,3.44844,-3.25093,7140,,,,,,,,,,,
KMT-2024-BLG-1209L,1,1,0,0,261.6129583,-28.1205611,358.41967,3.9868,3930,,,,,,,,,,,
KMT-2024-BLG-1209L,1,1,0,0,261.6129583,-28.1205611,358.41967,3.9868,3930,,,,,,,,,,,
KMT-2024-BLG-1281L,1,1,0,0,270.169375,-32.71425,358.37804,-4.69999,7180,,,,,,,,,,,
KMT-2024-BLG-1281L,1,1,0,0,270.169375,-32.71425,358.37804,-4.69999,7180,,,,,,,,,,,
KMT-2024-BLG-1870L,1,1,0,0,272.4653333,-26.8828889,4.45871,-3.60993,5480,,,,,,,,,,,
KMT-2024-BLG-1870L,1,1,0,0,272.4653333,-26.8828889,4.45871,-3.60993,5480,,,,,,,,,,,
KMT-2024-BLG-2005L,1,1,0,0,268.4080833,-28.9009806,0.93124,-1.48603,7720,,,,,,,,,,,
KMT-2024-BLG-2005L,1,1,0,0,268.4080833,-28.9009806,0.93124,-1.48603,7720,,,,,,,,,,,
KMT-2024-BLG-2059L,1,1,0,0,270.92975,-28.5681889,2.32202,-3.23785,6070,,,,,,,,,,,
KMT-2024-BLG-2059L,1,1,0,0,270.92975,-28.5681889,2.32202,-3.23785,6070,,,,,,,,,,,
KMT-2024-BLG-2087L,1,1,0,0,268.4500417,-29.2631889,0.63739,-1.70111,7190,,,,,,,,,,,
KMT-2024-BLG-2087L,1,1,0,0,268.4500417,-29.2631889,0.63739,-1.70111,7190,,,,,,,,,,,
KMT-2024-BLG-2242L,1,1,0,0,268.415,-29.5603111,0.36558,-1.82523,7620,,,,,,,,,,,
KMT-2024-BLG-2242L,1,1,0,0,268.415,-29.5603111,0.36558,-1.82523,7620,,,,,,,,,,,
KMT-2025-BLG-0121L,1,1,0,0,267.158375,-23.9988,4.57334,1.98115,6200,,,,,,,,,,,
KMT-2025-BLG-0121L,1,1,0,0,267.158375,-23.9988,4.57334,1.98115,6200,,,,,,,,,,,
KMT-2025-BLG-0481L,1,1,0,0,265.356,-34.37175,354.90301,-2.09133,7980,,,,,,,,,,,
KMT-2025-BLG-0481L,1,1,0,0,265.356,-34.37175,354.90301,-2.09133,7980,,,,,,,,,,,
KMT-2025-BLG-1616L,1,1,0,0,267.778875,-30.1391111,359.58627,-1.64457,7500,,,,,,,,,,,
KMT-2025-BLG-1616L,1,1,0,0,267.778875,-30.1391111,359.58627,-1.64457,7500,,,,,,,,,,,
KOI-12,1,2,0,0,297.4537402,41.0110188,75.49897,7.46967,399.398,2.4753,3.9994855,3.04112,2.59759,11.2535,10.931,11.51,10.461,10.234,10.189,9.201
KOI-12,1,2,0,0,297.4537402,41.0110188,75.49897,7.46967,399.398,2.4753,3.9994855,3.04112,2.59759,11.2535,10.931,11.51,10.461,10.234,10.189,9.201
KOI-1257,2,1,0,0,291.2250888,44.9272918,76.89172,13.31738,656,,16.3901937,-6.7631,-14.9298,14.6419,14.0772,14.818,13.222,12.726,12.579,8.951
KOI-1257,2,1,0,0,291.2250888,44.9272918,76.89172,13.31738,656,,16.3901937,-6.7631,-14.9298,14.6419,14.0772,14.818,13.222,12.726,12.579,8.951
KOI-13,3,1,0,0,286.9713876,46.8682463,77.5059,16.80645,519.096,1.9053,16.381947,-4.40141,-15.7796,10.3678,10.2306,9.791,9.466,9.425,9.386,9.162
KOI-13,3,1,0,0,286.9713876,46.8682463,77.5059,16.80645,519.096,1.9053,16.381947,-4.40141,-15.7796,10.3678,10.2306,9.791,9.466,9.425,9.386,9.162
KOI-134,1,2,0,0,295.586598,45.3649371,78.69759,10.76136,1159.21,0.833862,6.6556348,-2.31576,-6.23977,13.6323,13.2243,13.773,12.628,12.322,12.344,9.434
KOI-134,1,2,0,0,295.586598,45.3649371,78.69759,10.76136,1159.21,0.833862,6.6556348,-2.31576,-6.23977,13.6323,13.2243,13.773,12.628,12.322,12.344,9.434
KOI-142,1,3,0,0,291.1481028,40.669413,72.93478,11.52808,376.863,2.62461,5.0864493,1.1144,4.96287,13.1048,12.5923,13.209,11.882,11.454,11.428,9.299
KOI-142,1,3,0,0,291.1481028,40.669413,72.93478,11.52808,376.863,2.62461,5.0864493,1.1144,4.96287,13.1048,12.5923,13.209,11.882,11.454,11.428,9.299
KOI-1599,1,2,0,0,298.3738383,40.6184483,75.50723,6.67033,1131.64,0.855436,2.3766644,-0.790836,2.24123,14.854,14.3561,14.795,13.631,13.238,12.969,8.947
KOI-1599,1,2,0,0,298.3738383,40.6184483,75.50723,6.67033,1131.64,0.855436,2.3766644,-0.790836,2.24123,14.854,14.3561,14.795,13.631,13.238,12.969,8.947
KOI-1783,1,2,0,0,289.3414629,46.988155,78.27209,15.36009,865.73,1.12637,18.0179028,2.65176,-17.8217,13.9061,13.489,13.978,12.917,12.621,12.567,9.37
KOI-1783,1,2,0,0,289.3414629,46.988155,78.27209,15.36009,865.73,1.12637,18.0179028,2.65176,-17.8217,13.9061,13.489,13.978,12.917,12.621,12.567,9.37
KOI-217,1,1,0,0,294.8654667,46.2858128,79.29221,11.6333,914.699,1.06473,2.5768478,-2.3429,-1.07283,15.1013,14.5787,15.257,13.927,13.469,13.311,9.671
KOI-217,1,1,0,0,294.8654667,46.2858128,79.29221,11.6333,914.699,1.06473,2.5768478,-2.3429,-1.07283,15.1013,14.5787,15.257,13.927,13.469,13.311,9.671
KOI-2513,1,1,0,0,293.6688776,46.3792321,78.99551,12.41248,1369.87,,6.3620088,2.73515,-5.74405,14.809,14.3844,14.913,13.757,13.367,13.345,9.223
KOI-2513,1,1,0,0,293.6688776,46.3792321,78.99551,12.41248,1369.87,,6.3620088,2.73515,-5.74405,14.809,14.3844,14.913,13.757,13.367,13.345,9.223
KOI-3503,1,2,0,0,293.1507654,41.7291532,74.58619,10.6522,887.064,1.09861,22.0853664,-9.91469,-19.7348,13.7744,13.3876,13.831,12.807,12.483,12.462,9.351
KOI-3503,1,2,0,0,293.1507654,41.7291532,74.58619,10.6522,887.064,1.09861,22.0853664,-9.91469,-19.7348,13.7744,13.3876,13.831,12.807,12.483,12.462,9.351
KOI-351,1,8,0,0,284.4334642,49.3051239,79.26947,19.25567,848.254,1.15007,5.432016,-4.37917,-3.21398,13.7397,13.3396,13.883,12.79,12.482,12.438,9.588
KOI-351,1,8,0,0,284.4334642,49.3051239,79.26947,19.25567,848.254,1.15007,5.432016,-4.37917,-3.21398,13.7397,13.3396,13.883,12.79,12.482,12.438,9.588
KOI-3680,1,1,0,0,293.2815266,45.3096572,77.89242,12.17757,921.986,1.05642,12.0589008,-11.5087,-3.60096,14.5027,14.0291,14.616,13.384,13.101,12.996,9.466
KOI-3680,1,1,0,0,293.2815266,45.3096572,77.89242,12.17757,921.986,1.05642,12.0589008,-11.5087,-3.60096,14.5027,14.0291,14.616,13.384,13.101,12.996,9.466
KOI-4777,1,1,0,0,287.2621474,42.0322257,72.95336,14.74734,172.245,5.77722,13.8517616,-2.2114,-13.6741,15.8525,14.7079,16.413,13.221,12.449,12.331,9.438
KOI-4777,1,1,0,0,287.2621474,42.0322257,72.95336,14.74734,172.245,5.77722,13.8517616,-2.2114,-13.6741,15.8525,14.7079,16.413,13.221,12.449,12.331,9.438
KOI-4978,1,1,0,0,286.5907635,38.5582993,69.45751,13.82335,936.341,1.03972,1.6819067,1.51119,0.738319,15.2477,14.6908,15.633,13.99,13.507,13.324,9.19
KOI-4978,1,1,0,0,286.5907635,38.5582993,69.45751,13.82335,936.341,1.03972,1.6819067,1.51119,0.738319,15.2477,14.6908,15.633,13.99,13.507,13.324,9.19
KOI-55,1,2,0,0,296.3561853,41.0927315,75.1612,8.23109,1231.02,0.785017,7.8384452,7.18486,-3.13353,14.9062,15.016,15.154,15.356,15.495,15.438,9.173
KOI-55,1,2,0,0,296.3561853,41.0927315,75.1612,8.23109,1231.02,0.785017,7.8384452,7.18486,-3.13353,14.9062,15.016,15.154,15.356,15.495,15.438,9.173
KOI-7368,1,1,0,0,293.9476365,48.0652589,80.62989,12.99257,264.995,3.7449,3.5473104,2.84572,2.11785,12.8094,12.2288,12.969,11.296,10.794,10.764,9.753
KOI-7368,1,1,0,0,293.9476365,48.0652589,80.62989,12.99257,264.995,3.7449,3.5473104,2.84572,2.11785,12.8094,12.2288,12.969,11.296,10.794,10.764,9.753
KOI-7892,1,3,0,0,282.3775397,44.694569,74.17444,19.02783,1072.3,0.90386,4.1319544,2.8337,-3.00719,14.2165,13.8263,14.411,13.26,12.966,12.945,9.437
KOI-7892,1,3,0,0,282.3775397,44.694569,74.17444,19.02783,1072.3,0.90386,4.1319544,2.8337,-3.00719,14.2165,13.8263,14.411,13.26,12.966,12.945,9.437
KOI-7913,2,1,0,0,286.7485252,45.1587234,75.79314,16.30536,271.277,3.65739,2.6833047,2.49304,0.992409,14.2239,13.4497,14.23,12.274,11.212,10.788,9.022
KOI-7913,2,1,0,0,286.7485252,45.1587234,75.79314,16.30536,271.277,3.65739,2.6833047,2.49304,0.992409,14.2239,13.4497,14.23,12.274,11.212,10.788,9.022
KOI-94,2,4,0,0,297.3330716,41.8911186,76.22605,7.98316,477.052,2.0676,2.3935464,1.9665,1.36453,12.1882,11.7889,12.314,11.218,10.926,10.778,9.546
KOI-94,2,4,0,0,297.3330716,41.8911186,76.22605,7.98316,477.052,2.0676,2.3935464,1.9665,1.36453,12.1882,11.7889,12.314,11.218,10.926,10.778,9.546
KOI-984,1,2,0,0,291.0489438,36.8400772,69.40595,9.90063,252.667,,58.4139074,36.3017,45.7643,,11.517,12.795,10.457,10.016,9.868,8.99
KOI-984,1,2,0,0,291.0489438,36.8400772,69.40595,9.90063,252.667,,58.4139074,36.3017,45.7643,,11.517,12.795,10.457,10.016,9.868,8.99
KPS-1,1,1,0,0,165.167198,64.9638452,140.12745,48.29956,262.706,3.778,39.4033699,-22.3885,-32.425,12.7933,12.212,12.97,11.41,10.931,10.852,9.018
KPS-1,1,1,0,0,165.167198,64.9638452,140.12745,48.29956,262.706,3.778,39.4033699,-22.3885,-32.425,12.7933,12.212,12.97,11.41,10.931,10.852,9.018
Kapteyn,1,1,0,0,77.9586613,-45.0430198,250.56446,-35.97592,3.93305,254.226,8644.9046131,6491.47,-5709.22,8.06198,7.05289,8.86,5.821,5.049,4.921,4.6
Kapteyn,1,1,0,0,77.9586613,-45.0430198,250.56446,-35.97592,3.93305,254.226,8644.9046131,6491.47,-5709.22,8.06198,7.05289,8.86,5.821,5.049,4.921,4.6
Kepler-10,1,3,0,0,285.679298,50.2414842,80.48988,18.81626,185.506,5.36185,45.3461486,-18.3937,41.4481,10.9191,10.4767,11.043,9.889,9.496,9.44,9.403
Kepler-10,1,3,0,0,285.679298,50.2414842,80.48988,18.81626,185.506,5.36185,45.3461486,-18.3937,41.4481,10.9191,10.4767,11.043,9.889,9.496,9.44,9.403
Kepler-100,1,4,0,0,291.3861294,41.9901394,74.22764,11.94515,304.645,3.2537,34.7865814,19.9077,-28.527,11.1293,10.6983,11.055,10.081,9.768,9.729,8.96
Kepler-100,1,4,0,0,291.3861294,41.9901394,74.22764,11.94515,304.645,3.2537,34.7865814,19.9077,-28.527,11.1293,10.6983,11.055,10.081,9.768,9.729,8.96
Kepler-1000,1,1,0,0,286.6854729,47.0981948,77.6531,17.07309,1115.62,0.867489,6.4669742,-4.27186,-4.8552,13.1923,12.8515,13.23,12.319,12.094,12.097,9.478
Kepler-1000,1,1,0,0,286.6854729,47.0981948,77.6531,17.07309,1115.62,0.867489,6.4669742,-4.27186,-4.8552,13.1923,12.8515,13.23,12.319,12.094,12.097,9.478
Kepler-1001,1,2,0,0,286.2739151,48.6186972,79.03209,17.88434,928.978,1.04803,2.8438942,-2.1728,-1.83485,15.3302,14.8154,15.582,14.109,13.662,13.594,9.582
Kepler-1001,1,2,0,0,286.2739151,48.6186972,79.03209,17.88434,928.978,1.04803,2.8438942,-2.1728,-1.83485,15.3302,14.8154,15.582,14.109,13.662,13.594,9.582
Kepler-1002,1,1,0,0,293.0794629,43.073677,75.78378,11.30666,408.303,0.697864,15.1029798,0.3,-15.1,11.6475,11.254,11.821,10.689,10.374,10.313,8.753
Kepler-1002,1,1,0,0,293.0794629,43.073677,75.78378,11.30666,408.303,0.697864,15.1029798,0.3,-15.1,11.6475,11.254,11.821,10.689,10.374,10.313,8.753
Kepler-1003,1,1,0,0,292.0204349,44.8762427,77.09295,12.78677,941.902,1.03299,4.9916336,-2.05734,4.54794,14.0225,13.5821,14.132,12.95,12.623,12.544,8.906
Kepler-1003,1,1,0,0,292.0204349,44.8762427,77.09295,12.78677,941.902,1.03299,4.9916336,-2.05734,4.54794,14.0225,13.5821,14.132,12.95,12.623,12.544,8.906
Kepler-1004,1,1,0,0,297.3593427,49.7975464,83.25836,11.7961,1152.68,0.839382,5.1979227,2.08044,4.76342,13.3998,12.7216,13.705,11.7,11.06,10.996,8.927
Kepler-1004,1,1,0,0,297.3593427,49.7975464,83.25836,11.7961,1152.68,0.839382,5.1979227,2.08044,4.76342,13.3998,12.7216,13.705,11.7,11.06,10.996,8.927
Kepler-1005,1,1,0,0,286.2858998,43.3205085,73.8928,15.91092,567.806,1.7323,17.5000576,-14.6233,9.61307,13.1838,12.7409,13.371,12.091,11.718,11.686,9.019
Kepler-1005,1,1,0,0,286.2858998,43.3205085,73.8928,15.91092,567.806,1.7323,17.5000576,-14.6233,9.61307,13.1838,12.7409,13.371,12.091,11.718,11.686,9.019
Kepler-1006,1,1,0,0,295.7542063,42.5373065,76.22446,9.31915,1081.738,,14.8650065,3.90985,-14.3416,,13.898,14.467,13.053,12.502,12.429,9.234
Kepler-1006,1,1,0,0,295.7542063,42.5373065,76.22446,9.31915,1081.738,,14.8650065,3.90985,-14.3416,,13.898,14.467,13.053,12.502,12.429,9.234
Kepler-1007,1,1,0,0,295.9065297,45.8090893,79.20378,10.77201,365,2.1649228,9.3089548,-4.6058,-8.0897,14.7347,14.0009,14.981,12.94,12.224,12.16,9.527
Kepler-1007,1,1,0,0,295.9065297,45.8090893,79.20378,10.77201,365,2.1649228,9.3089548,-4.6058,-8.0897,14.7347,14.0009,14.981,12.94,12.224,12.16,9.527
Kepler-1008,2,1,0,0,296.5476395,44.9418307,78.64493,9.96408,282.565,3.51014,23.0988293,14.4799,-17.9969,13.379,12.783,13.59,11.93,11.378,11.313,9.238
Kepler-1008,2,1,0,0,296.5476395,44.9418307,78.64493,9.96408,282.565,3.51014,23.0988293,14.4799,-17.9969,13.379,12.783,13.59,11.93,11.378,11.313,9.238
Kepler-1009,1,1,0,0,282.8598614,42.6658336,72.29321,18.00052,355.019,2.79009,17.6633445,-5.51987,16.7787,15.3014,14.3615,15.758,13.192,12.347,12.257,8.892
Kepler-1009,1,1,0,0,282.8598614,42.6658336,72.29321,18.00052,355.019,2.79009,17.6633445,-5.51987,16.7787,15.3014,14.3615,15.758,13.192,12.347,12.257,8.892
Kepler-101,1,2,0,0,283.255507,48.3552474,78.04679,19.67348,927.981,1.04884,6.9361955,0.713214,6.89943,13.5672,13.0805,13.7,12.403,12.011,11.975,9.176
Kepler-101,1,2,0,0,283.255507,48.3552474,78.04679,19.67348,927.981,1.04884,6.9361955,0.713214,6.89943,13.5672,13.0805,13.7,12.403,12.011,11.975,9.176
Kepler-1010,1,1,0,0,289.1926026,44.1493165,75.54157,14.30978,579.273,1.69765,5.1939583,-4.39711,2.76453,14.6875,14.124,14.964,13.293,12.771,12.743,8.732
Kepler-1010,1,1,0,0,289.1926026,44.1493165,75.54157,14.30978,579.273,1.69765,5.1939583,-4.39711,2.76453,14.6875,14.124,14.964,13.293,12.771,12.743,8.732
Kepler-1011,1,1,0,0,297.4015491,46.8239976,80.61187,10.34778,736.779,1.32886,3.0630409,-1.60355,-2.60976,15.2028,14.6226,15.294,13.832,13.361,13.273,9.346
Kepler-1011,1,1,0,0,297.4015491,46.8239976,80.61187,10.34778,736.779,1.32886,3.0630409,-1.60355,-2.60976,15.2028,14.6226,15.294,13.832,13.361,13.273,9.346
Kepler-1012,1,1,0,0,289.2962253,46.4579889,77.75547,15.17668,411.077,2.40375,4.7089753,-2.11391,4.20783,13.3154,12.8119,13.486,12.064,11.664,11.649,9.367
Kepler-1012,1,1,0,0,289.2962253,46.4579889,77.75547,15.17668,411.077,2.40375,4.7089753,-2.11391,4.20783,13.3154,12.8119,13.486,12.064,11.664,11.649,9.367
Kepler-1013,1,1,0,0,290.2481023,44.4352935,76.13159,13.73979,422.246,2.33949,10.6592773,1.80814,10.5048,14.4077,13.7674,14.563,12.881,12.289,12.237,9.259
Kepler-1013,1,1,0,0,290.2481023,44.4352935,76.13159,13.73979,422.246,2.33949,10.6592773,1.80814,10.5048,14.4077,13.7674,14.563,12.881,12.289,12.237,9.259
Kepler-1014,1,1,0,0,285.1219875,44.1105331,74.32695,16.98722,624.8,1.57173,11.8924379,-7.43315,-9.28323,14.6265,14.0956,14.866,13.37,12.898,12.854,9.176
Kepler-1014,1,1,0,0,285.1219875,44.1105331,74.32695,16.98722,624.8,1.57173,11.8924379,-7.43315,-9.28323,14.6265,14.0956,14.866,13.37,12.898,12.854,9.176
Kepler-1015,1,1,0,0,292.7573088,43.4268439,75.99888,11.67457,739.357,1.32423,7.694288,-0.145083,-7.69292,12.7586,12.4222,12.825,11.887,11.684,11.662,9.224
Kepler-1015,1,1,0,0,292.7573088,43.4268439,75.99888,11.67457,739.357,1.32423,7.694288,-0.145083,-7.69292,12.7586,12.4222,12.825,11.887,11.684,11.662,9.224
Kepler-1016,1,2,0,0,294.613689,45.9846265,78.93727,11.65065,1402.82,0.684883,2.6102771,2.33053,1.17566,15.3193,14.841,15.531,14.179,13.728,13.652,9.458
Kepler-1016,1,2,0,0,294.613689,45.9846265,78.93727,11.65065,1402.82,0.684883,2.6102771,2.33053,1.17566,15.3193,14.841,15.531,14.179,13.728,13.652,9.458
Kepler-1017,1,1,0,0,283.469299,40.1325185,69.992,16.65844,552.058,1.78257,16.8623753,-6.63113,-15.5038,14.1153,13.5818,14.315,12.838,12.396,12.3,9.368
Kepler-1017,1,1,0,0,283.469299,40.1325185,69.992,16.65844,552.058,1.78257,16.8623753,-6.63113,-15.5038,14.1153,13.5818,14.315,12.838,12.396,12.3,9.368
Kepler-1018,1,1,0,0,283.5967317,45.4078654,75.19311,18.46206,1010.01,0.961555,5.6215016,5.57498,-0.721719,15.0142,14.517,15.103,13.838,13.373,13.366,9.559
Kepler-1019,1,1,0,0,283.7175909,47.2043818,77.00583,18.99813,194.182,5.12086,18.7627879,3.82676,-18.3684,13.5934,12.8455,13.882,11.767,11.003,10.96,9.432
Kepler-1018,1,1,0,0,283.5967317,45.4078654,75.19311,18.46206,1010.01,0.961555,5.6215016,5.57498,-0.721719,15.0142,14.517,15.103,13.838,13.373,13.366,9.559
Kepler-1019,1,1,0,0,283.7175909,47.2043818,77.00583,18.99813,194.182,5.12086,18.7627879,3.82676,-18.3684,13.5934,12.8455,13.882,11.767,11.003,10.96,9.432
Kepler-102,1,5,0,0,281.4824731,47.2078263,76.48359,20.43475,107.796,9.24784,59.6152716,-41.1425,-43.1425,11.4784,10.8515,12.072,9.984,9.351,9.307,9.033
Kepler-102,1,5,0,0,281.4824731,47.2078263,76.48359,20.43475,107.796,9.24784,59.6152716,-41.1425,-43.1425,11.4784,10.8515,12.072,9.984,9.351,9.307,9.033
Kepler-1020,1,1,0,0,292.672471,46.3772776,78.68313,13.02867,415.358,2.37893,32.2232623,-10.9262,-30.3143,13.9833,13.4392,14.211,12.654,12.15,12.123,9.381
Kepler-1020,1,1,0,0,292.672471,46.3772776,78.68313,13.02867,415.358,2.37893,32.2232623,-10.9262,-30.3143,13.9833,13.4392,14.211,12.654,12.15,12.123,9.381
Kepler-1021,1,1,0,0,295.2048999,42.5596699,76.04997,9.6861,810.082,1.20647,0.9770519,-0.95542,-0.204458,15.1734,14.6172,15.207,13.833,13.332,13.256,9.244
Kepler-1021,1,1,0,0,295.2048999,42.5596699,76.04997,9.6861,810.082,1.20647,0.9770519,-0.95542,-0.204458,15.1734,14.6172,15.207,13.833,13.332,13.256,9.244
Kepler-1022,1,1,0,0,289.3520595,46.9736345,78.26128,15.34767,420.042,2.35234,17.3590315,5.74902,-16.3794,15.3772,14.6155,15.758,13.54,12.821,12.747,9.473
Kepler-1023,1,1,0,0,289.0297232,49.7697034,80.85082,16.63901,694.175,1.41206,7.7872498,-6.42912,-4.39405,14.502,13.9669,14.7121,13.243,12.762,12.716,9.573
Kepler-1022,1,1,0,0,289.3520595,46.9736345,78.26128,15.34767,420.042,2.35234,17.3590315,5.74902,-16.3794,15.3772,14.6155,15.758,13.54,12.821,12.747,9.473
Kepler-1024,1,1,0,0,291.9510277,38.2516419,71.01226,9.89663,1087.4,0.8931,4.2387362,2.03313,-3.71931,16.0064,15.4243,16.272,14.589,14.05,13.828,9.26
Kepler-1023,1,1,0,0,289.0297232,49.7697034,80.85082,16.63901,694.175,1.41206,7.7872498,-6.42912,-4.39405,14.502,13.9669,14.7121,13.243,12.762,12.716,9.573
Kepler-1025,1,1,0,0,284.510214,43.9615628,74.0137,17.34224,803.776,1.21639,20.2099576,4.41598,-19.7216,13.5557,13.1599,13.695,12.572,12.217,12.209,9.401
Kepler-1024,1,1,0,0,291.9510277,38.2516419,71.01226,9.89663,1087.4,0.8931,4.2387362,2.03313,-3.71931,16.0064,15.4243,16.272,14.589,14.05,13.828,9.26
Kepler-1026,1,1,0,0,283.6053012,39.9979286,69.90191,16.51184,351.239,2.81831,13.6848863,6.51088,-12.0368,14.2019,13.5766,14.463,12.686,12.077,12.025,8.978
Kepler-1027,2,1,0,0,287.5711746,42.8138159,73.78894,14.84869,405.104,2.44005,22.8959013,1.02826,-22.8728,12.8401,12.3237,12.994,11.542,11.119,11.082,8.821
Kepler-1025,1,1,0,0,284.510214,43.9615628,74.0137,17.34224,803.776,1.21639,20.2099576,4.41598,-19.7216,13.5557,13.1599,13.695,12.572,12.217,12.209,9.401
Kepler-1028,1,1,0,0,289.5931004,49.7812447,81.00863,16.30795,607.916,1.61619,19.1974309,-1.77496,19.1152,14.3098,13.8156,14.611,13.124,12.63,12.612,9.659
Kepler-1026,1,1,0,0,283.6053012,39.9979286,69.90191,16.51184,351.239,2.81831,13.6848863,6.51088,-12.0368,14.2019,13.5766,14.463,12.686,12.077,12.025,8.978
Kepler-1029,1,1,0,0,292.1328738,41.5474786,74.07265,11.25011,366.656,2.69858,21.2337144,-15.3797,-14.6402,14.3009,13.6699,14.434,12.766,12.169,12.052,9.102
Kepler-1027,2,1,0,0,287.5711746,42.8138159,73.78894,14.84869,405.104,2.44005,22.8959013,1.02826,-22.8728,12.8401,12.3237,12.994,11.542,11.119,11.082,8.821
Kepler-103,1,2,0,0,288.9845512,40.0644857,71.65202,12.75709,494.832,1.9923,8.9361681,-1.24091,-8.84959,12.2466,11.8234,11.883,11.193,10.873,10.849,9.032
Kepler-1030,1,1,0,0,293.6819098,45.8175241,78.48533,12.15345,758.702,1.28989,13.4088408,-0.0614386,-13.4087,15.7163,15.0765,16.003,14.197,13.578,13.578,9.072
Kepler-1028,1,1,0,0,289.5931004,49.7812447,81.00863,16.30795,607.916,1.61619,19.1974309,-1.77496,19.1152,14.3098,13.8156,14.611,13.124,12.63,12.612,9.659
Kepler-1031,1,1,0,0,296.0898796,48.9554121,82.10187,12.13118,682.882,,10.850885,7.61936,7.72574,,13.415,13.877,12.702,12.353,12.317,9.43
Kepler-1032,1,1,0,0,289.9308779,40.0977109,71.99772,12.11568,673.01,1.46227,7.1793177,4.93393,-5.21526,15.7993,15.0697,16.007,13.926,13.301,13.163,9.212
Kepler-1033,1,1,0,0,283.8450963,44.6090251,74.46962,18.01842,1455.5,0.658674,16.1411619,-6.30289,-14.8597,15.9289,15.4256,16.186,14.684,14.283,14.31,9.445
Kepler-1034,1,1,0,0,286.1154093,37.9669464,68.74506,13.92633,654.549,1.49916,11.2644311,5.62938,-9.75692,15.074,14.4941,15.269,13.719,13.158,13.087,8.804
Kepler-1035,1,1,0,0,289.042243,42.8824991,74.30404,13.89008,562.116,1.75296,11.7350307,8.35877,-8.23662,13.0054,12.5364,13.097,11.817,11.416,11.354,9.456
Kepler-1036,1,1,0,0,295.1817093,49.9458172,82.7281,13.10893,489.435,2.01436,9.4728872,8.20088,4.74143,13.7635,13.2609,13.87,12.521,12.124,12.101,9.454001
Kepler-1037,1,1,0,0,296.3410342,47.1709335,80.5711,11.14897,446.914,2.20874,16.3577555,4.25669,15.7942,14.2311,13.6376,14.475,12.821,12.248,12.207,9.052
Kepler-1038,1,2,0,0,298.9721472,44.1323499,78.79138,8.06131,584.136,1.68372,11.6789363,-9.46367,-6.84372,14.8561,14.2427,15.03,13.376,12.782,12.767,9.278
Kepler-1039,1,1,0,0,298.3266169,45.3154212,79.59565,9.04999,306.91,3.22952,19.8973441,4.93279,-19.2762,14.0958,13.4007,14.438,12.424,11.753,11.707,9.253
Kepler-104,2,3,0,0,287.6046621,42.1665104,73.18543,14.56786,400.785,2.46657,52.9133767,4.35566,-52.7338,12.5697,12.1596,12.697,11.558,11.209,11.177,8.657
Kepler-1040,1,1,0,0,283.1137663,48.1312774,77.78923,19.68957,482.119,2.04531,21.7937685,-2.93819,-21.5948,13.3216,12.8535,13.614,12.181,11.772,11.718,9.287
Kepler-1041,1,1,0,0,293.8817361,49.6831419,82.10329,13.74396,1485.82,0.644206,1.527279,0.511582,1.43905,14.4422,14.0013,14.576,13.405,13.034,13.019,9.407
Kepler-1042,1,1,0,0,288.6689428,39.8239935,71.32404,12.87587,659,2.0009509,5.305651,-0.727772,-5.2555,15.6716,15.0147,16.004,14.022,13.368,13.261,8.884
Kepler-1043,1,1,0,0,281.6629579,47.5685927,76.89006,20.43192,903.332,1.07828,5.64605,-3.98131,4.00338,14.7617,14.2929,14.949,13.604,13.195,13.145,9.135
Kepler-1044,1,1,0,0,293.1444017,46.6662155,79.09551,12.86311,1278.96,0.75349,9.8158698,-4.44667,-8.75091,15.3061,14.8575,15.478,14.268,13.903,13.884,9.312
Kepler-1045,1,1,0,0,284.1832668,45.0740897,75.01611,17.95838,942.485,1.03259,5.2150003,-0.600168,-5.18035,15.549,15.0041,15.879,14.249,13.757,13.709,9.472
Kepler-1046,1,1,0,0,296.7558056,46.9982799,80.55238,10.81847,721.534,1.7895442,7.4679977,6.80321,-3.08015,13.2479,12.8029,13.347,12.123,11.73,11.701,9.427
Kepler-1047,1,2,0,0,288.6462564,50.7889645,81.73967,17.25221,817.647,1.19419,11.0136344,-4.81195,-9.90683,13.3291,12.8429,13.46,12.174,11.803,11.736,8.953
Kepler-1048,1,1,0,0,281.8983042,42.1657112,71.53877,18.4911,556.006,1.76982,11.0618722,-7.44419,-8.18224,14.8444,14.1406,15.138,13.131,12.447,12.391,9.406
Kepler-1049,1,1,0,0,287.3469567,47.7729078,78.48205,16.90892,162.006,6.14368,28.6225184,28.1764,-5.03379,14.1559,13.2115,14.695,11.971,11.18,11.096,9.161
Kepler-105,1,2,0,0,287.8872376,46.2761224,77.18475,15.99895,459.223,2.14903,24.2088626,-9.64102,-22.2063,12.8025,12.4008,12.981,11.811,11.503,11.43,8.879
Kepler-1050,1,2,0,0,282.9249847,48.6264015,78.24401,19.96859,490.488,2.00993,4.2743674,1.39422,4.04059,13.0723,12.6439,13.198,12.042,11.717,11.678,9.243
Kepler-1051,1,1,0,0,295.1581062,40.8988186,74.55033,8.93139,829.343,1.17705,6.2998912,1.47598,-6.12455,13.1159,12.7667,13.212,12.221,12.01,11.949,9.204001
Kepler-1052,1,2,0,0,295.34273,46.6022134,79.73343,11.487,943.444,1.03137,4.5678627,-0.532997,-4.53666,14.8614,14.3767,14.932,13.727,13.305,13.293,9.627
Kepler-1053,1,1,0,0,291.4186349,39.1273664,71.61836,10.66077,151.129,6.58796,7.4313548,-0.958282,-7.36931,13.2088,12.4452,13.576,11.334,10.585,10.537,9.391
Kepler-1054,1,1,0,0,290.6011085,44.5563604,76.35333,13.56194,1090.51,0.888327,9.8007537,-6.01471,-7.73809,14.085,13.639,14.143,13.007,12.693,12.677,9.475
Kepler-1055,1,1,0,0,290.4867838,44.932541,76.66971,13.79347,389.397,2.53923,11.6427277,-0.761466,-11.6178,13.0728,12.6031,13.194,11.956,11.569,11.518,9.317
Kepler-1056,1,1,0,0,299.5259832,46.8992561,81.40572,9.12162,982.51,0.989342,1.456651,-1.42143,0.318385,14.5601,14.0208,14.772,13.242,12.827,12.826,9.552
Kepler-1057,1,1,0,0,297.4521311,41.5580816,75.97794,7.74149,1201.82,0.804672,10.7249649,-3.68916,-10.0705,15.6076,15.0859,15.825,14.336,13.924,13.807,9.557
Kepler-1058,1,1,0,0,294.5956256,45.8750556,78.83189,11.61179,491.997,1.1226207,23.6633411,-21.3806,10.1402,15.5037,14.7895,15.869,13.729,13.005,12.927,9.729
Kepler-1059,1,1,0,0,289.2202147,41.7064385,73.25895,13.28303,713.167,1.37405,6.6273246,1.31531,-6.49549,15.4894,14.868,15.785,13.993,13.351,13.41,9.463
Kepler-106,1,4,0,0,300.864006,44.3375497,79.67079,7.00333,444.322,2.22233,7.9713499,7.93494,-0.761017,12.8391,12.4022,12.923,11.752,11.431,11.366,9.187
Kepler-1060,1,1,0,0,286.0252285,39.6309204,70.29069,14.65459,946.565,1.02789,4.9038639,4.59034,-1.7253,14.6366,14.1317,14.827,13.436,12.964,12.768,9.223
Kepler-1061,1,1,0,0,296.2300306,50.2752091,83.34317,12.66062,543.375,1.81152,3.8547435,3.82936,0.441644,13.2037,12.8066,13.319,12.21,11.934,11.902,9.534
Kepler-1062,1,1,0,0,283.8994187,41.221594,71.17442,16.75809,397.455,2.48732,2.3646029,1.70872,-1.63451,14.8053,14.0665,15.095,13.025,12.333,12.162,8.876
Kepler-1063,2,1,0,0,290.5267975,38.1428283,70.40593,10.84999,343.226,,36.2232619,8.44369,-35.2254,,12.034,13.029,11.159,10.793,10.714,9.315
Kepler-1064,1,1,0,0,291.7415821,37.6888103,70.42692,9.78974,374,,33.6747461,-11.4444,-31.6704,13.7409,13.1773,13.958,12.33,11.817,11.662,9.022
Kepler-1065,1,2,0,0,294.511319,38.7904648,72.4343,8.36975,1122.48,0.863893,2.4197865,-0.386872,-2.38866,15.5016,14.9595,15.744,14.178,13.671,13.644,9.429
Kepler-1066,1,1,0,0,298.866621,46.5022325,80.82802,9.31381,344.251,2.87613,9.5176425,9.51733,-0.0771225,13.0239,12.5183,13.115,11.783,11.362,11.344,9.564
Kepler-1067,1,2,0,0,285.3873706,45.0490265,75.31275,17.15588,667.693,1.46897,8.9577147,-6.82662,-5.79982,14.2726,13.7729,14.395,13.105,12.656,12.575,9.261
Kepler-1068,1,1,0,0,294.6481708,46.3923173,79.31892,11.81541,1473.61,0.650755,9.1817533,-0.392504,-9.17336,15.8316,15.3229,16.096,14.638,14.161,14.001,9.289
Kepler-1069,1,1,0,0,290.9792378,47.9889097,79.68402,14.75417,695.967,1.40799,25.4006536,-14.5822,-20.7979,13.098,12.618,13.234,11.945,11.538,11.507,9.473
Kepler-107,1,4,0,0,297.028162,48.2086019,81.72606,11.23255,525.997,1.87249,9.4856073,-9.48017,0.321126,12.4627,12.0146,12.543,11.392,11.06,11.028,9.198
Kepler-1070,1,1,0,0,293.1953923,49.316541,81.56379,13.98632,939.001,1.03612,4.1105946,3.78155,1.61148,13.913,13.5241,14.133,12.956,12.681,12.543,9.736
Kepler-1071,1,1,0,0,293.0579794,45.2487472,77.7651,12.29145,1042.27,0.932442,9.9155918,-2.5336,-9.58644,15.8291,15.234,15.881,14.371,13.775,13.677,9.328
Kepler-1072,1,1,0,0,292.0443891,46.3289723,78.44582,13.39866,982.716,0.988814,9.3299576,-0.782568,-9.29708,13.842,13.4318,13.972,12.852,12.566,12.458,8.946
Kepler-1073,1,3,0,0,294.1527259,38.2330886,71.80378,8.35401,809.897,1.20622,12.1185724,4.7219,11.1608,14.5317,14.032,14.749,13.332,12.924,12.834,8.953
Kepler-1074,1,1,0,0,284.4766869,46.2526781,76.25233,18.18179,250.817,3.95819,30.0793037,18.78,23.4963,15.0056,14.0642,15.599,12.876,12.073,11.951,8.896
Kepler-1075,1,1,0,0,287.5011404,47.4691157,78.22874,16.69848,291.275,3.40576,27.1446442,-3.0229,-26.9758,15.3697,14.429,15.909,13.217,12.415,12.342,9.309
Kepler-1076,1,1,0,0,287.5902594,51.0606047,81.74767,17.97109,199,,8.7438083,6.42452,5.93125,12.9489,12.3078,13.175,11.305,10.664,10.601,9.07
Kepler-1077,1,1,0,0,291.0336333,42.2678448,74.36726,12.30128,1101.42,0.879493,4.3215987,-0.716671,-4.26176,14.9984,14.5244,14.923,13.83,13.496,13.491,9.126
Kepler-1078,1,1,0,0,293.2005664,43.0500379,75.80288,11.21701,2481.71,0.374134,0.4713451,-0.252877,-0.397768,15.6075,15.0868,15.703,14.398,13.932,13.859,9.027
Kepler-1079,1,1,0,0,299.5495794,45.7696769,80.42779,8.53647,591.098,,15.8655393,-3.17404,-15.5448,,12.28,12.78,11.422,11.056,10.882,8.986
Kepler-108,2,2,0,0,294.5589885,46.0623952,78.99024,11.71993,338.732,,,,,13.0843,12.5955,12.657,11.43,10.983,10.946,9.361
Kepler-1080,1,1,0,0,296.4644914,49.1828952,82.42453,12.0197,1382.82,0.694369,2.8398099,-1.49344,-2.4154,13.4086,13.0301,13.486,12.448,12.176,12.128,9.507
Kepler-1081,1,1,0,0,289.444752,41.3179652,72.96906,12.96763,420.215,2.3509,56.6520855,34.4374,44.9836,13.7114,13.1644,13.827,12.388,11.907,11.649,9.39
Kepler-1082,1,1,0,0,289.3586737,50.5984489,81.73423,16.76238,739.557,1.32332,9.2360172,-3.63969,-8.48862,13.3417,12.9171,13.444,12.331,11.97,11.921,9.58
Kepler-1083,1,1,0,0,283.1618831,45.198336,74.87448,18.67704,902.633,1.07961,6.8211877,-3.33135,5.95237,15.8498,15.2485,16.103,14.386,13.815,13.791,9.533
Kepler-1084,1,1,0,0,290.1019809,48.251146,79.68526,15.39583,405.533,2.43758,2.9016195,0.874288,2.76677,12.1577,11.7648,12.015,11.178,10.836,10.794,9.737001
Kepler-1085,1,2,0,0,287.4776359,46.1411685,76.9416,16.20868,1364.53,0.704126,0.1586386,0.155699,0.0303976,15.2469,14.8004,15.273,14.2,13.891,13.858,8.994
Kepler-1086,2,2,0,0,295.251187,45.8429537,79.01712,11.19167,466.084,2.11736,5.0000712,3.61267,-3.45678,15.5551,14.7736,16.002,13.691,12.941,12.866,9.711
Kepler-1087,1,1,0,0,294.9789253,46.0056741,79.07509,11.4348,362.623,2.72911,15.1858033,14.3259,5.03758,12.9007,12.3778,12.973,11.66,11.213,11.143,9.558
Kepler-1088,1,1,0,0,281.5614578,42.4504087,71.73068,18.82283,280.629,3.53461,19.5913041,-0.520072,-19.5844,11.778,11.3685,11.472,10.779,10.476,10.441,8.866
Kepler-1089,1,1,0,0,291.0926509,49.1901729,80.84977,15.17883,259.328,3.82772,28.6411651,-15.6191,24.0075,15.5982,14.5393,16.233,13.255,12.386,12.115,9.275
Kepler-109,1,2,0,0,290.3926795,40.2849074,72.32578,11.87795,474.861,2.07728,13.363584,-7.73709,10.896,12.2955,11.887,12.398,11.314,11.001,10.938,8.613
Kepler-1090,1,2,0,0,295.6629002,44.5258237,77.96982,10.31965,858.77,1.13711,4.0125301,3.58885,1.79459,14.9963,14.4177,15.31,13.596,13.07,13.056,9.656
Kepler-1091,1,1,0,0,299.7854426,43.6707235,78.69106,7.32198,914.299,1.06542,6.4675035,-1.48606,-6.29446,14.7151,14.1958,14.874,13.467,13.059,12.967,9.106
Kepler-1092,1,1,0,0,297.7232008,47.1126833,80.97663,10.29547,981.233,0.990559,10.7252859,6.99209,8.1328,14.6163,14.154,14.659,13.499,13.076,13.038,8.864
Kepler-1093,1,2,0,0,284.9780251,41.4202077,71.68221,16.08105,1072.88,0.90334,6.3046433,4.97543,3.87216,13.8084,13.4199,13.781,12.807,12.484,12.204,9.276
Kepler-1094,1,1,0,0,292.3012109,38.2669983,71.15265,9.6585,1291.01,0.747234,9.7424147,-8.07275,-5.45393,14.9607,14.5067,15.318,13.843,13.542,13.488,9.166
Kepler-1095,1,1,0,0,293.2624215,41.3650155,74.29503,10.41212,792.522,1.23319,17.2030806,-9.8127,-14.13,14.5261,14.0564,14.597,13.332,12.899,12.594,9.239
Kepler-1096,1,1,0,0,294.7094688,45.9695533,78.95465,11.58456,377.976,2.6172,19.3334858,14.3784,12.9246,15.0615,14.2802,15.438,13.175,12.384,12.23,9.654
Kepler-1097,1,1,0,0,281.5941261,42.5963949,71.88436,18.84996,719.802,1.36077,3.1045661,-1.60758,-2.65594,15.2071,14.6412,15.652,13.838,13.252,13.292,9.457
Kepler-1098,1,1,0,0,295.502673,43.2326992,76.75649,9.81139,1049.19,0.924665,18.8459896,-2.19267,-18.718,14.7332,14.2291,14.886,13.479,13.07,13.059,9.477
Kepler-1099,1,1,0,0,288.7499866,48.2771163,79.34112,16.23311,1022.8,0.949177,13.2127615,-2.81137,-12.9102,15.1336,14.6698,15.137,14.097,13.697,13.642,9.107
Kepler-11,1,6,0,0,297.1150949,41.9091092,76.1613,8.13328,646.346,1.51841,7.0692817,-0.0379221,-7.06918,13.7062,13.2366,13.817,12.548,12.18,12.053,9.444
Kepler-110,1,2,0,0,292.9291693,48.6028303,80.82269,13.83649,586.531,1.67638,6.9155663,5.51825,4.16821,12.902,12.5047,13.003,11.919,11.623,11.561,9.74
Kepler-1100,1,1,0,0,291.8713535,44.0873907,76.31734,12.53992,693.618,1.41297,3.321223,2.94045,1.54411,13.8225,13.3971,13.952,12.761,12.456,12.409,9.228
Kepler-1101,1,1,0,0,294.5693544,45.6711623,78.63822,11.53493,742.473,1.31846,19.4864918,-1.47352,-19.4307,15.0958,14.5657,15.156,13.793,13.314,13.279,9.453
Kepler-1102,1,1,0,0,281.3225917,48.0664955,77.31999,20.8037,1246.05,0.773735,6.1932858,5.64669,-2.54395,14.9224,14.4697,14.928,13.838,13.381,13.426,9.298
Kepler-1103,1,1,0,0,287.3821348,49.4524247,80.12419,17.50958,1331.92,0.72188,7.1529434,2.10076,6.8375,14.0732,13.6673,14.294,13.094,12.731,12.742,9.557
Kepler-1104,1,1,0,0,294.4685197,49.3309789,81.9511,13.24667,530.658,1.85697,10.6963443,-0.791765,-10.667,12.0831,11.728,12.125,11.215,10.971,10.92,9.24
Kepler-1105,1,1,0,0,281.1117588,42.4549698,71.6163,19.13655,318.004,3.11593,11.8989702,-1.41947,11.814,15.1422,14.3245,15.315,13.147,12.371,12.164,9.476
Kepler-1106,1,1,0,0,291.1451576,44.0624715,76.06353,12.99985,1090.7,0.888221,15.4302013,-4.04305,-14.8911,14.6276,14.198,14.863,13.6,13.234,13.213,9.270001
Kepler-1107,1,1,0,0,291.049934,39.141674,71.50234,10.92346,428.798,2.30347,6.7335247,3.67366,5.6431,14.1282,13.5378,14.315,12.683,12.152,12.126,9.396
Kepler-1108,1,1,0,0,296.0422962,45.98514,79.40716,10.7715,767.701,1.27418,7.3257882,-6.54605,-3.28883,14.9192,14.3925,15.132,13.686,13.172,13.188,9.068
Kepler-1109,1,1,0,0,291.6462654,39.3966122,71.94353,10.62298,685.087,1.43113,6.309453,5.01874,-3.8238,14.2665,13.7535,14.405,13.055,12.707,12.581,8.824
Kepler-111,1,2,0,0,291.653163,44.6882613,76.80348,12.94056,657.223,1.49272,3.8274465,-1.13782,-3.65441,13.4192,12.9937,13.543,12.412,12.11,12.04,9.055
Kepler-1110,1,1,0,0,291.8080645,38.6226615,71.29732,10.16384,726.828,1.34795,13.8243834,5.95089,-12.478,15.8872,15.2296,16.274,14.319,13.604,13.524,9.372
Kepler-1111,1,1,0,0,295.4634045,45.8127697,79.05989,11.0467,841.536,1.15986,3.0087995,1.92356,2.31361,14.7155,14.2592,14.88,13.6,13.244,13.151,9.41
Kepler-1112,1,1,0,0,296.9687937,47.7514799,81.29698,11.05005,1671.28,0.570006,0.5526952,0.186666,-0.520219,14.5611,14.1915,14.74,13.688,13.397,13.391,9.129
Kepler-1113,1,1,0,0,289.4066969,39.338813,71.11967,12.15552,1073.88,0.902756,3.598147,-2.3541,-2.72119,14.7828,14.2685,14.943,13.552,13.191,12.876,9.127
Kepler-1114,1,1,0,0,299.2370531,45.8347781,80.37328,8.75738,418.417,2.36115,25.3517413,16.2404,19.4669,13.7579,13.2211,13.935,12.438,11.944,11.936,9.093
Kepler-1115,1,1,0,0,294.9917723,40.1443964,73.81762,8.68466,983.245,0.989042,0.4311988,-0.368945,0.223186,11.8822,11.7972,11.983,11.566,11.512,11.472,9.404
Kepler-1116,1,1,0,0,291.9336573,44.1154992,76.36321,12.51187,1008.57,0.963177,7.7615764,3.54623,-6.90408,15.2352,14.7188,15.424,13.974,13.482,13.547,8.968
Kepler-1117,1,1,0,0,292.0847866,49.2374206,81.17194,14.60846,568.487,1.73031,9.1132099,-0.697478,-9.08648,14.1237,13.6112,14.15,12.867,12.463,12.372,9.556
Kepler-1118,1,1,0,0,299.9656619,44.1608805,79.18243,7.46221,888.325,1.09766,7.6174543,-1.92886,-7.3692,14.956,14.3673,15.238,13.505,13.04,12.994,8.846
Kepler-1119,1,1,0,0,297.0191018,44.3274936,78.2628,9.37412,1757.23,0.541166,6.1546297,-2.72939,-5.51633,15.0671,14.5716,15.296,13.864,13.456,13.353,9.402
Kepler-112,1,2,0,0,296.9811361,43.2097025,77.25979,8.85504,513.206,1.91976,25.9514623,22.615,-12.7295,13.7662,13.2739,13.927,12.583,12.155,12.045,9.67
Kepler-1120,1,1,0,0,290.9144516,42.2865522,74.34554,12.3889,615.231,1.59688,12.3195047,-8.13622,-9.25052,15.3045,14.6662,15.494,13.79,13.17,13.135,9.384
Kepler-1121,1,1,0,0,297.7865467,47.8861542,81.68567,10.63302,482.047,2.04577,7.3197582,0.889835,7.26547,12.017,11.6284,12.144,11.076,10.795,10.77,9.067
Kepler-1122,1,1,0,0,288.2805801,46.3408747,77.35651,15.77372,1230.42,0.784081,1.8676772,1.83102,0.368217,15.1025,14.6001,15.405,13.872,13.369,13.324,9.519
Kepler-1123,1,1,0,0,294.5177291,50.6703927,83.20069,13.81149,704.323,1.39116,9.3651135,9.36069,0.287808,14.8069,14.2726,14.933,13.528,13.105,12.906,8.903
Kepler-1124,1,1,0,0,286.5942529,37.8912836,68.83115,13.55031,289.899,3.42133,6.3491246,-0.822298,6.29565,15.9678,14.9389,16.745,13.671,12.826,12.713,9.193
Kepler-1125,1,1,0,0,295.4812018,40.7319316,74.51966,8.6369,2011.41,0.474351,12.9694927,-4.34588,-12.2197,14.8766,14.3949,15.042,13.694,13.243,13.223,9.226
Kepler-1126,1,2,0,0,285.691955,45.6893993,76.01846,17.19133,635.736,1.5442,8.4847444,-7.70325,3.5568,14.0207,13.5888,14.221,12.966,12.534,12.557,9.077
Kepler-1127,1,1,0,0,293.2173563,42.7205846,75.50893,11.05732,842.459,1.1589,26.0741566,-7.57457,-24.9497,15.1325,14.6039,15.162,13.861,13.463,13.38,9.248
Kepler-1128,1,1,0,0,293.063315,39.4034052,72.45315,9.64965,1083.41,0.895523,9.0800298,-1.5118,-8.95329,15.6861,15.134,15.934,14.383,13.896,13.794,9.288
Kepler-1129,1,2,0,0,291.6044965,41.3093275,73.6759,11.49987,1183.88,0.816732,6.6863933,1.72537,-6.45995,15.2572,14.7803,15.661,14.173,13.783,13.663,9.39
Kepler-113,1,2,0,0,287.9978721,50.9441847,81.73182,17.6898,262.351,3.78279,39.3248263,-5.91324,-38.8777,13.4598,12.8077,13.655,11.886,11.255,11.198,9.362001
Kepler-1130,2,3,0,0,285.207421,45.384333,75.59135,17.39614,249.343,3.98189,4.5870063,-4.57443,-0.339436,12.3956,11.8799,12.509,11.137,10.662,10.579,8.819
Kepler-1131,1,1,0,0,295.6514492,49.2612954,82.24447,12.52682,1030.7,0.941726,0.8787473,0.123779,0.869986,14.9375,14.4623,15.01,13.794,13.416,13.438,9.207
Kepler-1132,1,1,0,0,286.3675188,48.4238906,78.86456,17.75645,867.931,1.12379,10.6314046,-3.73412,-9.95405,15.4722,14.9191,15.818,14.167,13.633,13.636,9.401
Kepler-1133,1,1,0,0,293.3224114,42.8674925,75.67795,11.055,753.135,1.29964,5.7429282,-0.536431,5.71782,14.8099,14.2821,14.785,13.596,13.168,13.062,9.109
Kepler-1134,1,1,0,0,295.5678578,42.4781064,76.10545,9.41182,944.445,1.03142,45.5905056,-23.9884,-38.7692,15.8249,15.2509,16.233,14.426,13.881,13.778,9.13
Kepler-1135,1,1,0,0,286.0029904,44.7565551,75.19741,16.64256,1314.64,0.731802,8.3244814,3.85669,-7.37719,14.2953,13.828,14.545,13.161,12.75,12.778,8.953
Kepler-1136,1,1,0,0,284.1078441,44.2458047,74.1828,17.7141,491.406,2.00678,13.9065819,12.5143,-6.06509,15.6422,14.9222,16.037,13.869,13.174,12.997,9.556
Kepler-1137,1,1,0,0,287.1302407,48.665347,79.29328,17.37407,921.778,1.05624,3.5219535,2.07007,-2.84938,12.6907,12.3751,12.827,11.917,11.699,11.618,9.583
Kepler-1138,1,1,0,0,285.8993164,48.307285,78.63308,18.00509,872.328,1.11804,10.6477528,10.5252,-1.61084,15.3357,14.8371,15.885,14.135,13.754,13.663,9.445
Kepler-1139,1,1,0,0,287.9455985,39.2305281,70.5319,13.13621,495.156,1.99085,6.9174988,-2.53926,-6.43459,14.1349,13.5739,14.229,12.748,12.339,12.23,9.339
Kepler-114,1,3,0,0,294.121482,48.3497977,80.94435,13.01505,259.533,3.82424,64.5444001,12.8107,63.2603,13.7125,13.0237,13.961,12.035,11.366,11.305,8.831
Kepler-1140,1,1,0,0,281.6940529,46.946521,76.2677,20.21553,656.48,1.49476,14.3417692,8.23365,11.7428,15.4527,14.8165,15.751,13.946,13.297,13.234,9.006
Kepler-1141,1,1,0,0,290.5436836,47.7259073,79.31186,14.91275,393.642,2.51174,10.807147,9.10035,5.82907,12.3348,11.9066,12.403,11.338,10.966,10.941,9.363
Kepler-1142,1,1,0,0,292.7144796,44.0822816,76.58475,11.99354,1273.51,0.756667,13.0839846,5.03188,-12.0777,14.2783,13.7797,14.505,13.031,12.648,12.582,9.517
Kepler-1143,1,2,0,0,287.302772,39.2896399,70.37703,13.61425,555.189,1.77266,11.6200137,-5.87299,-10.0266,15.1938,14.5709,15.493,13.679,13.075,13.025,8.762
Kepler-1144,1,1,0,0,290.0432936,47.2578857,78.72691,15.03123,1140.57,0.848206,18.4951501,1.8549,-18.4019,14.9125,14.4496,14.943,13.818,13.433,13.268,8.685
Kepler-1145,1,1,0,0,295.3081524,43.0444026,76.52003,9.84769,691.961,1.41711,7.1787081,4.39034,5.67968,15.4499,14.8315,15.471,13.975,13.314,13.189,9.233
Kepler-1146,1,1,0,0,286.716712,47.425658,77.97968,17.17443,703.038,1.39427,12.5294691,10.6082,6.66736,15.8497,15.1732,15.953,14.229,13.518,13.478,9.1
Kepler-1147,1,1,0,0,292.5474753,41.6429221,74.30084,11.01535,1657.36,0.575366,8.4361643,-6.47099,-5.4125,15.3564,14.8752,15.613,14.179,13.877,13.803,9.402
Kepler-1148,1,1,0,0,290.9536059,45.7195545,77.54717,13.82547,625.692,1.56982,6.5863386,5.89195,2.9436,15.2812,14.6597,15.533,13.8,13.201,13.211,9.029
Kepler-1149,1,1,0,0,294.1891824,45.1515263,78.04201,11.53556,1217.73,0.793334,13.1389115,-5.5882,-11.8913,14.9307,14.4314,15.146,13.739,13.301,13.26,9.486
Kepler-115,1,2,0,0,297.7119299,45.261985,79.33273,9.40002,623.609,1.57488,16.4918127,10.7317,12.5224,13.3925,12.9485,13.545,12.315,11.97,11.932,9.404
Kepler-1150,2,1,0,0,296.7244553,49.5326846,82.82162,12.03359,358.518,2.76045,5.6103509,-5.60988,-0.0726875,14.4231,13.7478,14.748,12.789,12.128,12.013,9.311
Kepler-1151,1,1,0,0,292.2477819,47.8784257,79.94816,13.93621,682.436,1.43681,2.8795424,2.26016,-1.78422,14.8569,14.3484,15.005,13.61,13.126,13.112,8.527
Kepler-1152,1,1,0,0,290.4341483,44.1077802,75.8831,13.48156,215.233,4.61727,32.4272471,16.7547,27.7634,14.5976,13.6628,15.31,12.495,11.683,11.582,9.027
Kepler-1153,1,1,0,0,289.1471849,45.86613,77.15097,15.03403,1119.49,0.865136,7.6532284,-2.01024,-7.3845,15.7976,15.2696,15.767,14.46,14.029,14.018,9.146
Kepler-1154,1,2,0,0,297.4771158,39.8772345,74.51592,6.8913,1460.1,0.656697,2.9893452,-1.17572,-2.74843,14.7792,14.3389,14.953,13.706,13.348,,
Kepler-1155,1,1,0,0,288.8206058,39.5228712,71.09401,12.64356,1128.72,0.6585396,7.4770583,1.55817,7.3129,14.7392,14.2522,14.799,13.587,13.184,13.094,8.644
Kepler-1156,1,1,0,0,288.9240901,46.0575865,77.26857,15.2527,691.331,1.41767,10.4667754,5.94473,-8.61473,14.1258,13.6831,14.262,13.05,12.66,12.62,9.656
Kepler-1157,1,1,0,0,283.1209268,43.5255701,73.21026,18.12442,342.144,2.89397,26.326567,-20.753,-16.1988,14.3769,13.682,14.603,12.683,12.015,11.939,9.304
Kepler-1158,1,1,0,0,292.2339048,41.5751832,74.13226,11.19477,1484.25,0.645076,4.0509223,-1.41028,-3.79751,13.5744,13.1628,13.618,12.548,12.271,12.243,9.107
Kepler-1159,1,1,0,0,294.266325,45.2042317,78.11516,11.51112,1213.71,0.795359,18.2116017,-2.38618,-18.0546,14.5451,14.1001,14.678,13.473,13.156,13.111,9.43
Kepler-116,1,2,0,0,294.7420605,43.5367842,76.76629,10.44221,955.168,1.01829,5.5999732,-2.65053,-4.93299,13.6894,13.2931,13.744,12.703,12.383,12.407,9.32
Kepler-1160,1,1,0,0,287.8793899,43.3640752,74.40388,14.86112,1077.63,0.899772,2.4769907,0.628187,-2.39601,15.8003,15.2965,16.006,14.579,14.16,14.049,9.325
Kepler-1161,1,1,0,0,299.0770621,45.4405583,79.97169,8.65569,547.726,1.79771,19.3793528,-8.45246,-17.4389,15.8004,15.007,16.163,13.875,13.141,13.084,9.231
Kepler-1162,1,2,0,0,283.2920273,45.4339813,75.14127,18.67184,940.211,1.03527,27.844152,-13.5625,-24.3178,15.4855,14.9515,15.749,14.178,13.753,13.57,9.554
Kepler-1163,1,1,0,0,290.235863,50.0300654,81.41618,16.02501,478.647,2.06049,2.3174338,-2.13802,-0.894075,12.1183,11.7557,12.208,11.253,10.971,10.927,9.622
Kepler-1164,1,1,0,0,287.5296372,38.8945065,70.0806,13.29173,431.622,2.28804,2.5085694,-0.0068839,2.50856,14.0899,13.5197,14.321,12.719,12.203,12.142,8.424
Kepler-1165,1,2,0,0,286.9712284,44.7082669,75.42234,15.9877,1575.2,0.605918,3.460531,-2.65645,-2.21778,14.3923,13.9708,14.521,13.362,13.07,12.991,9.553001
Kepler-1166,1,1,0,0,290.3484956,50.9028387,82.28058,16.30356,634.906,1.54633,0.1661007,0.13419,-0.0978902,14.466,13.9408,14.65,13.223,12.737,12.701,9.551
Kepler-1167,1,1,0,0,298.3026595,47.6939654,81.68674,10.23657,820.905,1.19075,15.4644749,-10.7911,-11.0771,15.9292,15.2776,16.047,14.327,13.663,13.616,9.294
Kepler-1168,1,1,0,0,287.2977834,47.455488,78.16154,16.82074,752.666,1.3002,15.1278893,10.8336,10.5587,15.6088,15.0158,15.755,14.146,13.686,13.565,9.538
Kepler-1169,1,1,0,0,294.9115874,46.4914718,79.49374,11.69927,522.823,1.88397,4.6376528,3.06618,3.47942,12.6852,12.2748,12.707,11.719,11.409,11.362,9.312
Kepler-117,1,2,0,0,288.7930651,48.040176,79.12533,16.11474,1455.57,0.658131,10.4029148,3.51739,-9.79023,14.2472,13.8478,14.282,13.324,13.011,12.959,9.058
Kepler-1170,1,1,0,0,292.1685422,43.7795963,76.12959,12.21294,1050.45,0.924172,16.279347,-5.04712,-15.4772,15.9093,15.3012,16.204,14.458,13.806,13.915,9.43
Kepler-1171,1,1,0,0,294.9589285,38.5915968,72.42526,7.96784,573,1.7171,4.0547986,1.43646,3.79183,11.4587,11.172,11.647,10.753,10.547,10.519,9.225
Kepler-1172,1,1,0,0,290.4744875,37.7665499,70.04349,10.72143,1306.53,0.737585,6.7060257,-5.69605,-3.53918,15.8463,15.3236,16.083,14.625,14.14,14.174,9.088
Kepler-1173,1,1,0,0,293.1311803,45.6634153,78.16899,12.42904,377.06,2.62328,31.5845975,13.5496,-28.5306,13.8043,13.2177,13.896,12.416,11.884,11.798,9.319
Kepler-1174,1,1,0,0,281.8314296,42.298891,71.65258,18.58354,1408.75,0.680952,2.8362024,-2.71909,-0.806594,14.159,13.7214,14.271,13.151,12.762,12.718,9.396
Kepler-1175,1,1,0,0,289.1426847,46.8129656,78.04933,15.41495,1121.89,0.863916,22.0596803,1.71133,21.9932,15.9163,15.4099,15.972,14.628,14.149,14.157,9.554
Kepler-1176,1,1,0,0,297.919724,45.2742038,79.41623,9.27858,864.699,1.12865,10.4609307,-2.48577,10.1613,15.0496,14.5186,15.27,13.76,13.31,13.301,9.551
Kepler-1177,1,1,0,0,286.6714813,49.4062964,79.90298,17.92352,1299.97,0.740452,2.8999773,2.10907,-1.9904,14.5078,14.0312,14.773,13.35,12.967,12.899,9.598
Kepler-1178,1,1,0,0,288.4561183,45.8022258,76.89169,15.45036,482.287,2.04474,6.6428678,2.90047,5.9762,13.9597,13.3643,14.212,12.323,11.735,11.639,9.34
Kepler-1179,1,1,0,0,284.0974305,47.8104856,77.70078,18.96181,415.205,2.37958,37.1092703,-27.2238,-25.2183,14.0675,13.5109,14.214,12.699,12.189,12.152,9.452
Kepler-118,1,2,0,0,299.2131881,41.4248195,76.53023,6.53422,574.228,1.71289,11.8215815,6.49904,-9.87483,14.7187,14.1203,14.867,13.25,12.711,12.626,9.379
Kepler-1180,1,1,0,0,295.8874773,43.1559952,76.82303,9.52805,1596.8,0.598893,14.3399581,-2.56165,-14.1093,14.9844,14.5287,15.081,13.887,13.521,13.527,9.452
Kepler-1181,1,2,0,0,289.7473165,39.5234131,71.4054,11.99669,938.417,1.03682,8.5415652,0.764207,-8.50731,13.4553,13.1137,13.549,12.606,12.363,12.315,9.461
Kepler-1182,1,1,0,0,296.3079895,43.8213706,77.56359,9.57788,1545.39,0.619142,7.410793,6.06227,4.26248,15.3453,14.8372,15.742,14.11,13.67,13.602,9.698
Kepler-1183,1,1,0,0,292.2324228,38.8921946,71.69328,9.99015,1919.19,0.494531,3.1269829,1.77968,-2.57114,15.8301,15.2699,15.968,14.493,14.006,13.918,9.164
Kepler-1184,1,1,0,0,291.282031,46.9659514,78.81109,14.14281,1157.84,0.835163,9.5981812,-4.11387,-8.67186,14.9314,14.498,14.99,13.866,13.49,13.474,9.576
Kepler-1185,1,1,0,0,287.2411783,39.3326977,70.3975,13.67532,459.273,2.14871,14.6963652,3.04902,-14.3766,12.5524,12.0699,12.63,11.386,10.981,10.967,8.876
Kepler-1186,1,1,0,0,288.4796333,47.1017438,78.14023,15.94461,1337.25,0.719055,3.7528148,-2.64607,-2.66119,15.2673,14.7825,15.367,14.144,13.672,13.667,9.511
Kepler-1187,1,1,0,0,286.8919996,38.3185034,69.33061,13.51035,1020.53,0.951686,8.0766725,1.15029,-7.99434,14.5664,14.1065,14.73,13.507,13.151,13.047,9.39
Kepler-1188,1,1,0,0,283.1038438,43.1480487,72.83394,18.00328,1717.48,0.553261,4.845228,3.72284,3.10108,14.9676,14.5294,14.941,13.921,13.519,13.535,9.161
Kepler-1189,1,1,0,0,298.4264116,47.9468194,81.9521,10.28813,782.852,1.24877,9.4800067,6.99646,6.39688,14.249,13.7562,14.463,13.066,12.675,12.657,9.171
Kepler-119,1,2,0,0,295.9463854,42.6588324,76.40109,9.25285,701.996,1.39619,18.6215814,-7.15026,-17.1941,14.2004,13.6953,14.375,12.997,12.58,12.518,9.483
Kepler-1190,1,1,0,0,284.9996582,49.4799506,79.57519,18.96771,342.509,2.89083,8.4927012,4.68667,-7.08245,14.494,13.8287,14.665,12.862,12.212,12.114,9.539
Kepler-1191,1,1,0,0,291.6577923,48.0092619,79.89817,14.34968,955.536,1.01819,9.7881334,6.34333,-7.45451,15.3125,14.7794,15.319,14.081,13.526,13.527,9.73
Kepler-1192,1,1,0,0,282.1405603,43.8964934,73.31959,18.91752,1304.19,0.738486,13.460085,-1.34018,-13.3932,15.6807,15.1878,15.858,14.493,13.922,14.055,8.899
Kepler-1193,1,1,0,0,288.1447323,51.2756446,82.09102,17.72552,802.116,1.21792,10.3444568,-10.0531,2.43782,13.4208,12.9919,13.577,12.425,12.065,11.961,8.917
Kepler-1194,1,1,0,0,291.6994841,38.1452065,70.8253,10.02508,757.382,0.8357173,14.2863096,-10.6832,-9.48514,14.1034,13.6048,14.31,12.901,12.445,12.454,8.631
Kepler-1195,1,1,0,0,284.3510523,40.8529319,70.94977,16.30468,918.566,1.06088,14.024655,-9.29273,-10.5041,15.9123,15.3039,16.003,14.442,13.712,13.81,8.952
Kepler-1196,1,1,0,0,292.369585,43.9108663,76.31541,12.14041,922.333,1.05577,14.7168678,0.370634,14.7122,14.8324,14.343,15.009,13.647,13.262,13.193,9.351
Kepler-1197,1,1,0,0,291.6693437,42.5907441,74.87347,12.01924,486.94,2.02521,8.947158,6.78281,5.83482,15.1132,14.4234,15.346,13.47,12.814,12.695,9.374
Kepler-1198,1,1,0,0,288.8339659,44.838198,76.08521,14.82277,743.03,1.31727,11.1778134,-1.98472,-11.0002,14.7693,14.2473,14.986,13.483,13.012,12.995,9.313
Kepler-1199,1,1,0,0,293.7258092,47.2469219,79.80955,12.76351,563.493,1.7197799,13.5631058,-4.87138,-12.6581,13.0302,12.6072,13.173,11.965,11.581,11.541,9.234
Kepler-12,1,1,0,0,286.2434458,50.0403671,80.42341,18.40736,881.386,1.1057,4.4483512,3.05287,3.2354,13.3596,12.9614,13.468,12.406,12.066,12.051,9.116
Kepler-120,1,2,0,0,287.8915707,39.3390979,70.61567,13.21918,388.63,2.54441,11.8122105,-10.1829,-5.98639,14.7188,14.0065,14.995,13.019,12.307,12.256,9.254
Kepler-1200,1,1,0,0,296.6034317,44.1292537,77.94098,9.53918,588.715,1.67082,0.8037501,-0.27676,0.754598,15.7889,15.0274,16.06,13.96,13.202,13.154,9.218
Kepler-1201,1,1,0,0,294.6147908,40.8331158,74.29522,9.26258,944.241,1.03091,11.3985817,-6.45451,-9.39505,14.7003,14.227,14.765,13.562,13.157,13.162,8.69
Kepler-1202,1,1,0,0,292.290606,44.6532281,76.97284,12.51696,1175.38,0.822781,4.7158761,2.0761,-4.2343,15.6084,15.0956,15.833,14.348,13.946,13.828,9.471
Kepler-1203,1,1,0,0,292.7734523,44.178088,76.69173,11.99808,317.022,3.1258,11.0516071,11.0439,-0.412665,14.9147,14.0801,15.385,12.861,12.059,12.01,9.32
Kepler-1204,1,1,0,0,289.4415238,42.4981476,74.069,13.46382,1175.22,0.822404,3.7969122,3.77948,0.363419,15.295,14.816,15.45,14.119,13.771,13.777,9.344
Kepler-1205,1,1,0,0,290.2796734,41.5150499,73.42429,12.48421,698.485,1.40312,3.4212768,-2.40985,2.42853,15.1303,14.5479,15.316,13.87,13.262,12.985,9.329001
Kepler-1206,1,1,0,0,295.9383737,49.7911337,82.81438,12.60425,762.019,1.28463,2.6201287,-2.20748,-1.41142,15.9286,15.2659,15.971,14.29,13.742,13.386,9.322
Kepler-1207,1,1,0,0,295.0641963,49.3589615,82.15527,12.91225,1754.19,0.54123,5.2024972,-1.79809,-4.88189,14.4485,13.9921,14.595,13.365,13.017,12.989,9.425
Kepler-1208,1,1,0,0,291.8812445,44.5557587,76.75288,12.73691,825.176,1.18475,2.9276967,1.53065,-2.4957,15.9464,15.3121,16.256,14.42,13.788,13.747,9.268
Kepler-1209,1,1,0,0,287.5849352,49.1547328,79.88527,17.27693,505.531,1.94973,9.7421866,0.550688,-9.72661,12.4115,12.0388,12.554,11.499,11.239,11.208,9.542
Kepler-121,1,2,0,0,286.1621273,39.6780204,70.37852,14.57646,510.523,1.93016,11.0499041,10.9978,1.07181,14.677,14.1155,14.904,13.32,12.796,12.738,9.37
Kepler-1210,1,1,0,0,292.8321598,48.2193376,80.4378,13.72935,1176.53,0.821945,3.9173821,-1.24544,-3.71413,15.566,15.0466,15.649,14.266,13.833,13.831,9.520001
Kepler-1211,1,1,0,0,285.7207618,40.8569116,71.36435,15.34854,1826.53,0.518186,11.7671817,-3.18907,-11.3268,15.8278,15.3535,16.016,14.753,14.318,14.3,9.105
Kepler-1212,1,1,0,0,296.8534096,50.0373196,83.31751,12.19643,1316.57,0.731062,8.6155201,-7.29082,-4.59033,15.0235,14.5562,15.133,13.872,13.565,13.471,9.269
Kepler-1213,1,1,0,0,289.4858423,50.9441967,82.09998,16.82071,807.812,1.20905,5.4593837,2.33707,4.93386,13.342,12.9266,13.416,12.367,11.988,11.965,9.625
Kepler-1214,1,1,0,0,285.1427113,49.8006565,79.92744,18.9896,729.227,1.34295,11.6042975,11.5179,1.4134,15.2226,14.6382,15.459,13.832,13.351,13.195,8.908
Kepler-1215,1,1,0,0,297.4636477,48.1813978,81.84303,10.96452,661.022,1.48405,5.5298545,2.68318,-4.83527,14.4254,13.9003,14.539,13.162,12.714,12.687,9.514
Kepler-1216,1,1,0,0,287.4052661,45.917979,76.70687,16.16963,1258.36,0.766115,10.8912108,-10.5865,-2.55822,15.107,14.6382,15.262,13.97,13.613,13.549,9.451
Kepler-1217,1,1,0,0,289.1866841,50.9375614,82.01835,16.9924,1347.71,0.713438,2.2379739,1.8909,-1.19709,15.2415,14.7909,15.343,14.121,13.807,13.792,9.547
Kepler-1218,1,1,0,0,291.5788505,44.5316825,76.63511,12.92087,840.503,1.16109,19.4818242,-17.6532,-8.24051,13.5511,13.1286,13.73,12.501,12.177,12.127,9.235
Kepler-1219,1,1,0,0,297.2158443,47.3785082,81.04443,10.72541,880.895,1.10685,6.151657,5.74417,-2.20168,12.2321,11.7902,12.339,11.136,10.809,10.738,9.317
Kepler-122,1,5,0,0,291.1118647,39.9490248,72.26222,11.23653,1027.45,0.944664,7.6868732,-2.87907,-7.12734,14.2223,13.7867,14.403,13.173,12.826,12.804,8.736
Kepler-1220,1,1,0,0,297.070398,42.9777396,77.08701,8.68505,961.907,1.01233,5.5614744,4.53642,-3.21728,14.9649,14.4435,15.194,13.706,13.208,13.164,9.56
Kepler-1221,1,1,0,0,285.8223636,45.7118423,76.07529,17.11485,913.65,,9.6667336,2.09782,-9.43636,15.5804,15.0115,15.909,14.117,13.665,13.594,9.423
Kepler-1222,1,1,0,0,294.889616,49.3798215,82.12187,13.02315,415.218,2.3796,13.419514,-0.128369,13.4189,14.0908,13.5242,14.21,12.704,12.187,12.149,9.359
Kepler-1223,1,1,0,0,285.2956462,44.5527542,74.80477,17.03433,459.957,2.14535,17.1831356,-15.8424,6.65421,14.6119,13.9552,14.911,13.055,12.429,12.368,8.676
Kepler-1224,1,1,0,0,286.6257591,37.537313,68.50921,13.3833,559.598,1.75853,3.1530332,2.47914,1.9482,12.825,12.4299,12.926,11.891,11.588,11.561,9.273
Kepler-1225,1,1,0,0,290.6332748,40.1369671,72.27105,11.64822,1347.52,0.713579,8.5580979,-3.78984,-7.67321,14.632,14.2207,14.819,13.664,13.282,13.275,9.345
Kepler-1226,1,1,0,0,296.3768521,50.6214592,83.7023,12.73735,1125.72,0.860293,4.4089436,-3.10827,-3.12689,14.1497,13.7054,14.324,13.068,12.645,12.647,9.483
Kepler-1227,1,1,0,0,287.0664109,41.8749712,72.74433,14.81853,623.706,1.57451,12.2010896,6.99351,9.99787,14.1758,13.6907,14.276,12.963,12.507,12.477,9.394
Kepler-1228,1,1,0,0,296.552761,46.9661945,80.45666,10.92515,515.453,1.91138,50.3022998,-46.4611,-19.2792,14.8612,14.271,15.061,13.383,12.799,12.789,9.355
Kepler-1229,1,1,0,0,297.4868347,46.9966782,80.79418,10.38018,265.482,3.73881,22.0302647,21.6188,-4.23793,15.5104,14.4978,16.124,13.228,12.374,12.212,8.912
Kepler-123,1,2,0,0,296.9985853,42.7819633,76.88818,8.63544,1021.66,0.950448,1.1696933,-0.34831,1.11663,14.0212,13.5949,14.129,12.982,12.655,12.61,8.867
Kepler-1230,1,1,0,0,283.2645129,41.7114526,71.4697,17.37988,1364.22,0.704679,7.5788054,-3.44101,-6.75261,15.2743,14.8144,15.628,14.232,13.915,13.812,9.433
Kepler-1231,1,1,0,0,288.5882888,42.6056644,73.90304,14.08078,987.237,0.984289,9.3467597,-9.16815,-1.8185,14.714,14.2256,14.808,13.55,13.175,13.078,9.209
Kepler-1232,1,1,0,0,296.5500966,49.102307,82.37845,11.93253,632.865,1.55144,10.4434458,10.2173,-2.16156,14.7619,14.2122,14.97,13.451,12.965,12.863,9.211
Kepler-1233,1,1,0,0,297.3750954,46.6622201,80.45898,10.28553,1178.7,0.820419,1.2416108,-1.18071,-0.384085,14.6594,14.2417,14.82,13.594,13.258,13.217,9.06
Kepler-1234,1,1,0,0,287.5220359,51.3759464,82.04089,18.12452,916.749,1.06285,15.0002581,-2.50568,14.7895,15.878,15.2468,15.915,14.354,13.797,13.695,9.434
Kepler-1235,1,1,0,0,284.9030677,43.9540616,74.11429,17.07616,540.604,1.82094,26.7226811,9.09729,25.1265,13.8765,13.3661,14.079,12.631,12.199,12.176,8.767
Kepler-1236,1,1,0,0,295.6247375,42.5458739,76.18608,9.40712,999.64,0.973229,2.9393115,2.53682,-1.48462,15.9248,15.3409,16.145,14.551,14.018,14.002,9.116
Kepler-1237,1,1,0,0,295.6292745,44.6905815,78.10615,10.41831,1064.31,0.912359,6.129054,-1.42436,-5.96125,15.7553,15.1631,16.012,14.326,13.851,13.867,9.554
Kepler-1238,1,1,0,0,297.9057655,40.1628378,74.9302,6.74946,1632.13,0.585003,4.515416,-2.43467,-3.80281,14.7328,14.2804,14.919,13.625,13.259,13.263,8.262
Kepler-1239,1,1,0,0,293.1273357,42.3200578,75.11442,10.93544,2140.6,0.438967,7.9451187,-2.05648,-7.67436,15.3947,14.9355,15.391,14.34,14.354,,
Kepler-124,1,3,0,0,286.7527322,49.0648788,79.5885,17.75101,420.046,2.35187,8.7718998,-8.72374,-0.917925,14.124,13.5711,14.4,12.78,12.233,12.141,9.125
Kepler-1240,1,1,0,0,282.9997682,40.5574322,70.26775,17.14732,862.186,1.13114,9.6590081,6.46809,-7.17358,13.9609,13.4546,14.092,12.759,12.361,12.257,8.744
Kepler-1241,1,1,0,0,294.5762033,38.4569588,72.16176,8.16713,968.722,1.00482,10.6232203,-6.00075,-8.76606,15.669,15.1014,15.886,14.298,13.764,13.796,8.841
Kepler-1242,1,1,0,0,284.6062174,41.196344,71.35665,16.25525,687.615,1.42599,8.0366477,-0.896662,-7.98647,15.4984,14.8528,15.714,13.975,13.343,13.148,9.335
Kepler-1243,1,1,0,0,294.009397,42.8807779,75.92365,10.61295,758.17,1.29057,10.0391835,-10.0391,-0.0409567,14.8331,14.3259,14.898,13.603,13.168,13.163,9.527
Kepler-1244,1,1,0,0,282.3012505,46.5161814,75.97691,19.68291,1075.81,0.900907,3.9145732,-0.15956,-3.91132,12.3234,11.9966,12.444,11.503,11.269,11.253,9.326
Kepler-1245,1,2,0,0,290.7443078,43.260753,75.19259,12.91958,805.936,1.21237,7.1462926,1.75122,-6.9284,15.3721,14.818,15.582,14.001,13.519,13.429,9.129
Kepler-1246,1,1,0,0,287.6572346,48.9822053,79.73595,17.1689,436.505,2.26281,27.932397,-25.0951,12.266,15.0318,14.3396,15.27,13.286,12.59,12.508,9.001
Kepler-1247,1,1,0,0,294.5335974,46.6182365,79.48787,11.98841,1045.92,0.92864,10.7905452,6.17257,-8.85072,15.9013,15.3437,15.925,14.534,14.069,14.029,9.736
Kepler-1248,1,1,0,0,288.0592191,51.3544564,82.1475,17.80411,593.026,,11.4482105,-4.41054,-10.5645,12.9248,12.5261,12.9,11.771,11.449,11.423,9.162
Kepler-1249,1,1,0,0,296.8948517,44.3717429,78.25844,9.47328,1904.54,0.497523,9.774554,-1.74329,-9.61784,15.3518,14.8733,15.391,14.167,13.828,13.782,9.501
Kepler-125,1,2,0,0,298.2581101,47.6050031,81.59299,10.21915,183.365,5.4249,10.6308736,0.659458,10.6104,14.7675,13.7744,15.431,12.484,11.682,11.543,9.046
Kepler-1250,1,1,0,0,287.7938184,45.9802492,76.87489,15.94425,2126.85,0.440291,5.737157,-5.68192,-0.794201,15.5694,15.1009,15.693,14.432,14.008,14.025,9.298
Kepler-1251,1,1,0,0,292.1151093,49.2563792,81.1983,14.59844,902.204,1.08,10.1273376,-3.52672,-9.49343,14.9391,14.4392,15.024,13.724,13.269,13.318,9.103
Kepler-1252,1,1,0,0,298.9503634,46.6928437,81.02454,9.35899,648.979,1.51226,12.51581,6.5259,10.6798,14.4946,13.941,14.743,13.159,12.69,12.642,9.309
Kepler-1253,1,1,0,0,283.8852196,47.6371507,77.47721,19.03753,514.524,1.91487,21.8034806,9.73565,-19.5092,12.4566,12.0249,12.588,11.387,11.016,10.974,8.959
Kepler-1254,1,3,0,0,285.1733174,48.7700099,78.91187,18.61756,622.818,1.577,1.8091524,-0.824874,-1.61016,15.3024,14.7078,15.541,13.866,13.292,13.205,9.62
Kepler-1255,1,1,0,0,295.2392569,42.7264842,76.21133,9.74242,1617.07,0.590994,1.6672428,1.63034,-0.348841,15.199,14.7301,15.308,14.036,13.692,13.608,9.364
Kepler-1256,1,1,0,0,291.4742443,44.6834119,76.74286,13.05333,891.192,1.09336,17.7220972,-4.67887,-17.0933,13.513,13.1133,13.685,12.486,12.234,12.142,8.994
Kepler-1257,1,1,0,0,296.0756231,45.6270165,79.09698,10.58208,1105.95,0.876807,12.883979,-9.39534,-8.81615,15.5124,14.9945,15.644,14.289,13.848,13.844,8.961
Kepler-1258,1,1,0,0,285.4049723,49.9948186,80.18131,18.89697,717.555,1.36485,22.5632876,1.32244,22.5245,13.7847,13.3575,13.929,12.763,12.382,12.312,9.565
Kepler-1259,1,1,0,0,297.8414628,46.9676288,80.88765,10.15452,805.562,1.2131,10.0292858,-8.18094,-5.80162,15.333,14.7354,15.556,13.872,13.28,13.147,8.645001
Kepler-126,1,3,0,0,289.3473634,44.2084445,75.64407,14.23267,237.401,4.18363,23.0479919,11.4791,-19.986,10.454,10.1076,10.505,9.616,9.344,9.316,9.411
Kepler-1260,1,1,0,0,295.5912652,42.5552261,76.18255,9.43327,1734.43,0.548413,1.8102323,0.844547,-1.60115,14.8234,14.3292,14.953,13.603,13.183,,
Kepler-1261,1,1,0,0,285.2324786,48.8066963,78.96242,18.59368,744.294,1.31506,5.568581,0.209732,-5.56463,15.5817,14.9769,15.817,14.109,13.558,13.4,9.199
Kepler-1262,1,1,0,0,288.7718287,42.2131694,73.59131,13.79639,1054.87,0.919613,11.0967179,-0.391771,-11.0898,15.1837,14.71,15.155,14.059,13.629,13.633,9.298
Kepler-1263,1,1,0,0,286.483626,46.7526182,77.26389,17.07331,664.83,1.47547,1.4754558,0.0731778,-1.47364,15.0007,14.43,15.173,13.635,13.08,13.047,8.74
Kepler-1264,1,1,0,0,289.8844102,45.2115075,76.74948,14.29626,801.993,1.21925,2.4582494,0.543477,-2.39742,14.4788,14.0028,14.629,13.305,12.901,12.808,9.38
Kepler-1265,1,1,0,0,284.5858364,47.0795646,77.09588,18.40058,583.641,1.68501,6.8511287,4.34002,5.30115,15.5655,14.8923,16.024,13.939,13.2,13.217,9.304
Kepler-1266,1,2,0,0,285.8693277,42.7279996,73.20234,15.96593,849.312,1.14948,19.6700418,5.13741,-18.9873,15.836,15.2498,16.016,14.388,13.824,,
Kepler-1267,1,1,0,0,299.1695093,43.4410533,78.26219,7.58873,1379.43,0.697575,10.2230908,-4.22323,-9.30999,15.8136,15.2455,15.846,14.411,13.937,13.907,9.189
Kepler-1268,1,1,0,0,287.838419,43.1531776,74.19149,14.80444,1840.77,0.514107,15.6592351,-7.43518,-13.7815,15.2224,14.7874,15.484,14.153,13.764,13.83,9.446
Kepler-1269,1,1,0,0,287.8055442,45.3405371,76.26546,15.68836,1097.23,0.882619,6.0825656,-4.02474,-4.5606,13.5701,13.1423,13.658,12.498,12.218,12.151,9.253
Kepler-127,1,3,0,0,285.1899439,46.0280596,76.21619,17.64003,352.794,2.80577,20.8873926,-1.48131,20.8348,11.4381,11.0567,11.746,10.536,10.234,10.222,8.652
Kepler-1270,1,1,0,0,286.7156676,48.6452552,79.16873,17.62165,1095.05,0.884313,9.5472232,0.200386,-9.54512,13.2851,12.6894,13.562,11.843,11.242,11.173,9.184
Kepler-1271,1,1,0,0,286.3442954,37.4119347,68.29791,13.53624,831.991,1.17358,9.3847595,0.851066,-9.34609,13.8677,13.4436,14.075,12.861,12.503,12.451,8.717
Kepler-1272,1,1,0,0,285.2197605,38.8058393,69.2523,14.9037,1206.37,0.800307,12.8101046,-9.48069,-8.61483,14.3837,13.9037,14.734,13.207,12.888,12.806,9.213
Kepler-1273,1,1,0,0,285.8032016,44.8733983,75.2555,16.81761,1114.24,0.869576,8.7369921,-3.17905,-8.1381,15.796,15.289,16.03,14.615,14.26,14.134,9.252
Kepler-1274,1,1,0,0,284.5936858,46.4497364,76.47638,18.17536,614.648,1.59861,8.1015481,-2.62749,-7.66364,11.6819,11.3006,11.717,10.756,10.454,10.437,9.023
Kepler-1275,1,1,0,0,293.5004955,44.9324455,77.61798,11.8708,1153.98,0.838045,1.6921596,-1.63105,-0.450644,14.4061,13.9869,14.595,13.4,13.062,13.058,9.322
Kepler-1276,1,1,0,0,287.8570173,40.5471909,71.7371,13.73968,538.481,1.8285,3.1839299,-1.41283,2.8533,12.8485,12.4718,12.992,11.923,11.639,11.62,9.065
Kepler-1277,1,1,0,0,295.1025166,40.5723736,74.23928,8.81353,557.193,1.76603,19.1591275,19.0891,-1.63659,14.0928,13.5946,14.306,12.873,12.427,12.371,9.145001
Kepler-1278,1,1,0,0,282.9569197,42.8255589,72.47679,17.99014,889.426,1.09568,9.1934442,0.165191,-9.19196,13.6316,13.2066,13.782,12.625,12.27,12.251,9.217
Kepler-1279,1,1,0,0,288.0955917,40.365909,71.64355,13.49978,1494.22,0.640381,16.9377049,-7.60379,-15.135,13.9318,13.5122,14.137,12.901,12.62,12.549,9.21
Kepler-128,1,2,0,0,282.4922622,43.9802442,73.49392,18.70795,396.379,2.49421,13.3500188,5.94106,11.9552,11.2886,10.9149,11.693,10.373,10.109,10.065,8.951
Kepler-1280,1,1,0,0,293.5738933,45.3844919,78.05474,12.02713,1486.7,0.643883,7.7584919,0.189389,-7.75618,13.9999,13.5852,14.196,12.966,12.602,12.629,9.223
Kepler-1281,1,1,0,0,295.3543571,48.5153932,81.4737,12.35941,1090,0.818645,10.4747487,-6.73477,-8.02267,15.997,15.4577,15.961,14.477,13.929,13.958,9.293
Kepler-1282,1,1,0,0,290.1761688,46.6983036,78.23617,14.72074,1103.29,0.878043,5.8569292,2.47265,-5.30939,15.4921,14.9803,15.707,14.318,13.852,13.859,8.611
Kepler-1283,1,1,0,0,295.4623336,40.7769335,74.55274,8.67095,2921.99,0.314584,9.4586872,-3.82296,-8.65169,15.0697,14.5965,15.269,13.92,13.567,13.472,9.033
Kepler-1284,1,1,0,0,291.2789549,47.6875766,79.48676,14.44622,882.324,1.10517,20.9303197,-4.9826,-20.3286,15.6622,15.0484,15.912,14.162,13.572,13.557,9.239
Kepler-1285,1,1,0,0,281.8353366,44.1558825,73.49975,19.21154,422.269,2.33938,9.6492029,-1.03966,-9.59303,11.6497,11.2755,11.717,10.785,10.484,10.43,9.025
Kepler-1286,1,1,0,0,280.2583709,43.8357433,72.7837,20.17847,1354.46,0.709606,5.5585362,-3.16857,-4.567,15.1425,14.6741,15.278,14.017,13.655,13.619,9.454001
Kepler-1287,1,1,0,0,289.1346298,47.063018,78.28521,15.51923,1003.26,0.968282,1.1087608,-0.623205,0.917042,15.0069,14.5435,15.216,13.925,13.505,13.478,9.482
Kepler-1288,1,1,0,0,285.7135,41.6058799,72.07908,15.64284,814.078,1.4003796,0.6270665,0.287693,0.557176,13.1774,12.799,13.199,12.239,11.959,11.91,9.137
Kepler-1289,1,1,0,0,296.388767,41.040509,75.12712,8.18427,1053.57,0.920716,12.6250742,-6.9872,-10.5153,14.5992,14.1183,14.732,13.439,13.043,12.959,9.426
Kepler-129,1,3,0,0,285.3111845,47.8484775,78.0353,18.21023,408.845,2.41732,27.9746534,-13.2579,-24.6335,11.6437,11.2026,11.809,10.6,10.252,10.208,8.837
Kepler-1290,1,1,0,0,290.6852287,43.8596155,75.73032,13.21299,1593.7,0.599171,8.502854,-4.32574,-7.32028,15.6906,15.1977,15.871,14.505,14.112,14.09,9.020001
Kepler-1291,1,1,0,0,289.3770051,40.0010791,71.72318,12.45793,897.352,1.08646,17.735077,-4.58894,-17.1311,15.8826,15.2879,16.261,14.412,13.893,13.752,9.011
Kepler-1292,1,1,0,0,284.9057222,43.9491434,74.11024,17.07258,1493.43,0.64124,3.3236424,-0.655407,3.25838,15.9483,15.4317,16.337,14.679,14.19,14.145,9.358
Kepler-1293,1,1,0,0,290.0258783,48.3359227,79.74475,15.47621,1028.16,0.943767,6.4386674,-3.21302,-5.57969,13.3004,12.9213,13.377,12.412,12.075,12.054,9.643
Kepler-1294,1,1,0,0,291.2681037,44.4881624,76.49717,13.10236,1855.7,0.510047,4.8943432,2.78946,-4.02163,15.1501,14.6723,15.361,14.021,13.597,13.455,9.507
Kepler-1295,1,1,0,0,291.3978451,45.588553,77.56008,13.48868,1174.46,0.823879,10.7822196,-6.71575,-8.43534,15.9075,15.3568,16.227,14.563,14.092,14.085,9.332
Kepler-1296,1,1,0,0,292.1251038,41.4077928,73.94248,11.19315,1551.54,0.616204,13.7066229,-12.7303,-5.08045,14.6267,14.07,14.934,13.292,12.801,12.762,8.797
Kepler-1297,1,1,0,0,289.9564415,47.0203466,78.47729,14.98902,1439.47,0.665904,11.9856109,-10.9033,-4.97724,14.7821,14.3414,14.867,13.684,13.262,13.321,9.465
Kepler-1298,1,1,0,0,284.4227535,49.1061907,79.06848,19.19561,544.163,1.80906,6.5605553,0.969332,-6.48855,11.3125,10.9561,11.388,10.415,10.149,10.145,8.761
Kepler-1299,1,1,0,0,286.1501263,37.4113438,68.23301,13.67698,1404.94,0.683821,9.5770457,-4.0625,-8.67271,15.9003,15.3678,15.962,14.644,14.191,14.173,9.319
Kepler-130,2,3,0,0,288.4505905,40.2452006,71.64555,13.20337,316.663,3.12921,31.2420788,-13.0739,-28.375,11.8253,11.4096,11.572,10.81,10.49,10.382,9.373
Kepler-1300,1,1,0,0,289.0330532,40.0869182,71.68889,12.73285,777.025,1.25848,8.5511214,5.19817,6.78975,12.7678,12.3466,12.861,11.678,11.383,11.363,9.25
Kepler-1301,1,1,0,0,286.6041816,42.4403309,73.1433,15.35579,854.28,1.14221,4.6008141,2.35127,3.95462,15.3734,14.8068,15.656,13.963,13.469,13.49,9.339
Kepler-1302,1,1,0,0,290.9892462,50.308064,81.88152,15.69368,634.58,1.54718,1.8922936,-1.66887,0.891991,15.0387,14.464,15.172,13.657,13.151,13.039,9.574
Kepler-1303,1,1,0,0,284.287147,42.3555784,72.38708,16.90728,897.783,1.08546,6.6003411,-0.734191,-6.55938,14.6164,14.1321,14.854,13.451,13.086,13.045,9.467
Kepler-1304,1,1,0,0,285.2763652,39.4468274,69.881,15.11355,2176.08,0.429857,10.8752701,-4.34793,-9.9683,15.0446,14.4506,15.408,13.604,13.054,13.012,8.666
Kepler-1305,1,1,0,0,297.3394624,46.3472165,80.16669,10.15481,1575.23,0.607504,8.2369117,2.97828,-7.67962,15.7145,15.1972,15.834,14.493,14.104,14.034,9.472
Kepler-1306,1,1,0,0,294.4783627,46.9458638,79.76901,12.17061,1107.5,0.874581,4.589797,4.06909,2.12338,15.212,14.7178,15.353,14.052,13.631,13.593,9.698
Kepler-1307,1,1,0,0,292.8698348,46.7418679,79.08067,13.06551,1014.62,0.957395,2.2149698,-2.188,0.344597,15.3803,14.916,15.636,14.171,13.878,13.819,9.168
Kepler-1308,1,1,0,0,285.9287514,38.5207097,69.20767,14.28248,112.705,8.84392,62.6788637,-24.5914,-57.6533,14.4744,13.3183,16.4,11.878,11.023,10.862,9.358
Kepler-1309,1,1,0,0,298.7351131,40.7641262,75.77326,6.50778,845,1.0401481,14.4315587,-12.9402,-6.38914,16.1875,15.5302,16.5119,14.141,13.542,13.349,9.043
Kepler-131,1,2,0,0,288.5308924,40.942373,72.3236,13.43665,228.678,4.34425,15.3655751,6.35965,13.9877,11.4904,11.0432,11.493,10.418,10.079,10.024,9.273
Kepler-1310,1,1,0,0,283.9200236,40.7400419,70.71355,16.56523,569.185,1.72822,13.2470707,-2.4084,-13.0263,14.1223,13.6217,14.346,12.912,12.436,12.447,9.425
Kepler-1311,1,3,0,0,289.6512597,43.8244445,75.3761,13.8754,866.331,1.12557,7.0262315,3.19523,6.25767,13.3176,12.86,13.528,12.169,11.825,11.808,9.301
Kepler-1312,1,2,0,0,292.9712801,41.0357494,73.89554,10.45737,299.104,3.31466,9.4664424,8.29013,-4.57026,12.3778,11.9163,12.491,11.323,10.907,10.873,8.708
Kepler-1313,1,1,0,0,292.388582,42.2332767,74.78534,11.38496,174.234,5.7106,4.3210301,1.89433,3.88366,11.7892,11.2692,12.363,10.522,10.088,10.033,8.735
Kepler-1314,1,1,0,0,294.2373599,45.1968274,78.09895,11.52593,141.98685057,7.0429057,132.4019082,-85.87,-100.78,17.1206,15.6205,17.816,14.101,13.22,13.068,9.496
Kepler-1315,1,2,0,0,295.8215678,46.0530562,79.39487,10.93871,480.869,2.05104,17.6278086,17.5891,-1.16756,14.9517,14.273,15.133,13.33,12.684,12.498,9.127
Kepler-1316,1,1,0,0,298.8358277,40.2930714,75.40427,6.20238,800.871,1.21994,17.4727199,-8.80154,-15.094,13.9509,13.4764,14.119,12.807,12.442,12.383,8.642
Kepler-1317,1,1,0,0,291.6118842,42.1159787,74.41823,11.84948,728.303,1.34457,0.5043217,-0.323054,-0.387268,15.2339,14.6369,15.083,13.822,13.309,13.226,9.39
Kepler-1318,1,1,0,0,290.3763246,41.1507928,73.11924,12.26247,475.248,2.07563,12.4020818,6.06004,10.8207,15.2424,14.5384,15.531,13.514,12.767,,
Kepler-1319,2,1,0,0,290.9564463,49.3667933,80.97939,15.33197,103.917,9.59428,135.1196641,53.2159,124.199,14.2218,13.0621,15.161,11.57,10.726,10.558,9.179
Kepler-132,2,4,0,0,283.23581,41.343037,71.10178,17.26662,349.549,,23.6662207,-23.5,-2.8,,11.347,11.922,10.797,10.424,10.383,8.849
Kepler-1320,1,1,0,0,288.4335977,40.3808519,71.76684,13.27142,647.424,1.51664,7.6409005,2.81805,-7.10225,15.9045,15.2148,15.936,14.231,13.658,13.496,9.174
Kepler-1321,1,3,0,0,294.528597,46.6408737,79.5069,12.00174,769.146,1.27528,21.6957043,-4.05021,-21.3143,16.9282,16.0778,17.5054,14.832,13.884,13.77,9.312
Kepler-1322,1,2,0,0,293.2045009,45.4353919,77.98305,12.28194,1350.32,0.712904,3.7786283,-0.601849,-3.73039,15.7753,15.2487,15.876,14.572,14.068,14.075,9.381
Kepler-1323,1,1,0,0,292.8722515,46.098729,78.48806,12.78264,465.417,2.11996,31.7464825,-2.88743,-31.6149,12.344,11.9566,12.444,11.387,11.122,11.087,9.601
Kepler-1324,1,1,0,0,291.1849503,40.3112023,72.61896,11.34565,481.667,2.04769,1.7959192,-1.66307,-0.677882,15.1336,14.4408,15.554,13.472,12.834,12.771,8.893
Kepler-1325,1,1,0,0,285.0171505,42.085312,72.33509,16.30493,973.368,0.998791,15.8473121,-11.7439,-10.6404,15.1289,14.6145,15.311,13.911,13.457,13.431,9.426
Kepler-1326,1,1,0,0,296.222199,39.268942,73.50229,7.43369,698.326,1.40429,7.7825669,7.47415,-2.1692,12.7411,12.4157,12.842,11.952,11.7,,
Kepler-1327,1,1,0,0,289.0648073,50.4609183,81.52687,16.88243,678.069,1.4459,23.5209262,-11.4087,-20.5688,13.8837,13.4317,13.966,12.788,12.374,12.172,9.337
Kepler-1328,1,1,0,0,284.6753857,44.4177225,74.50415,17.39709,813.543,1.20042,7.7617497,-1.07454,-7.68701,13.8033,13.3383,13.969,12.695,12.305,12.282,8.929
Kepler-1329,1,1,0,0,281.6476437,48.2709523,77.59939,20.66047,588.037,1.67244,20.5566833,-14.2266,-14.8385,15.8498,15.1289,15.958,14.168,13.435,13.358,9.328
Kepler-133,1,2,0,0,297.2778906,48.3203542,81.90697,11.13965,653.6,1.50292,11.5401208,-10.2002,5.39725,12.8415,12.3573,12.896,11.68,11.32,11.26,9.48
Kepler-1330,1,1,0,0,290.5767116,39.9568913,72.08629,11.60884,1720.48,0.552647,1.8035428,-0.67958,-1.67061,14.9451,14.4346,15.076,13.757,13.302,13.311,9.09
Kepler-1331,1,1,0,0,297.0737928,41.2244613,75.54375,7.82395,319.197,3.10424,5.074385,4.16009,-2.90569,15.0318,14.2331,15.58,13.084,12.318,12.257,8.969
Kepler-1332,1,1,0,0,291.0286411,43.9137055,75.88873,13.01204,528.685,1.86266,11.7042736,10.0215,6.04645,13.795,13.3031,13.975,12.568,12.122,12.026,8.675
Kepler-1333,1,1,0,0,293.5275797,41.111394,74.15853,10.11879,932.446,1.04501,11.6532365,-6.77245,-9.48324,15.1714,14.6675,15.421,13.886,13.406,13.212,9.455
Kepler-1334,1,1,0,0,289.311532,51.3209059,82.42034,17.06557,1223.04,0.788915,12.1645215,4.907,11.1309,15.171,14.6963,15.461,14.052,13.626,13.61,9.548
Kepler-1335,1,1,0,0,284.8384394,42.0703371,72.26875,16.42227,621.853,1.57956,15.1672171,3.59093,-14.736,15.3037,14.6728,15.248,13.787,13.134,13.156,9.566
Kepler-1336,1,2,0,0,296.2776587,46.8998006,80.30664,11.05935,1126.64,0.859004,12.765006,-6.77248,-10.8203,14.0381,13.5344,14.264,12.819,12.366,12.306,9.362001
Kepler-1337,1,1,0,0,287.0091176,46.7961229,77.44616,16.7555,601.629,1.63392,1.2659235,-0.861279,0.927772,15.8169,15.0883,16.21,14.095,13.294,13.293,9.467
Kepler-1338,1,1,0,0,284.0422701,41.6990348,71.67921,16.83471,753.26,1.29886,21.2063498,-7.20709,-19.9441,13.5742,13.1175,13.699,12.496,12.106,12.086,9.304
Kepler-1339,1,1,0,0,283.7457695,48.373469,78.17886,19.37193,371.049,2.66794,18.0777016,-14.5359,10.7476,12.1235,11.6969,12.344,11.026,10.627,10.586,9.107
Kepler-134,1,2,0,0,284.7391156,49.5984448,79.63268,19.16689,334.797,2.95812,19.1886473,12.8889,14.2155,12.2219,11.8216,12.318,11.26,10.951,10.893,9.41
Kepler-1340,1,1,0,0,296.2328099,42.4727965,76.33824,8.97851,981.779,0.990413,2.6012357,2.57396,0.375709,14.7546,14.2772,15.003,13.563,13.24,13.172,9.507
Kepler-1341,2,1,0,0,280.5116813,44.1593503,73.17245,20.10976,476.957,2.06794,7.3339534,-6.8529,-2.6124,15.0181,14.3157,15.356,13.285,12.636,12.617,8.774
Kepler-1342,1,1,0,0,297.0200549,43.4325382,77.47076,8.93878,890.724,1.09517,4.7043161,-0.531015,-4.67425,15.3835,14.8048,15.726,13.971,13.531,13.374,9.55
Kepler-1343,1,1,0,0,294.294483,50.725385,83.18755,13.96267,1756.71,0.540401,1.6914331,-0.798515,1.49108,15.5297,15.0676,15.617,14.484,13.989,14.015,9.148
Kepler-1344,1,1,0,0,287.0862799,46.9457998,77.61173,16.76274,853.959,1.14228,7.1711826,-0.0383658,-7.17108,14.0269,13.6036,14.192,12.961,12.633,12.641,9.024
Kepler-1345,1,1,0,0,292.4779428,46.022821,78.29545,12.99564,1355.02,0.709146,3.2738748,-1.46016,-2.93022,13.705,13.3496,13.775,12.802,12.563,12.243,9.471
Kepler-1346,1,1,0,0,291.841341,45.179185,77.31702,13.03191,843.701,1.15658,5.9811973,5.34773,2.6789,14.462,14.0213,14.625,13.392,13.107,13.003,8.945
Kepler-1347,1,1,0,0,299.6595903,40.8438526,76.20242,5.94739,321,,5.4283021,1.96026,-5.062,13.4122,12.8483,13.557,12.028,11.486,11.412,9.311
Kepler-1348,1,1,0,0,292.0874126,49.788709,81.69041,14.83753,1213.82,0.795085,8.3182966,-5.71611,-6.04319,14.6789,14.2432,14.871,13.618,13.242,13.193,9.253
Kepler-1349,1,1,0,0,286.3385562,48.7442697,79.17135,17.88953,276.323,3.59023,45.0160895,22.3029,39.1028,11.0821,10.6625,11.209,10.072,9.761,9.733,9.445
Kepler-135,1,2,0,0,290.4950939,38.7954956,70.9923,11.15868,621.855,1.5798,6.4882142,-2.43067,6.01571,12.6789,12.2969,12.794,11.722,11.456,11.422,9.284
Kepler-1350,1,2,0,0,288.250611,46.6794847,77.67236,15.92459,340.691,2.90756,24.6960217,3.72878,-24.4129,16.2331,15.2275,16.577,13.989,13.122,13.042,9.5
Kepler-1351,1,1,0,0,293.6084289,42.1978746,75.16841,10.56275,202.782,4.90251,61.027892,-48.2772,37.3325,14.0866,13.3387,14.328,12.225,11.47,11.425,9.523
Kepler-1352,1,1,0,0,290.6937988,48.7014417,80.27666,15.21888,670.829,1.46181,13.5925037,10.5596,-8.55868,13.2495,12.8384,13.338,12.25,11.919,11.869,9.421
Kepler-1353,1,1,0,0,295.7353911,42.5762317,76.25245,9.34988,593.384,1.65711,8.2373521,8.15372,-1.17082,15.5059,14.8153,15.734,13.85,13.141,13.124,9.241
Kepler-1354,1,1,0,0,291.2451266,37.7590079,70.31149,10.1721,1119.45,0.864732,12.0215695,-6.35181,-10.2065,14.3687,13.9236,14.59,13.252,12.858,12.765,9.078
Kepler-1355,1,1,0,0,283.7414249,49.0679833,78.8733,19.60386,911.269,1.06907,1.6205966,-1.61824,-0.0873642,15.452,14.9108,15.595,14.18,13.748,13.646,9.411
Kepler-1356,1,1,0,0,290.9953825,43.2438792,75.25718,12.74707,845.228,1.15512,15.2050445,6.29027,-13.8429,15.7195,15.1311,15.887,14.268,13.734,13.583,8.912
Kepler-1357,1,1,0,0,291.5480665,50.3532584,82.07475,15.38605,1015.69,0.95603,11.8579888,-2.89686,-11.4987,15.2205,14.7317,15.322,14.05,13.612,13.6,9.342
Kepler-1358,1,1,0,0,286.1705469,43.0089,73.56001,15.86929,546.998,1.79947,1.5857058,-0.482141,-1.51063,14.5403,13.9852,14.693,13.22,12.656,12.45,8.926
Kepler-1359,1,1,0,0,289.538818,41.8928154,73.53491,13.14527,614.859,1.59854,5.4957382,-3.67303,4.08803,15.7534,15.0669,15.987,14.042,13.43,13.4,9.355
Kepler-136,2,2,0,0,296.4673039,42.5987984,76.53433,8.8879,420.818,2.34776,3.4480292,-2.0911,2.74157,11.7544,11.3668,11.822,10.804,10.519,10.466,8.728
Kepler-1360,1,1,0,0,300.3440482,45.6231826,80.58703,7.98461,1516.27,0.630932,9.4211548,-5.26823,-7.8105,13.8804,13.4615,14.007,12.854,12.547,12.449,7.804
Kepler-1361,1,1,0,0,283.5653603,46.9042278,76.67,18.9943,389.143,2.54086,11.0353324,8.11222,-7.48134,13.9169,13.3359,14.096,12.514,11.98,11.931,9.324
Kepler-1362,1,1,0,0,288.5385574,40.8771276,72.26499,13.4044,731.298,1.33936,6.2727858,-1.92559,5.96992,15.8246,15.1541,16.05,14.208,13.628,13.546,9.384
Kepler-1363,1,1,0,0,296.9964872,49.2563228,82.65749,11.74736,541.714,1.8174,24.5618713,-9.91165,-22.4732,15.2923,14.6239,15.454,13.665,12.959,12.949,8.948
Kepler-1364,1,1,0,0,295.1521334,49.5876179,82.3911,12.96444,1056.9,,7.1192855,-6.74521,-2.27736,13.1858,12.8684,13.196,12.346,12.143,12.086,8.957
Kepler-1365,1,2,0,0,292.1996573,42.0459944,74.55066,11.42713,840.128,1.16159,22.986731,-10.5479,-20.4238,13.3798,12.9078,13.417,12.251,11.857,11.766,9.264
Kepler-1366,1,1,0,0,285.0648845,41.5548464,71.83754,16.07181,465.826,2.11896,9.1904647,-5.72885,-7.18644,15.8887,14.9436,16.685,13.772,12.961,,
Kepler-1367,1,1,0,0,288.4166786,47.8787308,78.86875,16.2847,401.484,2.46234,20.0459967,19.7941,3.1679,15.5576,14.7171,16.012,13.513,12.704,12.641,9.453
Kepler-1368,1,1,0,0,294.7669795,41.6446434,75.07597,9.54253,1635.82,0.586022,3.8582587,0.0804436,-3.85742,15.8729,15.3613,15.914,14.701,14.388,14.112,9.477
Kepler-1369,1,1,0,0,285.7972604,40.9361923,71.46339,15.32601,1236.56,0.7802,3.413898,1.9908,2.77334,15.3498,14.8613,15.621,14.199,13.788,13.736,9.256
Kepler-137,1,2,0,0,282.1355875,43.0391951,72.46721,18.62824,302.979,3.27176,27.5949809,14.3267,23.5845,12.9414,12.4081,13.063,11.65,11.165,11.131,9.276
Kepler-1370,1,2,0,0,284.5656897,41.7784781,71.90739,16.50143,1004.1,0.967127,3.4558155,2.02441,2.80079,13.6743,13.2588,13.718,12.681,12.349,12.178,8.896
Kepler-1371,1,2,0,0,288.8314251,47.5519753,78.66806,15.9007,515.334,1.91179,6.5621062,4.46309,-4.81062,13.8344,13.3037,14.018,12.536,12.052,11.999,9.613
Kepler-1372,1,1,0,0,288.8865895,44.8394672,76.10194,14.78911,1303.22,0.738946,17.9423775,-5.65655,-17.0274,15.3493,14.8591,15.667,14.113,13.718,13.724,9.546
Kepler-1373,1,1,0,0,285.7520229,39.2491731,69.84201,14.69768,1699.46,0.559563,7.7509606,-4.87571,-6.02535,14.0717,13.6801,14.328,13.121,12.789,12.798,9.475
Kepler-1374,1,1,0,0,291.3499783,45.1722521,77.15811,13.34189,1078.46,0.899368,6.4973802,-1.11117,-6.40166,15.93,15.3944,15.991,14.649,14.129,14.177,8.906
Kepler-1375,1,1,0,0,296.2935173,43.4032189,77.18644,9.38662,1430.84,0.670294,11.0886547,-4.16777,-10.2756,13.7103,13.2891,13.864,12.66,12.362,12.3,9.473
Kepler-1376,1,1,0,0,286.9584368,42.541409,73.34563,15.15491,868.056,1.12332,1.5482143,-1.4313,0.59021,14.6721,14.1768,14.792,13.444,13.072,13.046,8.979
Kepler-1377,1,1,0,0,289.1954229,46.6516055,77.91073,15.31757,1146.1,0.844673,12.5263873,-5.06547,-11.4565,15.8887,15.3427,15.857,14.319,13.984,13.672,8.32
Kepler-1378,1,1,0,0,297.373403,40.3663986,74.90403,7.20309,506.434,1.94764,12.035693,11.3372,4.04052,16.0538,15.2514,16.5497,14.085,13.328,,
Kepler-1379,1,1,0,0,293.6704404,41.4102105,74.47828,10.16065,971.325,1.00331,10.2923884,-1.56051,-10.1734,15.8526,15.2626,16.107,14.406,13.8,13.699,9.124
Kepler-138,1,4,0,0,290.3814122,43.2930645,75.10743,13.17249,66.8624,14.9272,30.6516252,-20.5991,22.698,12.4715,11.5177,13.04,10.293,9.506,9.378,9.384
Kepler-1380,1,1,0,0,288.1160421,42.4403832,73.60145,14.33173,2462.94,0.375361,8.4936084,-2.80799,-8.01602,15.6136,15.0806,15.816,14.31,13.883,13.882,9.402
Kepler-1381,1,1,0,0,287.5357911,48.727783,79.45768,17.14845,1197.04,0.806839,1.2207471,0.3468,-1.17045,15.4776,15.0047,15.579,14.439,14.022,13.953,9.594
Kepler-1382,1,1,0,0,295.3774182,39.0480365,72.98747,7.90013,738.261,1.32903,6.3674265,5.59701,3.03605,12.7575,12.3259,12.857,11.681,11.359,11.243,9.154
Kepler-1383,1,1,0,0,297.9447714,42.1918449,76.71693,7.73748,1027.21,0.945245,6.2588915,-2.33371,-5.80754,13.7077,13.2806,13.832,12.65,12.319,12.267,8.97
Kepler-1384,1,1,0,0,296.2151275,39.5270248,73.72695,7.56416,618,,21.5573249,-21.3017,-3.30996,15.446,14.8005,15.7578,13.786,13.074,12.858,9.439
Kepler-1385,1,1,0,0,282.6313559,46.481022,76.02087,19.45674,688.795,1.42367,12.0115527,-5.33146,-10.7635,12.8443,12.3751,12.947,11.724,11.361,11.327,8.932
Kepler-1386,1,1,0,0,280.8233646,42.6360518,71.7217,19.39739,835.882,1.16761,6.8674444,-0.54794,6.84555,14.4168,13.9202,14.597,13.211,12.87,12.799,9.336
Kepler-1387,1,1,0,0,292.4403029,43.2093456,75.69521,11.78455,455.358,2.16738,20.5153613,-10.2082,-17.7953,14.5804,13.9551,14.727,13.06,12.514,12.38,9.452
Kepler-1388,1,4,0,0,283.3360156,47.1744499,76.88378,19.2323,453.795,2.17549,16.9319994,-7.31509,-15.2703,16.2941,15.3574,16.43,14.222,13.343,13.269,8.974
Kepler-1389,1,1,0,0,285.7174414,44.7583487,75.1203,16.83141,497.093,1.98294,13.5664934,1.48839,-13.4846,14.6836,14.0971,14.896,13.247,12.696,12.683,9.423
Kepler-139,1,5,0,0,282.3919451,43.8894167,73.37771,18.74477,391.038,2.52874,17.1613847,5.402,16.289,12.677,12.1994,12.775,11.53,11.167,10.89,8.868
Kepler-1390,1,1,0,0,298.6624419,48.2488659,82.29819,10.29931,723.431,1.35373,21.6521087,10.5891,18.8861,14.4022,13.8982,14.558,13.178,12.764,12.739,9.403
Kepler-1391,1,1,0,0,294.8309749,46.6595768,79.62052,11.82546,1038.35,0.934364,7.2782005,-7.07442,-1.7102,13.8283,13.3625,13.906,12.726,12.366,12.317,9.627
Kepler-1392,1,1,0,0,288.7669819,46.3944497,77.54455,15.4861,1117,0.2052235,1.6933943,1.69297,0.0379037,15.6665,15.1696,15.963,14.403,13.939,13.936,9.45
Kepler-1393,1,1,0,0,284.4594558,40.1424756,70.29718,15.96037,544.456,1.5681302,18.046065,-0.337968,-18.0429,13.3324,12.8778,13.476,12.226,11.816,11.783,8.844
Kepler-1394,1,1,0,0,283.4532068,45.0840729,74.836,18.44477,640.409,1.53281,14.0296445,4.05353,-13.4313,11.7144,11.3915,11.714,10.948,10.679,10.662,9.363
Kepler-1395,1,1,0,0,292.3374945,47.6641732,79.77512,13.79022,492.894,2.00043,7.0422352,-4.70283,-5.2418,12.536,12.1431,12.632,11.574,11.29,11.248,9.515
Kepler-1396,1,1,0,0,294.3363936,44.9182296,77.87852,11.33663,1066.46,0.909095,16.7986466,-5.96928,-15.7023,14.5271,14.0852,14.691,13.492,13.173,13.101,9.421
Kepler-1397,1,1,0,0,299.6758812,47.0758234,81.61237,9.12251,1198.25,0.805976,3.7836825,1.54717,-3.4529,14.0909,13.6016,14.324,12.849,12.468,12.441,9.494
Kepler-1398,1,2,0,0,294.8661073,48.6389923,81.43624,12.70334,852.204,1.14464,10.5370393,-10.537,0.0287962,13.6605,13.2482,13.752,12.695,12.355,12.305,9.526
Kepler-1399,1,1,0,0,293.3116962,46.0416516,78.57331,12.48383,1385.7,0.693543,8.7340771,0.047128,-8.73395,15.5074,15.01,15.572,14.295,13.929,13.729,9.432
Kepler-14,2,1,0,0,287.708814,47.33305,78.15286,16.51686,798,,,,,,11.636,12.003,11.202,10.988,10.96,9.388
Kepler-140,1,2,0,0,287.3694056,46.7681473,77.51619,16.51644,583.859,1.68406,19.5239392,-10.475,-16.476,12.9412,12.5558,13.018,11.989,11.709,11.682,8.777
Kepler-1400,1,1,0,0,286.2716827,45.4408055,75.93397,16.7223,752.237,1.30113,4.3674037,3.11181,3.06445,15.7129,15.1083,16.067,14.26,13.768,13.539,9.265
Kepler-1401,1,1,0,0,287.4660334,40.75842,71.81174,14.09655,1425.43,,4.9304355,0.929848,-4.84196,14.9721,14.5208,15.224,13.871,13.539,13.462,8.95
Kepler-1402,1,1,0,0,291.8478341,48.9681664,80.85211,14.63665,1493.64,0.640641,8.0774938,-0.546578,8.05898,14.6083,14.0647,14.78,13.31,12.862,12.817,9.372
Kepler-1403,1,1,0,0,290.8676391,38.9600779,71.27274,10.9704,2163.9,0.433661,11.1813442,-4.1781,-10.3714,15.5907,15.1547,15.713,14.559,14.201,14.299,9.381
Kepler-1404,1,1,0,0,296.0094827,50.4983929,83.4802,12.88805,962.183,1.01226,7.1802922,5.32251,4.81949,15.7029,15.1355,15.931,14.315,13.756,13.761,9.482
Kepler-1405,1,1,0,0,295.6848822,39.2561274,73.28745,7.79131,1530.3,0.626845,3.7320245,3.44314,-1.43972,15.8175,15.3042,16.028,14.583,14.237,14.179,9.116
Kepler-1406,1,1,0,0,292.0818824,38.9149472,71.6601,10.10494,572.403,0.8039933,11.8447891,-0.828191,-11.8158,13.3819,12.9484,13.39,12.227,11.88,11.81,9.317
Kepler-1407,1,1,0,0,283.9424274,41.4715535,71.42953,16.8203,1396.41,0.687467,4.5883532,2.72981,-3.68797,14.8925,14.4251,15.023,13.848,13.489,13.36,9.428001
Kepler-1408,1,1,0,0,282.6998783,45.4257884,74.98391,19.05989,535.048,1.84034,8.0005615,-7.73957,2.02683,11.9622,11.5719,12.124,10.976,10.694,10.651,8.895001
Kepler-1409,1,1,0,0,290.0847389,51.2086144,82.50635,16.57577,694.89,1.4104,3.4040539,-3.07225,1.4659,15.172,14.5815,15.391,13.775,13.248,13.201,9.298
Kepler-141,1,2,0,0,297.9707271,47.7316041,81.60929,10.44986,301.183,3.29135,25.5585449,-20.1218,-15.7592,13.4205,12.8049,13.624,11.955,11.393,11.323,8.745
Kepler-1410,1,1,0,0,290.5102933,38.743501,70.94994,11.12526,367,,5.9,-2.8,-5.2,15.9484,15.095,16.319,13.586,12.767,12.656,8.351
Kepler-1411,1,1,0,0,286.3615236,42.9638889,73.57259,15.72302,1660.48,0.573312,6.4514263,-6.35066,-1.13579,15.7709,15.316,15.945,14.686,14.237,14.305,9.06
Kepler-1412,1,1,0,0,292.1801539,49.202481,81.1662,14.53726,755.678,1.29452,8.4006106,4.11566,7.32336,13.1928,12.7581,13.347,12.146,11.774,11.723,9.224
Kepler-1413,1,1,0,0,294.3416065,46.4987624,79.31782,12.05195,1167.49,0.830047,4.259251,-4.23129,-0.487241,16.2846,15.6847,16.473,14.821,14.224,14.115,9.182
Kepler-1414,1,1,0,0,284.9285796,42.4223085,72.63515,16.49202,570.835,1.72319,1.4240237,1.39656,0.278323,14.8607,14.2489,14.989,13.361,12.734,12.767,9.091
Kepler-1415,1,1,0,0,285.1568015,47.8732512,78.02145,18.31592,1043.56,0.930226,18.4906089,-7.54415,-16.8816,15.7209,15.1438,15.937,14.39,13.951,13.804,9.459
Kepler-1416,1,1,0,0,298.6634624,43.8940593,78.47057,8.13334,949.59,1.02457,5.7894248,-3.15624,-4.85341,14.226,13.6973,14.369,12.942,12.537,12.487,9.441
Kepler-1417,1,1,0,0,290.9498966,40.605197,72.80866,11.63523,991.845,0.979545,4.5385966,-1.27547,-4.35569,13.8576,13.3932,14.038,12.714,12.339,12.266,9.327
Kepler-1418,1,1,0,0,282.9975322,41.67859,71.36235,17.55405,499,,,,,15.2813,14.6069,15.461,13.407,12.755,12.667,9.465
Kepler-1419,1,1,0,0,292.2545917,37.971376,70.86873,9.55665,1498.58,0.6402,9.2315249,-7.58513,-5.26183,15.7181,15.2085,15.96,14.507,14.081,14.074,8.751
Kepler-142,1,3,0,0,295.1190067,48.4813635,81.36992,12.48273,548.686,1.79369,21.1735632,13.3902,16.4019,13.197,12.7501,13.277,12.092,11.762,11.709,8.981
Kepler-1420,1,1,0,0,296.2038586,42.7778165,76.59871,9.14384,1054.37,0.92243,11.1235003,11.0267,-1.46429,15.8488,15.2453,15.894,14.396,13.76,13.84,8.884
Kepler-1421,1,1,0,0,286.5806115,48.5442312,79.03594,17.66824,783.401,1.24785,11.9969827,0.188612,11.9955,12.7261,12.3584,12.868,11.839,11.554,11.518,9.07
Kepler-1422,1,1,0,0,293.8902214,48.3360926,80.86181,13.14677,2465.84,0.375273,2.0148812,1.9545,0.489567,15.6194,15.2021,15.741,14.658,14.352,14.264,9.129
Kepler-1423,1,1,0,0,288.2437481,41.1100655,72.38905,13.70311,449,,6.8082177,-6.40832,-2.29897,14.5581,13.9301,14.721,13.003,12.405,12.351,9.002
Kepler-1424,1,1,0,0,290.9916648,40.2293347,72.47789,11.44223,661.421,1.2072182,6.6246105,-4.0617,5.23336,13.5925,13.1363,13.756,12.497,12.104,12.024,8.706
Kepler-1425,1,1,0,0,294.9510368,43.0124348,76.36694,10.06318,863.873,1.12886,0.5332568,0.0318959,0.532302,13.5629,13.0641,13.681,12.354,11.914,11.871,9.537
Kepler-1426,1,1,0,0,292.5457096,49.4168981,81.47085,14.41171,1697.81,1.5304883,8.4637929,-2.79942,-7.98743,15.1663,14.7045,15.464,14.032,13.645,13.603,9.8
Kepler-1427,1,1,0,0,295.3496546,45.1145372,78.39287,10.79186,1220,,5.4427917,-3.08543,-4.48376,15.4816,14.9556,15.601,14.147,13.711,13.703,9.664
Kepler-1428,1,1,0,0,297.6422563,49.594958,83.16548,11.53869,1530.32,0.624761,6.5506485,-3.35051,-5.62895,13.5234,13.0708,13.759,12.416,12.112,12.035,9.496
Kepler-1429,1,1,0,0,285.3662532,49.0448172,79.23022,18.59367,1214.09,0.794899,12.4496796,-5.71991,-11.0579,14.8316,14.3995,15.053,13.775,13.404,13.406,9.638
Kepler-143,1,2,0,0,298.0676519,49.412541,83.13776,11.20876,809.467,1.2067,11.8429782,-7.31099,-9.31695,13.7057,13.2481,13.882,12.59,12.223,12.203,9.393
Kepler-1430,1,1,0,0,289.6975391,43.3719581,74.96655,13.65714,875.523,2.0695984,28.684116,5.3798,-28.1751,15.2824,14.6271,15.567,13.546,12.932,12.87,9.288
Kepler-1431,1,1,0,0,292.6583919,49.8651522,81.92215,14.53543,1623.24,0.587191,6.7815302,-2.17237,-6.42417,15.2711,14.7817,15.4,14.098,13.756,,
Kepler-1432,1,1,0,0,295.5241011,49.8295211,82.72414,12.85959,2171.87,0.431246,5.3134798,-1.14756,-5.18808,15.3702,14.9257,15.594,14.268,13.97,13.832,9.416
Kepler-1433,1,1,0,0,287.3634559,49.4568649,80.12385,17.5225,1328,,12.6730825,11.9312,-4.27241,,14.484,15.051,13.772,13.492,13.374,9.35
Kepler-1434,1,1,0,0,295.5384415,51.2030002,83.98627,13.47297,775.529,1.26097,10.7588587,6.71476,8.40625,12.0421,11.6547,12.198,11.067,10.819,10.793,9.392
Kepler-1435,1,1,0,0,291.1732806,44.9210836,76.86991,13.34793,704.211,1.39134,10.3383035,-1.13691,-10.2756,12.8692,12.5194,12.984,11.995,11.729,11.708,9.538
Kepler-1436,1,1,0,0,297.711553,46.7679816,80.66655,10.13498,2530.62,0.366448,4.3921743,-1.43083,-4.15258,14.9099,14.4362,15.119,13.75,13.358,13.366,9.528
Kepler-1437,1,1,0,0,291.8649164,49.325869,81.19303,14.77573,2101.69,0.443927,7.8580635,-3.34231,-7.11183,15.6607,15.1656,15.701,14.4,13.917,13.9,9.676
Kepler-1438,1,1,0,0,289.289819,40.6816262,72.32643,12.80585,1154.13,0.839323,7.8078391,-0.321674,-7.80121,14.861,14.3349,14.983,13.513,13.136,13.009,8.885
Kepler-1439,1,1,0,0,285.7396971,40.9798688,71.48765,15.38301,225.393,4.40862,42.3636292,-19.2777,-37.7233,16.0979,14.9624,17.0484,13.577,12.744,12.608,9.359
Kepler-144,1,2,0,0,281.9156128,42.7755535,72.14748,18.68909,384.917,2.56925,12.0440579,-7.26561,9.60574,11.9438,11.5855,12.195,11.05,10.792,10.756,9.35
Kepler-1440,1,1,0,0,285.3469737,48.3122283,78.50148,18.35056,1115.35,0.867838,3.2853639,1.9321,-2.65718,14.1018,13.6252,14.24,12.951,12.561,12.528,9.432
Kepler-1441,1,1,0,0,293.7191177,43.1245756,76.04549,10.91324,1110.48,0.871935,2.5869782,-2.51457,-0.607778,14.2567,13.7641,14.29,13.08,12.688,11.891,8.908
Kepler-1442,1,1,0,0,291.2556226,48.8469171,80.57101,14.94053,608.68,1.61439,2.4050791,-1.84215,-1.54625,12.0303,11.6841,12.114,11.215,10.967,10.915,9.054
Kepler-1443,1,1,0,0,283.4357392,47.0667983,76.80044,19.13232,593.646,1.65821,11.0666922,-3.08983,-10.6266,12.212,11.8483,12.313,11.337,11.021,10.976,8.863
Kepler-1444,1,1,0,0,285.3306799,42.0405016,72.3834,16.07247,319.675,3.0994,12.7766091,9.42074,8.63084,12.2578,11.8074,12.363,11.195,10.813,10.791,9.068
Kepler-1445,1,1,0,0,280.2495197,43.9150665,72.86159,20.20993,506.357,1.94635,12.6867524,8.38869,-9.51754,12.4184,12.0406,12.407,11.436,11.114,11.004,9.493
Kepler-1446,1,1,0,0,289.4240357,46.7260823,78.04646,15.20358,152.075,6.54694,23.0156441,12.3216,-19.4396,12.4086,11.7532,12.595,10.797,10.204,10.129,9.151
Kepler-1447,1,1,0,0,289.6434285,50.727016,81.93065,16.64527,890.296,1.09459,14.4237733,-4.54976,-13.6874,14.6643,14.182,14.747,13.526,13.124,13.094,9.598
Kepler-1448,1,1,0,0,287.8674123,50.5955846,81.3597,17.63876,768.903,1.27179,3.7797692,-2.79977,-2.53928,14.3796,13.925,14.592,13.38,12.932,12.875,9.406
Kepler-1449,1,1,0,0,288.2317293,50.5678345,81.42213,17.4135,2006.48,0.468974,11.8253674,-3.93744,-11.1506,15.0306,14.5798,15.142,13.994,13.64,13.594,9.579001
Kepler-145,1,2,0,0,291.3877397,44.5290465,76.5726,13.04277,566.85,1.73566,12.1567883,-2.75973,-11.8394,11.8746,11.4853,11.977,10.913,10.628,10.601,9.326
Kepler-1450,1,1,0,0,294.5536825,45.0813011,78.0981,11.27466,505.829,1.94862,27.8364443,-20.1364,-19.2196,15.4892,14.7438,15.923,13.681,12.908,12.862,9.506
Kepler-1451,1,1,0,0,293.4464227,40.4098813,73.4972,9.85104,1058.72,0.916503,6.013512,-0.898097,-5.94607,15.2999,14.7934,15.313,14.069,13.66,13.646,9.39
Kepler-1452,1,1,0,0,292.422792,38.2662824,71.1961,9.57319,996.32,0.975034,8.2257087,-4.71811,-6.73808,13.0714,12.6223,13.215,11.983,11.635,11.559,9.274
Kepler-1453,1,1,0,0,286.1255037,47.9475586,78.33698,17.73532,1196.04,0.807612,3.9477838,-3.80845,-1.03957,15.5278,15.0461,15.695,14.387,13.999,13.952,9.508
Kepler-1454,1,1,0,0,284.2233265,48.8317229,78.74817,19.22697,780.566,1.25259,12.5331298,-4.91215,-11.5304,14.8994,14.3859,15.009,13.623,13.189,13.136,9.287
Kepler-1455,1,1,0,0,294.0830662,50.5027572,82.92078,13.98593,357.621,2.76822,9.2890442,1.40254,-9.18255,15.8657,14.9256,16.06,13.772,12.922,12.856,9.531
Kepler-1456,1,1,0,0,286.9453381,43.8228023,74.56571,15.66341,370.312,2.67192,6.6762455,0.35856,6.66661,15.445,14.6416,15.777,13.486,12.681,12.612,9.249
Kepler-1457,1,1,0,0,283.7705481,42.027203,71.92095,17.14324,889.885,1.09492,7.2830095,-6.64484,-2.98133,14.0283,13.5729,14.066,12.944,12.542,12.531,9.37
Kepler-1458,1,1,0,0,283.2115971,41.0380135,70.79731,17.17283,544.45,1.80791,10.5776414,-0.990113,-10.5312,14.1996,13.6833,14.434,12.936,12.509,12.441,9.399
Kepler-1459,1,1,0,0,282.4229401,46.0139761,75.50289,19.43843,455.479,2.16677,16.6466384,-14.8663,-7.49024,14.5519,13.9057,14.893,13.005,12.384,12.342,9.484
Kepler-146,1,2,0,0,294.1107631,38.7102222,72.21386,8.60743,716.797,1.36647,1.5532919,-0.7118,-1.3806,13.8031,13.364,13.921,12.739,12.475,12.365,8.848
Kepler-1460,1,1,0,0,285.5577888,44.0108221,74.35134,16.65939,553.218,1.77935,10.9680521,-5.63325,9.41088,15.9191,15.1726,16.166,14.093,13.359,13.285,9.263
Kepler-1461,1,1,0,0,285.8305091,43.198377,73.64385,16.17103,679.106,1.44425,8.3582603,7.83709,-2.90526,15.6949,15.0686,15.828,14.137,13.471,13.532,9.219
Kepler-1462,1,1,0,0,296.397542,42.3969273,76.33029,8.83542,1017.82,0.956491,3.4464764,3.44231,0.169416,15.8562,15.2862,15.888,14.471,14.058,13.937,9.258
Kepler-1463,1,1,0,0,294.4872785,42.0069064,75.302,9.89614,1687.47,0.56516,5.7032129,-0.28714,-5.69598,15.7236,15.2321,15.905,14.526,14.015,14.093,9.533
Kepler-1464,1,2,0,0,287.2356828,38.7540824,69.85238,13.44295,1151.73,0.839467,16.1809012,0.006274,-16.1809,14.1296,13.6293,14.358,12.882,12.507,12.488,8.736
Kepler-1465,1,1,0,0,289.8194222,51.9048541,83.1107,16.9967,359.497,2.75616,8.1180021,7.13728,-3.86797,14.42,13.7357,14.724,12.718,12.043,12.005,9.528
Kepler-1466,1,1,0,0,289.8312418,44.6098415,76.16801,14.08265,631.949,1.5536,8.1923356,7.39566,-3.524,13.8694,13.4293,14.026,12.815,12.408,12.369,9.436
Kepler-1467,1,1,0,0,295.0485389,45.3426781,78.49828,11.08565,852.888,1.14445,1.4494469,0.260093,-1.42592,15.5207,14.9464,15.83,14.139,13.577,13.383,9.057
Kepler-1468,1,3,0,0,293.5198289,41.2773671,74.30564,10.20012,1899.24,0.498369,13.9056353,-7.76301,-11.537,14.9515,14.4675,15.111,13.845,13.458,13.384,9.412
Kepler-1469,1,1,0,0,293.8213286,39.3913385,72.71678,9.12466,1159.3,0.835524,5.5165974,-1.65211,-5.2634,15.9891,15.4028,16.2388,14.631,14.119,13.979,9.432
Kepler-147,1,2,0,0,287.9757213,39.087168,70.40788,13.05555,1042.02,0.931192,8.1468003,-7.37168,-3.46824,13.9151,13.4473,14.134,12.786,12.416,12.426,9.356
Kepler-1470,1,1,0,0,288.6949475,39.8830802,71.38766,12.88246,590.601,1.66467,30.8017943,-15.5226,-26.6045,15.0436,14.4136,15.252,13.492,12.896,12.869,9.206
Kepler-1471,1,2,0,0,289.6649171,50.0200612,81.2566,16.35841,978.678,0.993378,4.1356698,-0.0089867,4.13566,15.246,14.7511,15.421,14.037,13.604,13.588,9.249
Kepler-1472,1,1,0,0,294.8526163,49.0574468,81.81523,12.89982,1479.14,0.647423,3.5078424,-1.46797,-3.18591,14.5898,14.1764,14.666,13.579,13.255,13.223,9.4
Kepler-1473,1,1,0,0,290.6365144,48.9961494,80.54011,15.37282,652.253,1.50432,15.1016263,-13.2695,-7.20968,13.3679,12.9519,13.486,12.346,12.009,11.749,8.937
Kepler-1474,1,1,0,0,294.6940261,45.866809,78.85639,11.54709,1180.9,0.819164,3.3010507,-2.32132,-2.347,15.2172,14.72,15.35,14.027,13.621,13.615,9.767
Kepler-1475,1,1,0,0,295.9482766,44.753096,78.27087,10.24795,1568.38,0.610133,5.1896449,-0.607375,-5.15398,15.2775,14.829,15.36,14.192,13.88,13.72,9.284
Kepler-1476,1,1,0,0,284.5320743,43.9898971,74.04734,17.33785,1002.74,0.968895,9.0782739,-4.6788,-7.77971,15.4086,14.9073,15.574,14.227,13.828,13.652,9.304
Kepler-1477,1,1,0,0,281.2985305,42.6856727,71.89524,19.08479,680.828,1.44005,16.8370548,1.57848,-16.7629,14.5763,13.9857,14.72,13.176,12.594,12.541,9.166
Kepler-1478,1,1,0,0,293.1650085,41.746184,74.60654,10.65046,1845.58,0.513683,15.1484251,-8.78434,-12.3414,15.3994,14.9375,15.409,14.28,13.873,13.87,9.306
Kepler-1479,1,1,0,0,285.7119953,49.7067574,79.96768,18.61192,728.668,1.34359,23.6030131,9.94562,21.4053,13.7331,13.2865,13.914,12.667,12.256,12.23,9.668
Kepler-148,1,3,0,0,289.7861626,46.8588176,78.27565,15.03,791.163,1.23545,2.892914,-2.8737,0.332866,15.3362,14.7473,15.398,13.903,13.359,13.382,9.446
Kepler-1480,2,1,0,0,291.9998055,49.3018321,81.20839,14.68579,500.892,1.96771,3.3948784,3.39469,-0.0357688,14.4824,13.9005,14.703,13.08,12.584,12.547,8.661
Kepler-1481,1,1,0,0,289.4390075,49.7312226,80.92025,16.3802,459.076,2.14959,0.5363161,0.479129,0.240978,14.7429,14.1093,14.929,13.181,12.603,12.563,9.523
Kepler-1482,1,1,0,0,285.3138209,48.72527,78.90147,18.51516,567.556,1.73383,1.942991,1.93161,-0.209992,13.7295,13.2155,13.967,12.441,11.996,11.843,9.225
Kepler-1483,1,1,0,0,295.4097409,42.1507935,75.75719,9.35942,1273.78,0.75684,10.3491566,-3.09789,-9.87462,14.4231,14.0009,14.52,13.397,13.077,12.966,9.421
Kepler-1484,1,1,0,0,292.6842738,38.1262604,71.16511,9.32641,2879.83,0.326942,4.5370861,-1.7402,-4.19009,15.2474,14.7803,15.351,14.135,13.646,13.574,9.319
Kepler-1485,1,1,0,0,298.0954404,44.7370612,79.00501,8.90565,615.66,1.59556,4.8598859,3.66929,-3.18666,13.1796,12.7183,13.411,12.022,11.724,11.661,9.411
Kepler-1486,1,1,0,0,290.5903907,45.4396955,77.17571,13.93908,1769.14,0.53635,3.2823683,-2.52867,-2.09279,15.2937,14.8232,15.317,14.198,13.896,13.806,9.468
Kepler-1487,1,2,0,0,295.4980737,38.6444499,72.67602,7.62358,1014.62,0.957092,14.7546698,-6.15055,-13.4116,13.4508,13.0806,13.6,12.556,12.289,12.269,9.057
Kepler-1488,1,2,0,0,286.6464265,49.9377735,80.41883,18.12873,905.825,1.07512,9.3339465,1.89644,9.13926,13.0767,12.6275,13.146,12.012,11.638,11.586,9.429
Kepler-1489,1,2,0,0,281.2957984,44.4654063,73.6739,19.67833,1283.05,0.750671,3.5999514,-1.1679,3.40524,14.8084,14.3412,14.983,13.677,13.247,13.242,9.424
Kepler-149,1,3,0,0,285.8537014,38.3840916,69.05421,14.28192,571.034,1.72244,5.5377455,-1.96282,-5.17822,14.0194,13.486,14.152,12.694,12.184,12.019,9.316
Kepler-1490,1,1,0,0,295.6935734,42.6094543,76.26721,9.39277,862.92,1.13096,10.5745823,1.17141,-10.5095,15.4179,14.88,15.616,14.092,13.616,13.621,9.018
Kepler-1491,1,2,0,0,293.6297645,45.7406293,78.39834,12.15156,2065.59,0.455359,2.9974502,1.0359,-2.81276,15.5695,15.062,15.796,14.323,13.949,13.91,9.483
Kepler-1492,1,1,0,0,288.5970695,41.0363254,72.43279,13.43002,331.553,2.98734,29.7632704,-9.65075,-28.1552,14.4962,13.8027,14.689,12.804,12.158,12.084,8.865
Kepler-1493,1,1,0,0,288.5493683,38.5651973,70.11329,12.43136,555.051,1.9014832,24.9686218,24.5372,-4.62146,13.5532,13.0805,13.7192,11.925,11.53,11.444,9.374
Kepler-1494,1,1,0,0,282.6573891,43.1625334,72.72814,18.31341,1285.48,0.749224,7.3093168,-0.219841,7.30601,15.217,14.7245,15.372,14.01,13.536,13.551,9.343
Kepler-1495,1,1,0,0,286.1306907,38.7795494,69.5175,14.2412,1355.54,,12.9626446,-7.89462,-10.2813,15.6247,15.1298,15.494,14.176,13.845,13.721,9.339
Kepler-1496,1,1,0,0,293.9739359,45.3507167,78.15314,11.76093,1307.66,0.73607,1.577546,1.3845,0.756182,14.6819,14.2309,14.832,13.611,13.225,13.167,9.464
Kepler-1497,1,1,0,0,296.196155,45.6343124,79.14407,10.51126,1122,0.046623,2.4689124,0.96566,-2.27223,15.3761,14.8697,15.707,14.134,13.699,13.713,8.94
Kepler-1498,1,1,0,0,284.7780883,44.9167513,75.01958,17.50929,740,1.0480214,10.6304921,-1.09641,-10.5738,15.0997,14.5411,15.352,13.703,13.238,13.123,9.157
Kepler-1499,1,1,0,0,283.986348,41.6505091,71.616,16.85567,309.869,3.1983,25.4377939,6.45793,24.6044,13.5155,12.907,13.676,12.016,11.455,11.37,9.222
Kepler-15,1,1,0,0,296.2005506,49.1400304,82.30359,12.15252,739.412,1.32383,12.4363405,-2.77974,-12.1217,13.7136,13.2394,13.81,12.578,12.216,11.941,8.974
Kepler-150,1,5,0,0,288.2341025,40.520897,71.83343,13.46754,891.092,1.09362,1.4660331,0.664809,1.30663,14.9743,14.4746,15.161,13.817,13.367,13.322,9.129
Kepler-1500,1,1,0,0,288.883474,39.7446547,71.32111,12.69293,1217.82,0.792592,26.9710412,19.5813,18.5475,14.5804,14.1319,14.728,13.476,13.03,13.05,9.103
Kepler-1501,1,1,0,0,289.918589,42.001428,73.75813,12.93483,749.06,1.30615,9.2169221,9.04137,1.79033,13.6458,13.2541,13.683,12.661,12.364,12.317,8.949
Kepler-1502,1,1,0,0,296.1079271,39.3199201,73.50378,7.53576,1514.02,0.632298,0.6773765,0.219773,-0.640733,14.0931,13.7157,14.18,13.174,12.907,12.837,9.375
Kepler-1503,1,1,0,0,293.7271604,42.8067119,75.76022,10.76301,1225.57,0.788784,10.1915184,0.150981,-10.1904,15.7862,15.1982,15.892,14.353,13.767,13.784,9.305
Kepler-1504,1,1,0,0,289.7119947,50.1282265,81.3727,16.37273,2435.94,0.379237,1.4702204,-1.43348,0.326624,15.6311,15.1203,15.883,14.409,13.834,13.904,9.273
Kepler-1505,1,1,0,0,292.0020614,41.7869639,74.24726,11.444,495.148,1.99146,6.2832955,6.26021,0.53812,12.9258,12.4674,13.043,11.83,11.406,11.379,8.907
Kepler-1506,1,1,0,0,290.1498822,41.4645625,73.33499,12.55055,2366.02,0.393109,11.8177331,-1.93886,-11.6576,15.6243,15.1393,15.836,14.51,14.082,14.105,8.777
Kepler-1507,1,1,0,0,288.5616269,46.5361247,77.62192,15.67191,320.478,3.09144,21.316818,14.0766,16.008,13.1038,12.5829,13.267,11.866,11.386,11.349,9.407
Kepler-1508,1,1,0,0,298.1188802,40.3750316,75.19718,6.71527,1260.28,0.765167,5.2647353,2.82587,-4.44206,14.3466,13.8282,14.561,12.994,12.603,12.527,9.631
Kepler-1509,1,1,0,0,283.7977792,46.9310139,76.75355,18.85404,2002.96,0.469774,1.4248755,-1.13312,-0.863892,15.3316,14.8747,15.455,14.2,13.887,13.851,9.31
Kepler-151,1,2,0,0,292.1627933,41.0231947,73.60457,10.99626,649.919,1.51014,9.9447158,0.786575,-9.91356,14.7189,14.1701,14.957,13.383,12.864,12.84,9.307
Kepler-1510,1,1,0,0,298.9591432,48.2578295,82.40526,10.13197,1696.25,0.56165,2.7925208,-1.96562,1.98356,15.1424,14.6898,15.315,14.076,13.728,13.567,9.172
Kepler-1511,1,1,0,0,288.4211892,43.179773,74.39302,14.42583,1475.6,0.648825,6.6459554,-2.21596,-6.26564,13.5024,13.1799,13.564,12.713,12.471,12.472,9.122
Kepler-1512,1,1,0,0,289.2744976,44.4704056,75.86883,14.3873,162,3.1718277,24.2954001,0.0025248,24.2954,13.2634,12.5517,13.451,11.315,10.623,10.523,8.844
Kepler-1513,1,2,0,0,289.7917561,39.2852655,71.20067,11.86338,349.247,2.83455,20.4696982,20.3941,1.75762,12.9559,12.454,13.071,11.758,11.309,11.235,9.418
Kepler-1514,1,2,0,0,292.6274943,37.8601653,70.90471,9.24415,397.292,2.4885,10.0411048,7.17447,7.02501,11.8292,11.4605,11.766,10.953,10.688,10.649,9.068
Kepler-1515,1,1,0,0,290.9739057,48.1782059,79.86092,14.83536,539.321,1.82555,10.1891191,-2.99581,9.738751,11.9975,11.6488,12.1,11.163,10.886,10.852,9.198
Kepler-1516,1,1,0,0,291.4945795,44.5234227,76.60095,12.97156,1358.95,0.707317,15.9220163,-3.32156,-15.5717,14.4469,13.9609,14.65,13.233,12.815,12.82,8.911
Kepler-1517,1,1,0,0,287.8072115,43.1888008,74.2159,14.83951,847.299,1.15156,0.9243924,0.684857,0.620864,12.1739,11.8995,12.228,11.505,11.303,11.265,9.268
Kepler-1518,1,2,0,0,300.3323404,44.9861065,80.03172,7.66324,903.51,1.07808,10.7363968,-6.6241,-8.44935,13.2803,12.8852,13.374,12.309,12.058,11.98,8.786
Kepler-1519,1,1,0,0,296.6679448,49.4617774,82.73998,12.03282,1441.63,0.665148,14.7774508,1.67074,-14.6827,14.8034,14.3174,15.124,13.642,13.189,13.225,9.378
Kepler-152,1,2,0,0,286.8653826,41.9889571,72.79154,15.00096,441.09,2.23828,30.7750935,-12.4159,-28.1594,14.2437,13.6825,14.379,12.853,12.301,12.308,9.428001
Kepler-1520,1,1,0,0,290.9662102,51.5047656,83.01587,16.18623,607.917,1.61666,11.150732,0.32137,11.1461,15.6932,14.987,16.002,14.021,13.319,13.254,9.766
Kepler-1521,1,1,0,0,292.6903779,37.8350549,70.90519,9.18851,206.983,4.80257,24.5644534,17.0555,17.6783,12.8476,12.2481,13.049,11.415,10.84,10.734,9.038
Kepler-1522,1,1,0,0,289.8432347,52.0702094,83.27634,17.04643,814.125,1.19953,11.9512179,-2.16437,11.7536,14.1963,13.7178,14.357,13.097,12.621,12.461,9.874
Kepler-1523,1,1,0,0,296.0540705,45.8270447,79.26918,10.68975,865.596,1.12694,3.926374,-0.10794,-3.92489,14.8369,14.3317,14.993,13.655,13.182,13.217,9.591
Kepler-1524,1,1,0,0,293.8853557,39.5198348,72.85526,9.14077,381.773,2.5907,8.3971442,-5.3263,6.49173,12.7003,12.2522,12.802,11.622,11.263,11.209,9.287
Kepler-1525,1,1,0,0,290.5594479,49.9428629,81.41906,15.79943,382.989,2.5823,36.7842769,-8.12642,-35.8754,12.6919,12.2202,12.797,11.572,11.193,11.144,9.357
Kepler-1526,1,1,0,0,285.1197266,38.8664618,69.27852,14.99911,555.574,1.77176,9.0336549,6.93915,5.78404,15.6551,14.9273,15.935,13.928,13.208,13.186,9.529
Kepler-1527,1,1,0,0,297.4144457,46.0608077,79.93767,9.97076,1842.13,0.515025,4.3385517,2.66389,-3.42443,15.0782,14.6005,15.161,13.927,13.617,13.513,9.466
Kepler-1528,1,1,0,0,287.4029864,46.5740084,77.33801,16.42143,817.534,1.19446,7.0301437,5.27194,4.65076,14.4764,14.0265,14.576,13.397,13.032,12.861,9.398
Kepler-1529,1,1,0,0,289.8707469,41.0407482,72.85057,12.55983,661.014,1.48438,0.6437813,0.641977,0.0481655,15.3885,14.7583,15.297,13.799,13.257,13.289,9.36
Kepler-153,1,2,0,0,282.460502,48.2570293,77.76651,20.14233,459.368,2.14807,16.8915186,-5.17893,-16.078,14.2493,13.7151,14.388,12.945,12.418,12.398,9.153
Kepler-1530,1,3,0,0,288.1624396,48.165153,79.07662,16.55153,489.876,2.0125,6.5033649,-5.85361,2.83355,14.0055,13.4865,14.15,12.798,12.3,12.271,9.448
Kepler-1531,1,1,0,0,285.146622,39.3708055,69.76804,15.17632,666.334,1.47187,4.2615498,3.75748,2.01051,13.1712,12.7719,13.202,12.142,11.772,11.483,9.282
Kepler-1532,1,1,0,0,296.902784,41.1981424,75.45686,7.92312,798.246,1.22441,8.2229356,-0.853702,-8.1785,14.8028,14.3035,15.293,13.66,13.23,13.168,9.334
Kepler-1533,1,1,0,0,295.9755645,44.7133739,78.24464,10.21207,966.801,1.00583,15.0264726,-2.5876,-14.802,13.1678,12.7834,13.289,12.224,11.926,11.868,9.544
Kepler-1534,1,1,0,0,292.395373,43.8691326,76.28547,12.10534,1107,,7.0516358,-2.79017,6.47615,16.2352,15.7228,16.429,14.392,13.93,13.909,9.39
Kepler-1535,1,1,0,0,286.613685,38.8919507,69.77936,13.94175,897.733,1.08519,2.0228938,-2.02059,0.096517,14.1798,13.7282,14.385,13.104,12.744,12.715,9.274
Kepler-1536,1,1,0,0,291.5852554,45.7158742,77.73591,13.42439,387.248,2.55391,25.5636578,8.85236,23.982,15.1407,14.3805,15.464,13.306,12.55,12.5,9.639
Kepler-1537,1,1,0,0,294.3853917,43.8254461,76.90536,10.80439,517.292,1.90453,6.7600004,-0.671863,-6.72653,14.5457,13.946,14.827,13.126,12.519,12.527,9.264
Kepler-1538,1,1,0,0,283.345611,45.2743573,74.99672,18.58164,1125.3,0.860085,17.7037518,-13.4783,-11.4786,15.2279,14.7808,15.551,14.122,13.751,13.721,9.529
Kepler-1539,1,1,0,0,284.2194566,44.2685146,74.23506,17.64757,748.326,1.30801,7.553961,0.0615837,-7.55371,15.3085,14.7245,15.487,13.931,13.382,13.338,9.425
Kepler-154,1,5,0,0,289.7805393,49.8965624,81.16841,16.24171,915.212,1.06396,5.4216178,-2.65703,4.7259,14.5121,14.0503,14.646,13.389,12.986,12.879,9.527
Kepler-1540,2,1,0,0,283.3445555,41.2017544,70.99508,17.13914,244.96,4.05339,8.1298099,7.08598,-3.98531,14.0831,13.3323,14.429,12.25,11.519,11.446,8.344
Kepler-1541,1,1,0,0,283.7870875,48.0296019,77.84505,19.2314,416.692,2.37098,14.9188984,14.3531,4.06965,13.7908,13.2444,13.944,12.451,11.927,11.922,9.148
Kepler-1542,1,4,0,0,285.7284757,42.6544651,73.09059,16.03365,399.114,2.47691,15.5008206,-2.82727,-15.2408,12.5876,12.11,12.734,11.421,10.989,10.961,9.288
Kepler-1543,1,1,0,0,297.1242915,47.0369876,80.70911,10.61623,921.784,1.05618,12.9967617,-5.00813,-11.9931,13.4193,13.0627,13.495,12.538,12.291,12.251,9.289
Kepler-1544,1,1,0,0,297.2852168,49.2124526,82.70924,11.56055,335.09,2.9554,31.1516944,31.0316,2.73274,14.039,13.3944,14.287,12.48,11.903,11.833,9.306
Kepler-1545,1,1,0,0,298.8988313,47.4630696,81.68426,9.77284,729.964,1.34157,8.6516448,6.55931,-5.64149,15.0334,14.4549,15.256,13.643,13.139,13.082,8.648
Kepler-1546,1,1,0,0,297.5839183,41.5411993,76.01241,7.64744,931.956,1.04496,5.0670223,-4.1201,-2.94949,15.368,14.8047,15.596,14.025,13.511,13.573,9.635
Kepler-1547,1,1,0,0,283.7640396,42.2220992,72.10913,17.21866,674.695,1.45329,9.3993564,-3.53011,-8.71127,13.4085,12.9688,13.464,12.332,11.996,11.986,8.896
Kepler-1548,1,1,0,0,287.4711817,46.0805706,76.88152,16.18961,872.279,1.1179,20.0660767,-9.23049,-17.817,15.2455,14.7676,15.324,14.057,13.7,13.638,9.467
Kepler-1549,1,1,0,0,286.0524399,39.0960281,69.79203,14.42317,803.052,1.21678,2.5682798,0.723113,-2.46438,15.1516,14.5675,15.353,13.791,13.271,13.203,8.66
Kepler-155,1,2,0,0,288.4957831,51.0819286,81.98736,17.44949,293.499,3.3785,8.8480901,-5.34803,-7.04892,14.24,13.528,14.654,12.533,11.805,11.578,9.567
Kepler-1550,1,1,0,0,287.7646113,38.2947076,69.59786,12.87652,1179.01,0.819653,7.0478986,7.04538,0.188401,14.8841,14.437,15.107,13.812,13.427,13.402,9.157
Kepler-1551,1,1,0,0,295.7855238,39.9078956,73.90163,8.03777,1463.72,0.655339,3.2059258,1.60967,-2.77253,15.0975,14.6672,15.371,14.1,13.77,13.618,8.957
Kepler-1552,1,1,0,0,291.6768669,38.8749152,71.47973,10.36849,769.096,1.27177,7.249974,7.00354,1.87418,14.9308,14.3456,15.203,13.504,12.881,12.875,9.205
Kepler-1553,1,1,0,0,291.9191348,39.0221769,71.69945,10.26621,692.594,1.41546,20.3589742,-7.34024,-18.9897,14.9914,14.4412,15.251,13.677,13.167,13.133,9.062
Kepler-1554,1,1,0,0,286.576016,41.7415762,72.46828,15.10187,946.847,1.02811,28.3638538,-21.53,18.4653,15.7147,15.1613,15.93,14.367,13.814,13.764,9.162
Kepler-1555,1,1,0,0,287.6354587,45.7160327,76.57712,15.94386,2013.27,0.467086,6.9601848,-3.10704,-6.2282,15.3259,14.8807,15.425,14.221,13.834,13.837,9.515
Kepler-1556,1,1,0,0,288.3969751,40.2131892,71.59819,13.22734,944.54,1.03044,2.0441654,-1.95128,0.609195,15.2978,14.7659,15.651,13.998,13.555,13.511,9.268
Kepler-1557,1,1,0,0,293.8813592,46.8388172,79.48341,12.48692,1380.16,0.696106,8.4772637,-3.16028,-7.86617,15.2987,14.8528,15.383,14.194,13.8,13.839,9.827
Kepler-1558,1,1,0,0,286.8194349,46.9117837,77.50759,16.91904,325.737,3.04107,16.8106679,9.06614,14.1564,13.5998,13.0048,13.809,12.204,11.657,11.582,9.401
Kepler-1559,1,1,0,0,292.2866565,42.0725948,74.60426,11.38109,614.827,1.59805,37.19127,9.06621,36.0693,14.488,13.9378,14.549,13.155,12.634,12.577,9.069
Kepler-156,1,2,0,0,290.2964214,37.7494271,69.96483,10.84034,443.483,2.22611,21.6073291,-14.8305,-15.7141,14.1564,13.5698,14.339,12.735,12.155,12.119,9.057
Kepler-1560,1,1,0,0,292.7846013,43.21601,75.81527,11.56277,502.497,1.96128,6.291015,3.10136,5.47343,13.3846,12.9108,13.505,12.247,11.868,11.809,9.396
Kepler-1561,1,1,0,0,296.9235822,43.5664628,77.55482,9.06503,839.076,1.16365,1.4701537,-0.537534,1.36836,14.648,14.1335,14.734,13.453,13.053,12.977,9.137
Kepler-1562,1,1,0,0,294.4556567,46.7435353,79.57728,12.09288,2060.72,0.456447,13.0453769,-4.87688,-12.0995,15.2729,14.8118,15.303,14.169,13.849,13.799,9.259
Kepler-1563,1,1,0,0,288.5735936,51.4727698,82.38685,17.54933,616.697,0.589017,4.4840775,-4.27248,-1.3612,13.5682,13.0836,13.696,12.41,12.013,11.958,9.076
Kepler-1564,1,1,0,0,290.5861316,46.6427486,78.30327,14.44144,908.805,1.07181,15.3881831,2.16797,15.2347,14.9531,14.4397,15.124,13.711,13.283,13.049,8.98
Kepler-1565,1,1,0,0,297.9529793,40.8067876,75.5098,7.04077,629.93,1.55935,1.2595059,0.0038437,-1.2595,15.4317,14.7882,15.381,13.917,13.259,,
Kepler-1566,1,1,0,0,283.5875459,40.5749018,70.4559,16.73832,466.586,2.11442,14.3277948,-11.4417,-8.62399,14.3122,13.7552,14.564,12.946,12.435,12.386,9.123
Kepler-1567,1,1,0,0,286.695153,40.2918894,71.12808,14.44585,1206.11,0.800777,22.8602717,-11.3926,19.8192,15.6322,15.1131,15.92,14.371,13.992,13.866,9.356
Kepler-1568,1,1,0,0,289.1826808,47.8733301,79.07172,15.80935,916.313,1.06256,10.1300964,1.84912,-9.9599,13.9451,13.5157,14.138,12.929,12.618,12.562,9.043
Kepler-1569,1,1,0,0,292.2046748,37.2212065,70.17366,9.24991,945.454,1.02913,1.2819849,-1.13475,-0.596513,13.9323,13.4896,14.123,12.888,12.59,12.51,9.026
Kepler-157,1,3,0,0,291.0972257,38.8756049,71.27591,10.77283,773.713,1.2638,4.9310532,4.3925,2.24081,14.0374,13.5838,14.206,12.939,12.573,12.563,8.932
Kepler-1570,1,1,0,0,299.8617842,45.8274232,80.58993,8.37838,918.995,1.05951,15.5989393,-9.76931,12.1609,13.9702,13.3894,14.242,12.489,11.997,11.975,9.495
Kepler-1571,1,1,0,0,300.9354067,45.5964836,80.78026,7.61693,675.303,1.45213,12.7600906,-3.22661,-12.3454,13.77,13.2367,13.975,12.477,12.044,11.967,8.948
Kepler-1572,1,1,0,0,281.8973341,46.7227061,76.08913,20.01227,946.602,1.02757,12.7689838,2.0644,12.601,13.7175,13.2975,13.879,12.685,12.365,12.296,9.153
Kepler-1573,1,1,0,0,292.9883129,49.4849664,81.66089,14.18038,1455.36,0.658501,4.070305,-3.97329,0.883374,15.1693,14.71,15.304,14.021,13.677,13.602,9.772
Kepler-1574,1,1,0,0,292.1586689,49.6377914,81.56853,14.73259,1384.16,0.693832,4.6152635,2.50071,3.87906,15.0937,14.6301,15.188,13.972,13.679,13.584,9.66
Kepler-1575,1,1,0,0,293.7432102,45.7615507,78.45373,12.09016,1246.92,0.773719,11.0962913,-7.85293,-7.83959,15.4185,14.9371,15.53,14.268,13.828,13.8,9.545
Kepler-1576,1,1,0,0,289.0739641,40.3660239,71.96201,12.8219,460.91,2.14073,3.5903638,-1.81418,-3.0983,13.3354,12.8479,13.439,12.197,11.8,11.749,9.304
Kepler-1577,1,1,0,0,292.9552704,47.5730433,79.87524,13.37521,510.029,1.93214,14.6286822,-3.60865,-14.1766,15.0571,14.3934,15.228,13.491,12.862,12.79,9.551
Kepler-1578,1,1,0,0,288.3021104,47.7756227,78.73876,16.31601,1064.05,0.911685,16.639877,15.3783,6.35558,15.3281,14.8443,15.585,14.157,13.655,13.702,9.551
Kepler-1579,1,1,0,0,293.288022,43.5149061,76.25532,11.36968,466,2.6982531,7.6540527,7.65241,0.158567,15.2481,14.5096,15.49,13.439,12.744,12.586,9.51
Kepler-158,1,3,0,0,284.0323723,39.7815365,69.82072,16.12696,315.177,3.14405,49.512889,24.3419,43.1161,14.4165,13.734,14.743,12.722,12.057,11.986,8.866
Kepler-1580,1,1,0,0,285.9687099,41.3635264,71.92375,15.37287,1002.02,0.969463,7.5168809,-0.188781,-7.51451,12.5755,12.1453,12.635,11.584,11.254,11.196,9.184
Kepler-1581,1,1,0,0,287.3713199,39.6036225,70.69427,13.69395,493.175,1.99907,13.5596186,9.8818,9.285111,12.3525,11.9361,12.442,11.331,11.025,10.986,9.009
Kepler-1582,1,1,0,0,289.3765441,41.1580845,72.79808,12.94693,78.8906,12.6475,121.7072108,-20.8038,-119.916,16.4142,15.0281,17.96,13.285,12.435,12.251,9.128
Kepler-1583,1,1,0,0,286.3869335,47.0165188,77.49514,17.23201,403.933,2.44685,24.5984158,2.24233,-24.496,12.8414,12.3677,12.976,11.693,11.279,11.21,9.462
Kepler-1584,1,1,0,0,287.7626791,43.2743929,74.28379,14.90333,1416.31,0.677238,9.2935459,0.870898,-9.25265,14.8844,14.4707,15.105,13.921,13.524,13.494,9.432
Kepler-1585,1,1,0,0,296.1589897,44.5630457,78.17318,10.02584,944.465,1.03152,10.0870141,-5.15647,-8.66941,15.9772,15.3801,16.326,14.566,14.125,13.856,9.723
Kepler-1586,1,1,0,0,298.2026236,44.9258585,79.20915,8.93302,552.55,1.78099,7.5807532,6.04348,4.57648,13.0556,12.6166,13.278,11.964,11.643,11.591,8.227
Kepler-1587,1,1,0,0,292.6777294,49.6638666,81.73931,14.43882,1026.48,0.945453,6.6746195,0.578069,-6.64954,14.0315,13.597,14.166,12.957,12.632,12.579,9.709
Kepler-1588,1,1,0,0,288.2327232,48.0021967,78.93826,16.44589,924.141,1.05335,4.7313051,3.59911,3.0711,13.821,13.3839,13.94,12.766,12.383,12.361,9.597
Kepler-1589,1,1,0,0,294.4418236,40.5716114,73.9989,9.25568,1513.14,0.633158,9.4906239,-3.40145,-8.86014,14.9651,14.5062,15.074,13.859,13.544,13.456,9.208
Kepler-159,1,2,0,0,297.0702037,40.868734,75.22984,7.65134,373.744,2.64697,15.3127166,7.57402,-13.3084,14.8882,14.1532,15.386,13.104,12.357,12.272,9.093
Kepler-1590,1,1,0,0,291.4079141,48.0178915,79.83412,14.50514,771.152,1.26804,14.3867666,14.3553,0.951007,14.077,13.6504,14.186,13.025,12.693,12.459,9.254
Kepler-1591,1,1,0,0,296.5166659,44.6086233,78.33732,9.82378,1419.58,0.676306,1.7115929,0.158696,1.70422,14.6583,14.189,14.846,13.509,13.107,13.083,9.315
Kepler-1592,1,1,0,0,293.850623,38.3977379,71.83822,8.64059,1639.47,0.582108,4.819713,-3.01188,-3.76274,14.7857,14.3281,14.94,13.697,13.345,13.347,8.822
Kepler-1593,1,1,0,0,300.4882018,44.4606698,79.63594,7.29669,638.249,1.53886,3.083845,1.9158,2.41657,15.8836,15.1695,16.19,14.188,13.452,13.417,9.369
Kepler-1594,1,1,0,0,293.6230451,47.9619127,80.43622,13.14169,976.868,0.995227,2.9224982,-2.9124,-0.242739,14.7415,14.2953,14.951,13.649,13.322,13.269,9.013
Kepler-1595,1,1,0,0,285.7227502,43.0094855,73.4308,16.17228,845.022,1.15515,5.3048314,2.99524,4.37833,15.4006,14.8373,15.508,14.04,13.527,13.536,9.068
Kepler-1596,1,1,0,0,285.5575066,49.3300866,79.55824,18.57532,2146.23,0.435728,3.2081763,-1.7773,2.67088,15.3662,14.8969,15.632,14.25,13.826,13.788,9.247
Kepler-1597,1,1,0,0,288.1639687,42.4810124,73.65455,14.31582,1221.05,0.790157,8.2822003,-1.239,-8.189,14.1152,13.7503,14.257,13.241,12.927,12.903,8.743
Kepler-1598,1,1,0,0,288.469107,46.7836464,77.83275,15.82723,619.862,1.58453,9.0790475,1.53986,-8.94751,13.8135,13.3692,13.929,12.734,12.42,12.334,9.115
Kepler-1599,1,1,0,0,286.2208685,41.1511886,71.79761,15.11555,1328.2,0.724168,8.2190926,-3.02691,-7.64142,14.9023,14.4154,14.97,13.735,13.361,13.327,9.267
Kepler-16,2,1,0,1,289.0758307,51.757229,82.78543,17.366,75.0852,13.2893,50.588521,14.0407,-48.601,11.7472,10.9438,12.144,9.815,8.996,8.902,8.689
Kepler-160,1,3,0,0,287.773573,42.8692755,73.9027,14.73466,937.013,1.03851,6.2646593,3.47591,-5.21191,14.616,14.1321,14.816,13.46,13.052,13.021,8.76
Kepler-1600,1,2,0,0,291.3993802,38.7877563,71.30223,10.52293,1030.81,0.942406,4.0043211,0.658654,3.94978,15.8138,15.2155,16.076,14.351,13.896,13.852,9.3
Kepler-1601,1,1,0,0,285.5129496,38.079839,68.65619,14.40649,644.456,1.52288,13.5823324,-1.83504,13.4578,13.6782,13.2278,13.842,12.602,12.216,12.187,9.234
Kepler-1602,1,1,0,0,293.5808607,40.4275396,73.56095,9.76833,629.804,1.55899,10.3657304,2.70302,10.0071,13.3012,12.913,13.362,12.386,12.06,11.994,8.984
Kepler-1603,1,1,0,0,295.3298254,42.5349698,76.07194,9.5933,2712.58,0.340536,1.1169043,-1.02785,-0.437035,15.3397,14.8748,15.397,14.191,13.84,13.831,9.254
Kepler-1604,1,1,0,0,285.4106549,44.4122318,74.6998,16.90627,541.189,1.81912,2.7483415,2.7058,-0.481692,14.8989,14.276,15.224,13.389,12.821,12.723,9.046
Kepler-1605,1,1,0,0,287.1349405,47.4886251,78.15062,16.93521,546.23,1.80209,6.1902181,6.10407,-1.02914,12.4129,11.8781,12.592,11.064,10.587,10.536,9.006
Kepler-1606,1,1,0,0,286.3782987,43.0732287,73.68234,15.75379,831.287,1.17453,3.7005232,3.68171,0.372671,15.1062,14.5917,15.396,13.875,13.4,13.353,9.225
Kepler-1607,1,1,0,0,296.0598685,42.6560582,76.43909,9.17825,1286.1,0.74942,5.9646392,4.43806,3.98504,13.8751,13.3596,13.969,12.592,12.218,12.163,9.482
Kepler-1608,1,1,0,0,295.563555,39.41757,73.38461,7.95133,832,1.0244363,1.2489411,0.212503,-1.23073,15.8947,15.3025,16.265,14.419,13.836,13.867,8.913
Kepler-1609,1,1,0,0,290.1465356,39.6658026,71.67209,11.78036,1826.04,0.519126,4.0608008,-2.51273,-3.19003,14.9366,14.4747,15.159,13.918,13.508,13.442,9.363
Kepler-161,1,2,0,0,290.5164698,43.0838642,74.95576,12.99462,434.632,2.27197,11.2518067,-3.57131,10.67,14.1922,13.5997,14.406,12.767,12.246,12.156,9.147
Kepler-1610,1,2,0,0,295.9049795,45.4054296,78.84084,10.58296,864.331,1.1292,4.6633147,-4.64489,-0.414127,15.8137,15.2206,16.077,14.307,13.905,13.821,9.523
Kepler-1611,1,1,0,0,296.5120204,49.7277506,82.93231,12.24637,908.444,0.0367658,11.5779788,11.3661,2.20485,14.4116,13.8937,14.627,13.137,12.689,12.594,9.424
Kepler-1612,1,1,0,0,291.2503022,45.6550536,77.57698,13.61034,764.726,1.27914,6.2912148,3.91277,-4.92642,14.7157,14.2068,14.936,13.498,13.075,13.053,9.098
Kepler-1613,1,1,0,0,289.8750066,43.4209318,75.06765,13.56034,1508.33,0.634424,7.6415986,-0.794444,-7.60019,14.068,13.6493,14.192,12.999,12.653,12.657,9.425
Kepler-1614,1,1,0,0,284.8713893,49.7758867,79.84006,19.14605,1191.19,0.811097,3.9797876,3.9474,0.506698,15.9408,15.3655,16.01,14.588,14.001,14,9.524
Kepler-1615,1,1,0,0,286.3592066,42.2273971,72.86678,15.43982,1393.83,0.688644,10.0521146,-4.24516,-9.11173,14.5237,14.0552,14.603,13.402,13.048,12.965,9.243
Kepler-1616,1,1,0,0,286.5436691,45.3048716,75.87728,16.49419,1137.81,0.850017,9.0204166,8.71485,2.32794,13.4295,13.0513,13.491,12.523,12.228,12.158,9.127
Kepler-1617,1,1,0,0,287.9371747,46.4184781,77.3352,16.02217,898.31,1.08441,6.3629016,-5.99673,-2.12738,13.6555,13.2542,13.811,12.665,12.323,12.336,8.701
Kepler-1618,1,1,0,0,295.1753619,45.9308594,79.07164,11.27915,1229.25,0.784916,7.54512,-1.30902,-7.4307,13.5664,13.2062,13.672,12.779,12.473,12.368,9.209
Kepler-1619,1,1,0,0,285.703595,44.4221528,74.79049,16.71563,734.85,1.332,42.6374473,18.4831,38.423,13.2994,12.866,13.438,12.232,11.858,11.83,9.358
Kepler-162,1,2,0,0,297.2789115,43.7239693,77.82088,8.91719,855.641,1.14023,9.1900702,-1.02936,-9.13224,14.2231,13.7224,14.351,13.041,12.658,12.589,9.543
Kepler-1620,1,1,0,0,297.2709026,46.9284743,80.66117,10.47638,895.069,,19.3768216,-6.61972,18.211,13.6228,13.1842,13.69,12.559,12.198,12.15,9.222
Kepler-1621,1,1,0,0,297.5885341,43.8411937,78.03515,8.77976,1631.66,0.584989,8.8388771,-1.34106,-8.73655,15.0106,14.5519,15.151,13.942,13.602,13.507,9.394
Kepler-1622,1,1,0,0,297.3288329,47.815459,81.47197,10.86809,796.477,1.22675,4.0317269,-3.95818,-0.766572,13.3442,12.9544,13.437,12.422,12.104,12.078,9.665
Kepler-1623,1,1,0,0,294.082697,39.5560655,72.95966,9.02309,837.481,1.16562,4.9936711,-2.32814,-4.41775,14.9243,14.4173,15.205,13.715,13.245,13.271,9.214
Kepler-1624,1,1,0,0,292.5798564,37.3762616,70.4517,9.05558,258.979,3.83323,30.3487034,-2.58046,-30.2388,15.6681,14.5505,16.597,13.141,12.312,12.179,8.802
Kepler-1625,1,1,0,0,295.429322,39.8865068,73.74999,8.26713,2310.11,0.40645,5.2566557,-2.14501,-4.7991,15.7627,15.1942,16.227,14.364,13.916,13.888,9.204001
Kepler-1626,1,1,0,0,296.5004384,40.7212069,74.88682,7.95519,1368.83,0.702119,6.1677723,-2.4397,-5.66474,14.2242,13.835,14.357,13.255,12.967,12.871,9.344
Kepler-1627,1,1,0,0,284.0566675,41.5767277,71.5646,16.7796,317.437,3.12223,2.3258377,2.06451,-1.07113,13.0492,12.5267,13.111,11.69,11.194,11.148,9.327
Kepler-1628,1,1,0,0,281.6336936,43.4115547,72.70578,19.0988,352,,12.6644424,0.197647,-12.6629,16.9534,15.9647,17.8298,14.126,13.224,13.147,9.546
Kepler-1629,1,1,0,0,280.2066276,43.7743281,72.70897,20.19416,336.09,2.94668,4.6485697,3.17293,3.39731,12.7136,12.2563,12.786,11.595,11.218,11.189,8.931
Kepler-163,1,2,0,0,295.0027458,46.9873389,79.97327,11.87083,689.814,1.42108,10.6877873,-9.7225,-4.43867,14.3796,13.8769,14.467,13.194,12.784,12.735,9.714
Kepler-1630,1,1,0,0,297.5083004,43.7110543,77.89166,8.76631,331.213,2.99043,26.5321482,-5.95252,25.8558,14.2049,13.5427,14.278,12.499,11.803,11.639,9.552
Kepler-1631,1,1,0,0,294.6325781,43.8076687,76.97308,10.63796,1305.99,0.738012,2.9409561,-1.77827,-2.34243,15.4951,14.9714,15.673,14.251,13.782,13.825,8.866
Kepler-1632,1,1,0,0,294.4948769,43.9135575,77.02199,10.77493,716.76,1.36634,16.606827,5.61297,-15.6295,13.066,12.6383,13.22,12.033,11.66,11.602,9.076
Kepler-1633,1,1,0,0,288.5151733,44.9232545,76.0723,15.06382,1114.91,0.86808,5.1492286,-3.18591,4.04531,13.3918,13.0111,13.516,12.447,12.109,12.1,8.767
Kepler-1634,1,1,0,0,294.043399,45.1398201,77.98371,11.62186,617.339,1.5913,9.7902845,-0.200561,9.78823,14.486,13.9386,14.636,13.198,12.721,12.646,8.761
Kepler-1635,1,1,0,0,285.3490542,45.5561768,75.79691,17.366,1069.45,0.906922,6.0484282,5.80431,-1.70102,15.6928,15.141,15.82,14.345,13.895,13.815,9.2
Kepler-1636,1,1,0,0,294.0575681,46.4409844,79.17483,12.20049,1947.54,0.484946,4.740808,-3.99792,-2.54792,15.7916,15.2912,15.807,14.645,14.231,14.215,9.672
Kepler-1637,1,1,0,0,282.2368006,48.1542016,77.61218,20.25106,567.187,,22.1080822,-13.2994,-17.6605,13.2726,12.8027,13.375,12.142,11.778,11.705,9.453
Kepler-1638,1,1,0,0,295.4823299,48.5244695,81.52166,12.2882,1525.52,0.626933,7.7922911,-5.13774,5.85862,14.7479,14.2689,14.769,13.55,13.138,13.087,9.263
Kepler-1639,1,1,0,0,283.068651,48.8021209,78.45346,19.93538,1031.31,0.940878,7.7772193,-0.385484,7.76766,14.4686,14.0747,14.593,13.508,13.211,13.158,8.766
Kepler-164,1,4,0,0,287.7808115,47.6298453,78.45857,16.58456,890.758,1.09387,12.4248048,-1.7141,-12.306,14.2329,13.8268,14.379,13.254,12.935,12.919,9.428001
Kepler-1640,1,1,0,0,294.5577857,40.8504949,74.29026,9.30881,1859.78,1.2294126,9.4144963,-9.37634,0.846752,14.9622,14.4927,14.754,13.49,13.079,13.042,9.518
Kepler-1641,1,2,0,0,296.359456,41.5745321,75.58833,8.46248,860.37,1.13394,3.1202637,2.97498,-0.941031,14.2231,13.7848,14.49,13.161,12.735,12.799,9.127
Kepler-1642,1,2,0,0,297.2121215,43.643789,77.72618,8.92018,413.873,2.38745,12.63992,-1.85609,12.5029,14.1012,13.4942,14.319,12.613,12.066,12.016,9.041
Kepler-1643,1,1,0,0,300.4310076,44.7510129,79.86512,7.4819,341.774,2.8972,3.4522897,3.13804,1.4391,13.8271,13.1905,14.072,12.284,11.636,11.019,9.532
Kepler-1644,1,1,0,0,285.4750512,48.0348356,78.25959,18.17315,629.27,0.7876461,17.7943319,-2.44324,-17.6258,14.1827,13.7047,14.397,12.989,12.552,12.472,9.5
Kepler-1645,1,1,0,0,297.4795142,48.418582,82.0602,11.06907,1202.47,0.803145,5.1822615,5.13876,0.67006,14.4405,13.9481,14.566,13.286,12.897,12.834,9.267
Kepler-1646,1,1,0,0,287.5264859,42.9129356,73.86962,14.91811,127.591,7.80885,17.8146375,14.5356,10.2994,15.6554,14.4239,16.8419,12.872,12.029,11.906,9.395001
Kepler-1647,2,1,0,1,298.150057,40.6561751,75.45396,6.83604,1212.45,0.796176,8.750994,-4.90866,-7.24465,13.579,13.1115,13.668,12.376,12.007,11.815,8.916
Kepler-1649,1,2,0,0,292.5029676,41.8299933,74.45609,11.12886,92.1913,10.8187,168.2260947,-135.842,-99.2319,16.2682,14.9673,17.95,13.379,12.589,12.461,9.047
Kepler-165,1,2,0,0,280.69092,47.8096702,76.92011,21.12868,560.885,1.75418,21.9176708,-15.5304,-15.4658,14.7945,14.2294,15.05,13.43,12.843,12.838,9.509
Kepler-1650,1,1,0,0,297.7292296,42.8666919,77.22891,8.2103,134.397,7.41203,51.2894081,-1.68263,-51.2618,15.7393,14.5237,17.07,12.99,12.199,12.036,8.727
Kepler-1651,2,1,0,0,283.6282602,48.3908081,78.1688,19.45131,66.4074,15.0296,49.8624206,-10.8223,-48.6738,13.0716,12.1042,13.86,10.648,9.804,9.444,8.770001
Kepler-1652,1,1,0,0,294.3660313,49.9150219,82.45902,13.5651,252,,7.8793302,-7.4772,-2.48502,16.0023,15.0031,16.86,13.454,12.635,12.498,9.141
Kepler-1653,1,1,0,0,296.457702,41.266021,75.35176,8.24842,755,,5.2,-1.1,5.1,,14.672,15.864,13.88,13.211,13.141,9.398
Kepler-1654,1,1,0,0,282.1856949,44.4344617,73.86663,19.06885,568.117,1.73131,16.1565433,-16.1393,-0.746249,13.4057,12.9495,13.497,12.281,11.922,11.875,9.354
Kepler-1655,1,1,0,0,286.6895986,39.2120802,70.10576,14.01685,213.26,4.66028,44.8268376,29.509,33.7441,11.0141,10.6341,11.045,10.065,9.785,9.749,8.712
Kepler-1656,1,2,0,0,284.4722473,39.911889,70.07924,15.86374,185.875,5.35115,20.6153452,10.8652,17.5197,11.0622,10.6114,11.64,10.046,9.64,9.593,8.962
Kepler-166,1,3,0,0,293.1600977,48.8812074,81.14899,13.81924,603.53,1.62825,7.1768718,-6.62996,-2.74793,14.6848,14.143,14.857,13.346,12.876,12.827,9.859
Kepler-1660,2,1,0,1,290.5519537,40.2350445,72.33368,11.7468,1188.54,0.812612,2.7811979,2.38426,1.43191,13.4394,13.057,13.595,12.499,12.215,12.161,9.351
Kepler-1661,2,1,0,1,285.1670927,41.9669383,72.26462,16.15714,410.607,2.4066,27.6028078,-7.99366,-26.42,14.1933,13.5804,14.357,12.729,12.162,12.069,8.757
Kepler-1663,1,1,0,0,290.4015156,48.8227234,80.31086,15.44414,337.926,2.9307,40.3012411,-1.97538,40.2528,15.6164,14.6401,16.069,13.418,12.552,12.452,8.936
Kepler-1664,1,1,0,0,286.8527157,49.2616668,79.80597,17.76123,626.691,,4.4032922,3.74897,-2.30959,13.5307,13.0693,13.621,12.465,12.054,12.039,9.46
Kepler-1665,1,1,0,0,290.39624,41.0399229,73.02343,12.20124,335.515,2.9516,32.281662,4.71753,-31.9351,13.5913,13.011,13.737,12.113,11.571,11.451,8.643
Kepler-1666,1,2,0,0,297.9516071,46.2647024,80.30239,9.74522,1379.37,0.697148,2.5677391,0.818624,-2.43375,15.0151,14.5845,15.104,13.96,13.629,13.565,9.062
Kepler-1667,1,1,0,0,283.5329505,48.0943604,77.84988,19.41312,626.819,1.56654,22.0936552,2.01256,22.0018,13.4461,13.0366,13.52,12.429,12.119,12.088,9.48
Kepler-1668,1,1,0,0,297.3523076,46.0959309,79.94767,10.02549,1335.64,0.721399,3.5672173,-1.86245,-3.04242,15.6767,15.1575,15.792,14.492,14.013,12.536,9.143
Kepler-1669,1,3,0,0,297.4303826,39.8478795,74.4723,6.90783,543.444,1.81232,5.4917453,1.48364,5.28754,15.9088,15.1228,16.473,14.045,13.2,13.107,9.045
Kepler-167,2,4,0,0,292.6585253,38.3455558,71.35329,9.44486,341.908,2.89593,39.3944815,15.0813,36.3934,14.0004,13.3685,14.284,12.446,11.832,11.766,9.262
Kepler-1670,1,1,0,0,290.3264599,43.121755,74.93061,13.13633,2065.98,0.454875,13.7171731,-5.46251,-12.5826,15.42,14.9688,15.743,14.365,14.019,13.837,8.964
Kepler-1671,1,1,0,0,291.7484295,39.4467817,72.02506,10.57479,357.059,2.77183,24.8558746,13.5293,-20.8512,13.2783,12.7336,13.439,11.964,11.512,11.447,9.245
Kepler-1672,1,1,0,0,297.9400971,40.2785566,75.04428,6.78475,391.181,2.52796,20.4603022,-11.7394,-16.7574,12.3961,11.9857,12.548,11.387,11.096,11.015,9.492
Kepler-1673,1,1,0,0,285.6671724,48.7195865,78.98169,18.29475,727.187,1.34629,3.909737,1.94212,3.39326,13.5988,13.183,13.783,12.593,12.315,12.273,9.549
Kepler-1674,1,1,0,0,294.8160447,45.3060844,78.38828,11.21376,1012.48,0.959626,6.8257062,-3.58883,-5.80608,15.4779,14.9523,15.697,14.191,13.806,13.791,9.569
Kepler-1675,1,1,0,0,283.8095478,41.0412517,70.97329,16.7544,651.117,1.50698,3.9235881,2.35868,3.13547,13.5535,13.1083,13.672,12.532,12.163,12.11,9.47
Kepler-1676,1,1,0,0,287.2368778,43.5671665,74.40648,15.36974,,,9.7856416,9.26874,-3.13835,,12.991,13.485,12.343,11.985,11.909,9.181
Kepler-1677,1,1,0,0,298.493273,47.0130566,81.14917,9.78928,735.369,1.33114,3.9903376,-0.121087,3.9885,13.644,13.2143,13.806,12.605,12.288,12.265,9.009
Kepler-1678,1,1,0,0,292.5916297,38.3995629,71.37765,9.5162,847.339,1.15215,16.7047744,-3.00483,-16.4323,14.9068,14.4292,15.02,13.773,13.371,13.2,9.355
Kepler-1679,1,1,0,0,293.9005786,50.4270507,82.79837,14.05749,909.28,1.07224,3.9712418,-0.620223,3.92251,15.1144,14.6118,15.327,13.898,13.528,13.421,8.522
Kepler-168,1,2,0,0,294.7101832,39.8250437,73.42971,8.72341,1343.6,0.716333,10.3959231,-3.44499,-9.80853,14.6046,14.1655,14.842,13.49,13.206,13.039,9.167
Kepler-1680,1,1,0,0,297.0746571,39.9338893,74.41131,7.18752,310.315,3.19368,8.2672103,2.84381,7.7627,13.6931,13.0949,13.85,12.267,11.673,11.62,9.2
Kepler-1681,1,1,0,0,296.6972773,46.3716969,79.97224,10.55535,758.3,1.5331472,10.9418134,-4.1926,10.1067,14.5565,14.0285,14.646,13.183,12.661,12.606,9.008
Kepler-1682,1,1,0,0,293.9835827,39.5728474,72.93853,9.09849,1159.85,0.834984,6.4562306,-0.129587,-6.45493,15.678,15.1501,15.907,14.429,14.087,13.929,8.938
Kepler-1683,1,1,0,0,298.4501035,44.2840193,78.73432,8.46112,733.143,1.33575,1.9194018,0.537555,1.84259,14.8429,14.2801,14.962,13.475,13.04,12.978,9.495
Kepler-1684,1,1,0,0,294.0054181,46.3106625,79.03919,12.17404,621.996,1.57966,3.904733,3.61242,-1.48235,15.765,15.07,15.951,14.117,13.434,13.387,9.169
Kepler-1685,1,1,0,0,296.1882618,43.9368118,77.62455,9.70889,1141.89,0.848296,9.233682,-4.78787,-7.89539,15.906,15.3554,16.096,14.598,14.059,14.047,9.232
Kepler-1686,1,1,0,0,291.6067189,42.0359783,74.34305,11.81785,729.823,1.34139,8.2984055,-4.8522,6.73199,13.7519,13.3116,13.661,12.659,12.336,12.272,8.934
Kepler-1687,1,1,0,0,289.7428363,50.7870626,82.01382,16.61049,417.014,2.36958,5.0373948,4.21126,2.76417,15.473,14.6674,15.928,13.491,12.739,12.634,9.388
Kepler-1688,1,1,0,0,289.5530051,41.2978532,72.98548,12.8854,567.44687087,1.7622795,3.4927396,1.68959,3.05688,13.9862,13.335,14.142,12.388,11.755,11.71,8.973
Kepler-1689,1,1,0,0,291.5741663,38.6559433,71.24425,10.34205,294.122,3.37116,11.1225791,-11.1185,0.301202,12.1077,11.678,12.227,11.065,10.706,10.665,9.1
Kepler-169,1,5,0,0,285.9999204,40.9193822,71.50909,15.17842,406.529,2.43105,11.7271334,4.93372,10.6388,14.1617,13.5624,14.424,12.729,12.186,12.097,9.13
Kepler-1690,1,1,0,0,288.1566649,41.8779417,73.08366,14.07622,703.789,1.39218,7.513347,-6.67247,-3.45377,14.6417,14.1301,14.882,13.413,12.905,12.725,8.958
Kepler-1691,1,1,0,0,286.2543962,41.0218373,71.6846,15.04164,1267.67,0.760108,9.7300672,-3.85929,-8.93197,14.8807,14.4523,14.893,13.812,13.464,13.477,9.036
Kepler-1692,1,1,0,0,286.9241804,47.0537092,77.67308,16.90563,591.019,1.66328,19.8130856,-15.1871,-12.7244,14.5049,13.9464,14.674,13.176,12.658,12.435,9.434
Kepler-1693,1,2,0,0,290.2015581,48.1857799,79.6509,15.30878,760.065,1.28713,3.28533,-0.869244,-3.16825,14.7438,14.2398,14.857,13.527,13.101,13.09,9.177
Kepler-1694,1,1,0,0,293.7936339,40.241023,73.46926,9.53827,513.329,1.91937,22.8514941,10.4956,20.2986,14.7519,14.1431,14.901,13.288,12.712,12.603,8.986
Kepler-1695,1,1,0,0,293.6193001,46.4134015,79.01123,12.45831,791.175,1.23532,17.1629283,5.66999,16.1993,14.6234,14.1342,14.762,13.438,12.998,12.941,9.406
Kepler-1696,1,1,0,0,295.5761011,42.0233639,75.703,9.19024,1506.36,0.6364,5.8368767,5.53173,1.86255,15.4879,14.9839,15.505,14.245,13.969,13.814,9.544
Kepler-1697,1,1,0,0,287.663331,43.4713782,74.44132,15.04776,247.771,4.00705,21.902014,-10.0442,-19.4631,13.3622,12.7184,13.556,11.76,11.175,11.066,9.35
Kepler-1698,1,1,0,0,293.3450181,39.2577469,72.42374,9.38916,222.345,4.46876,14.6246151,5.88246,-13.3894,12.8761,12.2813,13.054,11.489,10.915,10.851,9.155
Kepler-1699,1,1,0,0,292.1373281,48.9171579,80.88667,14.44265,818.759,,14.1444282,-12.3265,-6.93702,14.6614,14.1552,14.836,13.449,12.996,12.941,9.655
Kepler-17,1,1,0,0,298.3952437,47.8149865,81.82493,10.24166,720.753,1.35886,7.4018001,-3.7779,-6.36507,14.1311,13.6414,14.314,12.992,12.585,12.55,8.715
Kepler-170,1,2,0,0,284.5211975,41.6296562,71.75047,16.47671,738.657,1.32514,12.3170313,2.42327,12.0763,14.3469,13.8294,14.344,13.143,12.677,12.674,8.988
Kepler-1700,1,1,0,0,286.9497376,45.3537626,76.03716,16.24851,717.597,1.36476,12.6541815,0.882089,-12.6234,13.6285,13.221,13.764,12.67,12.352,12.213,8.831
Kepler-1701,1,1,0,0,286.6088625,41.8892986,72.61899,15.13726,584.142,1.68321,10.5708322,0.322877,-10.5659,14.5504,14.0039,14.722,13.232,12.743,12.72,9.304
Kepler-1702,1,1,0,0,284.9724842,44.5674794,74.73093,17.25401,857.14,1.13866,12.1244496,-6.74527,-10.0749,15.7743,15.2004,16.231,14.411,13.959,13.817,9.270001
Kepler-1704,1,1,0,0,291.2012559,51.1442437,82.73316,15.90743,835.455,1.16809,8.382028,1.55879,-8.23581,13.2514,12.7934,13.392,12.138,11.792,11.69,9.581
Kepler-1705,1,2,0,0,301.5785316,44.3121639,79.9197,6.55518,1633.49,0.584903,2.9896925,-1.07862,-2.78834,15.4974,14.974,15.8,14.21,13.735,,
Kepler-1708,1,1,0,0,296.8241065,43.6248197,77.57112,9.15634,1666.69,0.572954,5.0640372,-0.77003,-5.00515,15.6837,15.1747,15.823,14.429,14.089,14.009,9.557
Kepler-1709,1,1,0,0,283.3748873,43.7883708,73.53701,18.04476,273.946,3.62163,31.8710354,11.2215,29.8302,11.6176,11.2064,11.642,10.627,10.3,10.278,8.949
Kepler-171,1,3,0,0,296.7719082,41.7555958,75.89964,8.2812,863.855,1.1294,10.425309,3.01537,9.97971,14.9053,14.3784,15.101,13.586,13.206,13.089,9.373
Kepler-1710,1,1,0,0,291.6832878,37.7514726,70.46256,9.85916,305.193,3.24797,25.4446212,-13.745,-21.4127,12.5606,12.0892,12.695,11.42,11.047,10.997,9.197
Kepler-1711,1,1,0,0,298.1772916,42.2370289,76.84314,7.61078,590.268,,11.5056702,-3.19764,11.0524,13.1844,12.7113,13.298,12.017,11.643,11.573,9.188
Kepler-1712,1,1,0,0,284.998698,50.1466922,80.2389,19.19378,156.264,6.37055,20.0934847,9.37989,-17.7698,14.1997,13.219,14.946,12.009,11.124,11.023,8.845
Kepler-1713,1,1,0,0,287.3456737,43.3783894,74.25854,15.22309,295.293,3.35779,12.1540246,-12.1503,-0.300873,10.8652,10.5143,11.065,9.969,9.754,9.725,9.118
Kepler-1714,1,1,0,0,293.7164655,46.2266878,78.87078,12.31498,409.46,2.41366,13.0541279,0.294744,13.0508,10.9663,10.5743,11.041,10.011,9.705,9.66,8.963
Kepler-1715,1,1,0,0,293.9297337,41.6029048,74.74287,10.07705,522.605,1.88726,11.1955025,3.15552,10.7416,12.3012,11.9182,12.881,11.338,11.041,10.979,8.773
Kepler-1716,1,1,0,0,297.2717207,43.3330644,77.47324,8.73059,195.439,5.08792,61.6832683,-25.0899,-56.35,12.9403,12.3151,13.129,11.429,10.813,10.721,9.38
Kepler-1717,1,1,0,0,295.2126472,49.56216,82.38598,12.91794,1008.79,0.962586,7.8016952,0.323869,-7.79497,13.3,12.975,13.323,12.455,12.228,12.171,9.425
Kepler-1718,1,1,0,0,292.2349191,42.9094618,75.35266,11.7864,375.522,2.63424,8.007797,1.67564,7.83052,12.735,12.3023,12.821,11.68,11.316,11.265,9.202
Kepler-1719,1,1,0,0,284.7068546,38.9367566,69.21634,15.3225,905.406,1.07562,18.9179764,-6.18227,-17.8793,13.3258,12.836,13.478,12.167,11.776,11.706,8.989
Kepler-172,1,4,0,0,283.3684093,41.821839,71.60688,17.34751,828.592,1.17846,4.571919,0.841549,4.4938,14.5369,14.0124,14.703,13.17,12.793,12.595,8.791
Kepler-1720,1,1,0,0,296.8086813,47.1718557,80.72527,10.86939,629.445,1.56001,13.4575346,5.88019,-12.1049,14.6634,14.1352,14.822,13.358,12.891,12.888,9.413
Kepler-1721,1,1,0,0,283.5441984,45.2256548,74.99943,18.43362,641.374,1.53046,23.015028,9.61405,20.9108,14.8762,14.324,15.085,13.545,13.016,12.969,9.387
Kepler-1722,1,1,0,0,296.6627402,41.2611985,75.42329,8.11144,772.283,1.26663,12.3014784,-4.44919,-11.4687,14.8579,14.2986,14.997,13.45,13.078,12.743,9.411
Kepler-1723,1,1,0,0,294.4627362,46.8214022,79.65053,12.12381,811.278,1.20389,12.4325786,2.6917,-12.1377,14.2875,13.8407,14.383,13.189,12.849,12.726,9.702
Kepler-1724,1,1,0,0,296.1207272,47.9214736,81.17623,11.63223,1060.77,0.914247,2.2071068,2.11036,0.646298,14.8169,14.3436,14.961,13.666,13.334,13.223,9.204001
Kepler-1725,1,1,0,0,294.3735518,40.1946345,73.63689,9.12489,558.652,1.76131,0.6926373,0.134696,0.679414,13.0267,12.6252,13.153,12.06,11.751,11.702,9.373
Kepler-1726,1,1,0,0,284.3861498,45.7197342,75.70415,18.05317,390.552,2.53159,3.0912715,-0.110106,3.08931,13.6766,13.1563,13.851,12.402,11.966,11.9,8.921
Kepler-1727,1,1,0,0,290.3336142,38.7282722,70.87455,11.24254,894.187,1.09019,8.8529595,-0.778089,8.8187,15.3759,14.7826,15.751,13.931,13.429,13.079,9.049
Kepler-1728,1,1,0,0,287.0940046,39.0607801,70.0941,13.66878,651.783,1.50566,5.2622635,2.25824,4.75308,15.084,14.4742,15.279,13.643,13.203,13.003,9.108
Kepler-1729,1,1,0,0,296.6939428,42.6261145,76.64025,8.75519,576.181,1.70785,5.7569419,-3.99362,4.14649,15.6458,14.8878,15.676,13.855,13.102,13.04,9.376
Kepler-173,1,2,0,0,294.6466171,41.8840952,75.2479,9.73401,833.165,1.1718,9.0675815,-4.13463,-8.07006,14.2578,13.8071,14.357,13.081,12.668,12.631,9.209
Kepler-1730,1,1,0,0,281.9605834,43.7030386,73.08062,18.9742,1427.08,0.67214,14.0450039,-5.94124,-12.7265,15.3758,14.8937,15.478,14.197,13.849,13.812,9.275
Kepler-1731,1,1,0,0,291.2544229,36.7434302,69.3932,9.71021,169.948,5.8553,35.9023141,-7.79044,-35.0469,12.4974,11.8806,12.742,10.982,10.41,10.288,8.803001
Kepler-1732,1,1,0,0,292.2910129,37.5807686,70.52957,9.353,1289.41,0.747525,7.8957719,3.56043,-7.04745,14.7163,14.2341,14.884,13.584,13.205,13.182,9.015
Kepler-1733,1,1,0,0,291.1384628,37.8592447,70.3644,10.29225,2080.51,0.452585,7.4068579,-3.70209,-6.4153,15.357,14.9313,15.612,14.346,13.981,14.049,9.418
Kepler-1734,1,1,0,0,294.163167,41.4517316,74.68894,9.85217,1482.83,0.646345,18.1444723,-5.91143,-17.1545,15.3171,14.8663,15.598,14.221,13.884,13.841,9.007
Kepler-1735,1,1,0,0,281.0503476,47.1882005,76.36597,20.70764,245.303,4.04785,30.315397,28.8285,9.37768,15.2237,14.2628,15.896,13.035,12.247,12.164,9.634
Kepler-1736,1,1,0,0,289.7766991,38.2622374,70.25324,11.43245,1430,0.67096,6.7142312,-0.596072,-6.68772,14.6161,14.1472,14.808,13.472,13.073,12.996,8.808
Kepler-1737,1,1,0,0,297.0148111,47.486417,81.07468,10.89645,,,5.8173104,-4.797,-3.29088,15.3741,14.7348,15.498,13.843,13.18,13.152,9.444
Kepler-1738,1,1,0,0,296.1313474,47.4388098,80.74418,11.4003,1302.87,0.739337,7.6041406,-4.92173,-5.79651,15.4178,14.9408,15.649,14.247,13.851,13.888,9.62
Kepler-1739,1,1,0,0,296.2320536,47.6788626,80.99304,11.45268,783.666,1.24757,20.5438447,-6.93925,-19.3364,14.6422,14.1672,14.899,13.492,13.024,13.073,9.204001
Kepler-174,1,3,0,0,287.4389454,43.8320052,74.71852,15.33905,384.757,2.57024,42.9539105,-38.9605,-18.0864,14.2858,13.6906,14.53,12.791,12.184,12.175,9.366
Kepler-1740,1,1,0,0,293.873663,38.9224548,72.31602,8.87006,1061.77,0.9144,8.5164999,8.38722,-1.47828,15.2863,14.7909,15.454,14.093,13.695,13.618,9.448
Kepler-1741,1,1,0,0,292.577073,39.120939,72.02363,9.85538,270.739,3.66526,11.8574268,6.14547,10.1406,15.6903,14.7582,16.154,13.409,12.611,12.382,8.915
Kepler-1742,1,1,0,0,286.9668086,44.9924315,75.69421,16.09948,669.573,1.4648,8.7004749,-3.81749,-7.81825,14.3735,13.89,14.512,13.187,12.831,12.736,9.154
Kepler-1743,1,1,0,0,290.5523552,48.1262575,79.69274,15.07071,538.807,1.82727,0.9813192,0.889917,0.413564,11.9354,11.4927,12.062,10.894,10.562,10.483,9.115
Kepler-1744,1,1,0,0,291.0206823,42.4624633,74.54269,12.39401,1091.63,0.887717,3.4564091,-1.88919,2.89443,15.2558,14.7612,15.566,14.013,13.532,13.494,9.201
Kepler-1745,1,1,0,0,293.4689924,42.8223582,75.6866,10.93874,996.105,0.975743,11.2218485,0.16739,-11.2206,14.8649,14.3864,14.854,13.723,13.323,13.19,9.315
Kepler-1746,1,1,0,0,288.3203979,42.2613874,73.49581,14.12111,979.541,0.992175,11.8231158,-8.53586,-8.18078,13.4903,13.1139,13.572,12.495,12.232,12.205,9.41
Kepler-1747,1,1,0,0,284.2096557,45.258082,75.20398,18.00601,1321.38,0.728415,5.041988,1.37238,4.85162,15.9687,15.4109,16.1966,14.654,14.036,14.16,9.422
Kepler-1748,1,1,0,0,285.967897,45.7390789,76.14092,17.03042,1083.28,0.895087,5.1834208,1.10715,5.0638,15.8529,15.3353,16.004,14.561,14.187,14.027,8.71
Kepler-1749,1,1,0,0,290.2945805,45.5645196,77.20386,14.17954,268.2,3.69973,18.0054048,-0.147575,-18.0048,14.6958,13.8749,14.95,12.663,11.809,11.684,9.491
Kepler-175,1,2,0,0,289.553232,43.876116,75.39446,13.96113,1312.34,0.733467,15.3201367,-6.30207,-13.9639,14.9115,14.4428,15.225,13.773,13.496,13.367,9.114
Kepler-1750,1,1,0,0,292.3514917,48.5110714,80.56864,14.14282,1497.33,0.639291,3.3900752,2.82049,1.88081,15.5339,15.0292,15.702,14.328,13.903,13.881,9.479
Kepler-1751,1,1,0,0,284.8465476,49.6923412,79.75107,19.13301,1291.47,0.745576,13.9829344,-9.44968,-10.3066,15.232,14.7743,15.455,14.11,13.784,13.633,9.488
Kepler-1752,1,1,0,0,290.8541401,51.2227435,82.71749,16.13825,962.888,1.0103,14.5114314,-5.98287,-13.2207,15.796,15.2363,16.0249,14.473,13.999,13.89,9.835
Kepler-1753,1,1,0,0,288.236664,46.6058744,77.59797,15.9048,707.688,1.38477,8.2501546,-2.20068,-7.95123,15.5134,14.9283,15.59,14.085,13.521,13.518,9.276
Kepler-1754,1,1,0,0,295.4570818,50.0771838,82.93049,13.01042,718.945,1.36346,6.2469053,-6.24431,0.18005,15.8578,15.16,16.007,14.118,13.438,13.473,9.082
Kepler-1755,1,1,0,0,296.846092,40.1385777,74.50399,7.44064,982.383,0.989745,20.0184025,-13.605,-14.6847,14.3856,13.9165,14.544,13.231,12.911,12.7,9.162
Kepler-1756,1,1,0,0,294.364904,40.7208898,74.10488,9.37714,,,6.8989256,6.82211,1.02664,15.6634,15.0357,15.736,14.036,13.452,13.46,9.281
Kepler-1757,1,1,0,0,297.7397823,46.9418957,80.8305,10.20264,807.308,1.21039,7.2655152,-7.26481,-0.101223,15.3679,14.7917,15.817,14.034,13.543,13.45,9.318
Kepler-1758,1,1,0,0,297.7968197,39.9213378,74.67765,6.70075,1588.41,0.602226,15.9515536,-13.834,-7.94182,14.9449,14.4303,15.119,13.705,13.302,13.222,8.967
Kepler-1759,1,1,0,0,298.4656275,48.5593334,82.50797,10.56558,385.348,2.56635,33.5348409,-30.7021,-13.4895,14.2601,13.642,14.532,12.755,12.159,12.081,9.075
Kepler-176,1,4,0,0,294.6679021,43.8532104,77.02616,10.63645,527.321,1.86777,19.8995036,-15.0302,-13.0416,14.5446,13.9508,14.767,13.097,12.567,12.456,9.094
Kepler-1760,1,1,0,0,284.1326058,48.8251452,78.72046,19.28106,,,8.8518331,-4.36126,7.70288,14.3017,13.7619,14.472,13.04,12.537,12.5,9.531
Kepler-1761,1,1,0,0,284.1329728,49.1426325,79.03781,19.38653,221.186,4.49228,17.6519395,15.6437,8.17714,14.898,13.9051,15.619,12.643,11.791,11.7,9.675
Kepler-1762,1,1,0,0,290.4931471,39.7855117,71.90027,11.59203,1663.74,0.572829,1.4274696,-0.607836,1.29159,15.083,14.6824,15.239,14.15,13.874,13.792,8.913
Kepler-1763,1,1,0,0,294.1130368,40.3628861,73.69343,9.37925,756.486,1.29324,15.9762427,-5.94359,-14.8295,13.5105,13.0851,13.634,12.471,12.134,12.084,8.819
Kepler-1764,1,1,0,0,293.8799047,41.3938374,74.53703,10.01365,1542.48,0.620325,5.663339,3.52896,4.42943,14.7454,14.3207,14.91,13.741,13.449,13.405,9.081
Kepler-1765,1,1,0,0,298.0144601,42.9574314,77.41317,8.0739,764.456,1.27973,9.0717297,0.862974,-9.03059,14.8213,14.282,15.04,13.495,13.127,13.019,9.228
Kepler-1766,1,1,0,0,294.2772343,46.6752351,79.4584,12.17114,501.229,1.96639,9.6573105,-9.03036,-3.4229,12.8705,12.4463,12.96,11.829,11.475,11.456,9.14
Kepler-1767,1,1,0,0,293.6441248,46.9896696,79.54791,12.69918,820.506,1.19062,17.4302316,-3.94941,-16.9769,15.7151,15.1591,16.206,14.402,13.792,13.838,9.475
Kepler-1768,1,1,0,0,299.9572335,44.7718851,79.70836,7.78099,632.766,1.55159,0.7493309,0.641082,-0.387957,13.4376,12.9639,13.565,12.302,11.932,11.913,9.541
Kepler-1769,1,1,0,0,294.7433755,43.4611633,76.69865,10.40623,438.412,2.25236,9.8700893,7.73946,-6.12531,12.445,12.0487,12.487,11.544,11.264,11.105,9.385
Kepler-177,1,2,0,0,286.0471442,45.0532038,75.49689,16.72431,1435.44,0.667813,4.182543,4.0506,-1.04226,14.9414,14.4957,15.171,13.858,13.421,13.455,9.47
Kepler-1770,1,1,0,0,299.2502851,43.4103663,78.26557,7.52261,582.942,1.68672,17.4413704,-5.6546,-16.4993,14.2972,13.766,14.418,13.016,12.577,12.338,9.672
Kepler-1771,1,1,0,0,292.0134714,49.0191267,80.94695,14.55928,565.752,,8.8734295,3.55494,8.1302,13.7005,13.2433,13.802,12.573,12.152,12.115,9.185
Kepler-1772,1,1,0,0,289.4381201,39.2703594,71.06697,12.10432,871.564,1.11863,1.5758545,1.18388,1.04007,13.3948,12.89,13.546,12.151,11.75,11.707,9
Kepler-1773,1,1,0,0,286.2232284,38.2581676,69.05494,13.96584,681.255,1.43924,2.4777725,1.05306,2.24286,12.9455,12.5396,13.085,11.97,11.692,11.627,9.274
Kepler-1774,1,1,0,0,288.5743991,40.9886069,72.38085,13.42586,816.592,1.19588,19.4726544,-8.86814,-17.3361,13.8899,13.4637,14.02,12.86,12.505,12.455,9.392
Kepler-1775,1,1,0,0,286.4023452,38.7385674,69.56634,14.0307,657.023,1.49317,7.4384409,4.36299,6.02451,13.2765,12.8556,13.429,12.3,12.005,11.661,9.175
Kepler-1776,1,1,0,0,291.5344017,47.0424958,78.95728,14.01882,690.336,1.41974,6.2679789,1.48515,-6.08949,13.5571,13.1518,13.68,12.592,12.259,12.163,9.167
Kepler-1777,1,1,0,0,290.3286455,37.7231188,69.95216,10.8059,619.146,1.58636,3.5032278,-3.44124,0.656104,13.9541,13.4934,14.112,12.911,12.528,12.355,9.269
Kepler-1778,1,1,0,0,287.3612976,43.7388,74.60682,15.35409,1276.29,0.755071,2.1052988,0.39574,2.06777,15.0421,14.607,15.273,14.007,13.731,13.638,9.443
Kepler-1779,1,1,0,0,300.4174607,45.6054854,80.59844,7.93149,908.501,1.07291,6.6847344,-1.46276,-6.52273,14.9927,14.4573,15.132,13.677,13.251,13.291,9.41
Kepler-178,1,3,0,0,287.1010275,46.8964033,77.56786,16.73486,716.025,1.36792,20.9577992,-6.62538,-19.883,14.5782,14.072,14.876,13.28,12.899,12.891,9.383
Kepler-1780,1,1,0,0,294.0839282,42.8095104,75.8848,10.53166,790.516,1.23661,15.701239,1.01032,-15.6687,14.9304,14.3986,14.907,13.643,13.197,13.102,9.348
Kepler-1781,1,1,0,0,291.7114906,42.3415097,74.65839,11.8821,962.63,1.01127,1.9539406,0.1095,1.95087,15.7348,15.1636,15.713,14.401,14.018,13.914,9.457
Kepler-1782,1,1,0,0,280.926162,44.0878036,73.20287,19.80508,305.792,3.2413,24.9230991,3.24611,-24.7108,13.7041,13.0931,13.875,12.184,11.576,11.49,8.926
Kepler-1783,1,1,0,0,297.0210984,41.3771655,75.65841,7.93344,264.078,3.75791,2.5818796,2.09086,-1.51473,13.0982,12.5126,13.309,11.694,11.124,11.051,9.364
Kepler-1784,1,1,0,0,297.9541684,44.6674491,78.89353,8.95858,883.045,1.10436,9.3618569,2.63647,-8.98295,15.1562,14.5756,15.423,13.715,13.244,13.05,8.659
Kepler-1785,1,1,0,0,295.7921797,47.6000699,80.78081,11.67812,745.74,1.31231,7.7007212,0.167008,-7.69891,14.1632,13.6957,14.245,13.05,12.66,12.611,9.568
Kepler-1786,1,1,0,0,292.5877743,38.5219827,71.48667,9.57483,863.909,1.12892,7.6393032,-3.57406,-6.75167,14.0789,13.6164,14.088,12.963,12.627,11.974,9.398
Kepler-1787,1,1,0,0,289.0643042,47.1174041,78.31739,15.58472,778.602,1.25572,8.302648,-1.22728,-8.21144,14.4604,14.0155,14.564,13.369,12.988,12.92,9.520001
Kepler-1788,1,1,0,0,291.2243829,45.7780993,77.68383,13.6788,560.445,1.75581,5.3449802,5.02729,1.81526,15.254,14.5899,15.484,13.657,12.985,13.003,8.971
Kepler-1789,1,1,0,0,282.8631419,41.7966332,71.44036,17.68993,611.461,1.60677,17.1975953,-13.8747,-10.1612,14.3155,13.8148,14.449,13.14,12.735,12.637,9.337
Kepler-179,1,2,0,0,298.6636163,47.7619329,81.86816,10.05858,605.68,1.62234,26.5537114,-18.5031,-19.0456,14.6031,14.0436,14.772,13.278,12.75,12.725,9.313
Kepler-1790,1,1,0,0,294.5668577,46.0757312,79.00491,11.72115,1070.17,0.905832,18.6438308,-6.36025,-17.5254,14.0943,13.6564,14.179,13.055,12.686,12.674,9.229
Kepler-1791,1,1,0,0,284.4903166,42.6482636,72.72911,16.87575,602.218,,5.9216774,-1.9761,-5.58223,13.4138,12.9973,13.529,12.38,12.006,11.969,9.465
Kepler-1792,1,1,0,0,294.8400788,39.0859757,72.8198,8.28475,601.029,1.63554,3.954778,3.1095,-2.44362,15.1726,14.5495,15.566,13.679,13.132,13.039,9.354
Kepler-1793,1,1,0,0,291.9129477,40.9539265,73.45576,11.13423,1189.88,0.813187,4.7753753,-1.33988,-4.58355,15.9003,15.3151,15.949,14.401,13.877,13.75,9.270001
Kepler-1794,1,1,0,0,300.6196594,45.7888068,80.83058,7.90528,561.229,1.75381,22.5959802,-5.48601,-21.9199,15.2846,14.6537,15.497,13.718,13.031,13.007,9.444
Kepler-1795,1,1,0,0,286.4792568,39.2698793,70.09283,14.18925,,,18.5988314,-10.1421,-15.5902,15.7903,15.0222,16.188,13.796,12.996,12.885,9.033
Kepler-1796,1,1,0,0,301.5430397,44.6056251,80.15696,6.73189,825.883,1.18244,11.0810326,11.0809,0.0542069,14.354,13.8768,14.493,13.216,12.809,12.769,8.933
Kepler-1797,1,1,0,0,292.4642406,45.9682799,78.2408,12.9805,1338.49,0.71858,1.4201514,0.027761,-1.41988,15.293,14.8525,15.421,14.21,13.83,13.775,9.131
Kepler-1798,1,1,0,0,291.7262251,37.528968,70.27663,9.72841,395.196,2.5024,12.7475052,4.99012,11.7302,15.6827,14.8343,16.391,13.594,12.776,12.651,9.32
Kepler-1799,1,1,0,0,288.3086994,51.4783348,82.32839,17.70472,2254.69,0.412942,2.5992448,-1.31058,2.24465,15.826,15.322,15.99,14.636,14.237,14.155,9.323
Kepler-18,1,3,0,0,298.0794448,44.746248,79.0074,8.92007,433.047,2.28043,20.3637784,-1.43152,-20.3134,13.5393,12.9879,13.771,12.189,11.756,11.699,9.358
Kepler-180,1,2,0,0,295.5712566,49.774514,82.68811,12.80745,695.65,1.40879,13.7315452,-7.55387,-11.4671,14.325,13.8216,14.488,13.057,12.685,12.584,9.58
Kepler-1800,1,1,0,0,297.6513317,40.3524154,74.99789,7.01237,350.455,2.82462,33.6730359,-11.0671,-31.8024,13.0751,12.5401,13.194,11.78,11.279,11.216,9.368
Kepler-1801,1,2,0,0,295.1640095,39.2014024,73.04331,8.11892,839.332,1.16308,4.3540897,4.00941,-1.69786,15.0715,14.5435,15.28,13.828,13.405,13.338,9.235
Kepler-1802,1,2,0,0,300.2420869,44.1412854,79.26853,7.28213,636.694,1.55423,8.1406986,-1.53677,-7.99433,16.5052,16.0752,15.905,13.732,12.397,,
Kepler-1804,1,1,0,0,301.3428675,44.672175,80.13824,6.888,434.456,2.2734,0.7804002,-0.346327,0.699344,14.4269,13.7989,14.679,12.918,12.356,12.278,9.698
Kepler-1805,1,1,0,0,285.0865387,40.8990506,71.21319,15.80738,221.639,4.48309,6.8664522,1.49099,6.70262,14.8955,13.8953,15.536,12.656,11.811,11.663,9.367
Kepler-1806,1,1,0,0,287.5349528,49.8016283,80.50295,17.54556,978.066,0.994354,7.6991621,-5.05382,-5.80827,15.9071,15.3315,16.173,14.591,14.039,13.861,9.628
Kepler-1807,1,1,0,0,291.5494119,44.5272788,76.62177,12.93792,1299.32,0.740922,2.9792191,1.02394,-2.79773,13.9341,13.5198,14.127,12.861,12.577,12.527,9.566
Kepler-1808,1,1,0,0,287.2924737,39.3832039,70.4616,13.65968,1022.01,0.950059,5.9051509,-0.459962,-5.88721,15.2356,14.6796,15.424,13.953,13.49,13.435,9.286
Kepler-1809,1,1,0,0,290.2651662,40.5484937,72.52602,12.07928,409.602,2.41265,42.4441212,-25.7126,-33.7693,14.1375,13.5299,14.271,12.662,12.16,12.009,9.418
Kepler-181,1,2,0,0,296.1512831,50.0957806,83.15616,12.6227,609.283,1.61267,16.7721803,-13.4158,-10.0659,14.7137,14.1599,14.854,13.364,12.876,12.84,9.502
Kepler-1810,1,1,0,0,291.8129995,38.0880964,70.81439,9.91962,1009.87,0.962318,13.292521,-3.79726,-12.7386,15.2968,14.7708,15.4,14.041,13.57,13.557,8.861
Kepler-1811,1,1,0,0,289.9793241,40.1427848,72.05562,12.10156,1390.56,0.690806,4.6829828,-0.426289,-4.66354,15.1431,14.6745,15.327,14.02,13.606,13.578,9.223
Kepler-1812,1,1,0,0,298.0845087,40.2832525,75.10403,6.6918,1409.19,0.682188,1.1555448,-1.14538,-0.152933,15.303,14.8105,15.631,14.108,13.719,13.718,9.64
Kepler-1813,1,1,0,0,292.2399069,48.5115214,80.53671,14.20995,,,10.5694136,-8.74984,-5.92898,15.5361,14.9551,15.639,14.093,13.643,13.501,8.991
Kepler-1814,1,2,0,0,285.2166767,41.2824449,71.62046,15.86299,726.346,1.34842,2.6393421,-2.00864,-1.71216,15.607,14.944,15.814,14.011,13.393,13.135,8.962
Kepler-1815,1,1,0,0,300.170472,43.9849048,79.10674,7.24545,1006.63,0.965849,11.8794487,-2.54469,-11.6037,15.3701,14.7874,15.621,13.955,13.58,13.464,9.331
Kepler-1816,1,1,0,0,296.8509823,50.6987736,83.91538,12.50696,437.823,2.25527,31.5695411,-2.49619,-31.4707,14.4553,13.8704,14.734,13.042,12.527,12.433,9.469
Kepler-1817,1,1,0,0,282.0333419,44.4779955,73.87137,19.1859,748.569,1.30731,9.3674367,9.33555,-0.772254,15.1345,14.6069,15.346,13.845,13.33,13.331,8.99
Kepler-1818,1,1,0,0,284.3284866,40.5688741,70.66885,16.21383,1034.59,0.937926,13.5252721,-4.77405,-12.6547,14.3071,13.8452,14.514,13.199,12.829,12.788,9.044
Kepler-1819,1,1,0,0,296.5600307,46.8574644,80.36156,10.86924,1363.19,0.705552,7.4587073,-4.93995,-5.58831,15.3187,14.8292,15.489,14.172,13.842,13.792,9.055
Kepler-182,1,2,0,0,289.8301128,50.5862025,81.84308,16.48159,1549.09,0.616601,10.5162873,-7.64767,-7.21841,14.8737,14.4356,14.942,13.836,13.518,13.468,9.557
Kepler-1820,1,1,0,0,296.71274,48.2722828,81.68178,11.44772,1425.39,0.673508,8.6840022,-3.14674,-8.09382,15.6919,15.1859,15.759,14.485,14.149,14.082,9.113
Kepler-1821,1,1,0,0,294.5254573,49.872484,82.46656,13.45418,799.699,1.2218,4.4297019,1.5963,4.13208,14.6369,14.1483,14.795,13.469,13.058,13.02,9.089
Kepler-1822,1,1,0,0,297.2855,41.3055733,75.6941,7.7254,897.597,1.08697,7.6145799,1.74422,-7.41212,15.5694,14.9762,15.804,14.183,13.573,13.508,8.962
Kepler-1823,1,1,0,0,283.754777,45.335125,75.16183,18.33269,724.971,1.35057,9.2492505,-0.824481,-9.21243,13.3209,12.9368,13.477,12.367,12.079,12.061,9.622
Kepler-1824,1,1,0,0,296.7071957,41.2036197,75.389,8.05416,1040.1,0.933309,10.8456212,-9.50021,-5.23197,14.6752,14.2415,14.976,13.631,13.409,13.233,9.6
Kepler-1825,1,1,0,0,292.5140647,42.6517554,75.20968,11.48845,430.254,2.29544,15.6446494,15.6252,-0.779859,14.3827,13.7731,14.605,12.891,12.348,12.281,9.375
Kepler-1826,1,1,0,0,292.7700072,48.8998469,81.05265,14.0588,336.952,2.9392,49.9203455,12.1977,48.4072,15.6654,14.7093,16.83,13.491,12.674,12.568,9.349
Kepler-1827,1,1,0,0,292.2525301,40.7927895,73.42561,10.83253,686.461,1.42803,16.6589067,9.95485,13.3574,13.0059,12.4638,13.228,11.669,11.171,11.141,8.91
Kepler-1828,1,1,0,0,292.4275963,37.3207616,70.34553,9.13768,871.81,1.11875,8.0429618,4.9397,-6.34733,14.8984,14.3896,14.985,13.695,13.333,13.244,8.882
Kepler-1829,1,1,0,0,288.664484,51.4983798,82.43381,17.50627,679.921,1.44209,16.2241103,-8.922051,-13.5506,15.0088,14.4311,15.218,13.624,13.081,12.958,9.708
Kepler-183,1,2,0,0,293.5308112,39.3159329,72.54342,9.28857,1050.64,0.923702,8.9904093,-2.15675,8.72788,14.8934,14.4099,14.993,13.726,13.308,13.304,9.452
Kepler-1830,1,1,0,0,295.1390408,40.9790527,74.61491,8.98213,1056.88,0.917615,7.1491182,-0.724329,-7.11233,13.4841,13.0912,13.605,12.534,12.264,12.21,8.829001
Kepler-1831,1,1,0,0,295.3024604,49.5890456,82.43762,12.87817,1053.49,0.920577,14.5826213,-7.56121,-12.4692,15.0112,14.5551,15.158,13.901,13.538,13.509,8.78
Kepler-1832,1,1,0,0,299.8517779,43.7320611,78.76895,7.3123,486.174,2.02831,30.1792274,-8.43494,-28.9765,14.3752,13.7817,14.577,12.913,12.35,12.316,9.095
Kepler-1833,1,1,0,0,290.8714239,45.4102813,77.23333,13.74766,591.602,1.66169,4.9180015,3.53897,-3.41503,12.5657,12.1701,12.645,11.588,11.29,11.281,9.366
Kepler-1834,1,2,0,0,294.6646789,39.7838461,73.37626,8.73475,500.395,1.97034,7.1740785,-5.39938,4.72378,14.9047,14.2644,15.18,13.31,12.722,12.664,8.874
Kepler-1835,1,1,0,0,280.3148152,43.9856885,72.94891,20.18801,1404.38,0.683384,15.9367732,-14.3656,-6.90002,15.3562,14.8784,15.615,14.189,13.836,13.767,9.396
Kepler-1836,1,1,0,0,292.3150933,40.8387799,73.48908,10.81083,1472.62,0.651353,10.8865645,-5.51047,-9.38893,15.623,15.1559,15.558,14.501,14.032,14.078,8.91
Kepler-1837,1,1,0,0,288.2076012,45.6834463,76.70756,15.5631,1229.18,0.785182,7.7858155,-5.65279,-5.35396,15.4172,14.9358,15.48,14.216,13.835,13.736,8.997
Kepler-1838,1,1,0,0,298.9917165,40.14226,75.33486,6.02307,451.242,2.18755,36.2798296,0.758489,-36.2719,11.803,11.3596,11.443,10.677,10.373,10.215,9.081
Kepler-1839,1,1,0,0,294.2244432,50.0755761,82.56605,13.71756,1136.6,0.851139,1.440609,0.682741,1.26855,14.6231,14.1375,14.935,13.465,13.033,13.009,9.495
Kepler-184,1,3,0,0,291.9518784,43.0746172,75.41102,12.04501,610.326,1.6097,22.8747961,-2.92512,-22.687,14.3115,13.8197,14.42,13.1,12.69,12.656,9.062
Kepler-1840,1,1,0,0,298.5948803,41.4359643,76.30269,6.93915,513.107,1.92049,11.9468267,10.8999,4.89069,15.0578,14.3957,15.192,13.477,12.731,12.556,9.21
Kepler-1841,1,1,0,0,287.7069031,40.6852161,71.81906,13.89999,631.7,1.5543,5.1813616,1.15162,-5.05176,14.5268,13.995,14.855,13.245,12.745,12.699,8.944
Kepler-1842,1,1,0,0,286.2516039,42.3784353,72.9793,15.57169,923.551,1.05419,8.4013569,-5.91842,-5.96281,14.6804,14.1959,14.746,13.518,13.104,13.091,8.622
Kepler-1843,1,1,0,0,292.8852302,41.279169,74.08635,10.62548,784.625,1.24607,21.2142693,-14.2104,-15.7515,12.9086,12.3805,13.086,11.606,11.141,11.113,9.241
Kepler-1844,1,1,0,0,292.6903973,37.9345682,70.99476,9.23418,1804.36,0.527546,2.3586766,-1.26648,-1.98982,15.6915,15.1693,15.995,14.461,14.062,13.851,9.036
Kepler-1845,1,1,0,0,292.9016226,38.297032,71.39829,9.25314,710.724,1.37928,12.8750071,6.01872,-11.3816,15.7496,15.0995,16.117,14.175,13.585,13.536,8.823
Kepler-1846,1,1,0,0,294.3909489,44.7629523,77.75575,11.23122,374.615,2.64059,18.0864718,-17.6572,3.91711,14.1277,13.482,14.412,12.554,11.942,11.912,9.091
Kepler-1847,1,1,0,0,296.6014013,44.3252289,78.11453,9.63471,1693.86,0.563997,7.7222903,-1.99157,-7.46106,15.8633,15.3793,16.027,14.682,14.192,14.302,9.44
Kepler-1848,1,1,0,0,299.3814921,45.5920846,80.2128,8.54786,309.696,3.20011,47.2404503,-20.9891,-42.3216,13.679,13.0408,13.887,12.135,11.529,11.501,8.915
Kepler-1849,1,1,0,0,285.29193,41.2557275,71.61723,15.80052,631.884,1.55423,6.5455005,-1.68139,6.32586,15.7002,15.025,15.997,14.049,13.418,13.379,9.428001
Kepler-185,1,2,0,0,282.4681674,43.8899464,73.39808,18.69333,466.735,2.11386,15.1322691,11.1706,10.208,14.4426,13.8733,14.562,13.05,12.515,12.487,9.198
Kepler-1850,1,1,0,0,287.1428295,43.6161177,74.42563,15.45157,250.199,3.968,21.824292,17.3,13.3045,14.0882,13.3448,14.44,12.256,11.562,11.474,9.439
Kepler-1851,1,1,0,0,285.6737597,45.6398375,75.96531,17.18501,1589.81,0.600137,4.1531207,-0.939933,-4.04536,15.6445,15.167,15.699,14.524,13.962,14.017,9.018
Kepler-1852,1,1,0,0,288.0297157,40.3441934,71.60197,13.53661,772.481,1.26611,3.6161069,-0.679505,3.55169,15.4354,14.828,15.726,14.013,13.427,13.418,9.384
Kepler-1853,1,1,0,0,284.7478834,46.3735415,76.44075,18.04902,562.348,1.74979,4.8077186,-0.343106,-4.79546,15.0482,14.421,15.229,13.404,12.776,12.646,9.019
Kepler-1854,1,1,0,0,286.28593,37.3869915,68.2551,13.56848,423.348,,29.2288973,-29.0294,-3.40916,14.1068,13.532,14.381,12.729,12.146,11.95,9.253
Kepler-1855,1,1,0,0,283.4018628,41.5161554,71.31799,17.21343,,,37.6860936,-13.0494,-35.3547,15.7514,14.3443,16.556,12.858,12.032,11.87,9.214
Kepler-1856,1,1,0,0,295.9091695,51.3478777,84.22691,13.33162,848.76,1.1502,13.8763385,-3.43837,-13.4436,15.3875,14.7686,15.621,13.827,13.392,13.152,9.409
Kepler-1857,1,1,0,0,296.4557129,39.598537,73.88117,7.43714,853.275,1.1437,15.0908361,-5.37017,-14.103,14.1486,13.692,14.36,12.998,12.593,12.46,8.688
Kepler-1858,1,1,0,0,292.3074315,46.626579,78.80207,13.36315,833.055,1.17257,8.4921897,-3.14104,-7.88994,15.6406,15.0428,15.959,14.219,13.663,13.617,9.493
Kepler-1859,1,2,0,0,293.9886751,46.7179996,79.40642,12.36714,1331.25,0.72278,12.1932449,-4.37715,-11.3805,15.1088,14.6473,15.178,13.994,13.714,13.596,9.589
Kepler-186,1,5,0,0,298.652736,43.9549884,78.5199,8.17058,177.594,5.60203,4.839251,2.09856,-4.36055,14.5994,13.6403,15.138,12.473,11.605,11.502,8.022
Kepler-1860,1,1,0,0,294.3508497,50.0809627,82.60779,13.6471,438.703,2.25057,28.1065656,-9.01348,-26.6221,13.4381,12.9331,13.569,12.209,11.808,11.771,9.358
Kepler-1861,1,1,0,0,295.8465148,49.9361586,82.91864,12.72337,829.985,1.17616,3.4448571,2.05875,2.76199,13.6519,13.2142,13.709,12.558,12.239,12.161,9.432
Kepler-1862,1,1,0,0,296.7533555,49.3780726,82.69101,11.94451,1232.19,0.783621,1.5626864,0.91629,-1.26586,15.8381,15.3126,15.847,14.596,14.125,14.108,9.284
Kepler-1863,1,1,0,0,282.2397185,43.2440854,72.69782,18.62728,865.546,1.12655,11.4382566,8.273171,7.89863,13.4479,13.0197,13.64,12.36,12.039,11.966,8.785
Kepler-1864,1,1,0,0,289.6867653,41.5889178,73.29961,12.91726,298.894,3.31688,10.6454947,10.3008,-2.68702,12.0365,11.608,12.123,10.986,10.666,10.62,8.786
Kepler-1865,1,1,0,0,293.941238,41.5904136,74.73565,10.06365,922.255,1.05654,16.3904579,11.1456,-12.0176,15.5426,14.97,15.468,14.217,13.635,13.639,8.934
Kepler-1866,1,1,0,0,286.2246453,44.6544869,75.16036,16.45824,976.737,0.995104,4.0154386,1.62919,3.67008,14.366,13.9133,14.418,13.276,12.877,12.92,8.56
Kepler-1867,1,1,0,0,294.9971007,43.4358698,76.76315,10.23146,680.583,1.44057,20.3486269,-18.7607,-7.88053,13.4367,12.9574,13.549,12.307,11.897,11.839,9.301
Kepler-1868,1,1,0,0,293.2983733,43.5558025,76.29601,11.3814,274.18,3.61832,12.092861,4.94364,-11.0362,13.8592,13.1835,14.157,12.224,11.559,11.483,9.264
Kepler-1869,1,2,0,0,292.6149958,42.7643438,75.34626,11.47224,113.025,8.81875,28.8311965,-19.4364,21.2947,10.0911,9.6523,10.31,9.052,8.693,8.646,8.727
Kepler-187,1,2,0,0,299.7964955,44.0892448,79.05757,7.52969,1143,0.84684,14.4133318,3.64356,-13.9452,14.1753,13.6749,14.297,12.956,12.566,12.523,9.213
Kepler-1870,1,1,0,0,293.9335076,40.590704,73.83352,9.60609,407.216,2.42689,6.7421577,3.74616,-5.60562,13.4199,12.9026,13.566,12.186,11.758,11.682,9.235
Kepler-1871,1,1,0,0,292.4275044,38.4728824,71.38433,9.66405,854.623,1.14175,6.0109919,-1.25214,-5.87913,14.544,14.0227,14.822,13.324,12.841,12.819,8.679
Kepler-1872,1,1,0,0,281.0491988,43.3225996,72.46658,19.46959,840.182,1.16203,5.2131052,5.05351,1.28004,15.7802,15.1718,15.966,14.357,13.71,13.556,9.322
Kepler-1873,1,1,0,0,294.596557,46.0483705,78.98964,11.69033,820.957,1.19069,12.0283306,-0.241799,12.0259,15.6097,14.9859,15.889,14.149,13.569,13.441,9.563
Kepler-1874,1,1,0,0,286.3718158,43.692081,74.27465,15.99548,408.007,,29.1485324,4.73242,28.7618,14.9565,14.2562,15.434,13.191,12.473,12.41,8.804
Kepler-1875,1,1,0,0,296.7727406,50.1883667,83.42936,12.3128,1660.45,0.575041,6.2079531,-4.16096,-4.60707,15.0014,14.5594,15.201,13.867,13.425,13.464,9.432
Kepler-1876,1,1,0,0,299.1604859,41.1437964,76.26675,6.42466,259.935,3.81845,15.499104,1.47457,15.4288,10.7582,10.3551,10.793,9.771,9.472,9.45,8.728
Kepler-1877,1,1,0,0,294.866924,46.7904816,79.751,11.86335,285.312,3.47619,15.9834762,7.07467,-14.3325,12.2289,11.7492,12.29,11.064,10.642,10.558,9.372
Kepler-1878,1,1,0,0,300.7324154,44.1070231,79.4231,6.96348,1494.3,0.641277,7.7120727,2.41941,-7.32274,15.403,14.8908,15.587,14.158,13.672,13.657,9.28
Kepler-1879,1,1,0,0,289.3644209,41.5332589,73.14367,13.11269,627.171,1.56588,11.3627705,7.22452,8.77034,12.7877,12.371,12.825,11.753,11.444,11.422,9.188
Kepler-188,1,2,0,0,281.2797173,44.3154743,73.51949,19.64002,968.544,1.00392,14.9364819,2.19512,-14.7743,14.6336,14.1665,14.719,13.536,13.144,13.057,9.054
Kepler-1880,1,1,0,0,287.8264561,40.6965988,71.86779,13.82184,611.041,1.60837,10.7496731,10.6025,-1.7727,15.8887,15.1754,16.088,14.157,13.439,13.419,9.088
Kepler-1881,1,1,0,0,293.6393065,44.9825447,77.70878,11.80554,1057.21,0.918411,15.4489661,-8.50502,12.8971,15.8603,15.293,15.898,14.423,13.978,13.833,8.962
Kepler-1882,1,1,0,0,290.6640856,43.4997866,75.38908,13.0741,443.371,2.22676,7.4489617,-1.15042,-7.35959,12.4303,11.9579,12.516,11.271,10.919,10.301,9.508
Kepler-1883,1,1,0,0,291.922557,42.002522,74.41784,11.59243,1377.61,0.698286,4.0522223,-1.41315,-3.79783,15.5406,15.0643,15.642,14.405,14.097,13.937,9.329001
Kepler-1884,1,1,0,0,296.7463986,43.0454207,77.03021,8.92496,1443.09,0.66501,5.844737,-5.79818,-0.736247,15.2294,14.727,15.433,14.011,13.611,13.345,9.561
Kepler-1885,1,1,0,0,288.7507112,47.4909206,78.58747,15.92702,818.482,1.19317,5.7994153,-3.32261,-4.75326,14.7999,14.2713,14.851,13.526,13.109,13.086,9.421
Kepler-1886,1,1,0,0,296.2645118,39.4059745,73.63905,7.4719,1059.51,0.916692,6.7798081,-5.57655,3.85589,15.4559,14.9377,15.627,14.229,13.705,,
Kepler-1887,1,1,0,0,288.9555263,44.705707,75.99577,14.6904,1366.18,0.703869,8.8498679,7.38685,4.87387,15.9544,15.4469,15.955,14.8,14.298,14.326,9.215
Kepler-1888,1,1,0,0,289.3945523,41.7822597,73.38556,13.19653,402.947,2.4532,31.0321725,-24.4067,-19.1653,11.8773,11.3796,12.099,10.703,10.322,10.254,8.552
Kepler-1889,1,1,0,0,297.1992577,41.2264404,75.59236,7.74278,1395.13,0.689873,1.6534559,-1.63385,-0.253871,15.5173,14.9625,15.715,14.197,13.731,13.669,9.477
Kepler-189,1,2,0,0,287.5646296,44.3050662,75.20665,15.4413,591.534,1.66183,19.1397901,-11.9802,14.9267,14.8213,14.251,14.971,13.408,12.921,12.862,9.405
Kepler-1890,1,1,0,0,292.5778203,40.6679032,73.42492,10.5562,529.596,1.85971,11.2697726,6.1603,9.43708,12.779,12.4011,12.916,11.851,11.566,11.478,9.026
Kepler-1891,1,1,0,0,290.0438524,44.3705375,76.00835,13.84545,596.24,1.64841,9.0143381,-3.91785,-8.11842,14.2754,13.7513,14.412,12.972,12.538,12.514,8.978
Kepler-1892,1,1,0,0,299.081007,42.0180957,76.99344,6.92164,851.595,1.14683,8.6510558,1.2681,-8.55761,15.4008,14.8333,15.592,14.065,13.563,13.516,8.898
Kepler-1893,1,1,0,0,298.4012866,44.8381709,79.2028,8.76729,1050.72,0.923566,9.8325049,-9.486651,-2.58488,14.8964,14.3347,15.152,13.586,13.104,13.097,9.254
Kepler-1894,1,2,0,0,295.5864604,49.6668523,82.59443,12.74966,935.191,1.04108,4.7257992,-2.67523,3.89568,15.3627,14.8513,15.452,14.078,13.648,13.593,9.206
Kepler-1895,1,1,0,0,291.6756005,48.7625419,80.61011,14.65382,984.187,0.987828,3.8909448,-2.74694,-2.75568,15.4813,14.8623,15.787,13.992,13.441,13.274,9.253
Kepler-1896,1,1,0,0,289.6785786,40.2496475,72.05393,12.35491,1732.91,0.548579,2.5744023,-0.300449,2.55681,15.7001,15.2283,15.844,14.548,14.165,14.148,9.208
Kepler-1897,1,1,0,0,294.2901043,39.126871,72.65218,8.68012,983.174,0.990102,7.9950591,7.1932,3.48982,16.0047,15.3637,16.01,14.437,13.714,13.683,8.826
Kepler-1898,1,1,0,0,287.2058009,38.4981903,69.60258,13.35942,360.921,2.74181,23.1282875,1.72057,23.0642,13.1697,12.6832,13.387,11.989,11.532,11.477,8.94
Kepler-1899,1,1,0,0,292.0333777,37.9744551,70.79118,9.7134,711.509,1.3779,23.3775148,-13.62,-19.0001,15.9493,15.2634,16.136,14.246,13.697,13.621,9.333
Kepler-19,1,3,0,0,290.4209694,37.8516556,70.10235,10.79684,218.562,4.54651,39.7802263,25.2844,-30.711,11.8763,11.3992,12.035,10.719,10.318,10.29,9.293
Kepler-190,1,2,0,0,288.5839761,44.7337701,75.91261,14.94343,433.387,2.27854,9.914914,-8.86993,-4.43056,14.1175,13.5519,14.336,12.728,12.231,12.198,9.326
Kepler-1900,1,1,0,0,291.8863206,44.4790319,76.68361,12.70037,1540.43,0.621043,6.0620314,2.79888,5.37722,15.2816,14.8102,15.502,14.177,13.815,13.692,9.445
Kepler-1901,1,1,0,0,291.1643587,45.3183061,77.23693,13.52226,1028.37,0.94394,2.9601222,-1.43636,2.58828,14.9006,14.4171,15.097,13.756,13.31,13.283,9.448
Kepler-1902,1,1,0,0,292.7376545,42.0147792,74.7042,11.05566,344.337,2.87682,3.2555069,-0.831644,-3.14749,15.662,14.6922,16.113,13.463,12.677,,
Kepler-1903,1,1,0,0,290.8882981,51.2481617,82.75063,16.12874,1775.44,0.534061,4.1534847,-3.04194,-2.82808,15.3413,14.9173,15.456,14.315,13.98,13.963,9.89
Kepler-1904,1,1,0,0,288.8744026,51.1542215,82.15064,17.25604,270.854,3.66345,23.450257,5.38454,22.8237,15.7421,14.7606,16.367,13.523,12.752,12.623,9.536
Kepler-1905,1,1,0,0,292.5733475,46.3668273,78.64292,13.0857,1051.53,0.922844,1.9914477,1.42575,-1.39036,14.9902,14.5213,15.086,13.862,13.487,13.44,9.643
Kepler-1906,1,1,0,0,293.8266166,38.8565906,72.23976,8.87168,1360.63,0.70718,3.5413691,-0.665323,-3.47831,14.9602,14.4695,15.322,13.806,13.41,13.369,9.224
Kepler-1907,1,2,0,0,280.7085829,47.3279236,76.43207,20.97129,292.111,3.39447,33.2813811,4.13267,-33.0238,13.7309,13.1513,13.989,12.268,11.726,11.675,9.428001
Kepler-1909,1,1,0,0,290.889409,42.4596251,74.49731,12.48017,763.662,1.28138,11.0232962,9.11956,-6.19247,15.7907,15.1708,15.933,14.223,13.558,13.509,9.218
Kepler-191,1,3,0,0,291.1833211,45.3230937,77.2472,13.51221,594.464,1.65359,17.6494685,-5.49732,-16.7715,14.7758,14.2068,14.987,13.42,12.883,12.809,8.391
Kepler-1910,1,1,0,0,296.6171677,41.2811677,75.42404,8.15108,,,4.1554771,-2.30808,-3.45554,15.5768,14.7553,16.092,13.523,12.775,12.605,9.054
Kepler-1911,1,1,0,0,299.303559,41.4410233,76.57912,6.48429,269.912,3.67629,7.9284722,4.66292,6.41232,12.1119,11.6492,12.245,10.997,10.635,10.53,8.776
Kepler-1912,1,1,0,0,282.1178211,46.2239547,75.63965,19.70716,297.017,3.33801,6.309925,-3.03555,5.53178,12.2385,11.7892,12.36,11.133,10.799,10.758,9.232
Kepler-1913,1,1,0,0,290.216689,44.7795863,76.44426,13.90365,876.3,1.1128,15.5761594,-3.91124,-15.0771,14.658,14.2289,14.814,13.599,13.202,13.218,9.496
Kepler-1914,1,1,0,0,291.4314024,38.6543635,71.19215,10.44107,1621.56,0.588904,2.3366863,-1.0029,-2.11052,15.6826,15.2009,15.911,14.53,14.212,13.955,9.241
Kepler-1915,1,1,0,0,301.2786852,44.2505116,79.75291,6.70496,1514.66,0.63298,6.0085799,-1.49781,-5.8189,15.8388,15.304,16.261,14.521,14.039,14.094,9.46
Kepler-1916,1,1,0,0,293.0705754,48.387679,80.66458,13.65905,2055.82,0.456932,11.185884,-4.34315,-10.3083,15.8019,15.3597,15.779,14.756,14.365,14.222,9.67
Kepler-1917,1,1,0,0,294.1038932,45.0013533,77.87755,11.52096,909.037,1.07209,14.1144335,-4.58986,-13.3473,15.4691,14.9086,15.474,14.106,13.509,13.421,9.602
Kepler-1918,1,1,0,0,292.530546,42.2145765,74.8161,11.28253,1030.11,0.943004,9.1554701,-1.64547,-9.00639,15.7023,15.1696,15.533,14.421,14.053,13.601,9.502
Kepler-1919,1,1,0,0,283.1319153,43.956005,73.63765,18.26755,1177.53,0.821205,8.2871045,6.56055,5.06313,15.8602,15.3217,16.161,14.559,14.022,14.03,9.086
Kepler-192,1,3,0,0,287.9179379,45.5928829,76.53877,15.7141,651.674,1.50571,4.5796386,3.44287,-3.01989,14.1039,13.6013,14.308,12.892,12.427,12.405,9.297
Kepler-1920,1,1,0,0,291.0620355,38.8632881,71.25232,10.79194,885.913,1.10016,3.2768156,2.75207,-1.77866,14.3058,13.8682,14.392,13.282,12.908,12.909,8.567
Kepler-1921,1,2,0,0,300.3161723,45.4953271,80.46622,7.9355,928.989,1.04785,15.1659563,-4.45262,-14.4976,12.9842,12.5272,13.103,11.897,11.514,11.481,9.443
Kepler-1922,1,1,0,0,292.3303706,37.9970696,70.91951,9.51518,1344.29,0.715925,3.2450877,1.85548,2.66229,15.1917,14.7111,15.388,14.038,13.6,13.456,9.062
Kepler-1923,1,1,0,0,298.0834457,40.3462551,75.15847,6.72415,990.838,,10.4324255,10.3672,-1.16476,14.2312,13.7451,14.454,13.002,12.622,12.548,9.574
Kepler-1924,1,1,0,0,293.767386,42.8291562,75.79426,10.74701,1910.77,0.495212,6.0555651,-2.09129,-5.68299,15.0841,14.5995,15.084,13.923,13.444,13.478,9.261
Kepler-1925,1,1,0,0,289.8287452,45.1026883,76.63047,14.2873,1771.31,0.535578,17.8610989,-4.62912,-17.2508,15.1821,14.7033,15.382,14.006,13.598,13.569,9.101
Kepler-1926,1,1,0,0,291.1987905,44.1662033,76.17667,13.00944,667.405,1.47247,6.5999396,-3.17689,-5.78503,15.6668,15.0641,15.8,14.173,13.626,13.398,8.747
Kepler-1927,1,1,0,0,296.3546093,41.3355698,75.37524,8.34989,1091,0.888233,2.308727,2.28098,0.356862,13.2168,12.7874,13.312,12.161,11.826,11.751,9.341
Kepler-1928,1,1,0,0,290.4406294,38.5235721,70.72418,11.07784,326.362,3.03538,4.8427237,-4.22418,2.36818,12.6182,12.1454,12.679,11.456,11.107,11.06,8.909
Kepler-1929,1,1,0,0,299.5833362,47.4481244,81.90592,9.3646,508.201,1.93911,10.7330572,-8.31072,6.79194,12.072,11.5689,11.788,10.836,10.453,10.398,9.101
Kepler-193,1,2,0,0,296.4985951,46.5772484,80.09004,10.77346,1009.1,0.962587,2.9476216,-0.846691,-2.8234,14.596,14.1656,14.712,13.539,13.218,13.167,9.252
Kepler-1930,1,1,0,0,297.577145,40.0276768,74.6858,6.8997,275.694,3.59832,9.6836528,5.82276,-7.73748,13.3746,12.7643,13.447,11.882,11.289,11.234,8.697
Kepler-1931,1,1,0,0,290.8723061,43.3330104,75.30043,12.86619,620.091,1.58412,6.6905125,3.88663,5.44583,12.5586,12.1832,12.671,11.581,11.33,11.253,9.151
Kepler-1932,1,1,0,0,285.3314903,41.0638435,71.44489,15.69956,713.733,1.37261,16.0074905,-8.98736,-13.2464,15.0331,14.4589,15.286,13.685,13.149,13.072,8.952
Kepler-1933,1,1,0,0,283.995085,39.9170121,69.94017,16.20448,328.007,3.01994,2.5073041,-2.04917,-1.44481,12.6781,12.2136,12.81,11.485,11.106,10.994,8.849
Kepler-1934,1,1,0,0,290.9193265,37.2871677,69.76532,10.19281,428.514,2.30504,3.3713486,1.56922,2.98388,12.7503,12.3439,12.874,11.777,11.436,11.399,8.795
Kepler-1935,1,1,0,0,296.4037783,39.7227036,73.97075,7.53267,904.702,1.07678,10.6785021,1.84903,10.5172,14.3684,13.8362,14.522,13.112,12.683,12.624,8.995
Kepler-1936,1,1,0,0,290.7300141,44.836128,76.65408,13.59658,871.096,1.11918,1.2193342,1.21912,-0.0228544,13.3235,12.9679,13.393,12.464,12.201,12.173,9.456
Kepler-1937,1,1,0,0,290.6583922,40.7785383,72.86986,11.90966,905.069,1.07628,1.5094273,0.0620839,-1.50815,14.0864,13.6766,14.163,13.137,12.817,12.764,9.365
Kepler-1938,1,1,0,0,299.351892,41.1957285,76.38584,6.32746,421.152,2.34594,2.7529924,2.07553,-1.80863,14.8554,14.1468,15.246,13.221,12.494,12.308,8.89
Kepler-1939,1,1,0,0,285.6899312,40.9946659,71.48672,15.42338,189.833,5.23884,32.5925741,-11.3553,30.5505,13.3976,12.6441,13.622,11.614,10.841,10.753,9.148
Kepler-194,1,3,0,0,291.971429,47.8640498,79.85362,14.09794,1097.97,0.882241,25.300191,-7.30184,-24.2236,14.9117,14.442,14.969,13.78,13.512,13.385,9.233
Kepler-1940,1,1,0,0,291.2042027,45.2383344,77.17468,13.46295,798.595,1.22374,10.7656207,0.197985,-10.7638,15.2846,14.7452,15.674,13.975,13.478,13.456,9.295
Kepler-1941,1,1,0,0,296.6270184,49.353891,82.62976,12.00586,1494.39,0.640606,5.5619451,-3.58213,-4.25483,14.6228,14.2266,14.943,13.686,13.364,13.171,9.167
Kepler-1942,1,1,0,0,294.9805416,44.4252384,77.64775,10.70294,842.492,1.15891,16.0253831,-7.40582,-14.2115,14.6596,14.1689,14.91,13.442,13.035,13.016,9.408
Kepler-1943,1,1,0,0,293.3182976,41.1166697,74.08992,10.26137,1004.55,0.966843,5.3299636,0.247588,5.32421,13.7453,13.2845,13.868,12.677,12.252,12.225,9.424
Kepler-1944,1,1,0,0,296.5105045,39.1732645,73.52817,7.19207,1076.48,0.901374,12.8110573,0.768274,-12.788,15.3313,14.7749,15.582,14.013,13.447,13.37,8.885
Kepler-1945,1,1,0,0,281.8980828,42.2858185,71.65757,18.53275,,,12.0542884,-7.04239,-9.78318,,12.746,13.586,11.945,11.366,11.32,9.392
Kepler-1946,1,1,0,0,282.3355387,42.8453417,72.32859,18.42396,1002.12,0.970191,21.4491327,-5.09834,-20.8344,15.5613,15.0123,15.508,14.248,13.761,13.757,8.953
Kepler-1947,1,1,0,0,296.1040313,42.3425818,76.17636,8.99929,468.771,2.1046,4.6510521,-2.80099,-3.71305,12.877,12.4445,12.973,11.853,11.504,11.452,8.977
Kepler-1948,1,1,0,0,287.3640804,47.7853043,78.49856,16.90289,193.903,5.12871,26.2858812,4.36752,25.9205,13.9243,13.0256,14.569,11.706,10.871,10.771,9.275
Kepler-1949,1,1,0,0,293.5422586,43.0260555,75.89627,10.98346,2617.35,0.353099,12.1163507,-5.18432,-10.9512,15.2008,14.7334,15.231,14.029,13.694,13.568,9.229
Kepler-195,1,2,0,0,288.1209339,47.9666141,78.87415,16.50144,652.051,1.50495,17.4786781,1.90459,-17.3746,14.7989,14.2589,14.863,13.531,12.959,,
Kepler-1950,1,1,0,0,287.0874563,42.6686537,73.50551,15.1176,697.253,1.40574,6.4083113,-5.3361,-3.54859,14.5569,14.0116,14.845,13.2,12.679,12.714,8.857
Kepler-1951,1,1,0,0,290.4999139,40.2877161,72.36456,11.80543,1277.32,0.754179,6.7797504,6.31099,2.47718,14.1599,13.6261,14.367,12.889,12.389,12.335,9.215
Kepler-1952,1,1,0,0,288.0764082,43.9584839,75.02689,14.96701,852.062,,5.891628,-2.84415,-5.15966,13.8909,13.4365,13.828,12.593,12.204,12.128,8.841
Kepler-1953,1,1,0,0,287.9680995,46.4705959,77.39378,16.02266,605.631,1.62271,4.9505779,-4.50691,-2.04841,15.4666,14.7954,15.936,13.863,13.163,13.172,9.38
Kepler-1954,1,1,0,0,298.0029203,43.3545882,77.75717,8.2785,1373.83,0.70091,6.6348451,3.53045,-5.61757,15.7125,15.1876,15.875,14.397,13.978,14.001,9.411
Kepler-1955,1,1,0,0,299.5347603,40.4777528,75.83798,5.83975,449.351,2.19704,8.3994405,-6.25311,-5.60796,12.5298,12.0696,12.609,11.429,11.08,11.022,9.337
Kepler-1956,1,1,0,0,294.6208506,49.894219,82.51464,13.40876,360.468,2.74565,21.8428123,-17.2679,13.3764,15.5722,14.7855,15.989,13.637,12.848,12.816,9.368
Kepler-1957,1,1,0,0,293.711436,47.8874467,80.39441,13.0557,460.899,2.14097,15.992022,9.0836,-13.1618,14.7806,14.138,15.13,13.233,12.613,12.532,9.194
Kepler-1958,1,1,0,0,289.1041643,41.6901138,73.2066,13.355,1320.38,0.728947,6.2172316,-2.59174,-5.65127,15.4313,14.9229,15.486,14.196,13.727,13.656,9.383
Kepler-1959,1,1,0,0,296.022301,44.7326691,78.2779,10.19197,479.263,2.05799,5.1874471,4.22382,3.01147,14.5568,13.9433,14.797,13.049,12.494,12.467,9.15
Kepler-196,1,3,0,0,284.9685077,42.0791214,72.31497,16.33606,451.312,2.18692,15.8750168,-3.0314,-15.5829,14.1033,13.545,14.239,12.752,12.235,12.212,9.091
Kepler-1960,1,1,0,0,294.6969361,46.7202043,79.6328,11.93494,1527.56,0.62618,1.6106445,-0.673239,1.46319,15.0761,14.6541,15.181,14.091,13.685,13.718,9.67
Kepler-1961,1,1,0,0,286.3300783,39.6831276,70.43639,14.45986,1042.45,0.931191,11.3279309,-7.55077,-8.4444,15.695,15.121,15.809,14.311,13.744,13.815,9.434
Kepler-1962,1,1,0,0,289.5483989,40.1641457,71.93138,12.40847,866.826,1.12523,8.5244443,0.996831,-8.46596,14.9657,14.463,15.146,13.773,13.412,13.303,8.885
Kepler-1963,1,1,0,0,296.5875182,47.207129,80.68423,11.01842,492.847,2.00017,11.8293177,-0.663417,-11.8107,13.8875,13.3905,14.054,12.693,12.261,12.222,9.415
Kepler-1964,1,1,0,0,297.0588033,49.4784362,82.87706,11.81648,,,14.6653147,-12.2184,-8.11062,,15.429,16.363,14.195,13.45,13.293,9.311
Kepler-1965,1,1,0,0,292.5147146,38.0219872,71.00921,9.39733,521.791,1.88772,12.5252883,3.81955,-11.9287,13.6415,13.1776,13.839,12.53,12.12,12.07,9.072
Kepler-1966,1,1,0,0,292.4637788,41.2990438,73.95914,10.91713,484.601,2.03746,12.2648112,-12.033,-2.37329,14.7889,14.1873,15.222,13.255,12.643,12.503,8.770001
Kepler-1967,1,1,0,0,299.1376276,43.4984724,78.30027,7.63779,249.102,3.98551,47.8963215,-26.2422,-40.0675,13.3752,12.7345,13.519,11.827,11.192,11.097,8.263
Kepler-1968,1,1,0,0,291.5080318,45.3700933,77.39076,13.32569,750.93,1.304,23.1706859,-12.7004,-19.3799,15.9711,15.3227,16.303,14.428,13.802,13.76,8.756
Kepler-1969,1,1,0,0,294.7842662,49.4920557,82.19331,13.13472,1204.54,0.802013,6.615393,0.281994,-6.60938,15.6806,15.1893,15.851,14.488,14.235,13.914,9.35
Kepler-197,2,4,0,0,295.2264739,50.5592348,83.30414,13.35928,330.575,2.99628,53.8032155,8.43943,53.1372,11.78,11.4036,11.775,10.814,10.535,10.331,8.779
Kepler-1972,1,2,0,0,288.3953074,39.8725067,71.27937,13.08704,287.339,3.45152,28.796531,3.41182,-28.5937,11.1438,10.71,11.23,10.118,9.792,9.743,8.633
Kepler-1976,1,1,0,0,292.16706,48.7275345,80.71768,14.34495,1314.51,0.732141,12.8090676,0.621109,-12.794,15.258,14.7897,15.445,14.123,13.805,13.756,9.648
Kepler-1977,1,1,0,0,290.6178587,37.2891002,69.65882,10.40856,592.711,1.65928,14.8026416,-14.2461,4.0208,15.654,14.9799,16.047,14.058,13.358,13.242,8.532
Kepler-1978,1,1,0,0,286.0067312,38.0095407,68.74978,14.02188,865.512,1.12699,5.0689827,1.61067,4.80628,15.3665,14.7856,15.49,13.99,13.44,13.43,8.937
Kepler-1979,1,1,0,0,289.8429062,38.309622,70.31978,11.40614,1076.27,0.901221,3.3462749,3.072,1.32679,15.2323,14.736,15.484,14.015,13.611,13.552,9.293
Kepler-198,1,3,0,0,290.6731326,38.6910045,70.95869,10.98805,495.358,1.98998,2.5831142,-1.67881,1.96318,13.5662,13.092,13.684,12.421,12.027,11.998,9.257
Kepler-1980,1,1,0,0,295.1672065,38.637039,72.54413,7.84665,1709.4,0.56016,5.7098449,-2.45337,-5.1559,15.5691,15.0548,15.906,14.284,13.81,13.885,9.328
Kepler-1981,1,1,0,0,287.9754691,38.7402988,70.08397,12.91169,659.395,1.48775,3.4360216,1.83324,2.90611,13.3811,12.9475,13.563,12.334,11.951,11.942,9.29
Kepler-1982,1,1,0,0,287.4099905,39.6586267,70.75846,13.68918,558.855,1.76079,18.173806,-11.4634,-14.1024,12.6166,12.2536,12.696,11.727,11.473,11.432,8.907
Kepler-1983,1,1,0,0,297.042015,39.9121864,74.37983,7.19857,424.428,2.32739,9.6754387,-7.5249,-6.08194,14.3031,13.6964,14.518,12.852,12.232,12.198,8.798
Kepler-1984,1,1,0,0,291.2850446,40.7300225,73.03685,11.46139,,,11.7371432,11.3873,-2.84428,15.8683,14.9141,16.192,13.465,12.58,12.523,9.141
Kepler-1985,1,1,0,0,293.5663715,42.1325825,75.09485,10.56064,,,,,,15.7053,15.1411,15.223,14.068,13.556,13.411,8.922
Kepler-1986,1,1,0,0,292.9582727,42.8548909,75.54383,11.28757,912.085,1.06892,8.9247657,8.71338,-1.93092,15.718,15.1792,15.661,14.386,13.908,13.845,9.122
Kepler-1987,1,4,0,0,295.8254663,42.9433716,76.6116,9.4666,595.683,1.65058,8.7000881,-7.70696,-4.03662,15.505,14.822,15.477,13.842,13.154,,
Kepler-1988,1,1,0,0,298.6738034,43.7955099,78.38825,8.07743,513.426,,,,,12.1213,11.6593,12.128,10.865,10.521,10.411,9.136
Kepler-1989,1,1,0,0,290.7351869,44.091262,75.96152,13.27861,1252.13,0.770016,11.2958043,3.77737,-10.6455,14.6131,14.1727,14.289,13.559,13.193,,
Kepler-199,1,2,0,0,295.5594278,40.236249,74.10843,8.34737,521.054,1.8904,4.0256381,-1.94326,-3.52555,13.5973,13.127,13.796,12.449,12.083,11.845,8.879
Kepler-1990,1,2,0,0,299.7047433,44.4357068,79.32401,7.76339,392.739,2.51773,10.8451753,-3.15374,-10.3765,12.5829,12.1207,11.946,11.398,11.055,10.675,8.991
Kepler-1991,1,2,0,0,285.0360506,45.0709909,75.23947,17.39498,855.82,1.13978,15.1072656,-7.93703,-12.8543,14.7212,14.2222,15.048,13.539,13.067,12.988,9.326
Kepler-1992,1,1,0,0,295.0902409,45.0811045,78.276,10.93841,532.955,1.8475,12.8174719,-1.20504,-12.7607,13.554,13.0207,13.79,12.262,11.767,11.717,9.435
Kepler-1993,1,1,0,0,293.7968548,45.1607261,77.92249,11.78641,1031.91,0.940416,1.3762709,-0.825091,1.10152,13.2589,12.6445,13.451,11.718,11.136,11.152,8.725
Kepler-1994,1,1,0,0,297.1487941,46.2969247,80.05739,10.24589,241.991,4.10366,2.8275236,-2.48883,-1.34187,11.8227,11.3139,12.01,10.615,10.185,10.127,9.113
Kepler-1995,1,1,0,0,284.342725,46.3165907,76.28124,18.29089,595.331,1.65127,3.9912629,-2.94671,2.69204,15.1988,14.5501,15.516,13.661,13.016,13.002,9.097
Kepler-1996,1,2,0,0,285.2537555,46.5822183,76.77586,17.79756,440.561,2.24116,17.7067528,12.1667,12.8647,14.8656,14.1718,15.11,13.213,12.53,12.466,9.178001
Kepler-1997,1,1,0,0,297.4808253,46.5891373,80.42965,10.18663,1502.34,0.637792,8.5213899,-2.5169,-8.14121,15.4636,15.0138,15.454,14.268,13.885,13.697,8.947
Kepler-1998,1,1,0,0,283.4291536,47.5923973,77.32348,19.3122,340.965,2.9041,18.6631044,-0.573199,-18.6543,12.6024,12.1297,12.74,11.462,11.076,11.041,9.385
Kepler-1999,1,1,0,0,282.3705675,48.259234,77.74846,20.1998,701.255,1.39805,12.4953915,10.0948,-7.36409,16.319,15.5613,16.433,14.536,13.882,13.701,9.257
Kepler-20,2,6,0,0,287.6979913,42.3385782,73.37692,14.57345,282.563,3.51026,27.2511636,-3.97634,-26.9595,12.4535,11.9623,12.61,11.252,10.871,10.799,9.328
Kepler-200,1,2,0,0,284.4099503,41.2374928,71.33871,16.40754,665.912,1.47291,9.4976398,5.52362,7.72624,13.9518,13.4991,13.932,12.871,12.455,12.446,9.143
Kepler-2000,1,2,0,0,285.5743032,49.9621218,80.18831,18.78346,320.588,3.0909,39.1920112,-7.05004,-38.5527,15.2639,14.3009,15.642,13.089,12.29,11.938,9.509
Kepler-2001,1,2,0,0,291.6594558,50.5838585,82.32309,15.41574,776.55,1.25962,7.9013307,-5.65097,-5.52246,15.7733,15.1411,15.981,14.244,13.551,13.641,9.602
Kepler-201,1,2,0,0,293.626059,41.2728004,74.33875,10.12709,636.445,1.54279,6.3182029,3.07528,-5.51927,12.9199,12.5435,12.991,12.037,11.737,11.699,9.256
Kepler-202,1,2,0,0,282.9734874,41.3217991,71.00646,17.44261,285.111,3.4785,50.2641076,10.3679,-49.1832,13.8433,13.199,14.178,12.255,11.639,11.578,9.244
Kepler-203,1,3,0,0,297.089959,41.3880686,75.69361,7.89379,703.302,1.39329,4.2161457,-1.60062,3.9005,13.9421,13.4773,14.14,12.859,12.445,12.404,9.363
Kepler-204,1,2,0,0,285.347162,41.761845,72.12006,15.95528,686.723,1.42737,18.7319359,-3.65194,-18.3725,13.8745,13.4265,13.977,12.846,12.481,12.382,9.328
Kepler-205,1,2,0,0,285.2866912,41.8609357,72.1976,16.03463,159.72,6.23202,89.0823812,-72.6137,-51.6035,13.4947,12.721,13.779,11.608,10.833,10.742,9.395001
Kepler-206,1,3,0,0,291.6346564,41.8338415,74.16686,11.71043,594.447,1.6534,5.8689465,1.10726,-5.76355,13.4609,12.9995,13.507,12.33,12.001,11.949,9.278
Kepler-207,1,3,0,0,290.0305195,42.1660555,73.94724,12.9292,875.519,1.11334,2.7615662,-0.0950481,2.75993,13.1671,12.7362,13.164,12.1,11.805,11.766,9.113
Kepler-208,1,4,0,0,293.8901979,42.5279413,75.56386,10.52882,775.328,1.26102,8.7944768,0.325529,-8.78845,13.5376,13.1288,13.561,12.547,12.21,12.185,9.395001
Kepler-209,1,2,0,0,291.1694567,42.6407281,74.75577,12.37222,576.946,1.7045,20.5692183,-10.1419,-17.8951,13.9517,13.4567,14.132,12.797,12.362,12.304,9.302
Kepler-21,2,1,0,0,287.3619673,38.7141384,69.85644,13.33672,108.522,9.18591,39.9798601,27.951,28.5855,8.12832,7.76486,8.25,7.229,6.945,6.897,6.957
Kepler-210,1,2,0,0,292.5034196,43.0832188,75.60062,11.68733,232.75,4.26755,16.3157476,7.46216,14.5093,13.8043,13.0702,14.126,11.992,11.313,11.247,9.516
Kepler-211,1,2,0,0,285.4391183,43.1685051,73.50289,16.42408,309.353,3.20372,7.1191836,-4.01285,5.88046,13.2732,12.7099,13.448,11.927,11.447,11.369,8.723
Kepler-212,1,2,0,0,287.6208165,43.1416239,74.11519,14.94551,687.194,1.42645,8.7629438,-2.2665,-8.46476,12.9872,12.5526,13.129,11.931,11.62,11.514,9.39
Kepler-213,1,2,0,0,290.8241931,44.6472832,76.507,13.45626,634.939,1.54623,23.0943113,0.585031,23.0869,13.6023,13.1409,13.705,12.477,12.122,12.12,9.241
Kepler-214,1,2,0,0,284.7548499,44.95605,75.05181,17.5388,1208.44,0.798679,6.0451406,1.42671,5.87437,13.9058,13.5078,14.057,12.941,12.607,12.6,9.385
Kepler-215,1,4,0,0,294.9735313,45.2136867,78.35687,11.07277,485.997,2.02881,5.8599222,4.86679,3.2639,13.5549,13.0877,13.678,12.417,11.996,11.956,9.679
Kepler-216,1,2,0,0,293.7280695,46.1291139,78.78512,12.26418,1187.47,0.813376,7.7410581,-4.91741,-5.97855,13.9607,13.5496,14.054,12.956,12.621,12.631,9.335
Kepler-217,1,3,0,0,293.0377331,46.2775223,78.70435,12.75822,1104.64,0.876459,1.9916126,-1.80421,0.843414,13.1207,12.7978,13.155,12.319,12.103,12.054,9.251
Kepler-218,1,3,0,0,295.4128785,46.2665801,79.45283,11.2887,656.38,1.49472,22.395278,8.11838,20.872,13.9069,13.4069,14.035,12.732,12.311,12.29,9.405
Kepler-219,1,3,0,0,288.7389481,46.7625929,77.88787,15.64895,787.07,1.24178,3.1512348,-1.335,2.85448,13.7179,13.2839,13.823,12.678,12.389,12.305,8.994
Kepler-22,1,1,0,0,289.2172051,47.8841427,79.09152,15.79232,194.642,5.10883,77.618339,-39.7173,-66.6869,11.6444,11.1894,11.751,10.523,10.152,10.115,9.081
Kepler-220,1,4,0,0,291.5060432,46.8956262,78.81162,13.97444,171.109,5.81537,42.5944431,-25.7083,-33.9613,12.8566,12.1813,13.049,11.206,10.55,10.496,9.51
Kepler-221,1,4,0,0,296.6547477,46.8352242,80.37293,10.80167,385.231,2.56708,3.4874398,-2.70934,-2.19584,13.7486,13.1969,13.97,12.413,11.9,11.868,9.271
Kepler-222,1,3,0,0,287.9060885,46.9377479,77.8255,16.24184,758.854,1.28931,1.1392978,0.599843,-0.968601,15.0603,14.5083,15.407,13.717,13.235,13.237,8.847
Kepler-223,1,4,0,0,298.3183909,47.2794824,81.32513,10.02398,1859.71,0.510076,11.8635178,-4.26982,-11.0685,15.3951,14.8848,15.69,14.095,13.633,13.533,9.412
Kepler-224,1,4,0,0,290.9342679,47.3575414,79.07683,14.52091,782.088,1.2504,9.9341302,-0.949705,-9.88863,15.6358,15.0519,15.801,14.212,13.703,13.693,9.535
Kepler-225,1,2,0,0,292.1939846,47.4570808,79.53972,13.78927,561.101,1.75441,6.1235561,-3.90462,-4.71719,15.9504,15.1467,16.294,14.032,13.253,13.144,9.417
Kepler-226,1,3,0,0,292.3760942,47.8809596,79.98836,13.85946,980.138,0.991928,10.2173862,-6.26143,-8.074,15.4026,14.8691,15.563,14.114,13.633,13.638,9.39
Kepler-227,1,2,0,0,291.9342748,48.141676,80.10231,14.23776,1083.06,0.894852,4.9998726,1.85329,4.64371,15.3234,14.8192,15.623,14.082,13.648,13.693,9.516
Kepler-228,1,3,0,0,296.2860853,48.2246328,81.50262,11.67615,1644.61,0.579846,9.4344126,-5.05494,-7.96591,15.7042,15.2058,15.902,14.528,14.132,14.087,9.616
Kepler-229,1,3,0,0,286.9994758,48.3757867,78.97779,17.34816,826.265,1.1822,5.626649,-1.32543,-5.46831,15.8265,15.2154,16.22,14.363,13.785,13.652,9.476
Kepler-23,1,3,0,0,294.2189131,49.4792536,82.01371,13.45799,835.756,1.16777,4.466246,2.26184,3.85116,13.4015,12.9696,13.567,12.353,11.998,11.967,9.499
Kepler-230,1,2,0,0,285.7185682,48.5058038,78.78362,18.18766,740.754,1.32147,15.8601827,-0.0512065,-15.8601,15.073,14.5493,15.264,13.824,13.299,13.301,9.526
Kepler-231,1,2,0,0,293.9733913,50.531846,82.91642,14.06137,316.618,3.12995,13.5889675,5.04041,-12.6196,15.3896,14.5736,15.813,13.405,12.589,12.535,9.104
Kepler-232,1,2,0,0,295.8161668,51.1217249,83.99267,13.28087,1349.13,0.712777,1.2834551,0.879671,0.934578,15.3201,14.8318,15.565,14.179,13.765,13.778,9.086
Kepler-233,1,2,0,0,296.3665054,51.3194548,84.33493,13.06442,856.417,1.1393,11.5874226,3.98372,-10.8811,15.3263,14.7703,15.477,14.006,13.453,13.43,9.488
Kepler-234,1,2,0,0,291.6535379,38.4946597,71.12598,10.2143,1733.1,0.549145,3.5018317,2.6312,2.31076,15.5014,15.0376,15.747,14.387,14.065,14.077,8.875
Kepler-235,1,4,0,0,286.0790779,39.278237,69.97316,14.47665,428.018,2.30818,19.2292481,-4.23278,-18.7576,15.9695,15.1339,16.567,13.952,13.116,13.013,9.033
Kepler-236,1,2,0,0,283.8664285,39.8981928,69.88341,16.28889,288.763,3.4344,23.5161136,9.24808,21.6213,15.3743,14.3966,16.014,13.224,12.312,12.223,9.367
Kepler-237,1,2,0,0,283.2213438,40.421762,70.20006,16.94089,657.822,1.49163,14.1094077,-8.49732,-11.2637,15.2832,14.6368,15.689,13.749,13.172,13.007,9.457
Kepler-238,1,5,0,0,287.8971066,40.6378141,71.83506,13.74892,1798.75,0.526944,0.8434128,-0.166802,-0.826754,15.0243,14.538,15.297,13.894,13.512,13.503,9.33
Kepler-239,1,2,0,0,294.2020505,40.6633313,73.99484,9.45945,648.109,1.51499,21.4588733,-11.5462,-18.0878,15.2333,14.6004,15.252,13.703,13.133,13.032,9.039
Kepler-24,1,4,0,0,290.4132621,38.3437283,70.54989,11.01831,1156.81,0.836127,2.8787187,-2.22669,-1.82452,14.9234,14.4278,15.04,13.763,13.372,13.249,8.701
Kepler-240,1,2,0,0,291.1587635,40.7502108,73.01252,11.55622,746.927,1.31106,10.5917218,-2.31694,-10.3352,15.6622,15.0097,15.953,14.113,13.464,13.438,9.343
Kepler-241,1,2,0,0,292.9131121,41.0609786,73.89816,10.50791,512,1.6397118,13.5047254,1.05313,13.4636,15.3871,14.6815,15.708,13.608,12.881,12.858,9.079001
Kepler-242,1,2,0,0,286.5656932,41.8084168,72.52885,15.13516,600.241,1.63773,2.2052459,1.25657,-1.81222,15.3494,14.7169,15.489,13.821,13.238,13.169,8.717
Kepler-243,1,2,0,0,285.1104819,42.0339619,72.31271,16.2214,693.86,1.41254,4.790524,-2.98959,3.74319,15.0573,14.4611,15.159,13.622,13.064,13.022,9.474
Kepler-244,1,3,0,0,287.242641,42.3014185,73.203,14.86746,1036.49,0.936665,14.1299072,-4.78344,13.2956,15.5455,15.0348,15.747,14.306,13.73,13.788,8.708
Kepler-245,1,4,0,0,291.6389972,42.4363482,74.72154,11.97179,861.527,1.13295,6.1213447,3.71388,4.866,15.5969,14.9988,15.546,14.121,13.639,13.427,9.426
Kepler-246,1,2,0,0,296.4834007,42.6633806,76.59735,8.90874,626.078,1.56877,9.8548077,-1.80396,-9.68829,15.0422,14.429,15.197,13.587,13.038,12.969,9.661
Kepler-247,1,3,0,0,288.6425609,43.0393769,74.32823,14.22116,663.711,1.47846,17.70161,5.52559,16.8171,15.0473,14.4462,15.199,13.597,13.051,13.026,9.092
Kepler-248,1,2,0,0,293.0613138,43.5813577,76.24058,11.54633,738.792,1.32511,1.4017329,-1.30295,0.516891,15.2331,14.6571,15.506,13.911,13.357,13.263,9.321
Kepler-249,1,3,0,0,296.9853002,43.6586043,77.65836,9.07073,190.401,5.22348,37.8254599,33.5245,17.5178,15.2305,14.1501,16.37,12.836,11.966,11.817,9.589
Kepler-25,2,3,0,0,286.6383905,39.4879038,70.34971,14.16403,243.249,4.08224,6.185693,-0.454812,6.16895,10.6319,10.2768,10.769,9.764,9.493,9.468,8.449
Kepler-250,1,3,0,0,289.5947633,44.1418114,75.65661,14.04353,760.585,1.28649,28.4836035,0.569982,-28.4779,15.4144,14.83,15.819,14,13.483,,
Kepler-251,1,4,0,0,296.5662171,44.1058077,77.9071,9.55133,924.625,1.05376,13.9679049,-3.18129,-13.6008,15.216,14.6847,15.541,13.96,13.632,,
Kepler-252,1,2,0,0,295.579329,44.5459052,77.95933,10.38166,379.424,2.60696,10.5463699,-2.48922,-10.2484,15.0293,14.2831,15.406,13.24,12.466,12.453,9.55
Kepler-253,1,3,0,0,291.8419337,44.858124,77.02002,12.89296,838.595,1.16424,8.4686833,-8.46777,0.124372,15.5122,14.9133,15.778,14.055,13.534,13.489,9.294
Kepler-254,1,3,0,0,288.1646541,45.8164257,76.8224,15.64277,1389.48,0.691346,17.5272684,-4.78839,-16.8605,15.8379,15.3531,16.012,14.675,14.254,14.188,9.286
Kepler-255,1,3,0,0,296.0642702,45.9767647,79.40697,10.75408,1052.53,0.922088,16.3565499,2.09599,-16.2217,15.5283,14.9689,15.699,14.227,13.689,13.717,8.786
Kepler-256,1,4,0,0,292.58042,46.0973588,78.39607,12.96405,1026.43,0.94575,2.6328726,-0.183217,-2.62649,15.0151,14.524,15.178,13.824,13.424,13.091,9.364
Kepler-257,1,3,0,0,297.3159994,46.0232642,79.87071,10.01236,780.256,1.25353,3.1528168,3.13805,0.304788,15.4215,14.7942,15.652,13.916,13.372,13.299,9.389
Kepler-258,1,2,0,0,294.0684116,46.5791357,79.30454,12.25592,575.988,1.70766,31.9405448,-11.4724,-29.8091,15.2012,14.5374,15.49,13.556,12.956,12.927,9.639
Kepler-259,1,2,0,0,288.2119707,46.6150461,77.5999,15.924,1002.14,0.969386,9.0211182,6.32006,6.43719,15.1689,14.6907,15.378,14.009,13.555,13.602,9.561
Kepler-26,1,4,0,0,284.9410627,46.5664505,76.67999,17.99282,335.307,2.95373,16.909332,9.54023,-13.961,15.4089,14.5837,15.853,13.408,12.63,12.451,9.337
Kepler-260,1,2,0,0,291.9259658,38.0140525,70.78812,9.80681,627.365,1.5653,13.8538152,-0.217994,-13.8521,14.1176,13.6121,14.253,12.9,12.494,12.414,9.047
Kepler-261,1,2,0,0,291.3647333,37.609239,70.2185,10.02041,317.499,3.12078,15.3709068,-4.19847,14.7864,13.5287,12.9452,13.738,12.127,11.585,11.537,8.721
Kepler-262,1,2,0,0,290.7287168,37.2526575,69.66537,10.31333,613.129,1.60236,9.5581991,9.32714,-2.08893,14.2241,13.759,14.478,13.118,12.732,12.549,8.796
Kepler-263,1,2,0,0,292.4698022,37.5677941,70.58352,9.22104,754.747,1.29686,5.7909475,5.77321,0.452901,15.4167,14.8343,15.435,13.994,13.548,13.326,9.189
Kepler-264,1,2,0,0,292.044628,37.3761861,70.25469,9.43386,942.173,1.0329,9.4742197,2.84236,-9.0378,13.0135,12.5578,13.15,11.918,11.591,11.56,8.854
Kepler-265,1,4,0,0,290.5104788,41.244743,73.25046,12.21177,1280.25,0.752895,14.5297916,-3.39912,-14.1266,15.3522,14.9117,15.47,14.252,13.897,13.926,8.786
Kepler-266,1,2,0,0,294.4843821,44.1669355,77.24742,10.89836,1370.79,0.701621,2.0111211,-1.31883,-1.51832,15.5772,15.0506,15.787,14.3,13.811,13.711,9.489
Kepler-267,1,3,0,0,299.8305655,47.1575741,81.73773,9.07311,264.993,3.74529,37.2324164,28.5864,23.8552,15.4693,14.5133,16.69,13.334,12.485,12.35,9.382
Kepler-268,1,2,0,0,291.9761559,38.0550327,70.84335,9.79009,851.87,1.1452,7.777546,-5.00389,-5.9541,13.6678,13.2581,13.844,12.675,12.382,12.321,9.352
Kepler-269,1,2,0,0,290.2151459,41.775981,73.64493,12.63923,2257.32,0.413424,4.3662486,-2.91053,3.25468,15.7352,15.2112,15.646,14.438,13.961,14.136,9.155
Kepler-27,1,3,0,0,292.2367608,41.085871,73.68708,10.97438,1044.36,0.930143,2.2730908,2.24966,-0.325533,15.8164,15.2427,15.822,14.484,14.118,13.854,9.113
Kepler-270,1,2,0,0,282.2001207,44.4222795,73.85816,19.05505,948.781,1.02515,2.7988278,2.45997,1.33491,13.8586,13.4626,13.9,12.938,12.627,12.545,8.953
Kepler-271,1,3,0,0,283.0029316,44.284108,73.92797,18.46832,404.542,2.44326,27.41919,-9.28761,-25.7983,13.4284,12.9431,13.578,12.198,11.745,11.714,9.548
Kepler-272,1,3,0,0,299.1275257,47.5938319,81.87731,9.70399,889.608,1.09547,2.2946868,-1.85509,-1.35064,14.6591,14.0701,14.811,13.159,12.708,12.684,9.347
Kepler-273,1,2,0,0,291.3021458,47.6976573,79.50293,14.43623,713.964,1.37203,25.2162087,-7.72743,-24.003,14.9683,14.4498,15.1,13.682,13.217,13.232,9.197
Kepler-274,1,2,0,0,292.9227926,38.4772173,71.56815,9.32128,1333.62,0.721758,10.0778577,3.78274,-9.34099,15.0319,14.5312,15.238,13.773,13.456,13.373,9.236
Kepler-275,1,3,0,0,292.4797004,38.5149018,71.44115,9.64684,2034.25,0.463993,1.6374501,-0.685641,-1.48699,15.2874,14.8751,15.289,14.277,13.957,13.979,9.322
Kepler-276,1,3,0,0,293.568197,39.0363123,72.30607,9.13322,1144.86,0.846215,8.0702604,7.99553,1.09572,15.3648,14.8896,15.481,14.234,13.838,13.831,9.256
Kepler-277,1,2,0,0,286.5831894,39.0772582,69.94431,14.0381,976.643,0.995143,18.2452448,5.82058,17.2919,13.3884,12.9339,13.544,12.288,11.966,11.854,9.297
Kepler-278,1,2,0,0,290.1072124,38.7022694,70.77221,11.39023,443.03,2.2289,9.3313383,2.63691,8.95101,11.5296,10.9187,11.811,10.047,9.465,9.386,8.687
Kepler-279,1,4,0,0,287.391295,42.194822,73.14702,14.72413,1037.4,0.935277,3.9877916,3.98537,0.138953,13.5847,13.2412,13.647,12.724,12.509,12.501,9.439
Kepler-28,1,2,0,0,292.1370409,42.4294835,74.88051,11.63869,438.359,2.25265,11.70187,-0.487762,11.6917,15.0257,14.3281,15.13,13.334,12.719,12.635,9.036
Kepler-280,1,2,0,0,291.3905325,42.1804735,74.40417,12.02527,780.361,1.2528,22.7446632,3.48556,-22.476,14.4574,13.9604,14.35,13.289,12.844,12.837,9.309
Kepler-281,1,3,0,0,294.1081465,44.7706524,77.66929,11.41339,1745.45,0.54496,11.2981016,-6.43645,-9.28543,15.7537,15.2229,15.931,14.5,13.994,13.998,9.549
Kepler-282,1,4,0,0,284.6772402,44.7976401,74.87605,17.53304,1337.61,0.718924,8.8835774,-6.56484,-5.98505,15.1779,14.7256,15.444,14.08,13.65,13.73,9.233
Kepler-283,1,2,0,0,293.6137413,47.838938,80.32004,13.09313,468.094,2.10822,16.7364842,3.18826,-16.43,15.8753,15.0899,16.216,13.927,13.139,13.094,9.266
Kepler-284,1,2,0,0,293.1465698,47.7297053,80.07785,13.32739,1031.95,0.940924,17.4299408,12.5111,12.1357,15.8126,15.2726,15.944,14.559,14.079,13.989,9.349
Kepler-285,1,2,0,0,291.3908469,48.0655392,79.87396,14.53536,824.31,1.1846,13.9511583,-7.69256,-11.6387,15.1521,14.6046,15.198,13.887,13.319,13.34,9.593
Kepler-286,1,4,0,0,290.6761874,48.2942362,79.88642,15.06379,1226.85,0.789465,2.2682913,0.998702,2.0366,15.5447,15.0579,15.863,14.388,14.121,13.933,9.47
Kepler-287,1,2,0,0,290.9274282,48.4434588,80.09807,14.97247,835.86,1.16777,18.306699,-6.71672,-17.03,14.7442,14.2453,14.952,13.542,13.135,13.077,9.167
Kepler-288,1,3,0,0,288.9163997,39.5947523,71.19269,12.60684,1194.15,0.808926,1.4181023,-0.498037,1.32777,15.152,14.6516,15.283,14,13.587,13.419,9.148
Kepler-289,1,4,0,0,297.4653351,42.8828517,77.14669,8.38649,704.438,1.39093,4.7846961,4.7788,-0.237461,13.9628,13.5102,14.142,12.861,12.508,12.471,8.912
Kepler-29,1,2,0,0,298.348382,47.4913021,81.52267,10.1103,832.532,1.17385,17.4149562,6.32565,16.2255,15.2819,14.7752,15.547,14.131,13.657,13.559,9.643
Kepler-290,1,3,0,0,286.4100307,42.6815137,73.31632,15.58121,694.627,1.41133,7.3582392,5.15772,-5.24801,15.5648,14.9548,15.775,14.054,13.452,13.482,8.772
Kepler-291,1,2,0,0,287.9163029,42.4372666,73.53715,14.46537,1786.48,0.53068,7.9958831,-3.32695,-7.27087,15.8985,15.3933,16.218,14.688,14.15,14.311,9.025
Kepler-292,1,5,0,0,295.7661979,42.4242822,76.12806,9.2575,1056.48,0.919771,7.4005744,7.06272,-2.21054,15.9419,15.3554,16.303,14.537,13.97,14.027,9.47
Kepler-293,1,2,0,0,286.3580611,42.4064917,73.03773,15.51005,974.633,0.997499,0.797395,-0.780015,-0.165576,15.3334,14.8204,15.452,14.098,13.661,13.613,9.023
Kepler-294,1,2,0,0,287.3920392,46.0592578,76.83914,16.23218,1357.01,0.708406,7.2089416,2.57896,-6.73185,15.8186,15.3175,15.948,14.568,14.172,14.176,9.436
Kepler-295,1,3,0,0,285.3458383,45.3677754,75.61222,17.29955,1699.19,0.559493,2.6259453,-2.60491,0.331712,14.4325,13.905,14.631,13.145,12.717,12.63,9.383
Kepler-296,2,5,0,0,286.5400278,49.4372614,79.90117,18.01445,167,,11.640282,1.8396,-11.494,15.9015,14.9169,16.363,13.391,12.6,12.439,9.453
Kepler-297,1,3,0,0,283.2091605,48.7776156,78.46058,19.83985,692.14,1.41601,2.4872998,2.16011,-1.23312,14.1922,13.7454,14.326,13.122,12.78,12.714,9.364
Kepler-298,1,3,0,0,283.0398448,48.8253303,78.47034,19.96081,518.204,1.90121,10.3357736,6.2949,-8.19771,15.4179,14.7267,15.617,13.718,13.075,12.997,9.557
Kepler-299,1,4,0,0,283.2070156,48.5805222,78.26193,19.77727,1052.24,0.921755,9.9396276,8.22551,5.58007,15.0103,14.5326,15.232,13.875,13.436,13.469,9.594
Kepler-30,1,3,0,0,285.2836483,38.9472625,69.40712,14.91329,914.221,1.06573,4.8118874,0.695083,-4.76142,15.3761,14.8024,15.726,13.997,13.581,13.476,9.234
Kepler-300,1,2,0,0,295.2886934,48.5997243,81.53022,12.43657,1098.45,0.881653,2.557066,1.96342,-1.63816,14.1797,13.7292,14.25,13.113,12.742,12.691,9.015
Kepler-301,1,3,0,0,283.982904,49.2329512,79.09376,19.50898,719.166,1.36182,5.8363117,-1.33796,-5.68088,14.2737,13.7958,14.458,13.146,12.706,12.666,9.321
Kepler-302,1,2,0,0,294.3169307,43.6292436,76.70486,10.75802,1402.58,0.685099,17.5656941,-6.25311,-16.415,15.4911,14.9878,15.694,14.259,13.9,13.865,8.813
Kepler-303,1,2,0,0,283.1354742,43.6567036,73.34339,18.16052,209.738,4.73901,76.8273427,2.43642,-76.7887,14.396,13.5887,14.917,12.41,11.596,11.55,9.237001
Kepler-304,1,4,0,0,294.4418031,40.5575408,73.9863,9.2491,434.684,2.2721,3.5575792,-1.15246,-3.36574,14.8308,14.1673,15.065,13.243,12.626,12.464,9.203
Kepler-305,1,4,0,0,299.2242557,40.343167,75.59975,5.97338,868.477,1.12405,11.4270117,-11.1244,-2.61234,15.7661,15.1395,15.851,14.25,13.702,13.682,9.569
Kepler-306,1,4,0,0,288.5387145,40.6160545,72.02081,13.29617,775.679,1.26103,20.6939652,3.1824,-20.4478,15.5524,14.9424,15.575,14.084,13.503,13.459,9.256
Kepler-307,1,2,0,0,297.7950939,40.4176403,75.10988,6.95002,575.581,1.70862,10.7848189,-1.94763,-10.6075,14.0561,13.5238,14.149,12.833,12.321,12.294,9.479
Kepler-308,1,2,0,0,295.7852423,40.4395753,74.37222,8.29409,1335.92,0.722385,14.5679686,12.8168,6.92498,15.8506,15.3489,16.019,14.614,14.187,13.864,9.245
Kepler-309,1,2,0,0,297.5098911,46.9614121,80.77053,10.34936,544.568,1.80766,35.0626106,3.69568,34.8673,15.1261,14.4409,15.418,13.504,12.852,12.717,8.777
Kepler-31,1,3,0,0,294.0230229,45.8530535,78.62698,11.9571,1664.64,0.572219,7.4144287,-1.01656,-7.34441,15.224,14.8089,15.496,14.233,13.871,13.893,9.288
Kepler-310,1,3,0,0,288.839278,46.9867472,78.12992,15.67408,602.268,1.63167,7.2675947,-7.26509,-0.190788,14.265,13.7728,14.376,13.056,12.626,12.561,9.371
Kepler-311,1,3,0,0,282.0612731,47.0854984,76.49308,20.02263,778.654,1.25545,7.9066901,-6.85576,3.93882,13.7537,13.3373,13.902,12.751,12.418,12.38,9.528
Kepler-312,1,2,0,0,298.3957687,42.4597712,77.11923,7.5826,797.72,1.22517,4.8757482,3.63465,3.24996,12.9211,12.4919,13.01,11.902,11.596,11.53,9.433
Kepler-313,1,2,0,0,298.2948708,48.7754,82.64379,10.76951,1079.39524871,0.9264447,13.7272066,-10.9092,-8.3322,14.1106,13.5993,14.304,12.868,12.517,12.348,8.99
Kepler-314,1,2,0,0,294.6741507,42.0756037,75.42939,9.80545,268.881,3.69041,8.7818477,6.73236,5.63881,12.5226,11.9838,12.64,11.242,10.778,10.736,8.96
Kepler-315,1,2,0,0,298.0230967,43.3634761,77.77232,8.27018,1160.63,0.833682,7.8379741,1.16786,-7.75048,15.2885,14.772,15.546,13.982,13.581,13.612,9.42
Kepler-316,1,2,0,0,290.825835,44.1838993,76.07606,13.25897,384.938,2.56924,48.5298503,-22.8039,-42.8384,15.1944,14.4142,15.81,13.324,12.542,12.478,9.411
Kepler-317,1,2,0,0,294.9438822,39.0320499,72.81063,8.18819,940.584,1.03535,2.2942288,0.512995,-2.23614,15.4571,14.8665,15.665,14.095,13.668,13.478,8.936
Kepler-318,1,2,0,0,298.4828337,46.7936357,80.95199,9.68715,489.141,2.01555,3.4624869,1.84389,2.93068,13.281,12.7994,13.442,12.148,11.766,11.728,8.772
Kepler-319,1,3,0,0,288.8119782,39.7706431,71.32161,12.75373,503.436,1.95761,6.4549879,2.94967,-5.74163,13.7908,13.3015,13.926,12.631,12.208,12.179,8.894
Kepler-32,1,5,0,0,297.8423073,46.5743595,80.53919,9.96232,323.847,3.05948,23.9037367,-13.6176,19.6456,15.8123,14.8153,16.36,13.616,12.757,12.57,9.418
Kepler-320,1,2,0,0,293.2135155,46.1751457,78.6651,12.60394,826.613,1.181,8.4230004,3.67569,7.57867,13.4337,13.0599,13.494,12.546,12.307,12.199,9.497
Kepler-321,1,2,0,0,294.4536991,44.1457626,77.21796,10.90816,384.542,2.57183,3.5215413,1.27612,-3.28219,12.7549,12.2916,12.918,11.621,11.249,11.216,9.366
Kepler-322,1,2,0,0,281.3487514,44.2952525,73.51645,19.58672,400.48,2.46817,7.926524,-7.23038,3.24829,13.5033,12.9875,13.687,12.246,11.837,11.759,9.469
Kepler-323,1,2,0,0,291.3822988,38.1274595,70.6955,10.24008,454.883,2.17012,12.3062691,12.0067,-2.69878,12.658,12.2594,12.78,11.689,11.354,11.33,9.199
Kepler-324,1,4,0,0,286.4714473,49.6490933,80.09266,18.13155,501.574,1.96487,22.4629261,-2.19729,22.3552,14.0909,13.5467,14.222,12.783,12.291,12.246,9.467
Kepler-325,1,3,0,0,289.8354219,49.825607,81.11486,16.18136,823.242,1.18607,3.0203721,-2.69643,1.36085,15.0053,14.5024,15.175,13.806,13.351,13.327,9.468
Kepler-326,1,3,0,0,294.3255898,46.0022646,78.86026,11.8369,487.675,2.02308,8.0569135,4.96209,6.34756,13.6788,13.0846,13.734,12.229,11.673,11.59,9.301
Kepler-327,1,3,0,0,292.6422963,44.0876251,76.56618,12.0424,241.987,4.10372,13.4055879,-11.3124,-7.19301,14.9804,14.0142,15.611,12.794,11.956,11.863,9.13
Kepler-328,1,2,0,0,295.8092756,40.0084866,73.9995,8.07033,2213.19,0.424733,5.9625493,-2.80801,-5.25995,15.6036,15.1414,15.794,14.463,14.187,14.182,9.121
Kepler-329,1,2,0,0,299.2681646,45.2272852,79.85386,8.43218,439.719,2.24619,42.2606182,24.745,-34.2585,15.4312,14.6357,15.886,13.513,12.693,12.665,8.925
Kepler-33,1,5,0,0,289.0775348,46.0051696,77.26281,15.13411,1209.16,0.798185,13.1296918,-1.10749,-13.0829,13.9513,13.518,14.099,12.871,12.591,12.544,9.463
Kepler-330,1,2,0,0,288.4474035,44.8017616,75.93709,15.05947,717.527,1.36527,11.911474,2.64146,11.6149,15.2634,14.6685,15.569,13.86,13.259,13.223,9.345
Kepler-331,1,3,0,0,291.8343455,39.3073462,71.92848,10.45298,580.119,1.69598,2.8231202,1.38279,-2.46128,15.8359,15.1154,16.199,14.082,13.343,13.376,9.102
Kepler-332,1,3,0,0,286.6627811,47.4136938,77.95395,17.20394,344.19,2.8765,27.4493414,-26.8216,-5.83679,14.0025,13.4066,14.243,12.558,11.974,11.808,9.521
Kepler-333,2,2,0,0,292.2861201,40.9135429,73.54712,10.86393,324.413,3.05373,13.9097352,7.20296,-11.8995,14.7212,13.9691,15.052,12.86,12.118,12.027,9.355
Kepler-334,1,3,0,0,287.1406177,47.1151153,77.79017,16.79191,426.59,2.31555,20.6424401,-6.15679,-19.7029,12.73,12.3108,12.834,11.71,11.409,11.347,9.119
Kepler-335,1,2,0,0,296.0642944,45.4285986,78.9153,10.49531,1278.97,0.753306,5.3235972,-1.64401,-5.06339,13.9603,13.5035,14.111,12.848,12.496,12.47,9.288
Kepler-336,1,3,0,0,290.2376224,41.3313637,73.24044,12.43412,768.86,0.4289015,6.7140518,-2.40612,-6.2681,13.5839,13.1373,13.677,12.488,12.144,12.098,9.374
Kepler-337,1,2,0,0,290.0605123,47.1639533,78.64292,14.98246,677.975,1.44631,4.3948398,3.66766,2.42134,12.7075,12.2449,12.799,11.537,11.183,11.142,8.745
Kepler-338,1,4,0,0,282.9790593,40.7844188,70.48314,17.24444,552.798,1.78034,22.1965935,16.2224,15.15,12.0828,11.6676,12.19,11.098,10.756,10.697,8.877
Kepler-339,1,3,0,0,293.351701,48.4445922,80.80071,13.51572,616.637,1.5932,7.785265,-2.06691,-7.50588,14.5134,14.0018,14.706,13.28,12.874,12.81,9.419
Kepler-34,2,1,0,1,296.4358022,44.6415369,78.33868,9.89007,1800.82,0.527276,6.1791316,-3.45168,-5.12519,14.8297,14.3388,15.087,13.605,13.238,13.023,9.632
Kepler-340,1,2,0,0,295.933471,40.3005515,74.30416,8.12813,808.762,1.20859,1.2517704,0.0638688,-1.25014,12.3031,12.1019,12.329,11.725,11.583,11.524,9.451
Kepler-341,1,4,0,0,289.8615609,43.4727412,75.11189,13.59083,1047.03,0.926393,7.8064092,-0.721885,-7.77296,14.5672,14.0963,14.739,13.416,12.994,12.975,9.277
Kepler-342,1,4,0,0,292.6780488,46.7266813,79.00786,13.17723,781.611,1.25064,8.6490708,-5.23808,-6.88251,13.0992,12.7328,13.2,12.22,11.957,11.89,8.903
Kepler-343,1,2,0,0,291.960662,42.4329567,74.82498,11.75702,927.193,1.05005,8.8126462,-4.39356,-7.63933,14.1102,13.65,14.063,13.039,12.683,12.631,9.436
Kepler-344,1,2,0,0,292.4996101,46.3243406,78.58093,13.1131,1002.94,0.968921,14.8604897,-3.52607,-14.4361,15.3025,14.7913,15.539,14.082,13.66,13.638,9.495
Kepler-345,1,2,0,0,295.2288521,45.9710432,79.12551,11.26477,260,2.758953,11.6195825,9.97326,5.96228,14.0341,13.2971,14.344,12.309,11.551,11.412,9.16
Kepler-346,1,2,0,0,288.0119248,46.1176003,77.06755,15.85796,984.105,0.987735,0.7728535,0.460133,0.620951,15.1549,14.6603,15.261,13.968,13.582,13.487,9.426
Kepler-347,1,3,0,0,289.1995995,49.3056404,80.44858,16.35836,1298.88,0.741042,16.4635435,-1.60523,-16.3851,14.4892,14.0431,14.567,13.391,13.047,13.003,9.48
Kepler-348,1,2,0,0,297.2550814,40.5483883,75.0185,7.37141,570.783,1.72356,10.6535028,7.68558,7.3776,12.5881,12.2205,12.676,11.708,11.377,11.348,8.97
Kepler-349,1,2,0,0,293.6764689,44.6155972,77.38633,11.61671,940.724,1.03452,1.8072121,0.581803,1.711,14.7211,14.2581,14.915,13.584,13.176,13.112,9.027
Kepler-35,2,1,0,1,294.496955,46.6896733,79.5413,12.04323,1819.17,0.521524,8.5702979,-2.27867,-8.26182,15.7352,15.2136,15.863,14.425,13.875,13.766,9.167
Kepler-350,1,3,0,0,285.4195845,39.7061009,70.17289,15.11288,956.859,1.01648,4.3299494,-2.71615,-3.37209,13.7606,13.3257,13.965,12.718,12.393,12.337,9.391
Kepler-351,1,3,0,0,286.4527949,42.6577891,73.30625,15.54303,1083.91,0.894576,19.8731072,8.41149,-18.0052,15.9665,15.435,16.229,14.669,14.097,14.174,8.873
Kepler-352,1,3,0,0,299.8966237,46.0519022,80.79764,8.47197,252.733,3.92796,24.5378883,13.8522,-20.254,12.9561,12.4085,13.142,11.61,11.132,11.076,8.976
Kepler-353,2,2,0,0,296.8565596,41.7580749,75.93297,8.22729,384.694,2.57123,23.8115334,-7.52898,-22.5899,15.7248,14.7819,16.126,13.601,12.808,12.661,8.853
Kepler-354,1,3,0,0,285.7515347,41.3356739,71.83164,15.51241,554.064,1.77633,12.8814785,9.80135,8.35859,15.5561,14.8554,15.771,13.875,13.16,13.117,8.88
Kepler-355,1,2,0,0,285.7994917,42.8117427,73.26258,16.04522,1432.17,0.669477,9.7592582,6.47763,-7.29955,15.0663,14.6144,15.242,14.007,13.673,13.578,8.691
Kepler-356,1,2,0,0,292.4210998,37.6827919,70.66924,9.30796,707.559,1.38478,5.6825032,4.28742,-3.72946,12.9654,12.5639,13.058,12,11.704,11.668,8.977
Kepler-357,1,3,0,0,291.2429746,44.0086337,76.04453,12.91325,688.573,1.42408,23.0390898,-15.3193,-17.2081,15.5215,14.8979,15.735,13.991,13.408,13.358,9.361
Kepler-358,1,2,0,0,293.2302333,48.2813901,80.61347,13.5173,1101.1,0.880201,2.1869901,-0.463776,-2.13725,15.3559,14.8598,15.516,14.106,13.652,13.564,9.786
Kepler-359,1,3,0,0,293.2936129,42.1963497,75.05892,10.76968,1443.21,0.665683,5.6169613,-3.11371,-4.67494,15.8814,15.3983,15.805,14.736,14.487,14.331,9.217
Kepler-36,1,2,0,0,291.2501859,49.2318073,80.93278,15.10199,527.956,1.86543,8.1306538,0.96996,-8.07259,12.0767,11.6826,11.941,11.124,10.788,10.753,9.507
Kepler-360,1,2,0,0,286.2847077,44.7815817,75.2999,16.46655,876.044,1.11282,2.9201022,-2.30624,-1.79116,14.8128,14.3332,15.011,13.642,13.228,13.207,9.493
Kepler-361,1,2,0,0,296.8034146,46.7411011,80.338,10.66734,930.32,1.04629,15.7568625,-7.63486,-13.7836,13.5447,13.1225,13.635,12.526,12.198,12.151,9.492
Kepler-362,1,2,0,0,291.771603,47.5299192,79.4828,14.07858,1090.51,0.88975,6.7279878,-6.65975,0.955798,14.4863,14.0054,14.608,13.322,12.784,12.843,9.046
Kepler-363,1,3,0,0,283.1920779,41.3054172,71.0526,17.2836,762.596,1.28244,12.9666832,-4.93781,11.9897,13.316,12.8016,13.472,12.111,11.697,11.656,9.189
Kepler-364,1,2,0,0,281.5699998,47.3986233,76.6968,20.43826,891.462,1.09287,14.6998782,6.14055,-13.3559,13.6134,13.2322,13.754,12.676,12.388,12.366,9.314
Kepler-365,1,2,0,0,295.626564,49.130411,82.11766,12.48135,1038.99,,,,,,13.877,14.771,13.484,13.145,13.008,9.307
Kepler-366,1,2,0,0,296.8520316,49.0844359,82.45718,11.74957,1856.28,0.510384,2.2759458,1.27886,1.88267,14.7901,14.3354,14.952,13.708,13.351,13.332,9.315
Kepler-367,1,2,0,0,297.292558,49.9817499,83.40326,11.92128,188.027,5.2896,29.4711891,16.7985,24.2149,12.8482,12.1956,13.193,11.243,10.674,10.589,9.519
Kepler-368,1,2,0,0,291.880018,45.3878419,77.52235,13.09727,770.978,1.26854,20.8203027,-5.32661,-20.1274,12.838,12.3292,12.946,11.6,11.175,11.12,8.729
Kepler-369,1,2,0,0,293.6743322,47.9084727,80.40251,13.0873,214,3.8413895,21.3831901,17.9522,11.6172,15.6683,14.5771,16.429,13.247,12.395,12.253,9.572
Kepler-37,1,4,0,0,284.0592503,44.5183733,74.43727,17.84364,63.9207,15.6155,77.6774605,-60.5205,48.6935,9.54988,9.0638,9.770001,8.356,7.942,7.867,8.183
Kepler-370,1,2,0,0,292.1710683,40.9162381,73.50995,10.94288,1167.94,0.828058,17.7179891,-11.4548,-13.5172,15.1595,14.6657,15.467,13.977,13.55,13.559,9.135
Kepler-371,1,2,0,0,292.3264835,38.6575441,71.51474,9.81839,813.192,1.20114,8.1315407,3.51919,-7.33057,13.7984,13.3487,13.997,12.701,12.344,12.284,8.676
Kepler-372,1,3,0,0,291.2562253,49.2589288,80.96007,15.10953,1493.95,0.640547,10.0549276,2.75776,-9.66935,14.8342,14.4297,14.928,13.878,13.559,13.532,9.141
Kepler-373,1,2,0,0,289.3879904,50.5970115,81.7403,16.74464,1090.45,0.888301,8.8437202,-2.66922,-8.43129,14.4856,13.9901,14.596,13.28,12.859,12.844,8.925
Kepler-374,1,3,0,0,294.1378921,42.3704075,75.50719,10.29406,1265.61,0.761806,17.5984513,-6.32277,-16.4234,14.6608,14.1816,14.701,13.503,13.136,13.094,9.225
Kepler-375,1,2,0,0,288.6178715,48.0983639,79.13395,16.24521,1238.81,0.778936,5.7741465,-1.0229,-5.68282,15.6771,15.1772,15.643,14.536,14.081,13.936,9.451
Kepler-376,1,2,0,0,291.6071451,38.4103192,71.03282,10.20893,923.067,1.05479,15.1111513,-3.67446,-14.6576,13.734,13.3032,13.86,12.697,12.32,12.314,9.158
Kepler-377,1,2,0,0,295.4220717,38.7356737,72.72786,7.7195,823.804,1.18532,7.3048171,7.27114,-0.700625,13.8315,13.4007,14.081,12.801,12.469,12.397,9.268
Kepler-378,1,2,0,0,294.9489697,46.4388673,79.45806,11.65227,152.094,6.54596,75.7075913,56.656,50.2169,12.4551,11.7943,12.619,10.846,10.201,10.142,9.13
Kepler-379,1,2,0,0,295.7010981,38.9458209,73.01937,7.63044,731.274,1.3387,3.3245586,-1.14757,-3.12022,13.3686,12.959,13.475,12.341,12.005,11.978,9.237001
Kepler-38,2,1,0,1,286.830312,42.2791434,73.05727,15.13897,1174.59,0.822516,13.9555186,-4.64813,-13.1587,13.9066,13.4314,14.015,12.73,12.342,12.244,9.429
Kepler-380,1,2,0,0,282.3947017,48.7591334,78.25942,20.34266,813.713,1.2003,11.1729449,11.0199,1.84296,13.6113,13.2133,13.74,12.614,12.289,12.24,9.509
Kepler-381,1,3,0,0,285.1828685,43.8310283,74.0723,16.8434,267.323,3.71205,19.8896619,14.9652,-13.1012,10.5459,10.2174,10.47,9.721,9.504,9.478,8.969
Kepler-382,1,2,0,0,299.1362435,45.8699582,80.36831,8.83576,935.446,1.0407,12.0804005,9.34931,7.65026,14.6662,14.1132,14.907,13.403,12.89,12.854,9.068
Kepler-383,1,2,0,0,291.3426078,38.3631616,70.89567,10.37328,470,,8.7875231,1.40405,8.67463,15.0655,14.3821,15.473,13.367,12.674,12.656,9.327
Kepler-384,1,2,0,0,286.0261113,44.7828571,75.22928,16.63717,895.678,1.08762,4.4636957,2.81777,-3.4619,13.5538,13.0988,13.734,12.419,12.038,11.989,9.219
Kepler-385,1,3,0,0,294.3385109,50.3365178,82.84035,13.76677,1432.61,0.669369,5.9892617,2.63667,-5.37766,15.192,14.7468,15.76,14.156,13.819,13.723,9.552
Kepler-386,1,2,0,0,289.8589165,48.6938077,80.03966,15.72041,882.462,1.10529,11.17137,7.34435,-8.41784,15.6172,15.0254,15.949,14.183,13.605,13.467,8.874
Kepler-387,1,2,0,0,287.7982699,45.6567655,76.5661,15.81604,801.052,1.21959,15.5034302,13.5666,7.50358,13.9345,13.524,14.129,12.909,12.536,12.52,9.234
Kepler-388,1,2,0,0,284.8280577,44.6086451,74.73194,17.36479,425,1.6358009,19.2335692,0.423778,-19.2289,15.0015,14.2916,15.218,13.261,12.544,12.512,9.398
Kepler-389,1,2,0,0,291.9600082,44.9000587,77.09593,12.83567,816.559,1.19668,6.6350715,1.94621,6.34322,15.7495,15.1697,15.769,14.417,13.896,13.786,9.106
Kepler-39,1,1,0,0,296.9603348,46.0342954,79.75961,10.23403,1057.41,0.917064,4.5232073,3.89046,-2.30732,14.2622,13.8261,14.355,13.236,12.918,12.858,8.76
Kepler-390,2,2,0,0,291.6288086,41.2088351,73.59209,11.43915,435.277,2.26866,52.2927929,6.65728,51.8673,13.9222,13.374,14.231,12.584,12.075,12.045,8.983
Kepler-391,1,2,0,0,290.6218844,51.0573453,82.49921,16.20638,869.236,1.12166,12.7884256,10.2964,7.58472,12.984,12.395,13.177,11.564,10.97,10.928,9.172
Kepler-392,1,2,0,0,288.660826,43.3681938,74.64383,14.34264,681.428,1.43873,28.1610539,12.5123,25.2287,13.4218,13.029,13.528,12.414,12.121,12.078,8.789
Kepler-393,1,2,0,0,290.995205,45.192188,77.06756,13.57678,881.404,1.10585,11.3914196,-8.0295,-8.08032,13.1783,12.8235,13.258,12.325,11.995,12.002,9.277
Kepler-394,1,3,0,0,296.3019792,50.6723115,83.72613,12.80293,1058.72,0.916013,4.8288131,3.21776,-3.60048,14.77,14.3437,14.948,13.724,13.384,13.33,9.554
Kepler-395,1,2,0,0,293.5111889,45.1366252,77.80798,11.95556,421.382,2.34555,14.7384612,12.963,7.01305,15.9585,15.0088,16.5919,13.818,12.948,12.893,9.037
Kepler-396,1,2,0,0,296.1328135,48.9773095,82.13508,12.11636,223.757,4.44064,16.114782,2.45812,-15.9262,11.8286,11.3523,12.259,10.672,10.285,10.241,9.409
Kepler-397,1,2,0,0,295.8940373,42.3805156,76.13477,9.15365,969,,5.1794612,-5.12176,-0.770969,,15.484,16.357,14.587,13.9,13.98,9.192
Kepler-398,1,3,0,0,291.4688524,40.3437001,72.746,11.16571,177.355,5.6095,44.396093,30.6636,-32.1054,13.2351,12.5199,13.499,11.514,10.794,10.728,8.791
Kepler-399,1,3,0,0,299.5017242,40.6707669,75.99132,5.96067,740.537,0.7341165,9.2584978,3.25698,8.66671,14.5277,13.9919,14.686,13.175,12.698,12.557,9.183
Kepler-4,1,1,0,0,285.6154492,50.1357712,80.37016,18.81834,487.916,2.02093,7.6063536,6.00259,4.67178,12.1577,11.7266,12.285,11.122,10.805,10.744,9.323
Kepler-40,1,1,0,0,296.8136883,47.5265446,81.04474,11.03503,2305.01,0.405118,6.9331051,-1.53612,-6.76079,14.5591,14.1348,14.657,13.536,13.27,13.218,9.46
Kepler-400,1,2,0,0,290.9444679,40.4800528,72.6919,11.58428,845.97,,4.907312,-3.9262,-2.94392,13.8395,13.4029,13.762,12.566,12.296,12.203,8.359
Kepler-401,1,3,0,0,290.0827494,50.8634361,82.1743,16.44236,965.56,1.00691,10.9080352,-1.26188,-10.8348,13.2865,12.883,13.366,12.277,11.987,11.936,9.6
Kepler-402,1,4,0,0,288.3701976,43.3546109,74.54275,14.53038,625.339,1.57041,4.4218604,-4.30314,1.01776,13.1917,12.8187,13.27,12.303,11.993,11.924,9.354
Kepler-403,1,3,0,0,289.9214256,46.7445267,78.20628,14.89907,840.269,1.16154,13.807334,-5.90843,-12.4793,12.7598,12.3684,12.818,11.83,11.537,11.442,9.16
Kepler-404,1,2,0,0,286.3985796,45.3435241,75.87463,16.60325,812.524,1.20213,6.654775,-5.57527,-3.63351,15.1906,14.6698,15.479,13.908,13.477,13.41,9.422
Kepler-405,1,2,0,0,291.4094615,38.3400107,70.89842,10.31603,1065.08,0.91164,1.7327855,-0.858001,-1.50545,15.8023,15.285,16.181,14.543,14.056,14.124,8.963
Kepler-406,1,2,0,0,291.8481764,44.9682807,77.1239,12.93656,364.03,2.71841,17.8047664,16.9322,5.50548,12.4897,12.011,12.603,11.34,10.97,10.934,8.932
Kepler-407,1,2,0,0,286.0363025,49.6145027,79.95374,18.383,338.368,2.92662,3.5804502,-3.54314,-0.515541,12.5074,12.0108,12.603,11.332,10.911,10.865,9.604
Kepler-408,1,1,0,0,284.7862158,48.4232622,78.47517,18.73849,88.7832,11.2346,10.4238443,4.58455,9.36154,8.6992,8.327,8.834,7.784,7.486,7.445,7.433
Kepler-409,1,1,0,0,293.6792058,46.8527337,79.43306,12.6169,68.173,14.6396,7.606681,4.66623,-6.00732,9.39109,8.8932,9.636,8.2,7.768,7.707,7.72
Kepler-41,1,1,0,0,294.5132465,45.9816453,78.90205,11.7114,1093.08,0.886442,4.2685481,3.03718,2.99934,14.413,13.9174,14.509,13.262,12.892,12.835,9.132
Kepler-410,2,1,0,0,283.1510448,45.1400838,74.81395,18.66425,147.527,6.74954,87.2296412,61.5154,61.8455,9.3748,9.03131,9.495,8.417,8.14,8.104,7.846
Kepler-411,2,4,0,0,287.6057027,49.5233937,80.24936,17.40063,153.676,6.47831,35.2938724,13.516,32.6033,12.2327,11.6052,12.448,10.641,10.062,9.92,9.269
Kepler-412,1,1,0,0,286.1103053,43.6809612,74.18899,16.1661,1086.24,0.891809,7.217735,-1.69101,7.01685,14.2486,13.8046,14.399,13.19,12.837,12.866,8.931
Kepler-413,2,1,0,1,288.5106679,51.1624235,82.06935,17.47072,847.536,1.15163,19.026376,-0.918349,-19.0042,15.5943,14.965,15.885,13.987,13.415,13.158,9.681
Kepler-414,1,2,0,0,297.9615616,48.2443363,82.06217,10.70429,413.46,2.38983,8.7808963,2.80691,-8.32018,13.321,12.8076,13.378,12.087,11.698,11.629,9.485
Kepler-415,1,2,0,0,293.8045041,38.6390517,72.03695,8.78533,530.487,1.8574,21.4687178,15.7544,-14.5844,15.841,15.1006,16.142,14.091,13.378,,
Kepler-416,1,3,0,0,291.5569554,39.2272923,71.75799,10.60929,690.819,1.41892,2.2016261,-2.0509,-0.800604,14.0197,13.544,14.166,12.874,12.51,,
Kepler-417,1,2,0,0,293.8241813,42.779648,75.76884,10.68732,973.989,1.00053,19.4468932,-16.9166,-9.5922,15.8658,15.2803,15.864,14.426,13.922,13.719,9.393
Kepler-418,1,2,0,0,294.4335228,38.3554729,72.01795,8.21752,1002.53,0.969069,2.6721257,-0.783072,2.55481,14.649,14.1766,14.824,13.493,13.103,13.093,9.311
Kepler-419,1,2,0,0,295.4179125,51.1847629,83.93458,13.53223,1011.36,0.960327,1.2726595,-0.071668,-1.27064,12.9642,12.6087,13.089,12.088,11.859,11.829,9.56
Kepler-42,1,3,0,0,292.2196,44.6173667,76.91718,12.54674,40.0595,24.934,427.6819742,93.1258,-417.42,14.9931,13.7435,16.7,12.177,11.465,11.257,9.007
Kepler-421,1,1,0,0,283.2568116,45.0876823,74.78908,18.57615,348.558,2.84011,20.788311,-4.01044,-20.3978,13.3477,12.8243,13.611,12.009,11.535,11.467,9.354
Kepler-422,1,1,0,0,282.6296334,46.3232807,75.8626,19.40569,722.795,1.35465,12.2986084,-3.54639,-11.7762,13.4233,12.9934,13.524,12.357,12.041,12.037,9.255
Kepler-423,1,1,0,0,292.8557189,46.3911883,78.7526,12.92101,758.753,1.28941,4.2579685,-2.00746,3.75505,14.28,13.814,14.462,13.142,12.779,12.656,9.509
Kepler-424,1,2,0,0,298.6249797,48.57745,82.57663,10.48256,698.646,1.40277,6.294719,6.18704,1.15932,14.229,13.692,14.429,12.905,12.47,12.472,9.305
Kepler-425,1,1,0,0,290.3579781,40.5676965,72.57481,12.02393,646.647,1.51803,10.4987288,-4.44858,-9.50965,14.7301,14.148,14.845,13.376,12.806,12.798,9.332
Kepler-426,1,1,0,0,289.4346668,49.473455,80.67164,16.28256,843.695,1.15656,8.5662857,0.165855,8.56468,14.8069,14.3258,15.032,13.624,13.212,13.219,9.473
Kepler-427,1,1,0,0,288.2545808,43.7048379,74.83939,14.74789,1017.8,0.953714,7.2368093,2.39112,-6.83037,14.1964,13.756,14.301,13.161,12.777,12.746,9.296
Kepler-428,1,1,0,0,290.5817432,40.5773106,72.65879,11.87482,686.284,1.42912,15.9217287,1.31659,-15.8672,15.2218,14.6147,15.362,13.767,13.234,13.163,9.405
Kepler-43,1,1,0,0,285.2408288,46.6682411,76.85693,17.83658,1005.84,0.965345,3.0087774,-3.0026,0.192704,13.8894,13.4633,13.986,12.858,12.549,12.531,9.275
Kepler-430,1,2,0,0,292.8085984,49.5794242,81.69761,14.32619,917.477,1.06127,8.7605269,-1.80125,-8.57335,13.8135,13.3844,13.908,12.743,12.391,12.418,9.802
Kepler-431,1,3,0,0,281.1123072,43.2277663,72.38789,19.39477,486.546,2.02658,7.9580808,-5.99858,-5.22954,11.9291,11.5319,12.139,10.945,10.649,10.615,8.93
Kepler-432,2,2,0,0,293.2822344,48.2859173,80.63315,13.48812,848.023,1.15095,11.0876491,4.53052,10.1198,12.1822,11.5815,12.398,10.684,10.121,10.052,9.583
Kepler-433,1,1,0,0,297.5936232,40.9772546,75.52223,7.36124,1878.31,0.504328,3.1546635,-2.00719,-2.43374,14.4163,13.9271,14.717,13.201,12.826,12.739,8.913
Kepler-434,1,1,0,0,293.5863887,42.9288624,75.82304,10.91052,1222.54,0.789585,8.6920068,-0.7715,-8.6577,14.4999,14.0418,14.49,13.4,13.039,,
Kepler-435,1,1,0,0,292.2873012,43.1972542,75.63372,11.87922,1418.77,0.676165,3.6932002,2.26529,-2.91688,13.604,13.1981,13.704,12.593,12.291,12.266,9.423
Kepler-436,1,2,0,0,301.7207775,44.4120856,80.05924,6.52188,588.867,1.67105,5.5883514,5.36226,1.57348,15.8616,15.1198,15.971,14.083,13.333,13.208,8.835
Kepler-437,1,1,0,0,297.3473326,44.0269249,78.11288,9.02219,304,,8.7120641,-8.56699,-1.58327,14.3622,13.6363,14.628,12.564,11.847,11.755,9.233
Kepler-438,1,1,0,0,281.6457236,41.9510686,71.25802,18.59302,195.94287175,5.1035283,30.5623775,-20.3406,-22.8105,14.4852,13.4386,15.104,12.13,11.199,11.08,8.893
Kepler-439,1,1,0,0,280.8015188,44.0339733,73.11777,19.87226,757.048,1.29224,6.4972426,-6.12878,2.1569,14.5454,14.0429,14.654,13.344,12.919,12.833,9.152
Kepler-44,1,1,0,0,300.1023512,45.7621918,80.6199,8.20087,1188,0.81357,8.2791744,-0.942696,8.22533,14.6901,14.1223,14.803,13.34,12.878,12.775,9.364
Kepler-440,1,1,0,0,285.3500664,41.4523695,71.82344,15.8353,301.03,3.29324,32.1525702,15.2958,28.2812,15.1058,14.149,15.637,12.96,12.121,12.023,9.32
Kepler-441,1,1,0,0,284.566954,49.0127077,79.00897,19.07517,268.003,3.70258,34.898213,6.46529,34.2941,15.135,14.2421,15.567,13.04,12.288,12.174,9.44
Kepler-442,1,1,0,0,285.3666029,39.2800704,69.75019,14.98425,365.965,2.70374,8.0179552,7.78538,1.91715,14.9304,14.2328,15.322,13.233,12.488,12.459,9.06
Kepler-443,1,1,0,0,288.6104839,49.9685458,80.93539,16.96458,802.271,1.21845,23.8460915,-12.5342,-20.2862,15.9005,15.2453,16.207,14.365,13.815,13.669,9.526
Kepler-444,3,5,0,0,289.7528323,41.631884,73.36096,12.89062,36.4396,27.4137,639.252787,94.6824,-632.202,8.643251,8.1115,8.87,7.244,6.703,6.624,6.56
Kepler-445,1,3,0,0,298.7363395,46.4991236,80.78005,9.39004,127.201,7.83347,138.5399643,41.5165,132.173,16.7157,15.3315,18.19,13.542,12.61,12.499,9.356
Kepler-446,1,3,0,0,282.2501047,44.921002,74.36798,19.18908,96.339,10.3516,27.0539679,-12.4659,-24.0108,16.3101,15.0772,17.5041,13.591,12.827,12.709,8.93
Kepler-447,1,1,0,0,285.2685283,48.5598835,78.72698,18.48573,268.041,3.70206,24.1721761,-5.73537,-23.4819,12.3795,11.8933,12.52,11.211,10.806,10.758,9.313
Kepler-449,1,2,0,0,293.732787,41.9006366,74.94273,10.34452,241.949,,45.3968501,-5.52,-45.06,11.2263,10.7691,11.448,10.088,9.701,9.674,8.882
Kepler-45,1,1,0,0,292.8729292,41.0641727,73.88709,10.53637,381.949,2.59039,22.0710956,4.63512,-21.5789,15.9804,14.9826,16.744,13.749,12.892,12.805,9.09
Kepler-450,1,3,0,0,295.4865821,51.0135237,83.79725,13.4167,455.982,2.16449,7.8544154,4.17178,6.65493,11.6525,11.2877,11.991,10.708,10.429,10.394,9.052
Kepler-452,1,1,0,0,296.003752,44.2775861,77.86464,9.98768,551.727,1.78375,13.4422907,9.97399,9.01192,13.4048,12.9154,13.54,12.263,11.852,11.802,9.42
Kepler-453,2,1,0,1,283.2413322,46.3784691,76.06712,19.0262,442.846,2.22924,8.4142757,7.31014,-4.16676,13.5227,13.0334,13.672,12.349,11.92,11.849,9.437
Kepler-454,2,3,0,0,287.4786474,38.2290751,69.4411,13.05368,230.869,4.3027,53.0150294,21.8509,48.3025,11.4395,10.9751,11.567,10.357,9.968,9.921,9.137
Kepler-46,1,3,0,0,289.2687388,42.6041819,74.1138,13.62366,777.06,1.25859,3.2798182,3.15555,0.894266,15.2548,14.6801,15.312,13.814,13.347,13.354,9.233
Kepler-461,1,1,0,0,292.2490563,46.1647909,78.35619,13.20021,692.158,1.41593,11.3003432,4.35584,-10.4271,13.3335,12.8947,13.457,12.253,11.917,11.867,9.531
Kepler-462,1,2,0,0,299.8211502,43.8142793,78.82865,7.37348,596.625,1.64798,1.356876,-1.28346,-0.440276,11.6145,11.3816,11.632,10.983,10.851,10.846,9.259
Kepler-463,1,1,0,0,298.9368228,44.8578644,79.41202,8.4483,394.804,2.50425,37.0815547,-35.4476,-10.8862,12.86,12.3639,12.999,11.65,11.209,11.147,9.38
Kepler-464,1,1,0,0,294.8351052,48.9823204,81.7411,12.87628,667.604,1.46931,11.4412391,-7.09083,-8.97898,12.6717,12.2445,12.75,11.652,11.338,11.257,9.094
Kepler-465,1,1,0,0,284.5557853,46.0638865,76.08667,18.06408,553.077,1.77944,13.1630133,7.4662,10.8407,12.5914,12.2404,12.651,11.735,11.456,11.426,9.264
Kepler-466,1,2,0,0,295.6486585,48.4955191,81.54711,12.17701,530.122,2.6069041,8.3315316,-5.34323,-6.39252,12.7632,12.3357,12.799,11.698,11.367,11.337,9.381
Kepler-467,1,1,0,0,287.3629145,38.6497341,69.79641,13.3096,466.265,2.11608,38.3417444,14.2273,35.6044,12.359,11.9138,12.428,11.274,10.897,10.871,9.270001
Kepler-468,1,1,0,0,288.9022829,49.3704079,80.43297,16.56209,442.871,2.22914,18.4578683,3.71425,-18.0803,13.7299,13.2147,13.852,12.467,12.029,11.996,9.545
Kepler-47,2,3,0,1,295.2978883,46.9204303,80.00709,11.66115,1025.02,0.947573,10.654601,-3.49403,-10.0654,15.1626,14.6715,15.31,13.97,13.535,13.535,9.068
Kepler-471,1,1,0,0,299.0975167,43.4975851,78.28462,7.66243,1249.41,0.771755,4.1545036,-3.56043,-2.14085,13.7887,13.3926,13.767,12.804,12.562,12.433,9.04
Kepler-472,1,1,0,0,296.5245187,39.2498503,73.60082,7.22013,306.602,3.23279,39.4783861,34.4142,19.3444,13.6698,13.0169,13.898,12.063,11.461,11.379,8.792
Kepler-473,1,1,0,0,286.6300796,38.9455907,69.83524,13.95171,905.937,1.07502,3.7112927,-2.10289,3.05803,13.3691,12.8651,13.548,12.121,11.731,11.689,9.121
Kepler-474,1,1,0,0,292.3215174,43.8811723,76.27255,12.15844,841.496,1.15961,3.7454633,-0.350578,3.72902,13.4689,13.0027,13.629,12.306,11.91,11.786,9.537
Kepler-475,1,1,0,0,287.051694,40.2114232,71.16452,14.16429,280.069,3.54165,24.792837,-4.40542,-24.3983,13.3163,12.6882,13.512,11.821,11.241,11.16,9.087
Kepler-476,1,1,0,0,295.1637592,43.9630716,77.2941,10.37133,813.535,,11.1237295,-4.99367,9.93985,13.8596,13.3748,14.018,12.673,12.297,12.235,8.875
Kepler-477,2,1,0,0,288.067445,42.355305,73.50616,14.33019,367,,26.7,-26,-6,,12.889,13.835,12.274,11.729,11.628,9.269
Kepler-478,1,1,0,0,292.4870063,46.196187,78.45852,13.06531,420,1.4942376,12.2791689,11.6378,-3.91658,13.9672,13.4089,14.156,12.57,12.005,11.897,9.43
Kepler-479,1,1,0,0,291.0218899,37.7698734,70.24138,10.3349,344.901,2.87055,21.0301697,9.06152,18.9778,13.544,13.006,13.724,12.237,11.716,11.704,9.324
Kepler-48,1,5,0,0,299.1393094,40.948939,76.08999,6.33882,306.738,3.23132,24.2749681,13.2251,-20.3561,13.0772,12.5074,13.174,11.702,11.221,11.11,8.746
Kepler-480,1,1,0,0,294.4639165,49.7650473,82.34944,13.44212,847.508,1.15117,3.3928267,3.37169,0.378126,13.2113,12.8474,13.23,12.332,12.065,12.028,9.183
Kepler-481,1,1,0,0,291.9069862,49.262076,81.1449,14.72419,813.724,1.20019,9.8662056,-7.51485,6.39289,13.8151,13.3592,14.054,12.724,12.383,12.247,9.484
Kepler-482,1,1,0,0,296.8229326,48.1077628,81.56932,11.30521,313.068,3.16548,50.0739295,12.1421,48.5795,13.7621,13.1287,14.049,12.173,11.536,11.503,9.596
Kepler-483,1,1,0,0,291.6467764,41.8846843,74.21755,11.72466,860.355,1.13351,8.5087979,6.73182,5.20406,13.3892,13.0296,13.452,12.516,12.222,12.179,9.343
Kepler-484,1,1,0,0,284.3942844,46.2491109,76.22779,18.23391,382.136,2.58808,7.6538276,-7.25121,-2.4497,13.0002,12.5319,13.077,11.89,11.482,11.455,8.744
Kepler-485,1,1,0,0,294.9963415,50.4700458,83.15478,13.45017,1140.95,0.84784,4.6762577,4.28173,-1.87994,14.8981,14.4394,15.069,13.782,13.433,13.376,9.444
Kepler-487,1,3,0,0,295.2872318,41.2220033,74.88508,8.99914,872.343,1.11832,11.4807252,5.35167,10.1571,15.0647,14.5293,14.882,13.732,13.25,13.249,9.452
Kepler-489,1,1,0,0,290.8332412,38.1841851,70.55188,10.65199,369.645,2.67648,38.013643,17.7299,-33.6257,14.0178,13.4122,14.221,12.536,11.959,11.944,9.331
Kepler-49,1,4,0,0,292.2945208,40.5918123,73.2573,10.71393,311.222,3.1845,8.7342163,-7.61449,4.27856,15.2293,14.3807,15.655,13.184,12.383,12.253,9.372
Kepler-490,1,1,0,0,295.025662,46.9559536,79.95208,11.84256,1523,0.628408,8.7220766,-1.90758,-8.51092,14.8173,14.3999,14.843,13.819,13.469,13.507,9.602
Kepler-491,1,1,0,0,287.1305782,42.3501533,73.21539,14.96283,630.785,1.55653,5.5855406,-4.24802,-3.62665,13.9616,13.4584,14.178,12.746,12.354,12.312,9.025
Kepler-493,1,1,0,0,295.3075252,38.8815716,72.81371,7.86789,1745.77,0.545032,18.3016519,-5.82209,-17.3509,15.0352,14.5855,15.268,13.956,13.727,13.583,9.24
Kepler-495,1,2,0,0,285.9307362,39.0981201,69.75527,14.51069,658.924,1.48896,5.9480578,5.04522,-3.15042,14.6074,14.0672,14.942,13.314,12.81,12.739,9.172
Kepler-496,1,1,0,0,291.6408978,41.2411044,73.62573,11.44523,605.274,1.62366,16.6287938,2.58844,16.4261,14.796,14.2348,15.106,13.441,12.909,12.914,9.296
Kepler-497,1,1,0,0,290.7659557,38.9279468,71.20789,11.02727,1291.98,0.6317702,16.7224772,8.6296,-14.3238,15.0987,14.5971,14.95,13.6,13.21,13.053,9.083
Kepler-498,1,1,0,0,290.3581592,44.5187225,76.2434,13.70333,938.844,1.03644,2.847523,1.05664,-2.64422,14.2463,13.786,14.349,13.18,12.755,12.733,9.263
Kepler-499,1,1,0,0,295.1099549,43.9151012,77.23258,10.38317,556.726,1.76765,19.5380916,5.6292,-18.7096,14.349,13.7629,14.63,12.946,12.405,12.36,8.64
Kepler-5,1,1,0,0,299.4070341,44.0350387,78.8664,7.74266,899.777,1.08294,3.2446002,-0.201938,-3.23831,13.2263,12.7655,13.325,12.115,11.769,11.683,8.504
Kepler-50,1,2,0,0,288.1009312,50.0336844,80.87004,17.29263,250.11,3.96961,9.4988317,6.52636,-6.90177,10.3621,9.9997,10.544,9.518,9.197,9.173,9.291
Kepler-500,1,1,0,0,295.9513472,43.8519884,77.46634,9.81856,807.48,1.20983,11.7747912,-3.35434,-11.2869,14.1736,13.687,14.324,12.995,12.588,,
Kepler-501,1,2,0,0,297.2014919,41.7301534,76.03582,7.98928,1125.24,0.860396,10.3144754,-6.19291,-8.24841,14.7303,14.2669,14.886,13.66,13.34,12.88,9.351
Kepler-502,1,1,0,0,291.080133,43.8601911,75.85536,12.95562,1591.04,0.599806,1.2841555,-0.533674,-1.16801,14.9719,14.5325,15.136,13.914,13.592,13.519,9.262
Kepler-504,2,1,0,0,284.9219608,45.9723265,76.09155,17.79385,99.0688,10.0652,22.4721119,19.1834,-11.7044,14.4582,13.3579,15.143,12,11.155,10.958,8.602
Kepler-505,1,1,0,0,287.857953,42.5426758,73.619,14.54712,283.41,3.49969,26.4133185,-23.5959,11.87,15.115,14.1451,15.607,12.912,12.08,11.982,8.787
Kepler-506,1,1,0,0,284.6351885,40.7198296,70.90578,16.05526,228.439,4.3488,2.6305354,1.13162,-2.37469,10.7836,10.4081,11.094,9.911,9.617,9.577,9.176
Kepler-507,1,1,0,0,297.0188074,50.409046,83.70425,12.2772,391.644,2.52462,12.0033691,-3.96669,11.329,11.9224,11.53,12.197,10.985,10.665,10.659,8.735
Kepler-508,1,1,0,0,295.4042546,42.9812789,76.49718,9.75595,324.618,3.05187,35.0556571,-12.7996,-32.6354,11.6039,11.223,11.592,10.674,10.379,10.337,9.526
Kepler-509,1,1,0,0,289.664394,48.706165,79.99859,15.84318,332.443,2.97963,7.0817042,-3.68139,-6.04962,11.7836,11.3785,11.848,10.793,10.483,10.461,9.442
Kepler-51,1,4,0,0,296.4797624,49.9376486,83.11258,12.36242,783.831,1.24726,7.4576527,0.006318,-7.45765,14.6777,14.2045,14.885,13.562,13.197,13.099,9.082
Kepler-510,1,1,0,0,287.6550196,39.2441716,70.44927,13.34685,386.177,2.56086,26.0611447,5.62391,-25.4471,11.9222,11.4794,12.067,10.836,10.446,10.402,8.827
Kepler-511,1,2,0,0,282.9455384,47.5749181,77.19174,19.61433,651.999,1.5052,25.2926342,-24.2557,7.16787,12.5832,12.1603,12.711,11.534,11.187,11.144,9.347
Kepler-512,1,1,0,0,298.2689217,48.9167391,82.761,10.85325,467.375,2.11098,5.5654536,-4.48643,3.29336,12.6135,12.2049,12.728,11.617,11.315,11.262,9.052
Kepler-513,1,1,0,0,285.0416235,50.0753913,80.17765,19.14384,468.258,2.10685,13.9427752,-13.2919,4.21027,12.8822,12.4539,13.019,11.846,11.469,11.441,9.225
Kepler-514,2,1,0,0,286.2471739,50.2423694,80.62372,18.47594,455.336,2.16754,8.3927872,-1.52838,-8.25245,12.1325,11.7537,12.273,11.202,10.875,10.85,9.15
Kepler-515,2,1,0,0,290.493913,52.055611,83.42371,16.6718,255,,99.7563597,61.53,-78.52,,12.058,12.913,11.295,10.885,10.692,9.177
Kepler-516,1,1,0,0,295.6087625,38.7357368,72.79874,7.59194,687.094,1.42739,4.6260576,-4.41088,-1.39447,11.9642,11.6516,12.121,11.18,10.987,10.949,8.67
Kepler-517,2,1,0,0,293.6755138,41.2952061,74.37632,10.10439,289.907,3.42069,44.6986747,31.6544,-31.559,12.1297,11.6682,12.372,11.02,10.631,10.454,9.176
Kepler-518,1,1,0,0,287.090019,41.3737576,72.27605,14.60317,337.901,2.9308,21.9786682,4.41874,-21.5299,12.5097,12.0833,12.573,11.472,11.109,11.097,9.058
Kepler-519,2,1,0,0,299.3196708,41.3847447,76.53669,6.44509,246.61,4.02624,25.5529043,17.318,18.7893,12.6181,12.0699,12.77,11.258,10.761,10.593,8.938
Kepler-52,1,3,0,0,286.7380152,49.9757383,80.47826,18.08721,321.542,3.08128,4.2074117,-3.97537,1.37795,15.0589,14.2572,15.513,13.153,12.36,12.268,9.256
Kepler-520,1,2,0,0,293.1802903,41.6177408,74.49539,10.58195,623.901,1.3369812,6.1401104,-4.0882,-4.58122,12.7602,12.3616,12.798,11.806,11.488,11.38,8.921
Kepler-521,1,1,0,0,298.8163801,43.9980203,78.61724,8.09036,830.638,1.17542,3.6543089,-1.14925,-3.46889,12.8908,12.5083,12.94,11.915,11.67,11.587,9.433
Kepler-522,1,1,0,0,288.153973,44.0688154,75.15464,14.95975,639.239,1.53586,4.8371268,-4.08738,-2.58672,12.1457,11.7942,12.22,11.302,11.068,11.033,9.166
Kepler-523,1,1,0,0,284.0611224,45.5068127,75.41032,18.19117,253.295,3.91923,7.9152835,-0.771754,-7.87757,12.481,11.9782,12.588,11.283,10.827,10.794,9.297
Kepler-524,1,2,0,0,296.8591787,49.1620125,82.52933,11.78199,1058.24,0.916171,3.6248867,-2.02988,-3.00323,13.8868,13.4203,14.082,12.729,12.384,12.343,9.383
Kepler-525,1,1,0,0,296.1834239,47.3587776,80.6889,11.33166,992.852,0.978491,1.7156928,-1.08841,1.32626,13.4906,12.9835,13.613,12.248,11.798,11.791,9.466
Kepler-526,1,1,0,0,297.6509281,47.3962246,81.2046,10.47581,666.146,1.4725,12.044228,-1.19097,-11.9852,13.0384,12.5619,13.194,11.91,11.475,11.427,9.2
Kepler-527,1,1,0,0,290.957913,47.4062673,79.1295,14.52651,750.04,1.30442,1.0074418,-0.378254,-0.933736,13.334,12.9637,13.471,12.424,12.125,12.131,9.494
Kepler-528,1,1,0,0,295.6848595,47.7480914,80.88058,11.81075,784.23,1.24639,13.1741305,12.5179,4.10608,13.9033,13.4465,14.064,12.795,12.409,12.38,9.156
Kepler-529,1,3,0,0,285.8884067,47.880364,78.21119,17.85951,799.008,0.5515783,6.37113,3.72618,5.16787,13.7399,13.3433,13.779,12.786,12.418,12.377,9.297
Kepler-53,1,3,0,0,290.4617926,40.5624966,72.60483,11.95055,1366.07,0.704174,6.7612521,1.63077,6.56164,15.3877,14.911,15.367,14.252,13.807,13.852,8.949
Kepler-530,2,1,0,0,283.3402948,48.549062,78.26085,19.68363,457.709,2.15593,7.739801,4.0325,6.60632,13.3949,12.9454,13.502,12.303,11.9,11.83,9.404
Kepler-531,1,1,0,0,286.5246582,48.6835481,79.15824,17.75311,252.762,3.92736,32.5897578,-29.9537,-12.8401,13.2923,12.6696,13.566,11.772,11.177,11.134,9.002
Kepler-532,1,1,0,0,298.6609094,48.6063022,82.61406,10.47604,312.798,3.16817,15.5462648,-4.46759,-14.8905,13.5036,12.9171,13.74,12.014,11.545,11.497,8.966
Kepler-533,1,1,0,0,293.6856893,48.8249915,81.25178,13.4834,302.955,3.27194,30.9996435,-7.30272,-30.1272,13.9246,13.2635,14.128,12.335,11.683,11.627,9.752
Kepler-534,1,2,0,0,296.4185696,49.540148,82.73358,12.21263,570.659,1.72438,11.9053397,1.61931,11.7947,13.231,12.7883,13.387,12.063,11.708,11.133,9.094
Kepler-535,1,1,0,0,296.5666587,49.6961742,82.92057,12.20039,685.599,1.42973,15.4864364,-0.218141,-15.4849,13.1197,12.717,13.209,12.141,11.845,11.739,9.495
Kepler-536,1,1,0,0,297.7363605,49.637101,83.23303,11.50532,462.322,2.13772,17.5890744,-6.71312,-16.2576,13.7823,13.2255,14.032,12.379,11.892,11.801,9.413
Kepler-537,1,1,0,0,289.8805804,51.2769907,82.52041,16.72009,439.4,2.24693,21.3589202,-7.54845,-19.9806,13.0657,12.6092,13.173,12.007,11.623,11.549,9.152
Kepler-538,2,1,0,0,297.4865503,49.6233975,83.14184,11.64093,155.956,6.38331,49.9667844,-49.3144,-8.04795,11.1647,10.6927,11.27,10.026,9.645001,9.574,9.183
Kepler-539,1,2,0,0,299.1224639,41.8667953,76.8781,6.81805,307.318,3.22574,9.8156081,2.96941,9.355681,12.379,11.9223,12.444,11.294,10.915,10.823,9.308
Kepler-54,1,3,0,0,294.7739245,43.0561976,76.34485,10.1981,271.701,3.65228,18.4991328,0.0348401,-18.4991,15.8133,14.7983,16.282,13.508,12.648,12.573,9.448
Kepler-540,1,1,0,0,290.6249953,44.8737757,76.65702,13.67995,390.374,2.53306,56.4595604,-39.8678,-39.978,12.1868,11.7669,12.293,11.167,10.81,10.763,8.826
Kepler-541,1,1,0,0,294.1496529,38.458207,72.0034,8.46212,1060.68,0.914114,13.4014336,-3.92622,-12.8134,13.228,12.763,13.383,12.079,11.733,11.68,9.132
Kepler-542,1,1,0,0,292.2149697,38.5485469,71.37602,9.84658,436.016,2.2647,21.5730697,-19.7936,-8.57967,13.4161,12.9159,13.606,12.21,11.783,11.739,9.383
Kepler-543,1,1,0,0,287.2187273,38.8625366,69.94859,13.49937,221.802,4.4797,6.2482824,1.12511,6.14615,13.3744,12.7023,13.598,11.731,11.089,11.041,9.381
Kepler-544,1,1,0,0,294.0290734,39.0517893,72.48889,8.82378,963.18,1.00953,11.7871939,-4.90884,-10.7164,13.5408,13.1515,13.667,12.578,12.289,12.114,8.908
Kepler-545,1,1,0,0,290.5663221,40.6920756,72.75932,11.93508,818.001,1.19383,4.1386549,1.92298,3.66478,14.105,13.6555,14.205,13.074,12.708,12.664,9.416
Kepler-546,1,1,0,0,283.257573,40.9904095,70.76413,17.12319,1019.65,0.951973,14.9461937,-4.25912,-14.3265,14.251,13.7592,14.325,13.073,12.784,12.318,9.41
Kepler-547,1,1,0,0,286.1185888,44.3452063,74.83195,16.41182,378.972,2.61015,19.3618099,-14.7742,-12.5141,14.207,13.5605,14.48,12.588,11.998,11.817,9.328
Kepler-548,1,1,0,0,299.9059167,45.4396103,80.26885,8.15389,751.776,1.3018,15.102786,-0.428711,-15.0967,14.9844,14.3945,15.266,13.581,13.071,13.098,9.596
Kepler-549,1,3,0,0,283.0228527,47.2611431,76.89558,19.46173,635.145,1.54567,6.864241,1.92723,-6.58814,14.6226,14.079,14.805,13.303,12.826,12.204,9.259
Kepler-55,1,5,0,0,285.1683291,44.0264898,74.25808,16.92531,578.796,1.69932,1.8145708,-1.77757,-0.364571,15.7813,15.0506,15.746,13.97,13.289,13.047,9.177
Kepler-550,1,1,0,0,297.7001786,47.8637046,81.63717,10.67286,531.944,1.85114,10.815793,-3.41864,-10.2613,14.4716,13.8959,14.626,13.097,12.562,12.546,9.37
Kepler-551,1,1,0,0,285.485045,48.0543774,78.28132,18.17379,311.175,3.18486,17.7956928,5.48348,16.9298,14.8603,14.079,15.278,12.991,12.193,12.111,9.152
Kepler-552,1,1,0,0,290.7476903,48.2419838,79.85715,14.99901,843.689,1.1565,3.912764,-2.50114,-3.00899,14.2624,13.8102,14.476,13.198,12.78,12.784,9.383
Kepler-553,1,2,0,0,298.5508922,48.3325405,82.33516,10.40509,728.525,1.34423,29.0424291,4.57387,28.68,14.9567,14.3804,15.034,13.578,13.064,12.814,9.49
Kepler-554,1,1,0,0,296.4068982,51.3581938,84.38215,13.0598,690.525,1.41947,14.2843585,10.4259,9.7644,14.2961,13.7737,14.49,13.043,12.615,12.573,9.16
Kepler-555,1,1,0,0,285.516872,38.9324587,69.46669,14.74064,973.121,0.998927,12.4476902,3.45394,11.9589,14.161,13.6994,14.448,13.024,12.633,12.61,8.61
Kepler-556,1,1,0,0,290.5294799,38.9427306,71.13919,11.19905,674.598,1.45375,18.9153454,9.18518,16.5355,14.1247,13.6597,14.316,13.039,12.668,12.603,9.219
Kepler-557,1,1,0,0,293.7084179,41.6151084,74.67646,10.22955,2097.12,0.448711,9.548276,-2.20856,-9.28934,14.6387,14.1835,14.723,13.553,13.153,13.163,8.953
Kepler-558,1,1,0,0,284.6579709,42.6526751,72.78095,16.76278,661.876,1.48227,9.1476831,8.16968,-4.11539,14.9538,14.3911,14.899,13.497,12.961,12.849,9.152
Kepler-559,1,1,0,0,296.6368878,43.8027948,77.66271,9.36083,776.708,1.25918,9.3171665,9.0677,2.14159,14.7424,14.1893,14.863,13.429,12.977,12.773,9.644
Kepler-56,1,3,0,0,293.7583002,41.871807,74.92557,10.31441,912.994,1.06729,13.7878727,-6.74626,-12.0247,12.4298,11.7846,12.598,10.813,10.227,10.142,8.881
Kepler-560,2,1,0,0,300.2066441,45.0182402,80.01329,7.75597,109.308,9.11969,86.8801016,84.7852,18.9637,14.7511,13.6349,15.66,12.276,11.455,11.236,9.015
Kepler-561,1,2,0,0,293.7471107,45.1071981,77.85752,11.79362,621.378,1.58085,4.4569505,4.0715,-1.81309,14.3316,13.799,14.427,13.061,12.585,12.576,9.177
Kepler-562,1,1,0,0,290.1196007,46.2737393,77.81928,14.58257,992.769,0.978727,12.3086729,-1.62601,-12.2008,14.7427,14.2584,14.908,13.576,13.12,13.105,9.382
Kepler-563,1,1,0,0,292.4461832,46.2897548,78.53249,13.13135,565.207,1.7407,11.6252702,-11.6189,-0.3848,14.7389,14.1494,14.901,13.358,12.773,12.708,9.538
Kepler-564,1,1,0,0,296.8383661,46.6263912,80.24708,10.59153,863.037,1.13016,7.0365114,-4.76358,-5.17888,14.7194,14.2115,14.883,13.55,13.09,13.12,9.04
Kepler-565,1,1,0,0,283.6180825,47.1967793,76.97413,19.05921,1041,,9.6054092,6.54235,7.03289,,14.709,15.231,13.899,13.492,13.332,9.302
Kepler-566,1,1,0,0,291.5544735,47.8144362,79.68563,14.3309,564.277,1.74373,5.6097386,-1.64545,-5.36299,14.9644,14.3762,15.217,13.508,12.929,12.892,9.653
Kepler-567,1,1,0,0,297.6726072,48.3023458,82.0192,10.90069,558.81,1.76087,8.9631825,4.24748,7.89288,14.6694,14.0663,14.827,13.267,12.724,12.634,9.427
Kepler-568,1,1,0,0,298.1061315,48.4016448,82.24963,10.69666,130.645,7.62554,121.3944409,57.9493,106.67,14.2513,13.1731,15.216,11.804,10.963,10.835,9.181
Kepler-569,1,1,0,0,283.507219,48.552633,78.30285,19.5804,638.301,1.53789,7.2929263,-5.26382,5.04767,14.0822,13.6128,14.244,12.923,12.513,12.495,9.111
Kepler-57,1,2,0,0,293.6413146,44.6570692,77.41261,11.65774,644.14,1.52386,7.2207166,4.15925,5.90249,14.7738,14.2169,15.017,13.437,12.897,12.913,9.346
Kepler-570,1,1,0,0,290.4376111,48.7918597,80.29149,15.40995,568.148,1.7313,6.1941044,1.18831,-6.07905,14.3288,13.7977,14.451,13.07,12.605,12.56,9.388
Kepler-571,1,1,0,0,286.5510448,49.418731,79.88566,18.00113,723.875,1.35273,7.6478991,3.4167,6.84226,14.6536,14.1499,14.951,13.41,12.986,12.926,9.609
Kepler-572,1,1,0,0,291.221172,50.5813487,82.20314,15.66892,504.667,1.95276,15.2524482,10.9387,10.6293,14.4853,13.92,14.679,13.114,12.558,12.552,9.761
Kepler-573,1,1,0,0,289.5211955,51.2374057,82.39189,16.91249,771.471,1.26745,20.4403317,4.87125,19.8514,14.1359,13.6918,14.292,13.032,12.636,12.544,9.592
Kepler-574,1,1,0,0,290.2470519,52.1491051,83.45219,16.84784,682.896,1.43559,8.5934765,4.76603,-7.15072,14.5392,14.0321,14.671,13.326,12.921,12.801,9.706
Kepler-575,1,1,0,0,286.9638856,37.8296147,68.89582,13.25875,853.977,1.14235,18.316201,-0.0061311,-18.3162,14.7124,14.2092,14.864,13.507,13.078,12.988,9.099
Kepler-576,1,1,0,0,295.1828896,38.6542028,72.56526,7.84412,617.55,1.59119,6.4398776,-4.48067,-4.62554,14.382,13.8305,14.627,13.079,12.646,12.466,9.371
Kepler-577,1,1,0,0,294.7119855,39.0737317,72.76119,8.36644,524.247,1.87916,10.0178924,7.3144,-6.84527,14.9368,14.3274,15.155,13.438,12.861,12.811,9.19
Kepler-578,1,1,0,0,288.7549882,39.563696,71.11017,12.70663,541.432,1.81837,10.4315458,6.33425,8.28821,14.4107,13.8543,14.578,13.087,12.561,12.569,9.538
Kepler-579,1,1,0,0,295.0020771,39.9528613,73.65092,8.58677,530.765,1.85536,16.0904475,9.37535,-13.0769,14.2462,13.7392,14.552,12.993,12.548,12.403,9.265
Kepler-58,1,4,0,0,296.3586251,39.1152033,73.41902,7.26637,969.252,1.0037,4.1870556,-4.18484,0.136193,14.8663,14.3672,15.086,13.643,13.283,13.235,9.316
Kepler-580,1,1,0,0,283.4997537,40.5528053,70.40875,16.79215,323.899,3.05869,16.817268,-5.87793,15.7566,14.9505,14.176,15.308,13.09,12.314,12.231,8.844
Kepler-581,1,1,0,0,295.4326552,40.6481874,74.42746,8.62923,703.758,1.39278,24.958347,-21.3558,-12.917,14.5302,14.0394,14.701,13.322,12.932,12.82,8.928001
Kepler-582,1,1,0,0,297.503718,41.0570326,75.55812,7.45973,613.179,1.60244,7.8492668,4.17855,6.6446,14.9129,14.3228,15.097,13.467,12.992,12.793,9.544
Kepler-583,1,1,0,0,282.1113206,42.3545514,71.78308,18.40861,867.271,1.12431,13.7016019,-0.84047,13.6758,14.7985,14.2619,14.883,13.533,13.09,13.058,9.396
Kepler-584,1,1,0,0,288.230615,42.4136181,73.61151,14.24356,1848.84,0.5118,3.7432292,-0.125343,3.74113,14.8141,14.4153,14.973,13.845,13.529,13.56,9.494
Kepler-585,1,1,0,0,286.5284924,43.8733751,74.4939,15.96032,585.187,1.68005,4.5130126,1.03728,-4.39219,14.0171,13.5146,14.188,12.808,12.403,12.371,9.392
Kepler-586,1,1,0,0,293.0571982,45.5511266,78.04243,12.42579,693.766,1.41284,9.1947875,-4.83281,-7.82228,14.4125,13.8838,14.435,13.247,12.742,12.693,9.17
Kepler-587,1,1,0,0,288.6706571,47.3991249,78.4776,15.94105,787.894,1.24051,5.4838964,0.0170016,-5.48387,14.8658,14.3654,15.011,13.689,13.25,13.205,9.395001
Kepler-588,1,1,0,0,284.2572531,47.6889081,77.61857,18.81941,1209.4,0.798084,11.6814284,3.13676,-11.2524,14.6813,14.2203,14.8,13.58,13.187,13.171,9.408
Kepler-589,1,2,0,0,280.6414331,47.7520581,76.85046,21.14301,612.803,1.60316,26.8042821,8.22082,25.5125,14.6611,14.1144,14.775,13.323,12.865,12.782,9.418
Kepler-59,1,2,0,0,287.0394932,46.6401677,77.30341,16.67763,1163.22,0.830859,10.5010367,-0.387085,10.4939,14.2786,13.8637,14.467,13.253,12.928,12.887,9.42
Kepler-590,1,1,0,0,296.3855467,48.2334177,81.54221,11.62171,1421.81,0.674647,3.8436031,0.963348,-3.72092,14.4165,13.9433,14.554,13.268,12.936,12.784,9.219
Kepler-591,1,1,0,0,286.024052,48.431729,78.78638,17.97201,785.137,1.24492,10.4711861,1.27396,-10.3934,14.4607,13.9799,14.628,13.327,12.971,12.852,9.313
Kepler-592,1,1,0,0,285.7907395,48.6832431,78.97611,18.20563,1153.13,0.838437,8.9406031,-0.288102,-8.93596,14.6275,14.195,14.846,13.626,13.219,13.236,9.558
Kepler-593,1,1,0,0,294.9513923,48.6511709,81.47347,12.65857,973.76,0.998262,6.5265095,-4.87565,-4.33859,14.4995,14.0601,14.622,13.431,13.115,13.113,9.405
Kepler-594,1,1,0,0,288.9217259,49.7620237,80.81553,16.7005,769.2,1.27147,17.3696607,16.8251,-4.31522,14.7563,14.2374,14.906,13.48,13.001,12.962,9.13
Kepler-595,1,2,0,0,294.5703593,50.6730147,83.21827,13.78271,643.009,1.52647,1.4442303,-1.35605,-0.49692,14.7628,14.1787,15.067,13.335,12.862,12.83,9.507
Kepler-596,1,1,0,0,289.5006797,51.6857106,82.82015,17.09529,1023.85,0.948053,4.2423827,-0.958394,-4.13271,14.0136,13.6123,14.128,13.074,12.715,12.662,9.148
Kepler-597,1,1,0,0,293.4700919,39.2528182,72.46469,9.301,663.418,1.47879,3.6903763,-0.728733,3.61771,14.0185,13.5488,14.12,12.951,12.54,12.42,9.433
Kepler-598,1,2,0,0,293.1234493,40.9348005,73.85727,10.30916,681.086,1.4398,7.2346304,3.57117,6.29179,14.7207,14.1814,14.829,13.41,12.931,12.9,9.279
Kepler-599,1,1,0,0,285.9115968,41.0695091,71.62551,15.29828,558.517,1.76184,21.308003,11.6523,17.8397,14.9483,14.3527,15.067,13.51,12.972,12.904,8.958
Kepler-6,1,1,0,0,296.8372475,48.2399695,81.6927,11.3594,587.039,1.67465,8.4838193,0.961309,8.42918,13.1714,12.6877,13.286,12.001,11.634,11.585,8.965
Kepler-60,1,3,0,0,288.9612535,42.2650472,73.69945,13.68998,1025.1,0.946821,7.9110585,1.78746,7.70648,13.9132,13.4729,13.95,12.804,12.516,12.45,8.875
Kepler-600,1,1,0,0,283.8330588,41.9786358,71.89137,17.08228,619.723,1.58493,0.8962654,0.868975,-0.219486,14.701,14.1425,14.846,13.387,12.812,12.794,9.479
Kepler-601,1,1,0,0,282.0046852,42.1764657,71.57819,18.42086,414.825,2.38178,15.0158236,11.5794,-9.55994,14.0013,13.4432,14.151,12.647,12.129,12.066,9.321
Kepler-602,1,1,0,0,296.0318985,42.1418634,75.97216,8.94975,1159.31,0.83421,23.6032846,-13.5314,-19.3395,14.4779,14.0042,14.72,13.328,12.936,12.948,9.288
Kepler-603,1,3,0,0,294.2809679,42.2909295,75.48527,10.16352,1539.63,0.622891,4.1148948,-2.82857,-2.98857,14.8159,14.3224,14.969,13.601,13.214,13.171,9.25
Kepler-604,1,1,0,0,292.3159795,42.6262429,75.12025,11.60764,1026.49,0.945646,8.4295877,-5.65538,-6.25097,14.6798,14.209,14.791,13.553,13.19,13.117,9.293
Kepler-605,1,2,0,0,287.2954015,43.2798677,74.14976,15.218,556.58,1.7679,2.8981695,-2.66576,-1.13715,14.1363,13.6145,14.376,12.869,12.422,12.275,8.766
Kepler-606,1,1,0,0,292.42737,44.3812406,76.7663,12.31008,1215.11,0.794696,10.4618496,-1.58752,-10.3407,14.6644,14.2132,14.895,13.583,13.202,13.146,8.923
Kepler-607,1,2,0,0,291.0571451,44.632306,76.56528,13.29978,519.122,1.89763,18.0018965,-4.56833,-17.4126,14.3746,13.7946,14.672,12.965,12.426,12.414,9.481
Kepler-608,1,1,0,0,293.882901,44.6380717,77.47459,11.49583,946.683,1.02775,4.7045839,-0.73856,-4.64625,14.657,14.1824,14.84,13.526,13.077,13.019,8.543
Kepler-609,1,1,0,0,292.2203009,44.6999902,76.99356,12.58236,1065.82,0.909846,7.0013684,-2.45505,-6.55682,14.8041,14.3219,14.96,13.651,13.281,13.249,9.333
Kepler-61,1,1,0,0,295.3044942,42.4753193,76.00967,9.58157,335.079,2.95651,10.721519,-2.25498,10.4817,15.0426,14.2406,15.277,13.078,12.272,12.184,9.026
Kepler-610,1,2,0,0,293.1713241,45.0655934,77.63349,12.13853,845.824,1.15383,7.1086722,-5.94654,-3.89511,14.7698,14.2686,14.816,13.601,13.267,13.128,9.154
Kepler-611,1,1,0,0,286.0049121,45.4803043,75.89955,16.91068,1395.56,0.687736,21.0302941,-6.18118,-20.1014,14.5717,14.1011,14.734,13.438,13.035,13.031,9.421
Kepler-612,1,1,0,0,291.3546278,45.7478551,77.69523,13.58368,1445.53,0.663178,11.4070283,-2.02693,-11.2255,14.9103,14.3949,15.191,13.663,13.264,13.218,8.913
Kepler-613,1,1,0,0,282.7868415,46.2449846,75.82258,19.27721,861.494,1.13204,6.4405598,2.33688,6.00165,14.5892,14.117,14.795,13.483,13.067,13.032,9.623
Kepler-614,1,1,0,0,298.3848866,46.2759867,80.46178,9.49001,527.995,1.86534,12.4278663,8.71571,-8.85936,14.5441,13.9703,14.81,13.195,12.662,12.599,8.861
Kepler-615,1,1,0,0,282.4506927,46.3213671,75.81741,19.52171,330,0.6078561,7.355001,4.9379,-5.45098,14.3489,13.6731,14.623,12.646,11.966,11.906,9.127
Kepler-616,1,3,0,0,294.989137,46.8383058,79.83355,11.81086,945.775,1.02914,9.4779473,-1.70275,-9.32374,14.9475,14.4617,15.021,13.814,13.448,12.989,9.631
Kepler-617,1,1,0,0,283.7407247,47.5161237,77.32189,19.08852,173.354,5.73985,37.6593002,-0.0041178,-37.6593,14.8277,13.776,15.549,12.437,11.573,11.491,9.477
Kepler-618,1,1,0,0,286.2498525,48.0609256,78.47948,17.6986,1221.96,0.789644,3.7428919,3.11662,-2.07266,14.8038,14.3459,15.087,13.67,13.335,13.303,9.55
Kepler-619,1,3,0,0,290.8490899,48.4159782,80.05008,15.00864,900.678,1.08162,8.1141554,-0.177214,-8.11222,14.6704,14.211,14.84,13.579,13.291,13.214,8.983
Kepler-62,1,5,0,0,283.2125621,45.3496992,75.0375,18.69539,300.874,3.29474,40.0529337,-25.1534,-31.1696,13.7197,13.1285,13.965,12.256,11.659,11.607,8.652
Kepler-620,1,1,0,0,291.1593939,51.3348228,82.90377,16.00793,1355.28,0.709144,12.1880098,0.324096,-12.1837,14.6381,14.21,14.844,13.591,13.284,13.176,9.283
Kepler-621,1,1,0,0,290.927245,39.9141166,72.16683,11.34838,389,0.9899438,11.1690934,-9.79171,-5.37318,14.8956,14.1636,15.22,13.153,12.407,12.338,9.253
Kepler-622,1,1,0,0,284.4784454,40.9331723,71.06491,16.24557,284.761,3.48291,15.6033671,-4.04477,15.07,14.6521,13.8419,15.052,12.689,11.909,11.795,9.386
Kepler-623,1,1,0,0,296.9867284,47.4773531,81.05735,10.90881,737.702,1.32734,8.7145751,-2.74241,-8.27182,14.9634,14.4287,15.028,13.729,13.211,13.016,9.001
Kepler-624,1,1,0,0,295.1933631,39.5396946,73.3545,8.26063,748.188,1.3081,6.3741226,0.309586,6.3666,13.4569,13.0604,13.637,12.514,12.205,12.111,9.285
Kepler-625,1,2,0,0,292.1504723,39.6375254,72.33987,10.38327,760.708,1.28587,9.1847745,3.48098,-8.49958,13.2641,12.8255,13.395,12.203,11.905,,
Kepler-626,1,1,0,0,288.6986828,39.7082044,71.22602,12.80662,635.643,1.54443,15.0649994,2.38008,-14.8758,13.9435,13.4832,14.086,12.781,12.388,12.319,9.37
Kepler-627,1,1,0,0,292.1042198,39.7678585,72.44195,10.47368,984.307,0.987298,11.177995,-8.12128,-7.68065,13.949,13.5261,14.181,12.916,12.608,12.441,8.877
Kepler-629,1,1,0,0,289.4179128,39.9450757,71.68488,12.40577,372.05,2.65893,16.3420311,12.5044,10.5215,13.358,12.8312,13.481,12.107,11.646,11.605,9.396
Kepler-63,1,1,0,0,289.2262876,49.5482814,80.68879,16.43629,194.033,5.12497,27.4117198,14.3365,23.3638,11.5352,11.0579,12.02,10.399,9.997,9.953,9.19
Kepler-630,1,1,0,0,293.4270647,39.9423967,73.06923,9.64892,839.784,1.16214,6.9527487,4.16914,-5.56408,13.8518,13.3733,14.001,12.686,12.293,12.264,9.393
Kepler-631,1,1,0,0,296.885724,40.2281717,74.59769,7.45831,761.966,1.28382,12.0998112,-4.80393,-11.1053,13.493,13.0869,13.563,12.519,12.208,12.145,9.387
Kepler-632,1,1,0,0,297.252613,40.288605,74.78993,7.24455,349,,,,,,12.763,13.442,11.994,11.479,11.437,8.934
Kepler-633,1,2,0,0,295.2173259,40.5921599,74.29882,8.74621,680.54,,11.5738164,-4.85996,-10.504,,13.117,13.812,12.437,11.978,11.75,9.25
Kepler-634,1,1,0,0,291.19509,40.7027352,72.98129,11.51067,888.027,1.09734,8.8442214,3.83601,7.96902,13.4921,13.0982,13.626,12.511,12.16,12.148,9.259
Kepler-635,1,1,0,0,289.7732613,40.8007019,72.59591,12.52439,1141.08,0.847678,4.5619207,-3.21589,-3.23561,13.2638,12.8335,13.36,12.235,11.903,11.887,8.784
Kepler-636,2,1,0,0,293.5920614,41.0950891,74.16649,10.06814,310.301,,27.0052257,9.27036,-25.3642,,13.07,13.906,12.191,11.584,11.423,9.165
Kepler-637,1,1,0,0,292.4172566,41.4168384,74.05044,11.00115,786.091,1.24337,5.4686097,2.69267,-4.75975,13.3288,12.9667,13.5,12.459,12.182,12.12,9.203
Kepler-638,1,1,0,0,284.9194213,41.6172093,71.85484,16.19611,991.214,0.980073,2.9283897,2.56212,1.4181,13.5186,12.9774,13.658,12.181,11.683,11.64,8.953
Kepler-639,1,1,0,0,292.1868271,41.726944,74.25482,11.29385,850.242,1.1474,23.3889908,-5.15425,-22.814,13.2686,12.8379,13.358,12.212,11.89,11.844,9.232
Kepler-640,1,1,0,0,296.0322,42.1317392,75.96328,8.9447,557.787,1.76402,14.9977484,0.944157,14.968,13.687,13.1964,13.885,12.507,12.113,12.072,9.327
Kepler-641,1,1,0,0,291.8235292,42.5161945,74.85588,11.88448,969.918,1.00232,6.9911869,3.35752,-6.13219,13.7625,13.2772,13.807,12.576,12.186,12.129,9.341
Kepler-642,1,1,0,0,293.8345542,42.624948,75.63245,10.60971,781.582,1.25067,2.1432782,1.40922,-1.61485,13.2945,12.9234,13.335,12.363,12.095,12.059,9.379
Kepler-643,1,1,0,0,290.3272423,42.8982283,74.72295,13.04119,1063.58,0.91145,14.5657256,-11.5921,-8.8195,13.7694,13.1314,13.988,12.212,11.583,11.529,9.128
Kepler-644,1,1,0,0,295.4757022,43.4931119,76.98011,9.95162,1318.05,0.730368,6.3638146,-4.35273,-4.6424,13.9601,13.5456,14.031,12.921,12.574,12.471,9.318
Kepler-645,1,1,0,0,290.3227098,44.0358625,75.78138,13.52399,1173.57,0.823311,1.7006465,-0.811289,-1.49466,14.0305,13.625,13.944,12.924,12.589,12.463,9.122
Kepler-646,1,1,0,0,290.4714596,44.3870422,76.15527,13.5747,451.794,2.18456,21.3107943,20.9124,-4.1014,13.7654,13.2692,14.026,12.525,12.089,12.06,8.941
Kepler-647,1,2,0,0,284.7882977,44.5916225,74.70457,17.385,1087.87,0.890439,11.9571953,0.825007,-11.9287,13.9345,13.5168,14.067,12.898,12.611,12.524,9.198
Kepler-648,1,1,0,0,283.8996207,45.0169137,74.88554,18.12577,636.03,1.54355,4.0878083,-2.55551,3.19054,13.9145,13.4432,14.027,12.803,12.44,12.392,9.494
Kepler-649,1,1,0,0,285.6558336,45.0794516,75.41525,16.99071,513.748,1.91768,27.9492149,-17.062,-22.137,13.3936,12.9759,13.556,12.377,12.036,11.956,9.387
Kepler-65,1,4,0,0,288.6887221,41.1511076,72.56961,13.41465,303.728,3.26384,14.2223342,0.970255,-14.1892,10.9656,10.593,10.922,10.066,9.806,9.761,9.252
Kepler-650,1,1,0,0,289.0009451,45.1542968,76.43372,14.84182,884.378,0.4514727,8.5758107,-1.09139,8.50608,14.1242,13.6809,13.825,12.525,12.144,12.094,8.871
Kepler-651,1,1,0,0,287.3327284,46.2034366,76.96162,16.3252,509.408,1.93419,21.5661108,-8.61628,-19.7701,13.9621,13.4636,14.233,12.719,12.27,12.254,9.382
Kepler-652,1,1,0,0,288.0080899,46.4736108,77.40775,15.99842,394.55,2.50564,19.2655351,-1.95975,19.1656,13.4353,12.9193,13.618,12.192,11.737,11.656,8.718
Kepler-653,1,2,0,0,282.2130447,46.7177898,76.15849,19.80583,595.634,1.65,16.3367543,14.5767,-7.37627,13.3461,12.8615,13.498,12.194,11.793,11.773,9.599
Kepler-654,1,1,0,0,297.0683931,46.8342497,80.5095,10.55253,974.124,0.997899,13.3907164,-5.23198,-12.3263,13.6614,13.1933,13.762,12.516,12.158,11.949,9.46
Kepler-655,1,1,0,0,297.2590664,46.843165,80.58117,10.44242,752.562,1.30007,13.2936728,-9.58548,-9.21088,13.4641,13.0721,13.568,12.495,12.214,12.166,9.317
Kepler-656,1,2,0,0,288.3278778,47.381538,78.367,16.14809,890.352,1.09472,4.6734532,-2.27931,-4.07994,15.337,14.7819,15.549,14.054,13.503,13.5,9.18
Kepler-657,1,1,0,0,291.1973006,47.3077545,79.10657,14.33807,1691.88,0.562187,5.7088189,0.974558,-5.62502,15.319,14.8331,15.404,14.135,13.761,13.562,9.215
Kepler-658,1,1,0,0,282.983621,47.5783897,77.20416,19.5912,388.384,2.54642,51.3999913,-23.9737,-45.4667,15.491,14.6483,16.44,13.441,12.627,12.535,8.952
Kepler-659,1,1,0,0,287.6081777,47.5096893,78.29647,16.64683,722.64,1.35546,4.7368439,-4.50369,-1.46781,15.5655,14.9227,15.758,13.963,13.353,13.37,9.415
Kepler-66,1,1,0,0,293.9815378,46.687728,79.37647,12.35796,1202.96,0.802988,9.4345682,-3.44276,-8.78399,15.1474,14.6768,15.29,14.021,13.621,13.512,9.591
Kepler-660,1,1,0,0,288.1382985,47.7245642,78.64558,16.39814,568.431,1.73079,20.9466841,3.08138,20.7188,15.2644,14.623,15.559,13.672,13.033,12.967,9.185
Kepler-661,1,1,0,0,283.7107463,47.8631748,77.66083,19.22395,534.788,1.84175,28.5498649,-19.7066,-20.6578,15.8003,15.0532,16.016,14.001,13.231,13.166,9.276
Kepler-662,1,1,0,0,290.4650801,47.9291252,79.48167,15.0438,815.637,1.19793,13.53049,-3.18823,-13.1495,15.3741,14.7396,15.598,13.81,13.201,13.171,9.514
Kepler-663,1,1,0,0,297.8082232,47.9466342,81.74667,10.64959,1063.09,0.91283,5.2042064,0.432424,-5.18621,15.8686,15.2715,15.881,14.448,13.903,13.836,9.317
Kepler-664,1,1,0,0,288.7549029,48.226203,79.29355,16.21038,1210.12,0.797882,3.4065981,1.45735,3.07913,15.499,15.0105,15.663,14.366,13.952,13.932,9.621
Kepler-665,1,1,0,0,297.0255947,48.4785669,81.96749,11.36229,612.838,1.60366,4.577912,-1.53692,-4.31221,15.4019,14.7538,15.612,13.855,13.214,13.179,8.997
Kepler-666,1,1,0,0,298.4568899,48.7915925,82.7112,10.68424,1508.71,0.634662,5.3671884,3.00448,4.44745,15.3405,14.8573,15.422,14.199,13.807,13.813,9.347
Kepler-667,1,1,0,0,295.5549918,49.0172956,81.99268,12.47127,2302.45,0.405112,7.9366152,-2.84214,-7.41027,15.3616,14.7838,15.362,13.948,13.519,13.463,9.37
Kepler-668,1,1,0,0,285.4992845,49.2772713,79.49209,18.59261,784.618,1.24609,13.1355444,1.10481,-13.089,15.2931,14.7535,15.365,13.996,13.533,13.473,9.368
Kepler-669,1,1,0,0,291.9361615,49.2539473,81.14548,14.7035,2063.41,0.454876,8.8219632,-1.81228,-8.63381,15.4817,15.0118,15.742,14.38,14.198,13.983,9.677
Kepler-67,1,1,0,0,294.1533505,46.1663976,78.9546,12.01771,1131.19,0.857968,9.3297341,-3.4242,-8.67864,16.1723,15.5813,16.172,14.741,14.155,13.985,9.113
Kepler-670,1,1,0,0,297.0154644,49.2252988,82.63553,11.72179,939.744,1.03558,4.550097,-2.46425,-3.82503,15.0268,14.4889,15.162,13.732,13.315,13.286,9.319
Kepler-671,1,1,0,0,294.2657519,49.3140933,81.87528,13.35762,1168.26,0.827859,7.4278384,-1.10524,-7.34515,15.3578,14.844,15.491,14.121,13.769,13.474,9.38
Kepler-672,1,1,0,0,291.7219993,49.4808492,81.29888,14.92472,1033.93,0.938519,1.7820209,-1.77867,-0.109231,15.1312,14.6473,15.513,13.962,13.497,,
Kepler-673,1,1,0,0,290.7857595,50.0540561,81.5855,15.71073,918.21,1.06061,10.286345,-4.26898,-9.35867,15.5056,14.9605,15.592,14.179,13.669,13.66,9.199
Kepler-674,1,1,0,0,285.1761864,50.1496897,80.28251,19.08773,342.254,2.89322,23.2412633,-2.56759,-23.099,15.1272,14.3311,15.569,13.213,12.394,12.354,9.093
Kepler-675,1,1,0,0,293.8334488,50.2303479,82.59658,14.01054,665.68,1.47401,15.2872232,14.4004,5.13105,15.3356,14.7087,15.605,13.81,13.195,13.221,9.441
Kepler-676,1,1,0,0,296.2220259,50.2873626,83.35181,12.67076,295.196,3.3591,33.3695721,8.44455,32.2834,15.8791,14.8109,17.15,13.474,12.628,12.497,9.112001
Kepler-677,1,1,0,0,290.0980478,50.3215731,81.65877,16.2211,1954.08,0.48221,10.9114069,-5.24119,-9.5702,15.297,14.8143,15.504,14.071,13.686,13.569,9.635
Kepler-678,1,1,0,0,295.4552577,50.4945093,83.31207,13.20027,1826.15,0.518784,10.450009,-5.5503,-8.8542,15.0614,14.5168,15.161,13.732,13.26,13.145,9.496
Kepler-679,1,1,0,0,296.0213374,50.5678019,83.54705,12.91313,922.244,1.05616,5.394461,-0.640432,5.35631,15.5291,14.989,15.771,14.196,13.692,13.732,9.518
Kepler-68,2,4,0,0,291.0323102,49.0402129,80.69124,15.15359,144.166,6.90758,12.7501303,-7.33369,-10.4299,9.93355,9.50898,10.077,8.975,8.588,8.539,8.223
Kepler-680,1,1,0,0,291.622381,50.6181793,82.34558,15.45125,1492.48,0.641207,10.6517557,-0.135016,-10.6509,15.2152,14.7221,15.321,14.012,13.764,13.606,9.709
Kepler-681,1,1,0,0,289.3997364,51.2502428,82.37394,16.98767,686.923,1.42719,20.3344874,0.718207,-20.3218,15.2271,14.6229,15.584,13.757,13.172,13.134,9.184
Kepler-682,1,1,0,0,289.1122204,51.7373589,82.77499,17.33766,1979.25,0.475647,9.4599125,-4.78358,-8.16133,15.1172,14.6048,15.556,13.942,13.478,13.354,9.699
Kepler-683,1,1,0,0,291.4399598,37.9056293,70.51465,10.10013,1023.07,0.949519,8.8262534,-5.32853,-7.0363,15.0008,14.5076,15.072,13.812,13.358,13.401,9.279
Kepler-684,1,1,0,0,290.8704935,38.2735978,70.64665,10.66531,1731.27,0.549575,7.0546271,-1.14541,-6.96102,15.5793,15.0608,15.695,14.318,13.828,13.835,9.213
Kepler-685,1,1,0,0,293.8719143,38.4229184,71.86863,8.63764,938.715,1.038,6.6525234,-0.298348,-6.64583,15.0191,14.4669,15.186,13.656,13.307,13.12,8.583
Kepler-686,1,1,0,0,285.213819,39.027466,69.46155,14.99461,1490.94,0.642082,4.2326462,0.103523,4.23138,15.5242,15.0236,16.02,14.35,13.917,13.835,8.869
Kepler-687,1,1,0,0,289.3154576,39.1532911,70.9172,12.14032,633.66,1.54984,5.3571442,2.79555,4.56989,15.3943,14.7501,15.695,13.842,13.216,13.186,9.215
Kepler-688,1,1,0,0,294.6552312,39.3083446,72.949,8.51634,1357.75,0.709307,1.5298436,1.12777,-1.03371,15.7323,15.1748,15.805,14.364,13.924,13.793,9.21
Kepler-689,1,1,0,0,294.7106347,39.5216975,73.15953,8.57962,1131.73,0.856861,7.5249665,3.25533,-6.78439,15.592,15.0371,15.938,14.236,13.714,13.715,9.278
Kepler-69,1,2,0,0,293.2609013,44.8688656,77.48226,11.99414,730.625,1.33989,11.7957421,-9.70371,-6.70653,13.712,13.2617,13.866,12.631,12.234,12.168,9.406
Kepler-690,1,1,0,0,294.4899225,39.7714758,73.30113,8.84735,1665.31,0.57419,3.8763537,2.92058,2.54879,15.6723,15.1513,15.701,14.412,14.106,13.846,9.426
Kepler-691,1,1,0,0,288.8117314,40.0332311,71.56598,12.86404,279.115,3.55464,58.6682582,-45.7941,-36.6724,15.8385,14.7529,16.6,13.405,12.492,12.415,9.325
Kepler-692,1,1,0,0,294.7768068,40.1537027,73.74718,8.83378,991.336,0.981381,8.78621,-4.62671,-7.46934,15.5495,14.9817,15.676,14.204,13.702,13.675,9.454001
Kepler-693,2,1,0,0,283.253527,40.3582155,70.14768,16.89476,1151.51,0.840765,5.3423964,-4.52261,-2.8438,16.414,15.7592,16.7286,14.877,14.178,14.193,8.638
Kepler-694,1,1,0,0,291.1495269,40.4204569,72.70698,11.41789,1023.06,0.949366,10.6573253,4.70402,-9.56299,15.0857,14.5866,15.284,13.882,13.493,13.448,9.111
Kepler-695,1,1,0,0,299.3160934,40.8223815,76.04946,6.15922,842.947,1.15848,4.3123058,4.3106,-0.121281,15.1132,14.4592,15.262,13.514,12.922,12.646,9.052
Kepler-696,1,1,0,0,293.4965906,41.1375635,74.17127,10.15154,1416.44,0.67813,8.8037417,-2.50812,-8.43891,15.2389,14.7449,15.308,14.069,13.624,13.597,9.125
Kepler-697,1,1,0,0,283.8643937,41.3463859,71.28544,16.82858,1277.33,0.754456,10.5927354,2.86796,-10.1971,15.5462,15.0175,15.888,14.306,13.785,13.821,9.292
Kepler-698,1,1,0,0,288.5099994,41.3017465,72.6536,13.59929,1995.57,0.471886,3.9459355,-0.678581,-3.88715,15.432,14.9182,15.716,14.255,13.799,13.702,8.946
Kepler-7,1,1,0,0,288.5814928,41.0897335,72.4778,13.4628,922.562,1.05545,21.1570086,-2.95592,-20.9495,12.8649,12.4532,13.008,11.833,11.535,11.51,8.917
Kepler-700,1,1,0,0,287.154224,41.5657775,72.47787,14.63554,1491.76,0.641631,8.5188859,-7.79817,-3.42928,15.1916,14.6754,15.202,13.935,13.569,13.503,9.44
Kepler-701,1,1,0,0,288.99418,41.6333125,73.11839,13.40611,774.152,1.26317,7.2026586,4.77091,5.39599,14.9683,14.4253,15.056,13.656,13.141,13.186,9.311
Kepler-702,1,1,0,0,293.8781041,41.6617245,74.77781,10.13841,992.071,0.980145,7.5530087,3.03379,-6.91694,15.3098,14.7404,15.437,13.968,13.492,13.386,9.003
Kepler-703,1,1,0,0,299.1868586,41.742699,76.79525,6.71348,1156.83,0.837436,2.2764187,-2.19336,0.609306,15.2533,14.727,15.599,13.981,13.62,13.572,8.522
Kepler-704,1,1,0,0,283.3163671,41.8370942,71.60711,17.38918,1228.83,0.785395,8.4403889,-4.99901,-6.80074,15.2487,14.7176,15.454,13.955,13.557,13.528,9.079001
Kepler-705,1,1,0,0,289.5085612,41.8120234,73.44989,13.13184,276.881,3.58381,21.159509,10.7519,-18.2242,15.8521,14.7738,16.331,13.446,12.536,12.435,9.45
Kepler-707,1,1,0,0,290.007564,42.1164698,73.89376,12.92363,591.776,1.66115,2.0036196,-2.00157,0.0906038,14.9969,14.4221,15.022,13.604,13.004,13.046,9.432
Kepler-708,1,1,0,0,293.8164588,42.2125159,75.25343,10.43247,1394.22,0.689524,2.0491273,0.966997,1.80661,15.5076,14.9978,15.61,14.32,13.871,13.879,9.119
Kepler-709,1,1,0,0,292.105272,42.3803077,74.82489,11.63797,664.843,1.47578,8.1119374,6.64944,4.64634,15.1971,14.604,15.261,13.753,13.145,13.211,9.135
Kepler-710,1,1,0,0,291.9641255,42.6961308,75.06752,11.87064,1448.34,0.661901,6.7704914,-5.73094,-3.60498,15.0109,14.5042,15.071,13.806,13.378,13.327,8.948
Kepler-711,1,1,0,0,297.4600468,42.8398172,77.1069,8.36869,624.575,1.57292,22.669246,8.47063,-21.0272,15.3293,14.6716,15.635,13.697,13.061,13.041,9.649
Kepler-712,1,2,0,0,294.9096739,42.9351987,76.28323,10.05381,872.493,1.11938,11.3330615,-5.44965,-9.93678,15.8543,15.2588,16.161,14.399,13.841,13.882,9.346
Kepler-713,1,1,0,0,295.6513819,43.0297781,76.6273,9.61971,1089.87,0.889572,17.4397081,-15.5239,-7.94682,15.0191,14.5065,15.171,13.802,13.3,13.325,9.421
Kepler-714,1,1,0,0,282.6994685,43.2727437,72.84822,18.32302,2083.37,0.4506,4.4288522,-4.42682,-0.134152,15.2407,14.8024,15.43,14.164,13.825,13.836,9.121
Kepler-715,1,1,0,0,283.6307971,43.3793638,73.20413,17.7265,1327.44,0.724763,6.4092899,0.251592,-6.40435,15.0333,14.5776,15.204,13.984,13.592,13.598,9.575
Kepler-716,1,2,0,0,290.3931809,43.3638577,75.17704,13.19467,635.009,1.54618,5.5450773,-3.72797,-4.10489,15.1555,14.5671,15.314,13.67,13.135,13.168,9.185
Kepler-717,1,1,0,0,292.9655071,43.346345,75.99435,11.50324,2805.48,0.326221,8.4786752,-4.6714,-7.07573,15.6239,15.1332,15.756,14.43,13.996,13.891,9.011
Kepler-718,1,1,0,0,299.5618676,43.5035173,78.46264,7.37548,1302.33,0.740122,10.6289704,-4.41651,-9.66796,15.2456,14.7344,15.399,14.005,13.604,13.63,9.414
Kepler-719,1,1,0,0,295.5360628,43.8844116,77.35144,10.09763,2497.51,0.372623,9.3521251,-4.06904,-8.42052,15.9037,15.3751,16.128,14.572,14.126,14.054,8.985
Kepler-720,1,1,0,0,298.6356478,44.1709388,78.7025,8.28944,1065.37,0.91115,1.8289038,-1.67262,-0.739751,15.1635,14.5892,15.462,13.785,13.243,13.18,8.244
Kepler-721,1,1,0,0,284.4305132,44.4803776,74.49933,17.58273,926.598,1.0515,28.0694045,1.6064,-28.0234,15.6428,15.039,15.963,14.187,13.627,13.659,8.707
Kepler-722,1,2,0,0,290.2632874,44.5564051,76.24955,13.78052,1239.5,0.778495,9.6232299,-3.38563,-9.008,15.3733,14.9054,15.489,14.261,13.841,13.848,9.203
Kepler-723,1,1,0,0,284.8304434,44.6580932,74.78088,17.38113,1071.8,0.7263755,11.5206919,-4.97236,-10.3924,15.201,14.6979,15.452,13.949,13.499,13.511,8.772
Kepler-724,1,1,0,0,293.4548441,44.7927823,77.4756,11.83709,853.119,1.14399,7.9771818,-3.21357,-7.30126,15.1206,14.5768,15.284,13.873,13.367,13.331,9.43
Kepler-725,1,2,0,0,283.9774949,44.8115613,74.7038,18.00185,758.469,1.28991,5.0463426,-0.620975,5.00799,14.9929,14.4621,15.145,13.685,13.222,13.21,9.491
Kepler-726,1,1,0,0,291.7172776,44.8873466,77.00796,12.98527,762.081,1.28374,9.2501943,-5.90075,7.12371,15.035,14.5161,15.362,13.81,13.329,13.203,9.178001
Kepler-727,1,1,0,0,294.8469333,45.0344155,78.15281,11.06917,831.842,1.17409,3.9647503,3.05513,2.52694,15.352,14.7832,15.453,13.987,13.432,13.475,9.226
Kepler-728,1,1,0,0,291.0923621,45.1155087,77.02592,13.48226,1765.23,0.537709,7.6102554,2.46428,-7.20023,15.5249,15.0215,15.585,14.384,13.937,13.755,9.463
Kepler-729,1,1,0,0,286.3600604,45.4142664,75.93249,16.65485,1921.15,0.4911,10.458622,-7.24253,-7.5451,15.5472,15.0725,15.567,14.471,14.086,13.998,9.474
Kepler-730,1,2,0,0,285.5547895,45.578842,75.874,17.24014,1935.04,0.487243,5.4834702,-5.27774,-1.48792,15.6113,15.1401,15.782,14.471,14.102,14.057,9.418
Kepler-731,1,1,0,0,296.3931945,45.568533,79.15173,10.3587,1257.16,0.767755,6.7147075,2.1599,-6.35784,15.2848,14.8018,15.386,14.126,13.775,,
Kepler-732,1,2,0,0,283.7317274,45.9585288,75.77244,18.56374,174.826,5.6912,66.8145532,-41.1414,-52.6457,15.0519,13.9669,16.53,12.596,11.721,11.594,9.076
Kepler-733,1,1,0,0,293.0181882,45.9147063,78.36431,12.6107,916.706,1.06253,12.6434351,-12.6421,-0.183737,15.3954,14.8436,15.561,14.141,13.648,13.551,9.544
Kepler-734,1,1,0,0,297.0456122,46.0273893,79.78237,10.1788,1157.21,0.835647,4.363281,-4.11392,1.45392,14.4119,13.8732,14.469,13.107,12.668,12.603,9.173
Kepler-735,1,1,0,0,284.6888328,46.1721391,76.22744,18.01603,695.059,1.41042,25.183239,-11.2374,-22.537,15.3849,14.784,15.492,13.94,13.453,13.327,9.083
Kepler-736,1,1,0,0,285.3913092,46.1809293,76.41857,17.56485,1005.43,0.966426,3.7924699,-3.69669,-0.846942,15.7425,15.1716,15.809,14.385,13.82,13.779,8.706
Kepler-737,1,1,0,0,291.8629793,46.4291614,78.48381,13.55465,205.118,4.84652,28.2398114,20.0604,-19.8763,15.1457,14.1478,15.971,12.91,12.097,11.969,9.487001
Kepler-738,1,1,0,0,287.5696516,46.5679011,77.37763,16.31317,1113.65,0.869616,5.5784355,0.860614,5.51165,15.5908,15.0627,15.793,14.311,13.818,13.832,9.057
Kepler-739,1,1,0,0,290.067994,46.5791535,78.09236,14.73989,1370.65,0.700983,3.4916315,3.33025,1.04925,15.4527,14.969,15.711,14.265,13.847,13.902,9.439
Kepler-74,1,1,0,0,293.0925275,41.3555095,74.2274,10.52134,1177.55,0.820793,4.9747534,-1.53504,-4.732,14.3652,13.9154,14.487,13.306,12.958,12.859,8.88
Kepler-740,1,1,0,0,286.4822566,46.692456,77.20505,17.05193,1442.02,0.664861,4.5518477,2.95873,-3.45908,15.9235,15.3923,16.022,14.613,14.177,14.21,9.49
Kepler-741,1,1,0,0,289.4317294,46.6174978,77.94558,15.15521,1661.87,0.572806,4.8126095,-1.00946,-4.70555,15.0455,14.6163,15.186,13.99,13.693,13.677,9.462
Kepler-742,1,1,0,0,283.8659676,46.7896522,76.62996,18.762,489.253,2.0154,12.5658268,-4.45815,11.7484,15.1722,14.4847,15.357,13.496,12.817,12.782,8.811
Kepler-743,2,1,0,0,295.57423,42.8064255,76.4007,9.56351,278.987,3.55575,8.9121765,8.58474,-2.39356,12.5411,12.0356,12.66,11.234,10.777,10.707,9.112001
Kepler-744,1,1,0,0,296.4960493,47.1827848,80.63242,11.06166,449.964,2.19381,19.5969417,-8.18779,-17.8045,13.5843,13.0954,13.718,12.354,11.931,11.89,9.243
Kepler-745,1,1,0,0,291.4994412,37.0592571,69.76878,9.67745,1780.38,0.533539,6.5899338,1.50149,-6.4166,15.1634,14.6677,15.427,13.998,13.621,13.566,9.246
Kepler-746,1,1,0,0,290.6822097,37.3551593,69.74208,10.39195,450,1.2857742,8.439325,-1.97231,8.20562,13.6111,13.0811,13.785,12.307,11.815,11.77,9.352
Kepler-747,1,1,0,0,288.4165196,41.0298175,72.36887,13.55138,3347.16,0.263333,0.7266327,0.0475535,0.725075,15.7244,15.1047,15.595,14.241,13.63,13.441,9.337
Kepler-748,1,1,0,0,292.2628779,37.2369732,70.20931,9.21589,1705.99,0.558363,2.1587133,-0.0918107,-2.15676,15.2186,14.7048,15.37,13.99,13.603,13.591,9.392
Kepler-749,1,1,0,0,299.8973341,43.9040667,78.93478,7.37243,721.027,1.3602,37.1738699,12.5331,34.9974,15.7728,15.1255,16.153,14.169,13.515,13.516,9.270001
Kepler-75,1,1,0,0,291.1376203,36.5773443,69.19995,9.7193,835.356,1.16891,8.3565657,7.9896,-2.44918,15.1789,14.575,15.414,13.665,13.118,13.162,9.106
Kepler-750,1,2,0,0,289.0968274,44.004364,75.37602,14.31346,1296.02,0.742872,7.0712802,-6.0979,-3.58031,14.467,14.0604,14.634,13.463,13.103,13.157,9.053001
Kepler-751,1,1,0,0,294.8438103,44.0776872,77.28825,10.62831,760.43,1.28666,2.8160523,-1.43704,-2.42179,14.98,14.4289,15.211,13.667,13.124,13.133,9.091
Kepler-752,1,1,0,0,292.2681469,37.955672,70.85949,9.53998,1232.29,0.783987,9.5866645,3.12729,9.06224,15.7185,15.1781,15.864,14.459,13.939,13.89,9.307
Kepler-753,1,1,0,0,291.9032411,37.9023677,70.67881,9.77228,274.767,3.61071,19.1936252,-6.98756,17.8765,14.4746,13.7108,14.891,12.608,11.875,11.57,9.269
Kepler-754,1,1,0,0,293.2541121,37.8461519,71.12324,8.79872,1770.27,0.537199,5.753208,-0.676465,-5.7133,15.1258,14.6248,15.352,13.895,13.516,13.516,9.231
Kepler-755,2,2,0,0,296.8609348,41.0973178,75.35254,7.9012,399.034,2.47725,24.2561667,-15.4588,-18.6919,14.0242,13.425,14.277,12.465,11.879,11.731,9.2
Kepler-756,1,1,0,0,290.6079736,41.201094,73.24253,12.12678,852,0.5278727,7.9973527,7.28068,3.30898,15.3912,14.8494,15.986,14.128,13.535,13.456,9.417
Kepler-757,1,1,0,0,296.6804876,41.3865279,75.54039,8.16092,1068.68,0.908228,4.3685847,2.39375,3.65438,14.7637,14.2354,15.066,13.502,13.043,13.026,9.267
Kepler-758,1,4,0,0,293.0846115,41.1354049,74.02528,10.42657,1502.32,0.637163,6.7857287,-1.13455,-6.69021,14.3267,13.9522,14.379,13.37,13.11,13.053,9.297
Kepler-759,1,1,0,0,290.1314231,41.3814345,73.25192,12.52759,1073.48,0.5971967,10.935093,-7.44815,-8.00633,14.7869,14.3041,14.579,13.327,12.967,12.896,9.214
Kepler-76,1,1,0,0,294.1921185,39.6189727,73.0559,8.97802,822.96,1.18642,2.5738644,-0.48519,-2.52772,13.2755,12.8939,13.474,12.343,12.092,12.016,9.258
Kepler-760,1,2,0,0,287.5931997,44.1794278,75.09507,15.37324,792.336,1.23364,3.582822,-3.09553,1.80397,15.0731,14.5068,15.181,13.707,13.239,13.144,9.39
Kepler-761,1,1,0,0,290.503599,44.1436249,75.93811,13.45143,830.707,1.1751,9.0746567,3.59124,8.33381,14.7087,14.249,14.993,13.563,13.202,12.946,9.182
Kepler-762,1,1,0,0,291.2756631,47.3295107,79.14986,14.29888,1898.26,0.4976,2.0381532,2.0182,-0.284495,15.4266,14.9767,15.574,14.275,13.969,13.954,9.063
Kepler-763,1,3,0,0,292.1445534,47.1573604,79.246,13.69152,962.459,1.01093,9.2643365,7.27869,5.73137,15.6824,15.0916,15.965,14.24,13.752,13.684,8.865
Kepler-764,1,1,0,0,297.3931183,47.1645814,80.9124,10.5171,1047.84,0.926132,8.0126107,-6.37279,-4.8569,15.3002,14.7866,15.555,14.105,13.622,13.615,8.821
Kepler-765,1,1,0,0,283.1846044,47.1557114,76.82872,19.32312,1076.28,0.900302,13.7047488,-7.10859,11.717,14.5996,14.1436,14.709,13.487,13.175,13.086,9.348
Kepler-766,1,1,0,0,293.1845144,37.9698357,71.20838,8.90471,2297.62,0.409475,1.7840054,-1.71052,0.506751,15.648,15.1307,15.825,14.398,13.994,13.822,9.245
Kepler-767,1,1,0,0,291.5791562,38.0358066,70.68283,10.06049,2251.03,0.416048,5.9282794,-1.13983,-5.81767,15.4176,14.9345,15.678,14.26,13.812,13.683,8.701
Kepler-768,1,1,0,0,294.1156858,38.3934378,71.93296,8.45513,784.56,1.24681,4.6016943,3.49637,-2.99182,15.7232,15.0852,15.969,14.121,13.514,13.485,8.896
Kepler-769,1,2,0,0,292.7130925,38.3581685,71.38452,9.4126,1169.57,0.82685,7.1209379,-1.98034,-6.84003,14.7604,14.3136,14.984,13.684,13.392,13.275,9.141
Kepler-77,1,1,0,0,289.6079433,44.3454347,75.85191,14.1188,639.411,1.53518,2.6367816,-2.60431,-0.412537,13.9172,13.4231,14.152,12.758,12.361,12.308,9.449
Kepler-770,1,3,0,0,286.4904589,38.374872,69.25204,13.82103,930.457,1.04616,11.5896568,5.86049,-9.99874,14.5966,14.0759,14.852,13.391,12.923,12.927,9.279
Kepler-771,1,1,0,0,287.4441104,38.0884183,69.29811,13.02028,1393.85,0.688804,4.9499204,4.17171,-2.66431,14.7461,14.26,14.958,13.585,13.202,13.148,8.658
Kepler-772,1,1,0,0,291.423582,38.2165603,70.79123,10.25091,1130.21,0.856267,3.9165052,0.238771,-3.90922,13.9556,13.4436,14.145,12.739,12.299,12.254,9.342
Kepler-773,1,1,0,0,290.8846217,38.0575539,70.45457,10.55969,547.026,1.79924,9.719003,-8.45901,-4.78583,13.2797,12.8352,13.387,12.216,11.888,11.818,9.066
Kepler-774,1,1,0,0,291.0318604,38.211894,70.64753,10.52435,917.804,1.06113,13.0626743,-6.66024,-11.2372,12.7699,12.4103,12.886,11.902,11.64,11.604,8.791
Kepler-775,1,1,0,0,291.4332781,41.7033162,73.97975,11.78814,398.676,2.47942,25.9492403,-4.86716,-25.4887,13.4673,12.954,13.564,12.213,11.774,11.744,9.052
Kepler-776,1,1,0,0,287.2726117,41.6356009,72.58052,14.5822,727.904,1.34537,8.2631445,-3.58727,7.44386,15.42,14.7883,15.562,13.874,13.319,13.312,8.844
Kepler-777,1,1,0,0,282.7241098,44.3465098,73.91733,18.67711,443.106,2.2286,11.2946049,7.83465,8.1355,15.9397,15.1016,16.131,13.875,13.046,13.03,9.369
Kepler-778,1,1,0,0,287.4774867,44.2374702,75.11678,15.47229,938.168,1.03769,8.7339794,6.22231,-6.12905,15.7514,15.1812,15.959,14.351,13.788,13.821,9.39
Kepler-779,2,1,0,0,285.6285208,44.3107855,74.6617,16.724,283.155,3.50313,24.8958243,-4.54198,-24.478,15.6335,14.6466,16.303,13.441,12.608,12.478,8.809
Kepler-78,2,1,0,0,293.7419543,44.4482521,77.25546,11.49947,124.376,8.01126,41.3292811,38.0598,-16.1109,11.5287,10.9555,11.717,10.184,9.586,9.529,9.208
Kepler-780,1,1,0,0,281.7663511,44.2924898,73.61865,19.30376,557.652,0.681192,11.7352151,-9.03625,-7.48742,13.3393,12.8925,13.464,12.214,11.824,11.81,9.391
Kepler-781,1,1,0,0,287.6535874,47.4147762,78.21693,16.58248,1064.47,0.911324,11.5411104,-5.79836,-9.97879,15.9511,15.3901,16.207,14.598,14.049,14.036,9.493
Kepler-782,1,1,0,0,288.868246,47.75947,78.87676,15.95896,446.844,2.20945,11.8842414,2.95111,11.512,12.7304,12.2971,12.843,11.669,11.325,11.254,9.506
Kepler-783,1,2,0,0,291.0628615,47.484789,79.2337,14.49447,516.09,1.90887,12.1501005,-11.6348,-3.50091,13.9378,13.4322,14.153,12.705,12.287,12.211,8.777
Kepler-784,1,2,0,0,295.9206663,47.4486164,80.68512,11.53087,1303.72,0.738217,2.8172,2.60847,-1.06419,13.2634,12.7684,13.392,12.061,11.617,11.607,9.339
Kepler-785,1,1,0,0,292.0683108,38.8422004,71.58933,10.08152,642.051,1.53004,14.4718151,-1.82721,-14.356,15.7615,15.0523,16.315,14.079,13.381,13.209,9.102
Kepler-786,1,1,0,0,293.7439223,38.9392217,72.28336,8.96715,485.318,2.0321,11.6299823,-4.75724,-10.6125,14.9463,14.2824,15.253,13.341,12.706,12.665,9.336
Kepler-787,1,1,0,0,291.6924773,38.5729105,71.21092,10.22219,503.568,1.95791,5.8201457,2.11571,5.42198,15.8612,15.0574,16.696,13.937,13.105,13.081,8.927
Kepler-788,1,1,0,0,290.0004154,38.5398551,70.58601,11.39483,1775.8,0.534883,6.7951868,-2.58294,-6.28514,15.2595,14.8127,15.45,14.193,13.873,13.87,9.167
Kepler-789,1,1,0,0,295.9751549,38.9466396,73.12426,7.44438,1480.16,0.647406,2.2638236,-1.74855,1.43787,14.5085,14.0559,14.723,13.454,13.005,12.967,9.347
Kepler-79,1,4,0,0,300.5171067,44.3815508,79.57854,7.23801,1020.72,0.951089,4.1020367,-0.112637,-4.10049,13.8825,13.4763,14.036,12.913,12.606,12.482,9.627
Kepler-790,1,1,0,0,286.9171489,38.8722123,69.85924,13.71774,703.168,1.39356,4.6438977,4.6337,-0.307587,15.1947,14.6128,15.534,13.784,13.248,13.196,8.677
Kepler-791,1,1,0,0,293.5958044,39.0294267,72.30998,9.11103,1266.34,0.761688,13.8389908,-5.28885,-12.7885,14.3687,13.9655,14.473,13.418,13.158,13.073,9.435
Kepler-792,1,1,0,0,292.0068239,38.8207001,71.54789,10.11457,1425.47,0.673536,4.1964153,0.0670233,-4.19588,14.976,14.4833,15.117,13.787,13.478,13.362,8.582
Kepler-793,1,1,0,0,295.2167334,38.7744269,72.68455,7.87857,985.699,0.988411,24.2153069,16.8425,17.3986,14.601,14.0876,14.742,13.353,12.871,12.825,9.075
Kepler-794,1,1,0,0,288.1336793,38.9968923,70.37593,12.90645,931.192,1.04516,7.8202278,-4.04865,6.69062,13.442,13.0019,13.599,12.337,12.011,11.974,9.392
Kepler-795,2,1,0,0,291.0189951,38.5455728,70.94724,10.68138,492.122,2.00331,10.7371727,-3.09544,10.2813,13.3107,12.8446,13.423,12.143,11.708,11.56,8.857
Kepler-796,1,1,0,0,287.3078999,39.1447097,70.24259,13.55144,817.584,1.1944,9.4614412,8.77367,-3.54141,12.9866,12.4083,13.175,11.606,11.074,11.024,8.883
Kepler-797,1,1,0,0,297.2089078,41.781645,76.08384,8.00979,1315.26,0.731986,17.6468181,-7.54083,-15.9545,14.5416,14.018,14.751,13.293,12.841,12.809,9.335
Kepler-798,1,1,0,0,292.4782785,42.1422821,74.7325,11.28489,972.274,0.99993,9.6808644,8.58871,4.4669,14.1648,13.751,14.221,13.144,12.838,12.731,9.29
Kepler-799,1,2,0,0,287.1748966,44.8784754,75.64356,15.91971,1509.084,,12.4686607,-5.46602,-11.2067,,14.66,15.166,13.969,13.524,13.477,9.473
Kepler-8,1,1,0,0,281.2881335,42.4510975,71.65893,19.01274,1021.87,0.949758,4.42486,2.19649,3.8412,13.5299,13.1448,13.598,12.576,12.293,12.261,9.395001
Kepler-80,1,6,0,0,296.1125759,39.9787451,74.08669,7.85257,369.451,2.67801,7.315832,-1.37962,-7.18457,14.7555,14.0239,15.23,12.954,12.253,12.208,9.179
Kepler-800,1,1,0,0,286.5747697,44.7951858,75.39413,16.28111,1019.26,0.952861,7.2521129,-2.10346,-6.94036,15.7477,15.2167,15.92,14.446,13.916,13.965,9.537
Kepler-801,1,1,0,0,286.0751815,44.6646277,75.1285,16.56057,440.426,2.24188,6.992989,-6.66703,-2.11012,15.2759,14.5438,15.596,13.489,12.763,12.72,9.348
Kepler-802,1,1,0,0,286.0157998,45.0077413,75.44422,16.72791,780.585,1.25238,10.5730751,-8.83796,-5.80348,14.8111,14.3021,15.01,13.596,13.105,13.105,9.083
Kepler-803,1,1,0,0,299.2216728,44.6939033,79.37192,8.19102,639.771,1.53433,11.5034732,10.9298,3.58739,13.63,13.1253,13.856,12.415,11.993,11.937,8.894
Kepler-804,1,2,0,0,293.3722109,44.7851812,77.4418,11.88612,649.65,1.5105,6.9299287,-6.56401,2.22209,13.7361,13.2823,13.864,12.631,12.246,12.191,8.85
Kepler-805,1,1,0,0,293.2300178,45.053364,77.64116,12.09596,638.49,1.53774,14.0630523,11.1679,8.54678,12.5048,12.1079,12.586,11.547,11.2,11.17,9.009
Kepler-806,1,1,0,0,296.0071956,44.8535698,78.38092,10.2587,361.896,2.73453,33.3140153,19.5324,26.9872,11.5909,11.1508,11.813,10.486,10.128,10.097,8.966
Kepler-808,1,1,0,0,291.5941514,48.4454907,80.28908,14.57061,321,2.9135483,19.4445322,6.57878,-18.2978,14.3539,13.6653,14.519,12.555,11.879,11.78,8.986
Kepler-809,1,1,0,0,289.0836324,48.0180689,79.18303,15.92719,961.405,1.01149,12.1308248,0.638682,-12.114,14.6798,14.2151,14.875,13.557,13.195,13.127,9.597
Kepler-81,1,3,0,0,293.6369437,42.8248275,75.7459,10.83017,348.291,2.84257,24.7007792,-1.36923,-24.6628,15.004,14.2491,15.258,13.168,12.392,12.374,9.446
Kepler-810,1,1,0,0,296.6148615,48.0825642,81.47969,11.41579,1458.59,0.658354,15.8592992,-3.65407,-15.4326,15.7606,15.26,15.73,14.534,14.207,14.122,8.894
Kepler-811,1,1,0,0,285.4241593,47.8345586,78.04972,18.13436,985.041,0.986417,17.6342743,-13.233,-11.6557,13.9578,13.4985,14.046,12.852,12.462,12.406,9.098
Kepler-812,1,1,0,0,288.8552821,48.208517,79.30359,16.14187,1482.74,0.645507,5.8507424,-2.08671,-5.46597,13.7493,13.434,13.815,13.006,12.832,12.737,8.885
Kepler-813,1,1,0,0,285.6626752,48.4353251,78.70044,18.19746,840,0.9432552,24.4271613,-10.0813,-22.2498,14.5352,14.0748,14.646,13.498,13.122,12.972,9.337
Kepler-814,1,1,0,0,284.9105256,48.4315896,78.51337,18.6639,2055.77,0.456804,6.7392461,1.35345,-6.60194,14.6655,14.2593,14.859,13.713,13.418,13.352,9.266
Kepler-815,1,1,0,0,285.2211238,47.8813037,78.04531,18.27833,1259.28,0.765236,8.528445,2.40663,-8.18184,13.2306,12.6392,13.438,11.794,11.191,11.152,9.361
Kepler-816,1,1,0,0,293.3628165,39.2124394,72.38946,9.356,983.697,0.989507,0.8592343,-0.457265,0.727456,15.9357,15.3058,16.365,14.426,13.892,13.799,9.39
Kepler-817,1,1,0,0,296.0818498,39.161614,73.35435,7.47643,1484.46,0.646594,4.4135917,-3.5764,-2.58634,15.5969,15.074,15.967,14.386,13.954,13.864,9.138
Kepler-818,1,1,0,0,296.2351072,39.3702865,73.59645,7.47435,925.037,1.05377,10.5413601,-3.94839,-9.77397,15.0569,14.5479,15.368,13.882,13.448,13.228,9.179
Kepler-819,1,1,0,0,295.3708312,39.1772925,73.09948,7.96666,664.306,1.47698,19.0286411,7.05993,17.6705,15.0662,14.4889,15.402,13.688,13.163,13.018,8.936
Kepler-82,1,5,0,0,292.8733696,42.9661583,75.61681,11.39306,904.326,1.07762,6.606382,0.190322,6.60364,15.1377,14.6108,15.131,13.879,13.518,13.42,9.215
Kepler-820,1,1,0,0,291.0201523,39.2206091,71.5641,10.97902,1387.2,0.692312,8.5272448,-2.97629,-7.99097,13.9436,13.4786,14.135,12.841,12.53,11.959,9.352
Kepler-821,1,1,0,0,285.6173937,39.3794684,69.92349,14.84472,614.571,1.59853,12.9936549,-7.11443,-10.8729,14.8177,14.2181,15.153,13.435,12.869,12.832,9.26
Kepler-822,1,1,0,0,292.2760929,39.5501136,72.30493,10.25746,860.391,1.13365,11.4969152,-3.9447,-10.799,14.5966,14.0962,14.75,13.391,13.053,12.927,9.151
Kepler-823,1,1,0,0,284.5825682,39.2201737,69.44907,15.52074,1389.27,0.691059,7.7470374,3.18293,-7.06297,14.7625,14.2527,15.089,13.619,13.187,13.146,9.337
Kepler-824,1,1,0,0,290.477406,39.7319975,71.84571,11.57965,1201.4,0.804038,2.0926721,-1.22407,-1.69733,14.8825,14.4323,15.051,13.792,13.447,13.461,9.252
Kepler-825,1,2,0,0,294.769825,39.3984081,73.07163,8.48096,807.85,1.20931,24.7412753,-12.1206,-21.569,14.1453,13.7194,14.296,13.069,12.67,12.703,8.696
Kepler-826,1,1,0,0,284.8601128,39.2405076,69.55449,15.33019,779.596,1.2539,9.5630202,0.669013,-9.53959,13.4122,12.9814,13.644,12.373,12.001,11.944,9.064
Kepler-827,1,1,0,0,294.9660027,42.7085608,76.09952,9.91121,2046.68,0.461482,3.3579663,-3.25477,-0.826081,15.8616,15.3515,15.865,14.668,14.209,14.089,9.22
Kepler-828,1,1,0,0,286.8872555,42.4712271,73.25742,15.17564,575.322,1.70945,3.6152792,-1.31777,-3.36656,15.0441,14.4455,15.374,13.586,12.992,12.997,9.38
Kepler-829,1,1,0,0,282.3328312,42.4638125,71.95093,18.29325,1073.76,0.902722,8.3089089,7.93777,-2.45556,14.9206,14.4166,14.973,13.699,13.29,13.285,9.038
Kepler-83,2,3,0,0,282.2325197,43.6655662,73.114,18.77652,400.409,2.46907,13.77404,1.90979,-13.641,15.7832,14.9557,16.145,13.737,12.947,12.88,9.595
Kepler-830,1,1,0,0,295.054238,42.7568316,76.17365,9.87661,1122,0.5334307,9.7131797,-7.38605,6.3081,14.7886,14.3344,14.88,13.662,13.269,13.203,9.048
Kepler-831,1,1,0,0,294.9855607,42.7277355,76.12355,9.9075,593.54,1.65604,20.1593144,13.6922,14.796,13.6311,13.1742,13.751,12.539,12.159,12.078,8.897
Kepler-832,1,1,0,0,295.9261101,45.383869,78.82861,10.55971,1688.12,0.56484,1.0960399,0.594999,0.920478,15.8594,15.3661,16.001,14.682,14.197,14.316,9.655
Kepler-833,1,1,0,0,290.4799052,45.6005798,77.2932,14.07649,467.37,2.11112,23.8198598,-8.95787,-22.0713,15.4686,14.7079,15.755,13.629,12.885,12.815,9.403
Kepler-834,1,1,0,0,287.0544674,45.1803351,75.89955,16.11418,633.937,1.54978,6.5530304,-3.05785,-5.79584,15.9285,15.2036,16.211,14.167,13.484,13.424,8.872
Kepler-835,1,1,0,0,283.5742181,45.7348003,75.51099,18.58969,2406.33,0.38296,7.5263271,-2.61031,-7.05917,15.8901,15.4396,16.062,14.858,14.561,14.406,9.38
Kepler-836,1,1,0,0,287.4527659,45.7043964,76.5148,16.05709,980.035,0.991756,2.8848115,-2.50087,1.43798,14.5873,14.1524,14.672,13.539,13.15,13.159,9.271
Kepler-837,1,1,0,0,285.2467607,45.95011,76.15481,17.57513,901.907,1.08016,4.87913,3.17841,-3.70184,15.229,14.7517,15.576,13.954,13.465,13.268,9.119
Kepler-838,1,1,0,0,285.4354695,45.975959,76.2298,17.46217,1104.04,0.877122,9.32589,-5.87769,-7.24051,15.2295,14.7772,15.424,14.186,13.761,13.562,9.518
Kepler-839,1,1,0,0,291.074684,45.242544,77.13885,13.54734,944.561,1.02991,10.1404279,1.18203,-10.0713,13.5633,13.1455,13.693,12.554,12.25,12.194,9.246
Kepler-84,1,5,0,0,298.2520208,40.4960842,75.35385,6.68858,1023.9,0.692872,4.0346434,-1.07592,-3.88854,14.7902,14.3015,14.92,13.583,13.193,13.075,8.844
Kepler-841,1,1,0,0,284.2513637,48.8095962,78.73264,19.20216,998.961,0.973052,8.6103837,7.61833,-4.01245,15.7442,15.1894,15.791,14.464,13.928,13.889,9.509
Kepler-842,1,1,0,0,292.3285976,49.6535171,81.63101,14.63931,532.726,1.84875,6.3455372,5.92592,2.26921,15.1296,14.4695,15.363,13.538,12.913,12.805,9.4
Kepler-843,1,1,0,0,296.3219786,48.9714373,82.18878,12.00369,1165.66,0.830221,3.80464,-1.95914,-3.26145,15.2481,14.7675,15.354,14.088,13.709,13.388,9.219
Kepler-844,1,1,0,0,287.8578541,48.7739646,79.58545,16.96872,431.776,2.28848,30.8417796,16.4971,-26.0588,15.7957,14.979,15.986,13.804,13.058,12.968,9.24
Kepler-845,1,1,0,0,290.9576363,49.2037262,80.82529,15.26491,431.051,2.29111,20.437092,10.2518,-17.6798,14.6386,14.0071,14.903,13.094,12.515,12.395,9.472
Kepler-846,1,1,0,0,287.0570731,49.0460112,79.6461,17.55834,1127.12,0.858834,0.5512654,-0.366461,0.411825,15.6041,15.1044,15.684,14.423,13.978,13.819,9.535
Kepler-847,1,1,0,0,283.5048144,49.4509371,79.20453,19.87459,513.103,1.9202,13.5713521,-1.63915,-13.472,14.7799,14.1328,14.998,13.24,12.708,12.494,9.621
Kepler-848,1,1,0,0,293.2882949,48.8116114,81.12202,13.71305,1378.47,0.696616,5.7588798,5.58873,-1.38953,14.0105,13.5365,14.194,12.84,12.431,12.433,9.744
Kepler-849,1,1,0,0,290.8517961,48.5213243,80.15038,15.05008,822.134,1.18782,6.3203947,-1.88134,-6.0339,12.8358,12.4219,12.878,11.842,11.527,11.48,9.592
Kepler-85,1,4,0,0,290.9734395,45.2902761,77.15239,13.63209,765.025,1.27862,6.0934733,-0.0318625,-6.09339,14.766,14.2626,14.89,13.552,13.083,13.082,9.221
Kepler-850,1,1,0,0,293.0844515,48.5753645,80.84283,13.73198,1661.28,0.573328,10.2184163,-1.53543,-10.1024,15.4272,14.9806,15.611,14.372,13.987,13.973,9.824
Kepler-851,1,1,0,0,294.6802199,49.1401106,81.83905,13.03779,839.255,1.16312,13.4421698,-8.60746,-10.3249,15.1081,14.6202,15.172,13.876,13.392,13.4,9.315
Kepler-852,1,1,0,0,297.3915863,48.5606875,82.15889,11.18828,1619.03,0.589092,1.9701876,0.511692,-1.90258,13.9066,13.479,14.006,12.852,12.587,12.505,9.059
Kepler-853,1,1,0,0,283.936781,49.1102748,78.96035,19.49697,568.676,1.72981,4.9733304,-3.6931,-3.33092,12.2485,11.8998,12.339,11.406,11.151,11.119,9.044
Kepler-855,1,1,0,0,295.0949565,43.537565,76.88822,10.21625,1506.58,0.635666,4.4402212,-4.26335,-1.24073,15.0191,14.4952,15.157,13.737,13.338,13.25,9.103
Kepler-856,1,1,0,0,289.6038379,46.3149097,77.70822,14.92486,1351.17,0.711619,9.1157937,0.533479,-9.10017,15.557,15.0277,15.594,14.277,13.905,13.796,9.16
Kepler-857,1,1,0,0,294.6323978,43.4004526,76.60594,10.44943,983.502,0.988522,5.0180122,-4.1429,-2.8314,15.0638,14.5517,15.167,13.847,13.403,13.361,9.192
Kepler-858,1,1,0,0,288.8488552,51.2090375,82.19755,17.29145,298.532,3.32096,32.0333522,31.9346,-2.51336,12.411,11.9363,12.568,11.297,10.862,10.824,9.288
Kepler-859,1,1,0,0,286.7418337,43.1901197,73.90076,15.55426,839.903,1.16288,5.5560838,-2.23571,5.08642,15.8805,15.2785,15.977,14.424,13.858,13.815,9.048
Kepler-860,1,1,0,0,295.5772681,46.2547028,79.49597,11.18255,1056.36,0.91836,9.2328104,-2.6226,-8.8525,15.4033,14.9071,15.544,14.129,13.75,13.774,9.563
Kepler-861,1,1,0,0,292.3539624,46.2262465,78.44535,13.16131,850.327,1.14798,8.7760129,5.64957,-6.71571,15.5958,14.9762,15.993,14.129,13.532,13.519,9.499
Kepler-862,1,1,0,0,297.7792466,46.4926688,80.4453,9.96035,1039.03,0.936437,15.1642522,-6.37638,-13.7585,15.3031,14.6969,15.601,13.849,13.315,13.153,9.098
Kepler-863,1,1,0,0,297.6644677,43.2489903,77.54123,8.44029,1499.66,0.639816,2.1117024,-2.11116,-0.0478575,15.4464,14.9273,15.567,14.206,13.706,13.629,9.486
Kepler-864,1,2,0,0,285.0570943,46.3206074,76.46837,17.83069,2022.9,0.464331,8.496978,1.43025,-8.37574,15.7816,15.3073,15.898,14.676,14.218,14.248,9.219
Kepler-865,1,2,0,0,297.7242257,43.5272796,77.80764,8.5398,586.137,1.67758,36.8192116,-8.17979,-35.8991,14.5036,13.9449,14.635,13.154,12.684,12.616,9.329001
Kepler-866,1,1,0,0,290.1222112,43.085407,74.83213,13.25619,646.667,1.51859,34.9471006,-16.7713,-30.6598,15.7966,15.1324,16.124,14.169,13.484,13.449,9.479
Kepler-867,1,1,0,0,287.2852554,51.2499499,81.86131,18.21762,1195.54,0.810876,16.7523622,-4.83654,-16.039,14.8849,14.3737,15.098,13.602,13.148,13.069,9.601
Kepler-868,1,1,0,0,282.3635315,46.6752384,76.15143,19.69439,1593.13,0.598854,2.1361678,-2.08429,-0.467919,15.6177,15.1461,15.872,14.531,14.09,14.105,9.471
Kepler-869,1,1,0,0,289.4245955,50.9941198,82.13273,16.87545,939.455,1.0358,2.7533947,0.995838,2.567,14.9685,14.4737,15.122,13.741,13.359,13.156,9.277
Kepler-87,1,2,0,0,297.9168433,46.9651146,80.91089,10.10838,1232.9,0.782544,4.5298324,-4.43279,-0.932606,14.5869,14.0803,14.681,13.389,12.981,12.913,9.489
Kepler-870,1,1,0,0,295.4025625,50.4785992,83.28194,13.22301,1259.46,0.765653,10.8489258,1.64882,-10.7229,15.2216,14.7547,15.326,14.072,13.738,13.582,9.411
Kepler-871,1,1,0,0,294.5270634,43.3681317,76.54074,10.5023,1976.05,0.478474,7.3648883,-5.00296,-5.40481,15.6422,15.1545,15.882,14.469,14.167,14.082,8.871
Kepler-872,1,1,0,0,295.4174725,43.6056117,77.06067,10.04186,879.683,1.10888,6.9289361,5.93473,-3.57619,15.0714,14.5499,15.242,13.794,13.389,13.357,9.12
Kepler-873,1,1,0,0,296.4031319,51.2712773,84.3018,13.02195,1182.22,0.817409,13.937631,-4.95502,-13.0271,14.7952,14.3727,15.052,13.728,13.439,13.462,9.494
Kepler-874,1,1,0,0,294.9568477,43.0142991,76.37063,10.0603,1082.16,0.895723,6.9654621,-3.51276,-6.01483,14.6941,14.2143,14.822,13.543,13.14,13.062,9.298
Kepler-875,1,1,0,0,297.3012497,43.1418313,77.31523,8.61818,1242.62,0.7776,13.2992831,-5.06602,-12.2966,15.2096,14.6977,15.357,13.959,13.556,13.49,9.419
Kepler-876,1,1,0,0,283.4781717,43.3837235,73.16696,17.83172,820.913,1.19,8.5700459,-1.54614,-8.429421,15.3301,14.7353,15.647,13.925,13.354,13.29,8.921
Kepler-877,1,1,0,0,289.8591023,46.5227429,77.97859,14.84816,602.176,0.7789599,18.1020874,-7.42464,16.5094,14.5228,13.982,14.74,13.174,12.653,12.647,9.026
Kepler-878,1,1,0,0,285.2962562,46.6034497,76.80766,17.77788,791.625,1.23686,10.0393197,5.99195,8.05509,14.7898,14.2046,14.967,13.363,12.788,12.746,9.56
Kepler-879,1,2,0,0,295.8065515,50.9097521,83.79582,13.19003,802.672,1.2171,9.174093,-3.639,-8.4215,14.2377,13.76,14.429,13.074,12.681,12.674,9.574
Kepler-880,1,2,0,0,281.9712347,43.6727839,73.05327,18.95671,601.324,1.63439,9.10372,2.93684,8.617,11.9642,11.6748,11.845,11.25,11.039,11.019,9.327
Kepler-881,1,1,0,0,288.9925529,46.6706513,77.87146,15.4529,1375.18,0.69854,19.2086536,-4.06039,-18.7746,15.1765,14.7397,15.281,14.12,13.714,13.754,9.59
Kepler-882,1,1,0,0,294.6500256,43.3356106,76.55358,10.408,504.605,1.95296,20.3277111,18.274,8.90375,14.0774,13.5343,14.188,12.761,12.268,12.232,9.098
Kepler-883,1,1,0,0,286.433726,50.3002266,80.72494,18.3846,627.455,1.56498,22.2965261,9.31715,-20.2565,13.0069,12.6278,13.169,12.05,11.752,11.636,9.496
Kepler-884,1,1,0,0,292.5844328,49.9232012,81.95569,14.60315,476.733,3.0892733,12.4783737,1.80935,12.3465,13.0469,12.605,13.164,11.931,11.547,11.467,9.516
Kepler-885,1,1,0,0,288.6615682,49.7371538,80.72461,16.84644,651.318,1.50668,11.7741852,-1.55162,-11.6715,12.7877,12.4051,12.948,11.833,11.535,11.536,9.537
Kepler-886,1,1,0,0,286.2717162,43.5952037,74.15272,16.02543,711.297,1.37704,2.6424638,-1.28295,2.31012,13.8936,13.484,14.054,12.903,12.565,12.538,9.355
Kepler-887,1,2,0,0,290.0907893,39.8169085,71.79245,11.88425,886.588,1.09917,12.934622,-6.34401,-11.272,13.4496,13.0693,13.52,12.539,12.241,12.214,9.447
Kepler-888,1,1,0,0,295.5212866,49.7386804,82.64032,12.81989,420.817,2.34754,20.6898512,16.0887,13.0086,12.9814,12.5648,13.061,11.915,11.594,11.545,9.325
Kepler-889,1,1,0,0,291.467454,50.7595597,82.43803,15.59852,598.313,1.6427,25.1575672,16.9294,18.6091,12.6802,12.258,12.998,11.64,11.327,11.109,9.786
Kepler-890,1,1,0,0,288.435718,43.7634712,74.94922,14.65155,1712.12,0.555104,5.9875206,-0.854934,-5.92617,15.1361,14.6798,15.235,14.057,13.665,13.708,9.413
Kepler-891,1,1,0,0,291.0837644,40.3552252,72.62475,11.43428,2340.58,0.398285,4.2631882,-2.70584,-3.29442,15.273,14.7877,15.386,14.18,13.85,13.649,8.963
Kepler-892,1,1,0,0,283.1296399,43.8880983,73.57004,18.24539,570.727,1.72404,28.2766507,-4.14229,-27.9716,15.5902,14.9248,15.967,13.968,13.335,13.273,8.986
Kepler-893,1,1,0,0,284.9630591,43.9130282,74.09094,17.02092,1285.59,0.749115,5.020207,2.42321,4.39665,15.1735,14.7039,15.347,14.133,13.744,13.563,9.264
Kepler-894,1,1,0,0,288.7340513,46.939363,78.05534,15.7215,1162.91,0.831461,6.944535,-4.69252,-5.11926,15.4056,14.9485,15.686,14.33,13.84,13.836,9.32
Kepler-895,1,1,0,0,289.2906978,51.4089936,82.50044,17.11103,540.134,1.82328,24.8039359,-2.56745,24.6707,15.9804,15.1918,16.21,14.092,13.387,13.228,9.484
Kepler-896,1,2,0,0,282.4391402,43.7344291,73.23628,18.65971,2334.93,0.397545,9.5004565,-3.44862,-8.85244,15.4307,14.8967,15.457,14.164,13.659,13.612,9.283
Kepler-897,1,1,0,0,290.5867992,51.6957731,83.10163,16.47821,1519.25,0.629308,8.3339015,-2.14372,-8.05347,15.0787,14.5773,15.177,13.89,13.466,13.423,9.782
Kepler-898,1,1,0,0,286.5854116,46.8708877,77.40578,17.05235,484.891,2.0341,10.1956621,2.98197,-9.74984,15.9386,15.1423,16.695,13.959,13.187,13.117,9.149
Kepler-899,1,1,0,0,297.4825612,40.6807412,75.22066,7.28696,1246.43,0.774428,10.5099284,-5.97038,-8.64946,15.382,14.8506,15.713,14.113,13.615,13.454,9.283
Kepler-9,1,3,0,0,285.5739904,38.4008192,68.98012,14.48974,628.257,1.56294,14.9221369,2.49072,-14.7128,13.7809,13.3273,13.922,12.71,12.337,12.124,8.956
Kepler-900,1,1,0,0,296.177272,46.9989635,80.36296,11.16647,487.525,2.02253,7.5528302,-2.97662,-6.94154,14.9453,14.2795,15.19,13.375,12.701,12.671,9.199
Kepler-901,1,1,0,0,291.1528056,40.8876814,73.13666,11.62048,253.867,3.91031,41.08869,-22.4614,34.4059,14.6803,13.8791,15.85,12.753,11.907,11.857,9.306
Kepler-902,1,1,0,0,289.7317067,46.953875,78.35018,15.1024,1165.34,0.829996,8.510985,3.10924,7.92272,14.8583,14.3731,14.992,13.659,13.26,13.224,9.424
Kepler-903,1,2,0,0,288.7710137,40.6641771,72.14102,13.15584,1369.24,0.701622,5.365043,-1.00349,-5.27036,14.615,14.1144,14.856,13.385,12.993,12.937,9.353
Kepler-904,1,1,0,0,288.8229001,40.38901,71.90119,13.00518,978.125,0.993715,9.1808395,-3.06053,-8.65569,14.3921,13.9569,14.56,13.368,13.046,12.999,9.276
Kepler-905,1,1,0,0,290.0511468,46.7134077,78.21427,14.80518,529.268,1.86055,8.7750772,5.85821,6.53325,13.9504,13.4398,14.058,12.697,12.264,12.219,9.243
Kepler-906,1,1,0,0,291.4055614,40.1254254,72.52469,11.11254,757.791,1.29093,16.7782683,-3.82821,-16.3357,13.918,13.5132,14.019,12.944,12.594,,
Kepler-907,1,1,0,0,285.4764959,41.6326615,72.0342,15.81674,352,4.5982709,28.3351372,-18.8,-21.2,11.4623,11.1025,11.16,10.588,10.282,10.24,9.341
Kepler-908,3,1,0,0,295.3225434,39.3764624,73.25789,8.09496,290.843,3.40956,11.3268101,8.13846,-7.87795,11.465,11.0249,11.607,10.406,9.993,9.904,9.191
Kepler-909,1,1,0,0,289.5063796,45.3709728,76.78743,14.60416,309.596,3.20126,11.117301,1.81888,-10.9675,11.5096,11.1151,11.626,10.586,10.274,10.239,9.15
Kepler-91,1,1,0,0,285.6729033,44.1167513,74.48612,16.62216,1294.69,0.743739,4.2603814,-0.773912,4.1895,12.4762,11.7971,12.712,10.79,10.136,10.041,9.249
Kepler-910,1,1,0,0,296.0472937,42.7429414,76.51187,9.22798,400.289,2.46984,16.1555432,-11.5576,-11.2882,11.5286,11.1493,11.44,10.626,10.329,10.288,9.303001
Kepler-911,1,1,0,0,298.5891948,40.7506921,75.7052,6.59625,556.168,1.76966,1.9823529,1.40238,-1.40109,11.8295,11.414,11.767,10.837,10.511,10.423,7.754
Kepler-912,1,1,0,0,298.1111779,41.758324,76.40024,7.41391,2004.72,0.471225,3.510474,-0.55938,-3.46562,15.3262,14.7666,15.668,14.014,13.602,13.546,9.21
Kepler-913,1,2,0,0,297.5830564,41.9523531,76.37255,7.85166,991.618,0.981103,12.056887,-7.68448,-9.29071,15.7385,15.1701,15.522,14.361,13.477,13.312,9.722
Kepler-914,1,1,0,0,290.4120774,44.8993227,76.61586,13.82764,753.723,1.29797,7.2327684,7.23271,-0.0290667,13.5481,13.0994,13.667,12.482,12.131,12.086,9.389
Kepler-915,1,1,0,0,290.5921293,45.7372184,77.45493,14.06204,849.036,1.14897,17.0000673,6.16429,15.8431,13.2408,12.8627,13.314,12.346,12.041,12.011,9.486
Kepler-916,1,1,0,0,290.9833818,45.9733334,77.79338,13.91322,830.712,1.17529,9.8259909,3.96699,8.98961,15.1752,14.6101,15.363,13.838,13.305,13.308,9.516
Kepler-917,1,1,0,0,299.0512562,47.9492677,82.16423,9.92543,3460.51,0.251495,3.963496,-3.02829,-2.5571,15.8533,15.3245,15.896,14.553,14.005,14.002,9.343
Kepler-918,1,1,0,0,298.2007268,48.2677925,82.16182,10.57656,1025.03,0.947726,5.5537812,1.03967,-5.4556,14.9546,14.4759,15.064,13.765,13.555,13.378,9.378
Kepler-919,1,1,0,0,298.1147862,48.4943834,82.33495,10.73672,1119.87,0.865098,4.6063797,0.40682,-4.58838,14.6785,14.208,14.806,13.575,13.306,13.173,9.295
Kepler-92,1,3,0,0,289.0860607,41.5630224,73.08205,13.31439,477.992,2.06347,14.7184507,-0.127316,14.7179,11.7451,11.326,11.671,10.747,10.403,10.352,8.831
Kepler-920,1,2,0,0,284.2969363,49.1585983,79.09161,19.29073,1001.68,0.969818,19.9348122,-6.44066,-18.8657,15.2681,14.7448,15.492,14.026,13.511,13.485,9.086
Kepler-921,1,1,0,0,284.6162253,49.1907438,79.19783,19.10488,934.49,1.04143,11.2397712,4.13934,-10.4498,14.7055,14.2465,14.852,13.597,13.188,13.168,9.383
Kepler-922,1,1,0,0,284.7316084,49.533149,79.56585,19.1495,536.323,1.83567,20.3887035,19.0019,-7.39101,13.745,13.2765,13.863,12.613,12.188,12.172,8.922
Kepler-923,1,1,0,0,294.1710831,40.0551372,73.43862,9.1964,1000.28,0.971283,4.8212122,-0.412187,-4.80356,14.0117,13.5702,14.124,12.978,12.665,12.61,9.287
Kepler-924,1,1,0,0,290.6685136,40.3977086,72.52276,11.73741,1053.04,0.921048,1.82725,-1.82606,0.065935,14.1368,13.7167,14.293,13.114,12.745,12.78,9.295
Kepler-925,1,1,0,0,290.1065581,40.4906242,72.41955,12.16325,611.115,1.60877,4.0478576,-0.167996,-4.04437,15.8155,15.0829,16.025,13.978,13.339,13.291,9.411
Kepler-926,1,1,0,0,289.6793396,40.7004265,72.47195,12.54618,921.361,1.05753,7.5696717,-2.53801,-7.13151,14.2595,13.7771,14.431,13.105,12.687,12.628,8.949
Kepler-927,1,1,0,0,289.3834807,41.3926651,73.0188,13.04075,831.685,1.1737,6.6524205,-2.87431,-5.99942,14.6011,14.1134,14.817,13.46,13.032,13.002,9.442
Kepler-928,1,1,0,0,289.920676,41.5427758,73.33267,12.73917,508.809,1.93693,14.956245,-7.08507,-13.1716,15.3227,14.6488,15.586,13.685,12.933,12.93,9.374
Kepler-929,1,1,0,0,298.4811022,41.6152603,76.41534,7.10317,1311.23,0.734355,18.180479,-3.18454,-17.8994,14.5038,13.9847,14.738,13.271,12.849,12.79,9.092
Kepler-93,1,2,0,0,291.4181275,38.6723124,71.20378,10.45836,95.9115,10.3974,29.2649286,-28.7264,-5.58838,9.86249,9.4087,9.996,8.771,8.37,8.338,8.027
Kepler-930,1,1,0,0,298.3144494,42.2473698,76.90346,7.52807,848.396,1.15004,15.1901836,3.69631,-14.7336,13.7625,13.296,13.89,12.641,12.258,12.221,9.106
Kepler-931,1,1,0,0,297.1326937,42.7682885,76.92475,8.54287,490,,10.2344138,2.05342,10.0263,14.488,13.8613,14.643,12.927,12.38,12.236,9.377
Kepler-932,1,1,0,0,296.9520797,43.2720233,77.30447,8.90386,465.612,2.119,13.2704291,2.76865,12.9784,14.136,13.5528,14.308,12.732,12.21,12.101,9.299
Kepler-933,1,1,0,0,289.5685257,43.5385438,75.08255,13.81149,1017.2,0.95477,18.8634061,-14.3083,-12.2923,15.4379,14.891,15.614,14.1,13.582,13.629,9.127
Kepler-934,1,1,0,0,290.2884494,43.7552623,75.50887,13.42851,608.738,1.61421,15.7998546,-3.23991,-15.4641,15.0341,14.4147,15.238,13.549,12.97,12.92,9.403
Kepler-935,1,1,0,0,295.0217193,46.6192011,79.64512,11.69055,471.782,2.09087,5.2697328,4.83857,2.08766,14.9002,14.2384,15.01,13.292,12.62,12.621,9.677
Kepler-936,1,1,0,0,293.5777958,46.7362953,79.29455,12.6274,823.399,,13.461531,-3.73536,-12.9329,14.7886,14.2517,14.84,13.279,12.817,12.709,9.684
Kepler-937,1,2,0,0,294.1688142,46.7146161,79.46009,12.25527,1571.46,0.607898,2.8459044,1.29315,2.53514,15.1944,14.7048,15.405,14.025,13.681,13.605,9.623
Kepler-938,1,1,0,0,294.7890593,46.9839352,79.90214,11.99897,1182.05,,19.5375497,-12.4208,-15.0811,,14.513,15.148,13.741,13.26,13.269,9.47
Kepler-939,1,1,0,0,293.8656181,47.0268148,79.65084,12.58043,2093.62,0.448708,3.6675156,2.17072,-2.95612,15.5197,15.0048,15.653,14.28,13.762,13.637,9.555
Kepler-94,1,2,0,0,281.1947316,47.4972606,76.71253,20.71013,191.904,5.1821,25.8628925,-5.58438,25.2528,12.8567,12.1773,13.071,11.181,10.594,10.495,8.9
Kepler-940,1,1,0,0,294.2413053,47.2759642,79.99619,12.46341,1260.78,0.765579,10.0092413,5.15671,8.578651,15.4975,15.0272,15.727,14.399,14.019,13.913,9.714
Kepler-941,1,1,0,0,294.3262617,47.2175461,79.9693,12.38563,1088.36,0.890934,11.5238443,-10.3497,-5.06781,15.5723,15.0586,15.803,14.389,13.864,13.878,9.407
Kepler-942,1,1,0,0,294.9550809,44.1499518,77.39112,10.59114,216.354,4.59312,25.1648653,-1.20288,25.1361,13.0663,12.4092,13.25,11.472,10.842,10.783,9.201
Kepler-943,1,1,0,0,284.2739322,41.5349809,71.58697,16.61311,2300.53,0.404364,10.6569322,-3.51347,-10.0611,15.6387,15.1403,15.76,14.467,13.97,14.016,9.428001
Kepler-944,1,1,0,0,293.6012911,42.379791,75.3306,10.65054,1349.43,0.713352,3.055147,0.841749,-2.9369,15.7109,15.1702,15.636,14.364,13.851,13.923,9.413
Kepler-945,1,1,0,0,291.2697354,42.0960305,74.28654,12.06911,1651.25,0.577611,4.483889,-2.60022,-3.65296,15.8596,15.3801,15.599,14.742,14.293,14.287,9.094
Kepler-946,1,1,0,0,300.9295551,44.028671,79.43033,6.80177,1137.29,0.851055,22.2302672,-7.25264,-21.0139,14.9234,14.4304,15.011,13.735,13.295,13.348,9.158
Kepler-947,1,1,0,0,294.3667312,42.2526408,75.4807,10.08954,1730.78,0.550184,2.0549501,-0.74948,-1.9134,15.7517,15.2235,16.064,14.517,13.972,14.069,8.972
Kepler-948,1,1,0,0,293.3002774,41.5233244,74.45145,10.45904,868.017,1.12353,7.4540634,7.45156,0.193171,14.7858,14.2762,14.811,13.624,13.186,13.07,9.436
Kepler-949,1,2,0,0,298.6079128,46.45366,80.69553,9.44424,486.105,2.02859,10.7774472,9.560041,-4.97584,14.5084,13.9076,14.718,13.063,12.519,12.443,8.955
Kepler-95,1,1,0,0,284.4824281,44.397891,74.43259,17.51848,445.656,2.21542,26.7129478,-4.00442,-26.4111,12.3044,11.8371,12.382,11.21,10.801,10.782,9.498
Kepler-950,1,1,0,0,287.9565768,41.1302834,72.31699,13.90881,2161.6,0.432279,6.6603552,-2.57722,-6.14152,15.6813,15.1989,16,14.509,14.139,14.059,9.115
Kepler-951,2,1,0,0,287.7375794,38.1146488,69.42083,12.821,382.509,2.58565,15.9603651,2.87056,15.7001,14.4908,13.8324,14.841,12.92,12.251,12.223,9.327
Kepler-952,1,1,0,0,285.3718781,41.9938697,72.35059,16.02646,1304.25,0.738088,13.9569855,-12.4642,-6.28022,15.1882,14.6961,15.323,14.063,13.662,13.579,9.313
Kepler-953,1,2,0,0,288.9716297,44.6246451,75.9239,14.64718,258.893,0.8898464,23.6602042,-9.4212,21.7036,12.1425,11.6455,11.871,10.77,10.295,10.193,9.318
Kepler-954,1,1,0,0,295.8594318,47.9396001,81.10942,11.79563,215.814,4.60485,20.3513105,7.46542,18.9326,12.9432,12.3187,13.095,11.409,10.84,10.774,9.119
Kepler-955,1,1,0,0,288.4714969,40.2698157,71.67536,13.19907,550.383,1.78829,7.8927638,5.99779,5.13052,14.6273,14.0613,14.734,13.269,12.807,12.709,9.496
Kepler-956,1,1,0,0,292.5308289,49.0616555,81.13457,14.26979,544.939,1.80622,17.2616591,-0.89963,-17.2382,13.2889,12.8689,13.387,12.284,11.958,11.891,9.529
Kepler-957,1,1,0,0,290.1563633,48.818971,80.24006,15.59047,824.688,1.18431,4.3249811,2.9127,-3.19713,15.6906,15.0443,15.833,14.061,13.453,13.277,9.154
Kepler-958,1,1,0,0,287.2566578,46.0667247,76.80898,16.32186,449.773,2.19447,12.0286511,-4.70875,-11.0687,13.7299,13.2205,13.91,12.495,12.041,12.015,9.41
Kepler-959,1,1,0,0,292.171185,40.8113849,73.41447,10.89592,807.729,1.20954,0.9648152,0.926419,0.269474,12.466,12.1723,12.606,11.757,11.544,11.517,9.06
Kepler-96,1,1,0,0,297.0698263,40.5252039,74.92809,7.48242,122.881,8.10912,35.5594178,32.8344,13.6519,10.2971,9.85155,10.568,9.26,8.868,8.841,8.718
Kepler-960,1,1,0,0,281.4572217,46.7465538,76.01081,20.30579,284.916,3.48098,19.4732045,1.83028,19.387,13.8413,13.1799,14.127,12.272,11.618,11.53,9.547
Kepler-961,1,1,0,0,282.0354942,43.6312491,73.02863,18.89889,574.314,1.71244,0.8255584,0.198428,-0.801357,14.043,13.561,14.204,12.859,12.482,12.415,9.411
Kepler-962,1,1,0,0,295.3131906,46.2375024,79.39397,11.3363,411.486,2.40134,6.6108224,6.4205,1.57485,13.558,13.0446,13.68,12.331,11.904,11.846,9.698
Kepler-963,1,2,0,0,296.7529742,45.0411049,78.80407,9.88428,771.494,1.26769,2.6390539,0.393117,-2.60961,14.9116,14.3642,15.091,13.652,13.158,13.067,9.087
Kepler-964,1,1,0,0,295.300065,40.5565792,74.29744,8.674,454.626,2.171,0.9002824,0.0803118,-0.896693,13.9025,13.3653,14.061,12.576,12.139,12.081,9.18
Kepler-965,1,1,0,0,298.5153169,41.8912305,76.66856,7.22017,582.828,1.6871,6.928403,-0.403559,6.91664,13.3334,12.8902,13.488,12.298,11.91,11.846,8.924
Kepler-966,1,1,0,0,297.270576,50.1218365,83.5226,11.99998,1027.8,0.944376,5.2554737,-3.39689,4.01013,14.4435,13.9185,14.731,13.12,12.745,12.691,9.386
Kepler-967,1,2,0,0,286.5580128,38.4052418,69.30269,13.78488,568.546,2.6868816,25.5161829,-13.064,-21.9182,14.4513,13.8681,14.702,12.991,12.396,12.307,8.688
Kepler-968,1,3,0,0,285.6025889,50.1120401,80.34362,18.81793,290.324,3.41557,5.1564455,-4.75029,2.00591,14.2499,13.5348,14.626,12.518,11.831,11.763,8.978
Kepler-969,1,2,0,0,288.3724989,47.9335642,78.90961,16.33314,390.354,2.53294,2.3957783,1.90249,1.45612,13.7221,13.1696,13.865,12.413,11.897,11.852,9.269
Kepler-97,1,2,0,0,287.3265292,48.6733443,79.35114,17.25653,400.907,2.46563,24.8251571,-13.1728,-21.042,12.813,12.3726,12.994,11.744,11.345,11.314,8.714
Kepler-970,2,1,0,0,289.6252192,40.7087351,72.46181,12.58685,331.545,2.98745,3.2455154,-2.74776,1.72719,14.8058,14.0576,15.21,12.98,12.215,12.155,9.198
Kepler-971,1,1,0,0,284.0945699,41.1828131,71.19357,16.60734,338.522,2.92682,3.5598258,-1.84499,3.0444,13.2181,12.685,13.483,11.905,11.422,11.339,9.149
Kepler-972,1,1,0,0,295.828679,43.4254371,77.04273,9.6939,1198.03,0.806644,7.1622203,-1.9446,-6.89318,14.8925,14.4157,15.084,13.777,13.373,13.276,9.520001
Kepler-973,1,1,0,0,290.1653203,49.9238126,81.29598,16.02462,328.52,3.01592,16.0675072,5.41903,-15.1261,13.234,12.6708,13.478,11.845,11.303,11.241,9.557
Kepler-974,1,2,0,0,285.0131082,40.2209547,70.54028,15.59932,134.311,7.41656,41.1922884,0.690538,41.1865,14.4126,13.3179,15.295,11.951,11.056,10.94,9.238
Kepler-975,1,2,0,0,290.54851,38.4952415,70.73595,10.98955,426.088,2.3182,8.9710013,-3.72338,-8.16182,14.4518,13.7862,14.633,12.807,12.19,12.108,8.672
Kepler-976,1,1,0,0,289.8696232,46.7296855,78.17734,14.9255,1012.41,0.959626,8.9546396,-5.97286,-6.67162,15.8033,15.2083,15.861,14.361,13.887,13.356,9.418
Kepler-977,1,1,0,0,291.5161959,42.2480736,74.50788,11.97106,568.751,1.72957,24.5381936,-3.61063,-24.2711,14.8235,14.2491,14.754,13.434,12.92,12.858,9.138
